Date,Posting_Date,Transaction_Text,Reference,Debit,Credit,Amount,Type,Balance
2-Apr-25,2-Apr-25,BY TRANSFER-INB Own Acct Tfr-- 99922 0.0,CIAAKEPQR2               TRANSFER FROM 43890076791                         SUNIL DALAL SECURITY A /,1225000.0,1225000.0,1225000.0,Debit,0.0
2-Apr-25,2-Apr-25,TO DEBIT THROUGH CHEQUE-SBI   8251327 salary--602327 5714 2251941.0,/ 602327,0.0,2251941.0,2251941.0,Credit,0.0
2-Apr-25,2-Apr-25,TO DEBIT THROUGH CHEQUE-SBI   8251327 salary--602326 5714 575090.0,/ 602326,0.0,575090.0,575090.0,Credit,0.0
2-Apr-25,2-Apr-25,BY TRANSFER- CLOSED AS PER CUSTOMER REQUEST-- 5714 0.0,TRANSFER FROM 42782595506                         SUNIL DALAL SECURITY A /,211058.0,211058.0,211058.0,Debit,0.0
2-Apr-25,2-Apr-25,BY TRANSFER- CLOSED AS PER CUSTOMER REQUEST-- 5714 0.0,TRANSFER FROM 42782494949                         SUNIL DALAL SECURITY A /,629270.0,629270.0,629270.0,Debit,0.0
2-Apr-25,2-Apr-25,TO TRANSFER-INB Own Acct Tfr-- 99922 900000.0,CIAAKERZM9               TRANSFER TO 43890076791                           SUNIL DALAL SECURITY A /,0.0,900000.0,900000.0,Credit,0.0
4-Apr-25,4-Apr-25,CHEQUE DEPOSIT- CANCELLED AS PER REQUEST--744165 5714 0.0,/ 744165,50000.0,50000.0,50000.0,Debit,0.0
4-Apr-25,4-Apr-25,DEBIT- IOI PAYMENT CHARGES-- 5714 118.0,/,0.0,118.0,118.0,Credit,0.0
7-Apr-25,7-Apr-25,TO TRANSFER-COMM - OTHER MISC. SERVICES-- 5714 8772.0,TRANSFER TO 98353057140 /,0.0,8772.0,8772.0,Credit,0.0
7-Apr-25,7-Apr-25,BY TRANSFER-RTGS UTR NO: PUNBR52025040710748538--BHARAT SANCHAR NIGAM LTD   OPERATIO 4430 0.0,TRANSFER FROM 3199855044301 / BHARAT SANCHAR NIGAM LTD   OPERATIO,1220122.0,1220122.0,1220122.0,Debit,0.0
8-Apr-25,8-Apr-25,TO TRANSFER-INB Own Acct tfr-- 99922 321490.56,CIAAKFRCN1               TRANSFER TO 43890076791                           SUNIL DALAL SECURITY A /,0.0,321490.56,321490.56,Credit,0.0
8-Apr-25,8-Apr-25,TO TRANSFER-INB RTGS UTR NO: SBINR12025040881507093--SUNIL DALAL 99922 940000.0,RTGS INB: CRH5087016                              TRANSFER TO 4599109044308 / SUNIL DALAL,0.0,940000.0,940000.0,Credit,0.0
9-Apr-25,9-Apr-25,BULK POSTING-C25946381714SETTLEMENT OF SE DEPT OF SPACE   BRAN-- 4266 0.0,/,374056.0,374056.0,374056.0,Debit,0.0
9-Apr-25,9-Apr-25,TO TRANSFER-INB RTGS UTR NO: SBINR12025040981753720--SUNIL DALAL 99922 380000.0,RTGS INB: CRH5175530                              TRANSFER TO 4599113044303 / SUNIL DALAL,0.0,380000.0,380000.0,Credit,0.0
11-Apr-25,11-Apr-25,BY TRANSFER-CMP DELHI DEVELOPMENT AUTHORITY-- 99922 0.0,CMP00000001116311809AOWA256248               TRANSFER FROM 41703277899                         DDA MAIN ACCOUNT /,140400.0,140400.0,140400.0,Debit,0.0
11-Apr-25,11-Apr-25,BY TRANSFER-CMP DELHI DEVELOPMENT AUTHORITY-- 99922 0.0,CMP00000001116311839AOWA256055               TRANSFER FROM 41703277899                         DDA MAIN ACCOUNT /,290653.0,290653.0,290653.0,Debit,0.0
11-Apr-25,11-Apr-25,TO TRANSFER-INB RTGS UTR NO: SBINR12025041182003404--SUNIL DALAL 99922 430000.0,RTGS INB: CRH5280584                              TRANSFER TO 4599113044303 / SUNIL DALAL,0.0,430000.0,430000.0,Credit,0.0
11-Apr-25,11-Apr-25,BY TRANSFER-CMP DELHI DEVELOPMENT AUTHORITY-- 99922 0.0,CMP00000001116470650AOWA348556               TRANSFER FROM 41703278225                         DDA MAIN ACCOUNT /,3719832.0,3719832.0,3719832.0,Debit,0.0
11-Apr-25,11-Apr-25,TO TRANSFER-INB RTGS UTR NO: SBINR12025041182016866--SUNIL DALAL 99922 3720000.0,RTGS INB: CRH5288678                              TRANSFER TO 4599113044303 / SUNIL DALAL,0.0,3720000.0,3720000.0,Credit,0.0
14-Apr-25,14-Apr-25,BY TRANSFER-INB Own Acct tfr-- 99922 0.0,CIAAKGRDM4               TRANSFER FROM 43890076791                         SUNIL DALAL SECURITY A /,1650000.0,1650000.0,1650000.0,Debit,0.0
14-Apr-25,14-Apr-25,TO TRANSFER-INB 002140425671802 1012504014752 I-- 99922 1471342.0,1012504014752CK00HSNMI7               TRANSFER TO 35653254476                           EMPLOYEES PROVIDENT FU /,0.0,1471342.0,1471342.0,Credit,0.0
14-Apr-25,14-Apr-25,TO TRANSFER-INB 002140425671959 1012504014832 I-- 99922 7500.0,1012504014832CK00HSNNU2               TRANSFER TO 35653254476                           EMPLOYEES PROVIDENT FU /,0.0,7500.0,7500.0,Credit,0.0
14-Apr-25,14-Apr-25,TO TRANSFER-INB 002140425672178 1012504014846 I-- 99922 7500.0,1012504014846CK00HSNOH7               TRANSFER TO 35653254476                           EMPLOYEES PROVIDENT FU /,0.0,7500.0,7500.0,Credit,0.0
14-Apr-25,14-Apr-25,TO TRANSFER-INB-- 99922 69594.0,"02225114125267CHT1127930               TRANSFER TO 31804042663                           ESIC - 1 CENTRAL, KOTL /",0.0,69594.0,69594.0,Credit,0.0
14-Apr-25,14-Apr-25,TO TRANSFER-INB-- 99922 643.0,"02223128714196CHT1128904               TRANSFER TO 31804042663                           ESIC - 1 CENTRAL, KOTL /",0.0,643.0,643.0,Credit,0.0
17-Apr-25,17-Apr-25,TO TRANSFER-COMM - OTHER MISC. SERVICES-- 5714 25000.0,TRANSFER TO 98353057140 /,0.0,25000.0,25000.0,Credit,0.0
17-Apr-25,17-Apr-25,BY TRANSFER-TRANSFER FROM-- 4040 0.0,TRANSFER FROM 30595666069                         ESI SAVING FUND ACCOUN /,769885.0,769885.0,769885.0,Debit,0.0
17-Apr-25,17-Apr-25,BULK POSTING-ACHCr UTIB00396000014236 M T N L NEW DE-- 61076 0.0,/,1226280.0,1226280.0,1226280.0,Debit,0.0
17-Apr-25,17-Apr-25,BY TRANSFER-RTGS UTR NO: PUNBR52025041711132247--BHARAT SANCHAR NIGAM LTD   OPERATIO 4430 0.0,TRANSFER FROM 4698336044307 / BHARAT SANCHAR NIGAM LTD   OPERATIO,1220122.0,1220122.0,1220122.0,Debit,0.0
17-Apr-25,17-Apr-25,TO TRANSFER-INB Own Acct tfr-- 99922 1650000.0,CIAAKHISY9               TRANSFER TO 43890076791                           SUNIL DALAL SECURITY A /,0.0,1650000.0,1650000.0,Credit,0.0
17-Apr-25,17-Apr-25,TO TRANSFER-INB RTGS UTR NO: SBINR12025041782554388--SUNIL DALAL 99922 1630000.0,RTGS INB: CRH5536548                              TRANSFER TO 4599113044303 / SUNIL DALAL,0.0,1630000.0,1630000.0,Credit,0.0
19-Apr-25,19-Apr-25,BULK POSTING-ACHCr UTIB00396000014236 M T N L NEW DE-- 61076 0.0,/,66681.0,66681.0,66681.0,Debit,0.0
21-Apr-25,21-Apr-25,BULK POSTING-C25947305414511687767339021- PAO SECTT I M/o FISH-- 4266 0.0,/,122452.0,122452.0,122452.0,Debit,0.0
22-Apr-25,22-Apr-25,TO TRANSFER-INB OWN ACCT TFR-- 99922 200000.0,CIAAKIDJP7               TRANSFER TO 43890076791                           SUNIL DALAL SECURITY A /,0.0,200000.0,200000.0,Credit,0.0
23-Apr-25,23-Apr-25,BY TRANSFER-CMP DELHI DEVELOPMENT AUTHORITY-- 99922 0.0,CMP00000001121409286AOWE675919               TRANSFER FROM 41703278521                         DDA MAIN ACCOUNT /,665959.0,665959.0,665959.0,Debit,0.0
23-Apr-25,23-Apr-25,BY TRANSFER-RTGS UTR NO: KKBKR52025042300812613--SENIOR ACCOUNTS OFFICER CAU NARELA 4430 0.0,TRANSFER FROM 99826044309 / SENIOR ACCOUNTS OFFICER CAU NARELA,4003199.0,4003199.0,4003199.0,Debit,0.0
23-Apr-25,23-Apr-25,TO TRANSFER-INB Own Acct tfr-- 99922 2033180.0,CIAAKIIHW5               TRANSFER TO 43890076791                           SUNIL DALAL SECURITY A /,0.0,2033180.0,2033180.0,Credit,0.0
23-Apr-25,23-Apr-25,TO TRANSFER-INB RTGS UTR NO: SBINR12025042383152308--SUNIL DALAL 99922 2635000.0,RTGS INB: CRH5804315                              TRANSFER TO 4599108044309 / SUNIL DALAL,0.0,2635000.0,2635000.0,Credit,0.0
24-Apr-25,24-Apr-25,BY TRANSFER-NEFT*UBIN0985147*010686856559*MTNL ESCROW ACCOUNT--- 4430 0.0,TRANSFER FROM 99509044300 /,69205.0,69205.0,69205.0,Debit,0.0
25-Apr-25,25-Apr-25,DEPOSIT TRANSFER-INT TRF FRM 41616113193 TO 36755554238-- 5714 0.0,TRANSFER FROM 41616113193                         SUNIL DALAL SECURITY A /,14095.0,14095.0,14095.0,Debit,0.0
25-Apr-25,25-Apr-25,BY TRANSFER-CMP DELHI DEVELOPMENT AUTHORITY-- 99922 0.0,CMP00000001122853793AOWF942403               TRANSFER FROM 41703278407                         DDA MAIN ACCOUNT /,214370.0,214370.0,214370.0,Debit,0.0
25-Apr-25,25-Apr-25,BY TRANSFER-CMP DELHI DEVELOPMENT AUTHORITY-- 99922 0.0,CMP00000001122853790AOWF942400               TRANSFER FROM 41703278407                         DDA MAIN ACCOUNT /,318240.0,318240.0,318240.0,Debit,0.0
25-Apr-25,25-Apr-25,BY TRANSFER-CMP DELHI DEVELOPMENT AUTHORITY-- 99922 0.0,CMP00000001122853792AOWF942402               TRANSFER FROM 41703278407                         DDA MAIN ACCOUNT /,648302.0,648302.0,648302.0,Debit,0.0
25-Apr-25,25-Apr-25,BY TRANSFER-CMP DELHI DEVELOPMENT AUTHORITY-- 99922 0.0,CMP00000001122853791AOWF942401               TRANSFER FROM 41703278407                         DDA MAIN ACCOUNT /,90893.0,90893.0,90893.0,Debit,0.0
25-Apr-25,25-Apr-25,BY TRANSFER-CMP DELHI DEVELOPMENT AUTHORITY-- 99922 0.0,CMP00000001122916109AOWF988040               TRANSFER FROM 41703278407                         DDA MAIN ACCOUNT /,1974879.0,1974879.0,1974879.0,Debit,0.0
25-Apr-25,25-Apr-25,BY TRANSFER-CMP DELHI DEVELOPMENT AUTHORITY-- 99922 0.0,CMP00000001122916108AOWF988039               TRANSFER FROM 41703278407                         DDA MAIN ACCOUNT /,630038.0,630038.0,630038.0,Debit,0.0
25-Apr-25,25-Apr-25,BY TRANSFER-CMP DELHI DEVELOPMENT AUTHORITY-- 99922 0.0,CMP00000001122916107AOWF988038               TRANSFER FROM 41703278407                         DDA MAIN ACCOUNT /,384593.0,384593.0,384593.0,Debit,0.0
25-Apr-25,25-Apr-25,BY TRANSFER-CMP DELHI DEVELOPMENT AUTHORITY-- 99922 0.0,CMP00000001122921359AOWF993103               TRANSFER FROM 41703278407                         DDA MAIN ACCOUNT /,132750.0,132750.0,132750.0,Debit,0.0
25-Apr-25,25-Apr-25,TO TRANSFER-INB RTGS UTR NO: SBINR12025042583433212--SUNIL DALAL 99922 4480000.0,RTGS INB: CRH5918571                              TRANSFER TO 4599112044304 / SUNIL DALAL,0.0,4480000.0,4480000.0,Credit,0.0
28-Apr-25,28-Apr-25,BY TRANSFER-INB Own Acct tfr-- 99922 0.0,CIAAKJBWO3               TRANSFER FROM 43890076791                         SUNIL DALAL SECURITY A /,250000.0,250000.0,250000.0,Debit,0.0
29-Apr-25,29-Apr-25,BY TRANSFER-CMP DELHI DEVELOPMENT AUTHORITY-- 99922 0.0,CMP00000001129889168AOWG618349               TRANSFER FROM 41703277899                         DDA MAIN ACCOUNT /,1723736.0,1723736.0,1723736.0,Debit,0.0
29-Apr-25,29-Apr-25,TO TRANSFER-TRANSFER TO-- 5714 247561.0,TRANSFER TO 44039450460                           SUNIL DALAL SECURITY A /,0.0,247561.0,247561.0,Credit,0.0
30-Apr-25,30-Apr-25,TO TRANSFER-INB RTGS UTR NO: SBINR12025043083854940-- 99922 1470000.0,RTGS INB: CRH6112741                              TRANSFER TO 4599110044305 /,0.0,1470000.0,1470000.0,Credit,0.0
30-Apr-25,30-Apr-25,TO TRANSFER-INB Own Acct Tfr-- 99922 250000.0,CIAAKJKSF0               TRANSFER TO 43890076791                           SUNIL DALAL SECURITY A /,0.0,250000.0,250000.0,Credit,0.0
30-Apr-25,30-Apr-25,BY TRANSFER-CMP DELHI DEVELOPMENT AUTHORITY-- 99922 0.0,CMP00000001132582468AOWI080256               TRANSFER FROM 41703277899                         DDA MAIN ACCOUNT /,340959.0,340959.0,340959.0,Debit,0.0
30-Apr-25,30-Apr-25,TO TRANSFER-INB RTGS UTR NO: SBINR12025043084002134--SUNIL DALAL 99922 348000.0,RTGS INB: CRH6173969                              TRANSFER TO 4599112044304 / SUNIL DALAL,0.0,348000.0,348000.0,Credit,0.0
1-May-25,1-May-25,BY TRANSFER-INB Own Acct Tfr-- 99922 0.0,CIAAKJRTS2               TRANSFER FROM 43890076791                         SUNIL DALAL SECURITY A /,7350000.0,7350000.0,7350000.0,Debit,0.0
1-May-25,1-May-25,TO DEBIT THROUGH CHEQUE-SBI   000007TRANSFER--602330 5714 5605672.0,/ 602330,0.0,5605672.0,5605672.0,Credit,0.0
1-May-25,1-May-25,TO DEBIT THROUGH CHEQUE-SBI   000007TRANSFER--602329 5714 1694274.0,/ 602329,0.0,1694274.0,1694274.0,Credit,0.0
1-May-25,1-May-25,CREDIT-000008 NEFT RETD. DT. 01/05/2025-- 5714 0.0,/,14615.0,14615.0,14615.0,Debit,0.0
1-May-25,1-May-25,BY TRANSFER-NEFTRRSBIN325121534712(01-05-25)Incorrect Account-- 4430 0.0,TRANSFER FROM 99507044302 /,15200.0,15200.0,15200.0,Debit,0.0
1-May-25,1-May-25,BY TRANSFER-NEFTRRSBIN325121534616(01-05-25)Incorrect Account-- 4430 0.0,TRANSFER FROM 99507044302 /,19751.0,19751.0,19751.0,Debit,0.0
2-May-25,2-May-25,BY TRANSFER-INB Own Acct Tfr-- 99922 0.0,CIAAKJXWV6               TRANSFER FROM 43890076791                         SUNIL DALAL SECURITY A /,1900000.0,1900000.0,1900000.0,Debit,0.0
3-May-25,3-May-25,TO DEBIT THROUGH CHEQUE-SBI   000010TRANSFER--602332 5714 1505517.0,/ 602332,0.0,1505517.0,1505517.0,Credit,0.0
3-May-25,3-May-25,TO DEBIT THROUGH CHEQUE-SBI   000010TRANSFER--602331 5714 364148.0,/ 602331,0.0,364148.0,364148.0,Credit,0.0
6-May-25,6-May-25,CHQ TRANSFER-CHEQUE TRANSFER TO--602334 5714 23720.0,/ 602334,0.0,23720.0,23720.0,Credit,0.0
7-May-25,7-May-25,BY TRANSFER-RTGS UTR NO: HDFCR52025050768415188--SUNIL DALAL 4430 0.0,TRANSFER FROM 4698337044306 / SUNIL DALAL,900000.0,900000.0,900000.0,Debit,0.0
7-May-25,7-May-25,BY TRANSFER-CMP DELHI DEVELOPMENT AUTHORITY-- 99922 0.0,CMP00000001137714710AOWL563677               TRANSFER FROM 41703278225                         DDA MAIN ACCOUNT /,379452.0,379452.0,379452.0,Debit,0.0
8-May-25,8-May-25,CHEQUE WDL-CHEQUE TRANSFER TO--602335 5714 887270.0,TRANSFER FROM 44073585849                         SUNIL DALAL SECURITY A / 602335,0.0,887270.0,887270.0,Credit,0.0
8-May-25,8-May-25,BY TRANSFER-CMP DELHI DEVELOPMENT AUTHORITY-- 99922 0.0,CMP00000001138970697AOWM623595               TRANSFER FROM 41703278407                         DDA MAIN ACCOUNT /,437901.0,437901.0,437901.0,Debit,0.0
8-May-25,8-May-25,BY TRANSFER-CMP DELHI DEVELOPMENT AUTHORITY-- 99922 0.0,CMP00000001138971063AOWM623601               TRANSFER FROM 41703278407                         DDA MAIN ACCOUNT /,437901.0,437901.0,437901.0,Debit,0.0
8-May-25,8-May-25,BY TRANSFER-CMP DELHI DEVELOPMENT AUTHORITY-- 99922 0.0,CMP00000001138971062AOWM623600               TRANSFER FROM 41703278407                         DDA MAIN ACCOUNT /,206489.0,206489.0,206489.0,Debit,0.0
8-May-25,8-May-25,BY TRANSFER-CMP DELHI DEVELOPMENT AUTHORITY-- 99922 0.0,CMP00000001138971061AOWM623599               TRANSFER FROM 41703278407                         DDA MAIN ACCOUNT /,207639.0,207639.0,207639.0,Debit,0.0
8-May-25,8-May-25,BY TRANSFER-CMP DELHI DEVELOPMENT AUTHORITY-- 99922 0.0,CMP00000001138970700AOWM623598               TRANSFER FROM 41703278407                         DDA MAIN ACCOUNT /,102989.0,102989.0,102989.0,Debit,0.0
8-May-25,8-May-25,BY TRANSFER-CMP DELHI DEVELOPMENT AUTHORITY-- 99922 0.0,CMP00000001138970699AOWM623597               TRANSFER FROM 41703278407                         DDA MAIN ACCOUNT /,206489.0,206489.0,206489.0,Debit,0.0
8-May-25,8-May-25,BY TRANSFER-CMP DELHI DEVELOPMENT AUTHORITY-- 99922 0.0,CMP00000001138970698AOWM623596               TRANSFER FROM 41703278407                         DDA MAIN ACCOUNT /,222540.0,222540.0,222540.0,Debit,0.0
8-May-25,8-May-25,BY TRANSFER-CMP DELHI DEVELOPMENT AUTHORITY-- 99922 0.0,CMP00000001138974022AOWM625012               TRANSFER FROM 41703278407                         DDA MAIN ACCOUNT /,833062.0,833062.0,833062.0,Debit,0.0
8-May-25,8-May-25,TO TRANSFER-INB Own Acct Tfr-- 99922 3153000.0,CIAAKLAVK9               TRANSFER TO 43890076791                           SUNIL DALAL SECURITY A /,0.0,3153000.0,3153000.0,Credit,0.0
8-May-25,8-May-25,BY TRANSFER-CMP DELHI DEVELOPMENT AUTHORITY-- 99922 0.0,CMP00000001139075286AOWM688733               TRANSFER FROM 41703278407                         DDA MAIN ACCOUNT /,2247482.0,2247482.0,2247482.0,Debit,0.0
8-May-25,8-May-25,TO TRANSFER-INB Own Acct Tfr-- 99922 2248000.0,CIAAKLBGH6               TRANSFER TO 43890076791                           SUNIL DALAL SECURITY A /,0.0,2248000.0,2248000.0,Credit,0.0
15-May-25,15-May-25,BY TRANSFER-INB OWN ACCT TFR-- 99922 0.0,CIAAKMCJJ5               TRANSFER FROM 43890076791                         SUNIL DALAL SECURITY A /,2000000.0,2000000.0,2000000.0,Debit,0.0
15-May-25,15-May-25,TO TRANSFER-INB-- 99922 66735.0,"02225118988471CHT4197969               TRANSFER TO 31804042663                           ESIC - 1 CENTRAL, KOTL /",0.0,66735.0,66735.0,Credit,0.0
15-May-25,15-May-25,TO TRANSFER-INB 002150525473316 1012505023034 I-- 99922 1410302.0,1012505023034CK00IITRS4               TRANSFER TO 35653254476                           EMPLOYEES PROVIDENT FU /,0.0,1410302.0,1410302.0,Credit,0.0
15-May-25,15-May-25,TO TRANSFER-INB-- 99922 1418.0,"02225119166504CHT4198014               TRANSFER TO 31804042663                           ESIC - 1 CENTRAL, KOTL /",0.0,1418.0,1418.0,Credit,0.0
15-May-25,15-May-25,TO TRANSFER-COMM - OTHER MISC. SERVICES-- 5714 17700.0,TRANSFER TO 98353057140 /,0.0,17700.0,17700.0,Credit,0.0
15-May-25,15-May-25,TO TRANSFER-COMM - OTHER MISC. SERVICES-- 5714 3540.0,TRANSFER TO 98353057140 /,0.0,3540.0,3540.0,Credit,0.0
15-May-25,15-May-25,TO TRANSFER-INB-- 99922 3021.0,"02225119621061CHT4262259               TRANSFER TO 31804042663                           ESIC - 1 CENTRAL, KOTL /",0.0,3021.0,3021.0,Credit,0.0
15-May-25,15-May-25,BY TRANSFER-CMP ESIC-- 99922 0.0,CMP00000001142915216AOWP974900               TRANSFER FROM 30595666069                         ESI SAVING FUND ACCOUN /,771622.0,771622.0,771622.0,Debit,0.0
17-May-25,17-May-25,BULK POSTING-C25951621298511687767339021- PAO SECTT I M/o FISH-- 4266 0.0,/,129479.0,129479.0,129479.0,Debit,0.0
20-May-25,20-May-25,BULK POSTING-C25951822342SETTLEMENT OF SE DEPT OF SPACE   BRAN-- 4266 0.0,/,372371.0,372371.0,372371.0,Debit,0.0
20-May-25,20-May-25,BY TRANSFER-CMP DELHI DEVELOPMENT AUTHORITY-- 99922 0.0,CMP00000001144957384AOWR865253               TRANSFER FROM 41703278407                         DDA MAIN ACCOUNT /,1214719.0,1214719.0,1214719.0,Debit,0.0
20-May-25,20-May-25,BY TRANSFER-CMP DELHI DEVELOPMENT AUTHORITY-- 99922 0.0,CMP00000001144957383AOWR865255               TRANSFER FROM 41703278407                         DDA MAIN ACCOUNT /,812374.0,812374.0,812374.0,Debit,0.0
20-May-25,20-May-25,BY TRANSFER-CMP DELHI DEVELOPMENT AUTHORITY-- 99922 0.0,CMP00000001144956992AOWR865067               TRANSFER FROM 41703278407                         DDA MAIN ACCOUNT /,1966715.0,1966715.0,1966715.0,Debit,0.0
20-May-25,20-May-25,BY TRANSFER-CMP DELHI DEVELOPMENT AUTHORITY-- 99922 0.0,CMP00000001144956990AOWR865065               TRANSFER FROM 41703278407                         DDA MAIN ACCOUNT /,381397.0,381397.0,381397.0,Debit,0.0
20-May-25,20-May-25,BY TRANSFER-CMP DELHI DEVELOPMENT AUTHORITY-- 99922 0.0,CMP00000001144956991AOWR865066               TRANSFER FROM 41703278407                         DDA MAIN ACCOUNT /,173792.0,173792.0,173792.0,Debit,0.0
20-May-25,20-May-25,BY TRANSFER-CMP DELHI DEVELOPMENT AUTHORITY-- 99922 0.0,CMP00000001144957382AOWR865254               TRANSFER FROM 41703278407                         DDA MAIN ACCOUNT /,154816.0,154816.0,154816.0,Debit,0.0
20-May-25,20-May-25,BY TRANSFER-NEFT*HDFC0000240*HDFCH00251784635*AO CAU SZ*BATCHI-- 4430 0.0,TRANSFER FROM 99509044300 /,495450.0,495450.0,495450.0,Debit,0.0
21-May-25,21-May-25,TO TRANSFER-INB Own Acct Tfr-- 99922 6473000.0,CIAAKNCQO9               TRANSFER TO 43890076791                           SUNIL DALAL SECURITY A /,0.0,6473000.0,6473000.0,Credit,0.0
27-May-25,27-May-25,TO TRANSFER-CMPNEFT/1/TEST-- 4266 10.0,TRANSFER TO 4698429042666 /,0.0,10.0,10.0,Credit,0.0
27-May-25,27-May-25,TO TRANSFER-CMPNEFT/2/TEST-- 4266 10.0,TRANSFER TO 4698429042666 /,0.0,10.0,10.0,Credit,0.0
27-May-25,27-May-25,TO TRANSFER-CMPNEFT/3/TEST-- 4266 10.0,TRANSFER TO 4698429042666 /,0.0,10.0,10.0,Credit,0.0
27-May-25,27-May-25,TO TRANSFER-CMPNEFT/4/TEST-- 4266 10.0,TRANSFER TO 4698429042666 /,0.0,10.0,10.0,Credit,0.0
27-May-25,27-May-25,TO TRANSFER-CMPNEFT/5/TEST-- 4266 10.0,TRANSFER TO 4698429042666 /,0.0,10.0,10.0,Credit,0.0
27-May-25,27-May-25,TO TRANSFER-CMPIFTP/4/MAY-- 4266 30000.0,TRANSFER TO 36769406669                           Mr. AJAY  KUMAR /,0.0,30000.0,30000.0,Credit,0.0
27-May-25,27-May-25,TO TRANSFER-CMPNEFT/1/MAY-- 4266 55000.0,TRANSFER TO 4698429042666 /,0.0,55000.0,55000.0,Credit,0.0
27-May-25,27-May-25,TO TRANSFER-CMPNEFT/2/MAY-- 4266 31800.0,TRANSFER TO 4698429042666 /,0.0,31800.0,31800.0,Credit,0.0
27-May-25,27-May-25,TO TRANSFER-CMPNEFT/3/MAY-- 4266 65000.0,TRANSFER TO 4698429042666 /,0.0,65000.0,65000.0,Credit,0.0
27-May-25,27-May-25,TO TRANSFER-CMPNEFT/5/MAY-- 4266 20000.0,TRANSFER TO 4698429042666 /,0.0,20000.0,20000.0,Credit,0.0
27-May-25,27-May-25,TO TRANSFER-CMPNEFT/6/MAY-- 4266 20000.0,TRANSFER TO 4698429042666 /,0.0,20000.0,20000.0,Credit,0.0
27-May-25,27-May-25,TO TRANSFER-CMPNEFT/7/MAY-- 4266 20000.0,TRANSFER TO 4698429042666 /,0.0,20000.0,20000.0,Credit,0.0
27-May-25,27-May-25,TO TRANSFER-CMPNEFT/8/MAY-- 4266 23000.0,TRANSFER TO 4698429042666 /,0.0,23000.0,23000.0,Credit,0.0
28-May-25,28-May-25,BY TRANSFER-RTGS UTR NO: UBINR22025052801975706--MTNL ESCROW ACCOUNT- DELHI 4430 0.0,TRANSFER FROM 4698335044308 / MTNL ESCROW ACCOUNT- DELHI,1721415.0,1721415.0,1721415.0,Debit,0.0
28-May-25,28-May-25,TO TRANSFER-INB RTGS UTR NO: SBINR12025052886981237--SUNIL DALAL 99922 1953000.0,RTGS INB: CRH7645121                              TRANSFER TO 4599108044309 / SUNIL DALAL,0.0,1953000.0,1953000.0,Credit,0.0
29-May-25,29-May-25,BY TRANSFER- CLOSED AS PER CUSTOMER REQUEST-- 5714 0.0,TRANSFER FROM 43082833040                         SUNIL DALAL SECURITY A /,927046.0,927046.0,927046.0,Debit,0.0
29-May-25,29-May-25,BY TRANSFER-CMP DELHI DEVELOPMENT AUTHORITY-- 99922 0.0,CMP00000001146118548AOWS899348               TRANSFER FROM 41703277899                         DDA MAIN ACCOUNT /,140400.0,140400.0,140400.0,Debit,0.0
29-May-25,29-May-25,TO TRANSFER-INB RTGS UTR NO: SBINR12025052987127477--SUNIL DALAL 99922 1065000.0,RTGS INB: CRH7723736                              TRANSFER TO 4599113044303 / SUNIL DALAL,0.0,1065000.0,1065000.0,Credit,0.0
31-May-25,31-May-25,TO TRANSFER-CMPCHRG/31-MAY-2025/0707973-- 4266 70.8,TRANSFER TO 98353042666 /,0.0,70.8,70.8,Credit,0.0
31-May-25,31-May-25,TO TRANSFER-CMPCHRG/31-MAY-2025/0708211-- 4266 2.36,TRANSFER TO 98353042666 /,0.0,2.36,2.36,Credit,0.0
2-Jun-25,2-Jun-25,BY TRANSFER-CMP DELHI DEVELOPMENT AUTHORITY-- 99922 0.0,CMP00000001158254197AOWW690152               TRANSFER FROM 41703278407                         DDA MAIN ACCOUNT /,206489.0,206489.0,206489.0,Debit,0.0
2-Jun-25,2-Jun-25,BY TRANSFER-CMP DELHI DEVELOPMENT AUTHORITY-- 99922 0.0,CMP00000001158243499AOWW684278               TRANSFER FROM 41703278407                         DDA MAIN ACCOUNT /,169324.0,169324.0,169324.0,Debit,0.0
2-Jun-25,2-Jun-25,BY TRANSFER-CMP DELHI DEVELOPMENT AUTHORITY-- 99922 0.0,CMP00000001158243501AOWW684280               TRANSFER FROM 41703278407                         DDA MAIN ACCOUNT /,322261.0,322261.0,322261.0,Debit,0.0
2-Jun-25,2-Jun-25,BY TRANSFER-CMP DELHI DEVELOPMENT AUTHORITY-- 99922 0.0,CMP00000001158243502AOWW684281               TRANSFER FROM 41703278407                         DDA MAIN ACCOUNT /,1722712.0,1722712.0,1722712.0,Debit,0.0
2-Jun-25,2-Jun-25,BY TRANSFER-CMP DELHI DEVELOPMENT AUTHORITY-- 99922 0.0,CMP00000001158243503AOWW684282               TRANSFER FROM 41703278407                         DDA MAIN ACCOUNT /,1637389.0,1637389.0,1637389.0,Debit,0.0
2-Jun-25,2-Jun-25,BY TRANSFER-CMP DELHI DEVELOPMENT AUTHORITY-- 99922 0.0,CMP00000001158243500AOWW684279               TRANSFER FROM 41703278407                         DDA MAIN ACCOUNT /,187192.0,187192.0,187192.0,Debit,0.0
2-Jun-25,2-Jun-25,BY TRANSFER-CMP DELHI DEVELOPMENT AUTHORITY-- 99922 0.0,CMP00000001158243504AOWW684283               TRANSFER FROM 41703278407                         DDA MAIN ACCOUNT /,474255.0,474255.0,474255.0,Debit,0.0
2-Jun-25,2-Jun-25,BY TRANSFER-CMP DELHI DEVELOPMENT AUTHORITY-- 99922 0.0,CMP00000001158254196AOWW690151               TRANSFER FROM 41703278407                         DDA MAIN ACCOUNT /,423544.0,423544.0,423544.0,Debit,0.0
2-Jun-25,2-Jun-25,BY TRANSFER-CMP DELHI DEVELOPMENT AUTHORITY-- 99922 0.0,CMP00000001158309185AOWW715648               TRANSFER FROM 41703278225                         DDA MAIN ACCOUNT /,2227505.0,2227505.0,2227505.0,Debit,0.0
3-Jun-25,3-Jun-25,BY TRANSFER-RTGS UTR NO: HDFCR52025060377172831--SUNIL DALAL 4430 0.0,TRANSFER FROM 4698337044306 / SUNIL DALAL,1000000.0,1000000.0,1000000.0,Debit,0.0
3-Jun-25,3-Jun-25,TO TRANSFER-CMPNEFT/01030625004/251540698131/PMT/-- 4266 5750224.0,TRANSFER TO 4698429042666 /,0.0,5750224.0,5750224.0,Credit,0.0
3-Jun-25,3-Jun-25,TO TRANSFER-CMPIFTP/01030625004/251540708670/PMT/-- 4266 1969726.0,TRANSFER TO 99619042660 /,0.0,1969726.0,1969726.0,Credit,0.0
3-Jun-25,3-Jun-25,BY TRANSFER-NEFTRRSBIF400000370626(03-06-25)Incorrect Account-- 4430 0.0,TRANSFER FROM 99507044302 /,11882.0,11882.0,11882.0,Debit,0.0
4-Jun-25,4-Jun-25,CHEQUE DEPOSIT---374530 5714 0.0,TRANSFER TO 31423859723                           AIRTECH PRIVATE LIMITE / 374530,15000.0,15000.0,15000.0,Debit,0.0
4-Jun-25,4-Jun-25,BY TRANSFER-INB Own Acct Tfr-- 99922 0.0,CIAAKPTND9               TRANSFER FROM 43890076791                         SUNIL DALAL SECURITY A /,1200000.0,1200000.0,1200000.0,Debit,0.0
4-Jun-25,4-Jun-25,TO TRANSFER-CMPNEFT/01040625087/251550698372/PMT/-- 4266 1358512.0,TRANSFER TO 4698429042666 /,0.0,1358512.0,1358512.0,Credit,0.0
4-Jun-25,4-Jun-25,TO TRANSFER-CMPIFTP/01040625087/251550698374/PMT/-- 4266 467486.0,TRANSFER TO 99619042660 /,0.0,467486.0,467486.0,Credit,0.0
5-Jun-25,5-Jun-25,TO TRANSFER-WRNGLY ENTRY DT. 4/6/2025-- 5714 13917.0,TRANSFER TO 31423859723                           AIRTECH PRIVATE LIMITE /,0.0,13917.0,13917.0,Credit,0.0
5-Jun-25,5-Jun-25,BY TRANSFER-RTGS UTR NO: KKBKR52025060500914571--SENIOR ACCOUNTS OFFICER CAU NARELA 4430 0.0,TRANSFER FROM 4698336044307 / SENIOR ACCOUNTS OFFICER CAU NARELA,4138900.0,4138900.0,4138900.0,Debit,0.0
5-Jun-25,5-Jun-25,BY TRANSFER-RTGS UTR NO: KKBKR52025060500915365--SENIOR ACCOUNTS OFFICER CAU NARELA 4430 0.0,TRANSFER FROM 4698337044306 / SENIOR ACCOUNTS OFFICER CAU NARELA,834050.0,834050.0,834050.0,Debit,0.0
6-Jun-25,6-Jun-25,TO TRANSFER-INB Own Acct tfr-- 99922 1235471.0,CIAAKPZXO3               TRANSFER TO 43890076791                           SUNIL DALAL SECURITY A /,0.0,1235471.0,1235471.0,Credit,0.0
6-Jun-25,6-Jun-25,TO TRANSFER-INB RTGS UTR NO: SBINR12025060687948447--SUNIL DALAL 99922 3738000.0,RTGS INB: CRH8149887                              TRANSFER TO 99827044308 / SUNIL DALAL,0.0,3738000.0,3738000.0,Credit,0.0
9-Jun-25,9-Jun-25,BY TRANSFER-CMP ESIC-- 99922 0.0,CMP00000001161815773AOWZ447763               TRANSFER FROM 30595666069                         ESI SAVING FUND ACCOUN /,788621.0,788621.0,788621.0,Debit,0.0
9-Jun-25,9-Jun-25,TO TRANSFER-INB RTGS UTR NO: SBINR12025060988163816--SUNIL DALAL 99922 800000.0,RTGS INB: CRH8319089                              TRANSFER TO 4599111044305 / SUNIL DALAL,0.0,800000.0,800000.0,Credit,0.0
9-Jun-25,9-Jun-25,BULK POSTING-ACHCr UTIB00396000014236 M T N L NEW DE-- 61076 0.0,/,64372.0,64372.0,64372.0,Debit,0.0
9-Jun-25,9-Jun-25,BY TRANSFER-CMP DELHI DEVELOPMENT AUTHORITY-- 99922 0.0,CMP00000001163590336AOX0813414               TRANSFER FROM 41703277899                         DDA MAIN ACCOUNT /,140400.0,140400.0,140400.0,Debit,0.0
9-Jun-25,9-Jun-25,BY TRANSFER-CMP DELHI DEVELOPMENT AUTHORITY-- 99922 0.0,CMP00000001161623519AOWZ343262               TRANSFER FROM 41703277899                         DDA MAIN ACCOUNT /,1715342.0,1715342.0,1715342.0,Debit,0.0
9-Jun-25,9-Jun-25,BY TRANSFER-CMP DELHI DEVELOPMENT AUTHORITY-- 99922 0.0,CMP00000001161629175AOWZ343608               TRANSFER FROM 41703277899                         DDA MAIN ACCOUNT /,307963.0,307963.0,307963.0,Debit,0.0
10-Jun-25,10-Jun-25,TO TRANSFER-INB RTGS UTR NO: SBINR12025061088305986--SUNIL DALAL 99922 2230000.0,RTGS INB: CRH8387568                              TRANSFER TO 4599111044305 / SUNIL DALAL,0.0,2230000.0,2230000.0,Credit,0.0
10-Jun-25,10-Jun-25,BY TRANSFER-TRANSFER FROM-- 8778 0.0,TRANSFER FROM 36199064108                          ASSISTANT REGISTRAR /,655000.0,655000.0,655000.0,Debit,0.0
10-Jun-25,10-Jun-25,TO TRANSFER-INB RTGS UTR NO: SBINR12025061088446259--SUNIL DALAL 99922 680000.0,RTGS INB: CRH8446837                              TRANSFER TO 4599110044305 / SUNIL DALAL,0.0,680000.0,680000.0,Credit,0.0
13-Jun-25,13-Jun-25,BY TRANSFER-RTGS UTR NO: HDFCR52025061380687835--SUNIL DALAL 4430 0.0,TRANSFER FROM 4698337044306 / SUNIL DALAL,1543000.0,1543000.0,1543000.0,Debit,0.0
13-Jun-25,13-Jun-25,BY TRANSFER-INB Own Acct tfr-- 99922 0.0,CIAAKRIDT8               TRANSFER FROM 43890076791                         SUNIL DALAL SECURITY A /,200000.0,200000.0,200000.0,Debit,0.0
13-Jun-25,13-Jun-25,TO TRANSFER-INB 002130625229370 1012506023866 I-- 99922 1548768.0,1012506023866CK00IYGRP6               TRANSFER TO 35653254476                           EMPLOYEES PROVIDENT FU /,0.0,1548768.0,1548768.0,Credit,0.0
13-Jun-25,13-Jun-25,TO TRANSFER-INB-- 99922 72796.0,"02225123027684CHT7119574               TRANSFER TO 31804042663                           ESIC - 1 CENTRAL, KOTL /",0.0,72796.0,72796.0,Credit,0.0
13-Jun-25,13-Jun-25,TO TRANSFER-INB-- 99922 10102.0,"02225123028146CHT7120098               TRANSFER TO 31804042663                           ESIC - 1 CENTRAL, KOTL /",0.0,10102.0,10102.0,Credit,0.0
17-Jun-25,17-Jun-25,BY TRANSFER-RTGS UTR NO: PUNBR52025061713527962--BHARAT SANCHAR NIGAM LTD   OPERATIO 4430 0.0,TRANSFER FROM 4698335044308 / BHARAT SANCHAR NIGAM LTD   OPERATIO,1220122.0,1220122.0,1220122.0,Debit,0.0
17-Jun-25,17-Jun-25,BULK POSTING-C25956864628SETTLEMENT OF SE DEPT OF SPACE   BRAN-- 4266 0.0,/,384017.0,384017.0,384017.0,Debit,0.0
17-Jun-25,17-Jun-25,BY TRANSFER-CMP DELHI DEVELOPMENT AUTHORITY-- 99922 0.0,CMP00000001167913725AOX4337714               TRANSFER FROM 41703278407                         DDA MAIN ACCOUNT /,1118334.0,1118334.0,1118334.0,Debit,0.0
18-Jun-25,18-Jun-25,BY TRANSFER-INB Own Acct tfr-- 99922 0.0,CIAAKSBJM4               TRANSFER FROM 43890076791                         SUNIL DALAL SECURITY A /,300000.0,300000.0,300000.0,Debit,0.0
18-Jun-25,18-Jun-25,TO TRANSFER-INB-- 99922 3017162.0,25060700066196CK00JANJX6               TRANSFER TO 36959638323                           POOLING ACCOUNT GST-MM /,0.0,3017162.0,3017162.0,Credit,0.0
18-Jun-25,18-Jun-25,BY TRANSFER-NEFT*UCBA0001394*UCBAH25169516554*SR ACCOUNTS OFFI-- 4430 0.0,TRANSFER FROM 99509044300 /,61932.0,61932.0,61932.0,Debit,0.0
24-Jun-25,24-Jun-25,CHEQUE DEPOSIT---857500 11550 0.0,TRANSFER TO 35810777577                           PRINCIPAL / 857500,249886.0,249886.0,249886.0,Debit,0.0
25-Jun-25,25-Jun-25,BULK POSTING-C25957939676511687767339021- PAO SECTT I M/o FISH-- 4266 0.0,/,133794.0,133794.0,133794.0,Debit,0.0
30-Jun-25,30-Jun-25,TO TRANSFER-CMPCHRG/30-JUN-2025/0749139-- 4266 1817.2,TRANSFER TO 98353042666 /,0.0,1817.2,1817.2,Credit,0.0
30-Jun-25,30-Jun-25,TO TRANSFER-CMPCHRG/30-JUN-2025/0752654-- 4266 572.3,TRANSFER TO 98353042666 /,0.0,572.3,572.3,Credit,0.0
30-Jun-25,30-Jun-25,TO TRANSFER-CMPCHRG/30-JUN-2025/0754911-- 4266 99.12,TRANSFER TO 98353042666 /,0.0,99.12,99.12,Credit,0.0
30-Jun-25,30-Jun-25,TO TRANSFER-CMPCHRG/30-JUN-2025/0749904-- 4266 245.44,TRANSFER TO 98353042666 /,0.0,245.44,245.44,Credit,0.0
2-Jul-25,2-Jul-25,BY TRANSFER-INB Own Acct Tfr-- 99922 0.0,CIAAKUMYE7               TRANSFER FROM 43890076791                         SUNIL DALAL SECURITY A /,7500000.0,7500000.0,7500000.0,Debit,0.0
2-Jul-25,2-Jul-25,TO TRANSFER-CMPNEFT/01020725152/251830761180/PMT/-- 4266 5873465.0,TRANSFER TO 4698429042666 /,0.0,5873465.0,5873465.0,Credit,0.0
2-Jul-25,2-Jul-25,BY TRANSFER-INB Own Acct tfr-- 99922 0.0,CIAAKUNEA3               TRANSFER FROM 43890076791                         SUNIL DALAL SECURITY A /,300000.0,300000.0,300000.0,Debit,0.0
2-Jul-25,2-Jul-25,BY TRANSFER-NEFTRRSBIF400000405870(02-07-25)Incorrect Account-- 4430 0.0,TRANSFER FROM 99507044302 /,13762.0,13762.0,13762.0,Debit,0.0
2-Jul-25,2-Jul-25,BY TRANSFER-CMP DELHI DEVELOPMENT AUTHORITY-- 99922 0.0,CMP00000001182867851AOXA635855               TRANSFER FROM 41703278407                         DDA MAIN ACCOUNT /,1300131.0,1300131.0,1300131.0,Debit,0.0
3-Jul-25,3-Jul-25,TO TRANSFER-CMPIFTP/01030725068/251840769911/PMT/-- 4266 2248232.0,TRANSFER TO 99619042660 /,0.0,2248232.0,2248232.0,Credit,0.0
4-Jul-25,4-Jul-25,BY TRANSFER-NEFT*PUNB0513200*PUNBH70008932299*E PAYMENT OF MCA-- 4430 0.0,TRANSFER FROM 99509044300 /,411228.0,411228.0,411228.0,Debit,0.0
5-Jul-25,5-Jul-25,TO TRANSFER-CMPNEFT/01050725107/251860770933/PMT/-- 4266 1485320.0,TRANSFER TO 4698429042666 /,0.0,1485320.0,1485320.0,Credit,0.0
5-Jul-25,5-Jul-25,TO TRANSFER-CMPIFTP/01050725107/251860770935/PMT/-- 4266 439367.0,TRANSFER TO 99619042660 /,0.0,439367.0,439367.0,Credit,0.0
5-Jul-25,5-Jul-25,BY TRANSFER-NEFTRRSBIF400000409529(05-07-25)Not specified reas-- 4430 0.0,TRANSFER FROM 99507044302 /,3500.0,3500.0,3500.0,Debit,0.0
10-Jul-25,10-Jul-25,BY TRANSFER-CMP ESIC-- 99922 0.0,CMP00000001188241068AOXE641200               TRANSFER FROM 30595666069                         ESI SAVING FUND ACCOUN /,788621.0,788621.0,788621.0,Debit,0.0
15-Jul-25,15-Jul-25,BY TRANSFER-INB Own Acct tfr-- 99922 0.0,CIAAKWQQH4               TRANSFER FROM 43890076791                         SUNIL DALAL SECURITY A /,1200000.0,1200000.0,1200000.0,Debit,0.0
15-Jul-25,15-Jul-25,TO TRANSFER-INB 002150725081081 1012507028216 I-- 99922 1574104.0,1012507028216CK00JOARZ5               TRANSFER TO 35653254476                           EMPLOYEES PROVIDENT FU /,0.0,1574104.0,1574104.0,Credit,0.0
15-Jul-25,15-Jul-25,TO TRANSFER-INB-- 99922 79217.0,"02225127546381CHU0361368               TRANSFER TO 31804042663                           ESIC - 1 CENTRAL, KOTL /",0.0,79217.0,79217.0,Credit,0.0
15-Jul-25,15-Jul-25,TO TRANSFER-INB-- 99922 8143.0,"02225127547146CHU0362040               TRANSFER TO 31804042663                           ESIC - 1 CENTRAL, KOTL /",0.0,8143.0,8143.0,Credit,0.0
16-Jul-25,16-Jul-25,BULK POSTING-C25962405286SETTLEMENT OF SE DEPT OF SPACE   BRAN-- 4266 0.0,/,372372.0,372372.0,372372.0,Debit,0.0
16-Jul-25,16-Jul-25,BY TRANSFER-CMP DELHI DEVELOPMENT AUTHORITY-- 99922 0.0,CMP00000001190994337AOXG994994               TRANSFER FROM 41703277899                         DDA MAIN ACCOUNT /,340959.0,340959.0,340959.0,Debit,0.0
16-Jul-25,16-Jul-25,BY TRANSFER-CMP DELHI DEVELOPMENT AUTHORITY-- 99922 0.0,CMP00000001190994324AOXG994992               TRANSFER FROM 41703277899                         DDA MAIN ACCOUNT /,1772521.0,1772521.0,1772521.0,Debit,0.0
16-Jul-25,16-Jul-25,BY TRANSFER-CMP DELHI DEVELOPMENT AUTHORITY-- 99922 0.0,CMP00000001190994336AOXG994993               TRANSFER FROM 41703277899                         DDA MAIN ACCOUNT /,140400.0,140400.0,140400.0,Debit,0.0
16-Jul-25,16-Jul-25,BY TRANSFER-CMP DELHI DEVELOPMENT AUTHORITY-- 99922 0.0,CMP00000001188293113AOXE669429               TRANSFER FROM 41703277899                         DDA MAIN ACCOUNT /,339298.0,339298.0,339298.0,Debit,0.0
16-Jul-25,16-Jul-25,TO TRANSFER-COMM - OTHER MISC. SERVICES-- 5714 16200.0,TRANSFER TO 98353057140 /,0.0,16200.0,16200.0,Credit,0.0
16-Jul-25,16-Jul-25,TO TRANSFER-INB Own Acct Tfr-- 99922 3300000.0,CIAAKWXRQ7               TRANSFER TO 43890076791                           SUNIL DALAL SECURITY A /,0.0,3300000.0,3300000.0,Credit,0.0
17-Jul-25,17-Jul-25,BY TRANSFER-    SSCBS-- 11550 0.0,TRANSFER FROM 98556115502 /,468537.0,468537.0,468537.0,Debit,0.0
18-Jul-25,18-Jul-25,BY TRANSFER-CMP DELHI DEVELOPMENT AUTHORITY-- 99922 0.0,CMP00000001193325134AOXI932972               TRANSFER FROM 41703278407                         DDA MAIN ACCOUNT /,1966717.0,1966717.0,1966717.0,Debit,0.0
18-Jul-25,18-Jul-25,BY TRANSFER-CMP DELHI DEVELOPMENT AUTHORITY-- 99922 0.0,CMP00000001193325133AOXI932971               TRANSFER FROM 41703278407                         DDA MAIN ACCOUNT /,40194.0,40194.0,40194.0,Debit,0.0
18-Jul-25,18-Jul-25,BY TRANSFER-CMP DELHI DEVELOPMENT AUTHORITY-- 99922 0.0,CMP00000001193329756AOXI933741               TRANSFER FROM 41703278407                         DDA MAIN ACCOUNT /,1082259.0,1082259.0,1082259.0,Debit,0.0
19-Jul-25,19-Jul-25,TO TRANSFER-INB-- 99922 1025684.0,25070700075792CK00JQLYH1               TRANSFER TO 36959657006                           POOLING ACCOUNT GST-MM /,0.0,1025684.0,1025684.0,Credit,0.0
19-Jul-25,19-Jul-25,TO TRANSFER-INB Own Acct Tfr-- 99922 2550000.0,CIAAKXLUR1               TRANSFER TO 43890076791                           SUNIL DALAL SECURITY A /,0.0,2550000.0,2550000.0,Credit,0.0
22-Jul-25,22-Jul-25,BY TRANSFER-RTGS UTR NO: PUNBR52025072214836775--BHARAT SANCHAR NIGAM LTD   OPERATIO 4430 0.0,TRANSFER FROM 3199855044301 / BHARAT SANCHAR NIGAM LTD   OPERATIO,1220122.0,1220122.0,1220122.0,Debit,0.0
22-Jul-25,22-Jul-25,TO TRANSFER-INB Own Acct Tfr-- 99922 1215000.0,CIAAKXYEF3               TRANSFER TO 43890076791                           SUNIL DALAL SECURITY A /,0.0,1215000.0,1215000.0,Credit,0.0
25-Jul-25,25-Jul-25,DEPOSIT TRANSFER-INT TRF FRM 41616113193 TO 36755554238-- 5714 0.0,TRANSFER FROM 41616113193                         SUNIL DALAL SECURITY A /,14096.0,14096.0,14096.0,Debit,0.0
25-Jul-25,25-Jul-25,BY TRANSFER-NEFT*IBKL0NEFT01*IBKL250725672891*SHAHEED SUKHDEV-- 4430 0.0,TRANSFER FROM 99509044300 /,187415.0,187415.0,187415.0,Debit,0.0
28-Jul-25,28-Jul-25,BY TRANSFER-NEFT*PUNB0513200*PUNBH70014049650*E PAYMENT OF MCA-- 4430 0.0,TRANSFER FROM 99509044300 /,725697.0,725697.0,725697.0,Debit,0.0
28-Jul-25,28-Jul-25,BULK POSTING-C25963968572511687767339021- PAO SECTT I M/o FISH-- 4266 0.0,/,129479.0,129479.0,129479.0,Debit,0.0
28-Jul-25,28-Jul-25,TO TRANSFER-INB Own Acct tfr-- 99922 1060000.0,CIAAKYWLX1               TRANSFER TO 43890076791                           SUNIL DALAL SECURITY A /,0.0,1060000.0,1060000.0,Credit,0.0
29-Jul-25,29-Jul-25,BY TRANSFER-RTGS UTR NO: KKBKR52025072900837775--SENIOR ACCOUNTS OFFICER CAU NARELA 4430 0.0,TRANSFER FROM 4698335044308 / SENIOR ACCOUNTS OFFICER CAU NARELA,4232627.0,4232627.0,4232627.0,Debit,0.0
29-Jul-25,29-Jul-25,TO TRANSFER-INB Own Acct Tvr-- 99922 1378000.0,CIAAKYZTN0               TRANSFER TO 43890076791                           SUNIL DALAL SECURITY A /,0.0,1378000.0,1378000.0,Credit,0.0
29-Jul-25,29-Jul-25,TO TRANSFER-INB RTGS UTR NO: SBINR12025072993686303--SUNIL DALAL 99922 2858000.0,RTGS INB: CRR3071983                              TRANSFER TO 4599113044303 / SUNIL DALAL,0.0,2858000.0,2858000.0,Credit,0.0
31-Jul-25,31-Jul-25,TO TRANSFER-CMPCHRG/31-JUL-2025/0930907-- 4266 266.68,TRANSFER TO 98353042666 /,0.0,266.68,266.68,Credit,0.0
31-Jul-25,31-Jul-25,TO TRANSFER-CMPCHRG/31-JUL-2025/0932241-- 4266 118.0,TRANSFER TO 98353042666 /,0.0,118.0,118.0,Credit,0.0
1-Aug-25,1-Aug-25,BY TRANSFER-CMP DELHI DEVELOPMENT AUTHORITY-- 99922 0.0,CMP00000001207563747AOXO536543               TRANSFER FROM 41703278521                         DDA MAIN ACCOUNT /,743809.0,743809.0,743809.0,Debit,0.0
2-Aug-25,2-Aug-25,BY TRANSFER-NEFT*IBKL0001587*IBKL250802332870*SHAHEED SUKHDEV-- 4430 0.0,TRANSFER FROM 99509044300 /,99954.0,99954.0,99954.0,Debit,0.0
2-Aug-25,2-Aug-25,BULK POSTING-ACHCr UTIB00396000014236 M T N L NEW DE-- 61076 0.0,/,32280.0,32280.0,32280.0,Debit,0.0
3-Aug-25,3-Aug-25,TO TRANSFER-INB RTGS UTR NO: SBINR12025080394255914--SUNIL DALAL 99922 876000.0,RTGS INB: CRS0405882                              TRANSFER TO 4599111044305 / SUNIL DALAL,0.0,876000.0,876000.0,Credit,0.0
4-Aug-25,4-Aug-25,BY TRANSFER-INB OWN ACCT TFR-- 99922 0.0,CIAALAAMW6               TRANSFER FROM 43890076791                         SUNIL DALAL SECURITY A /,8200000.0,8200000.0,8200000.0,Debit,0.0
4-Aug-25,4-Aug-25,TO TRANSFER-CMPNEFT/01040825463/252160950986/PMT/-- 4266 5845862.0,TRANSFER TO 4698429042666 /,0.0,5845862.0,5845862.0,Credit,0.0
4-Aug-25,4-Aug-25,TO TRANSFER-CMPIFTP/01040825463/252160950988/PMT/-- 4266 2330219.0,TRANSFER TO 99619042660 /,0.0,2330219.0,2330219.0,Credit,0.0
5-Aug-25,5-Aug-25,BY TRANSFER-INB OWN ACCT TFR-- 99922 0.0,CIAALAGRD7               TRANSFER FROM 43890076791                         SUNIL DALAL SECURITY A /,1500000.0,1500000.0,1500000.0,Debit,0.0
5-Aug-25,5-Aug-25,BY TRANSFER-CMP DELHI DEVELOPMENT AUTHORITY-- 99922 0.0,CMP00000001210353957AOXQ904381               TRANSFER FROM 41703278407                         DDA MAIN ACCOUNT /,265839.0,265839.0,265839.0,Debit,0.0
5-Aug-25,5-Aug-25,BY TRANSFER-CMP DELHI DEVELOPMENT AUTHORITY-- 99922 0.0,CMP00000001210149184AOXQ794135               TRANSFER FROM 41703278407                         DDA MAIN ACCOUNT /,1628994.0,1628994.0,1628994.0,Debit,0.0
5-Aug-25,5-Aug-25,BY TRANSFER-CMP DELHI DEVELOPMENT AUTHORITY-- 99922 0.0,CMP00000001210266857AOXQ867323               TRANSFER FROM 41703278407                         DDA MAIN ACCOUNT /,207776.0,207776.0,207776.0,Debit,0.0
5-Aug-25,5-Aug-25,BY TRANSFER-CMP DELHI DEVELOPMENT AUTHORITY-- 99922 0.0,CMP00000001210266858AOXQ867324               TRANSFER FROM 41703278407                         DDA MAIN ACCOUNT /,851169.0,851169.0,851169.0,Debit,0.0
5-Aug-25,5-Aug-25,BY TRANSFER-CMP DELHI DEVELOPMENT AUTHORITY-- 99922 0.0,CMP00000001210266856AOXQ867322               TRANSFER FROM 41703278407                         DDA MAIN ACCOUNT /,2487703.0,2487703.0,2487703.0,Debit,0.0
5-Aug-25,5-Aug-25,BY TRANSFER-CMP DELHI DEVELOPMENT AUTHORITY-- 99922 0.0,CMP00000001210149183AOXQ794134               TRANSFER FROM 41703278407                         DDA MAIN ACCOUNT /,151467.0,151467.0,151467.0,Debit,0.0
5-Aug-25,5-Aug-25,TO TRANSFER-CMPNEFT/010508251254/252170965678/PMT/-- 4266 1372544.0,TRANSFER TO 4698429042666 /,0.0,1372544.0,1372544.0,Credit,0.0
5-Aug-25,5-Aug-25,TO TRANSFER-CMPIFTP/010508251254/252170954591/PMT/-- 4266 391780.0,TRANSFER TO 99619042660 /,0.0,391780.0,391780.0,Credit,0.0
5-Aug-25,5-Aug-25,TO TRANSFER-INB OWN ACCT TFR-- 99922 5350000.0,CIAALAHFO8               TRANSFER TO 43890076791                           SUNIL DALAL SECURITY A /,0.0,5350000.0,5350000.0,Credit,0.0
6-Aug-25,6-Aug-25,BY TRANSFER-CMP DELHI DEVELOPMENT AUTHORITY-- 99922 0.0,CMP00000001210751634AOXR141279               TRANSFER FROM 41703277899                         DDA MAIN ACCOUNT /,1715342.0,1715342.0,1715342.0,Debit,0.0
6-Aug-25,6-Aug-25,TO TRANSFER-INB Own Acct Tfr-- 99922 1700000.0,CIAALAMFN9               TRANSFER TO 43890076791                           SUNIL DALAL SECURITY A /,0.0,1700000.0,1700000.0,Credit,0.0
14-Aug-25,14-Aug-25,BY TRANSFER-CMP DELHI DEVELOPMENT AUTHORITY-- 99922 0.0,CMP00000001218070642AOXV452049               TRANSFER FROM 41703277899                         DDA MAIN ACCOUNT /,350608.0,350608.0,350608.0,Debit,0.0
14-Aug-25,14-Aug-25,BY TRANSFER-CMP DELHI DEVELOPMENT AUTHORITY-- 99922 0.0,CMP00000001218070643AOXV452050               TRANSFER FROM 41703277899                         DDA MAIN ACCOUNT /,140400.0,140400.0,140400.0,Debit,0.0
14-Aug-25,14-Aug-25,BY TRANSFER-INB Own Acct Tfr-- 99922 0.0,CIAALBVAS9               TRANSFER FROM 43890076791                         SUNIL DALAL SECURITY A /,1200000.0,1200000.0,1200000.0,Debit,0.0
14-Aug-25,14-Aug-25,TO TRANSFER-INB 002140825866306 1012508021008 I-- 99922 1570362.0,1012508021008CK00KCXEE6               TRANSFER TO 35653254476                           EMPLOYEES PROVIDENT FU /,0.0,1570362.0,1570362.0,Credit,0.0
14-Aug-25,14-Aug-25,TO TRANSFER-INB-- 99922 85329.0,"02225130834600CHU3472253               TRANSFER TO 31804042663                           ESIC - 1 CENTRAL, KOTL /",0.0,85329.0,85329.0,Credit,0.0
14-Aug-25,14-Aug-25,TO TRANSFER-INB-- 99922 4122.0,"02225130835364CHU3472361               TRANSFER TO 31804042663                           ESIC - 1 CENTRAL, KOTL /",0.0,4122.0,4122.0,Credit,0.0
18-Aug-25,18-Aug-25,BY TRANSFER-NEFT*PUNB0112000*PUNBH70018866900*BHARAT SANCHAR N-- 4430 0.0,TRANSFER FROM 99509044300 /,1195222.0,1195222.0,1195222.0,Debit,0.0
18-Aug-25,18-Aug-25,BY TRANSFER-INB OWN ACCT TFR-- 99922 0.0,CIAALCIRX2               TRANSFER FROM 43890076791                         SUNIL DALAL SECURITY A /,1700000.0,1700000.0,1700000.0,Debit,0.0
18-Aug-25,18-Aug-25,TO TRANSFER-INB-- 99922 2917098.0,25080700106643CK00KECRO9               TRANSFER TO 36959592976                           POOLING ACCOUNT GST-MM /,0.0,2917098.0,2917098.0,Credit,0.0
19-Aug-25,19-Aug-25,BY CLEARING / CHEQUE-UBI   110026345-032646 110002130--32646 4328 0.0,/ 32646,51233.0,51233.0,51233.0,Debit,0.0
20-Aug-25,20-Aug-25,BULK POSTING-C25966910768SETTLEMENT OF SE DEPT OF SPACE   BRAN-- 4266 0.0,/,381361.0,381361.0,381361.0,Debit,0.0
20-Aug-25,20-Aug-25,TO TRANSFER-COMM - OTHER MISC. SERVICES-- 5714 17700.0,TRANSFER TO 98353057140 /,0.0,17700.0,17700.0,Credit,0.0
20-Aug-25,20-Aug-25,BY TRANSFER-CMP ESIC-- 99922 0.0,CMP00000001222210277AOXY057782               TRANSFER FROM 30595666069                         ESI SAVING FUND ACCOUN /,794034.0,794034.0,794034.0,Debit,0.0
20-Aug-25,20-Aug-25,TO TRANSFER-INB Own Acct Tfr-- 99922 1230000.0,CIAALCSNG7               TRANSFER TO 43890076791                           SUNIL DALAL SECURITY A /,0.0,1230000.0,1230000.0,Credit,0.0
20-Aug-25,20-Aug-25,BULK POSTING-C25966970975511687767339021- PAO SECTT I M/o FISH-- 4266 0.0,/,133794.0,133794.0,133794.0,Debit,0.0
21-Aug-25,21-Aug-25,BY TRANSFER-CMP DELHI DEVELOPMENT AUTHORITY-- 99922 0.0,CMP00000001222785878AOXY394791               TRANSFER FROM 41703278225                         DDA MAIN ACCOUNT /,2227503.0,2227503.0,2227503.0,Debit,0.0
21-Aug-25,21-Aug-25,TO TRANSFER-INB Own Acct Tfr-- 99922 2360000.0,CIAALCYEL3               TRANSFER TO 43890076791                           SUNIL DALAL SECURITY A /,0.0,2360000.0,2360000.0,Credit,0.0
26-Aug-25,26-Aug-25,BY TRANSFER-INB Own Acct Tfr-- 99922 0.0,CIAALDQMN9               TRANSFER FROM 43890076791                         SUNIL DALAL SECURITY A /,1400000.0,1400000.0,1400000.0,Debit,0.0
26-Aug-25,26-Aug-25,TO TRANSFER-CMPNEFT/01260825946/252381159127/PMT/-- 4266 1060000.0,TRANSFER TO 4698429042666 /,0.0,1060000.0,1060000.0,Credit,0.0
26-Aug-25,26-Aug-25,TO TRANSFER-CMPIFTP/01260825946/252381159129/PMT/-- 4266 60000.0,TRANSFER TO 99619042660 /,0.0,60000.0,60000.0,Credit,0.0
26-Aug-25,26-Aug-25,BY TRANSFER-NEFT*PUNB0481000*PUNBH00001055954*RUPA*BATCHID:002-- 4430 0.0,TRANSFER FROM 99509044300 /,20000.0,20000.0,20000.0,Debit,0.0
26-Aug-25,26-Aug-25,BY TRANSFER-CMP DELHI DEVELOPMENT AUTHORITY-- 99922 0.0,CMP00000001224341705AOXZ858219               TRANSFER FROM 41703278407                         DDA MAIN ACCOUNT /,378619.0,378619.0,378619.0,Debit,0.0
26-Aug-25,26-Aug-25,BY TRANSFER-CMP DELHI DEVELOPMENT AUTHORITY-- 99922 0.0,CMP00000001224341706AOXZ858220               TRANSFER FROM 41703278407                         DDA MAIN ACCOUNT /,196725.0,196725.0,196725.0,Debit,0.0
26-Aug-25,26-Aug-25,BY TRANSFER-CMP DELHI DEVELOPMENT AUTHORITY-- 99922 0.0,CMP00000001224341704AOXZ858218               TRANSFER FROM 41703278407                         DDA MAIN ACCOUNT /,270540.0,270540.0,270540.0,Debit,0.0
26-Aug-25,26-Aug-25,TO TRANSFER-INB Own Acct tfr-- 99922 1150000.0,CIAALDSPU7               TRANSFER TO 43890076791                           SUNIL DALAL SECURITY A /,0.0,1150000.0,1150000.0,Credit,0.0
27-Aug-25,27-Aug-25,CHEQUE DEPOSIT---744185 5714 0.0,/ 744185,200000.0,200000.0,200000.0,Debit,0.0
27-Aug-25,27-Aug-25,DEBIT- IOI PAYMENT CHARGES-- 5714 118.0,/,0.0,118.0,118.0,Credit,0.0
27-Aug-25,27-Aug-25,BY TRANSFER-RTGS UTR NO: KKBKR52025082700987792--SENIOR ACCOUNTS OFFICER CAU NARELA 4430 0.0,TRANSFER FROM 4698335044308 / SENIOR ACCOUNTS OFFICER CAU NARELA,1143761.0,1143761.0,1143761.0,Debit,0.0
27-Aug-25,27-Aug-25,TO TRANSFER-INB Own Acct Tfr-- 99922 1340000.0,CIAALDVJE0               TRANSFER TO 43890076791                           SUNIL DALAL SECURITY A /,0.0,1340000.0,1340000.0,Credit,0.0
28-Aug-25,28-Aug-25,BY TRANSFER-INB Own Acct tfr-- 99922 0.0,CIAALEBCN8               TRANSFER FROM 43890076791                         SUNIL DALAL SECURITY A /,30000.0,30000.0,30000.0,Debit,0.0
28-Aug-25,28-Aug-25,TO TRANSFER-INB-- 99922 21332.0,25080700344577CK00KIYWB7               TRANSFER TO 36959639473                           POOLING ACCOUNT GST-MM /,0.0,21332.0,21332.0,Credit,0.0
29-Aug-25,29-Aug-25,BY TRANSFER-NEFT*PUNB0513200*PUNBH70021025569*E PAYMENT OF MCA-- 4430 0.0,TRANSFER FROM 99509044300 /,749888.0,749888.0,749888.0,Debit,0.0
29-Aug-25,29-Aug-25,TO TRANSFER-INB Own Acct Tfr-- 99922 760000.0,CIAALEHAD2               TRANSFER TO 43890076791                           SUNIL DALAL SECURITY A /,0.0,760000.0,760000.0,Credit,0.0
31-Aug-25,31-Aug-25,TO TRANSFER-CMPCHRG/31-AUG-2025/1257315-- 4266 1870.3,TRANSFER TO 98353042666 /,0.0,1870.3,1870.3,Credit,0.0
31-Aug-25,31-Aug-25,TO TRANSFER-CMPCHRG/31-AUG-2025/1252453-- 4266 306.8,TRANSFER TO 98353042666 /,0.0,306.8,306.8,Credit,0.0
31-Aug-25,31-Aug-25,TO TRANSFER-CMPCHRG/31-AUG-2025/1251625-- 4266 84.96,TRANSFER TO 98353042666 /,0.0,84.96,84.96,Credit,0.0
31-Aug-25,31-Aug-25,TO TRANSFER-CMPCHRG/31-AUG-2025/1252781-- 4266 595.9,TRANSFER TO 98353042666 /,0.0,595.9,595.9,Credit,0.0
31-Aug-25,31-Aug-25,TO TRANSFER-CMPCHRG/31-AUG-2025/1253853-- 4266 271.4,TRANSFER TO 98353042666 /,0.0,271.4,271.4,Credit,0.0
31-Aug-25,31-Aug-25,TO TRANSFER-CMPCHRG/31-AUG-2025/1250155-- 4266 7.08,TRANSFER TO 98353042666 /,0.0,7.08,7.08,Credit,0.0
2-Sep-25,2-Sep-25,BY TRANSFER-CMP DELHI DEVELOPMENT AUTHORITY-- 99922 0.0,CMP00000001238139433AOY3920070               TRANSFER FROM 41703278407                         DDA MAIN ACCOUNT /,333186.0,333186.0,333186.0,Debit,0.0
2-Sep-25,2-Sep-25,BY TRANSFER-CMP DELHI DEVELOPMENT AUTHORITY-- 99922 0.0,CMP00000001238139434AOY3920071               TRANSFER FROM 41703278407                         DDA MAIN ACCOUNT /,208282.0,208282.0,208282.0,Debit,0.0
2-Sep-25,2-Sep-25,BY TRANSFER-CMP DELHI DEVELOPMENT AUTHORITY-- 99922 0.0,CMP00000001238139435AOY3920072               TRANSFER FROM 41703278407                         DDA MAIN ACCOUNT /,251254.0,251254.0,251254.0,Debit,0.0
2-Sep-25,2-Sep-25,BY TRANSFER-CMP DELHI DEVELOPMENT AUTHORITY-- 99922 0.0,CMP00000001238139374AOY3919832               TRANSFER FROM 41703278407                         DDA MAIN ACCOUNT /,437901.0,437901.0,437901.0,Debit,0.0
2-Sep-25,2-Sep-25,TO TRANSFER-INB RTGS UTR NO: SBINR12025090297461583--SUNIL DALAL 99922 1000000.0,RTGS INB: CR00IKNVP9                              TRANSFER TO 4599110044305 / SUNIL DALAL,0.0,1000000.0,1000000.0,Credit,0.0
2-Sep-25,2-Sep-25,TO TRANSFER-INB Own Acct tfr-- 99922 204000.0,CIAALEZSK1               TRANSFER TO 43890076791                           SUNIL DALAL SECURITY A /,0.0,204000.0,204000.0,Credit,0.0
4-Sep-25,4-Sep-25,BY TRANSFER-INB OWN ACCT TFR-- 99922 0.0,CIAALFIEO0               TRANSFER FROM 43890076791                         SUNIL DALAL SECURITY A /,7200000.0,7200000.0,7200000.0,Debit,0.0
4-Sep-25,4-Sep-25,TO TRANSFER-CMPNEFT/010409251064/252471337934/PMT/-- 4266 4985550.0,TRANSFER TO 4698429042666 /,0.0,4985550.0,4985550.0,Credit,0.0
4-Sep-25,4-Sep-25,TO TRANSFER-CMPIFTP/010409251064/252471330669/PMT/-- 4266 2196925.0,TRANSFER TO 99619042660 /,0.0,2196925.0,2196925.0,Credit,0.0
4-Sep-25,4-Sep-25,CHEQUE DEPOSIT---944799 11550 0.0,TRANSFER TO 35810777577                           PRINCIPAL / 944799,484155.0,484155.0,484155.0,Debit,0.0
4-Sep-25,4-Sep-25,BY TRANSFER-RTGS UTR NO: UBINR22025090401643465--MAHANAGAR TELEPHONE NIGAM LTD 4430 0.0,TRANSFER FROM 99826044309 / MAHANAGAR TELEPHONE NIGAM LTD,819723.0,819723.0,819723.0,Debit,0.0
6-Sep-25,6-Sep-25,BY TRANSFER-IMPS/524903467092/RE1-XX757-CP ACCOU/IMPS tran-- 16209 0.0,TRANSFER FROM 4698328162092 /,1.0,1.0,1.0,Debit,0.0
6-Sep-25,6-Sep-25,CHEQUE WDL-CHEQUE TRANSFER TO--602336 5714 657887.0,TRANSFER FROM 44444769280                         SUNIL DALAL SECURITY A / 602336,0.0,657887.0,657887.0,Credit,0.0
6-Sep-25,6-Sep-25,BY TRANSFER-INB OWN ACCT TFR-- 99922 0.0,CIAALFQJY5               TRANSFER FROM 43890076791                         SUNIL DALAL SECURITY A /,500000.0,500000.0,500000.0,Debit,0.0
6-Sep-25,6-Sep-25,TO TRANSFER-CMPNEFT/01060925649/252491383718/PMT/-- 4266 891004.0,TRANSFER TO 4698429042666 /,0.0,891004.0,891004.0,Credit,0.0
6-Sep-25,6-Sep-25,TO TRANSFER-CMPIFTP/01060925649/252491367046/PMT/-- 4266 297690.0,TRANSFER TO 99619042660 /,0.0,297690.0,297690.0,Credit,0.0
9-Sep-25,9-Sep-25,BY TRANSFER-CMP DELHI DEVELOPMENT AUTHORITY-- 99922 0.0,CMP00000001243136928AOY7959041               TRANSFER FROM 41703278407                         DDA MAIN ACCOUNT /,2262652.0,2262652.0,2262652.0,Debit,0.0
9-Sep-25,9-Sep-25,TO TRANSFER-INB Own Acct Tfr-- 99922 2260000.0,CIAALGCPI2               TRANSFER TO 43890076791                           SUNIL DALAL SECURITY A /,0.0,2260000.0,2260000.0,Credit,0.0
10-Sep-25,10-Sep-25,CREDIT-000196 sscbs payment-- 11550 0.0,/,484155.0,484155.0,484155.0,Debit,0.0
11-Sep-25,11-Sep-25,BY TRANSFER-NEFT*IBKL0001587*IBKL250911030011*SHAHEED SUKHDEV-- 4430 0.0,TRANSFER FROM 99509044300 /,193661.0,193661.0,193661.0,Debit,0.0
11-Sep-25,11-Sep-25,TO TRANSFER-INB Own Acct Tfr-- 99922 680000.0,CIAALGOMO7               TRANSFER TO 43890076791                           SUNIL DALAL SECURITY A /,0.0,680000.0,680000.0,Credit,0.0
13-Sep-25,13-Sep-25,BY TRANSFER-INB Own Acct tfr-- 99922 0.0,CIAALGWUJ8               TRANSFER FROM 43890076791                         SUNIL DALAL SECURITY A /,1500000.0,1500000.0,1500000.0,Debit,0.0
13-Sep-25,13-Sep-25,TO TRANSFER-INB 002130925514508 1012509025427 I-- 99922 1401235.0,1012509025427CK00KRRPK5               TRANSFER TO 35653254476                           EMPLOYEES PROVIDENT FU /,0.0,1401235.0,1401235.0,Credit,0.0
13-Sep-25,13-Sep-25,TO TRANSFER-INB 002130925514784 1012508034164 I-- 99922 3750.0,1012508034164CK00KRRQB8               TRANSFER TO 35653254476                           EMPLOYEES PROVIDENT FU /,0.0,3750.0,3750.0,Credit,0.0
13-Sep-25,13-Sep-25,TO TRANSFER-INB 002130925514945 1012508034159 I-- 99922 7500.0,1012508034159CK00KRRQL7               TRANSFER TO 35653254476                           EMPLOYEES PROVIDENT FU /,0.0,7500.0,7500.0,Credit,0.0
13-Sep-25,13-Sep-25,TO TRANSFER-INB-- 99922 75165.0,"02225135389497CHU6239321               TRANSFER TO 31804042663                           ESIC - 1 CENTRAL, KOTL /",0.0,75165.0,75165.0,Credit,0.0
13-Sep-25,13-Sep-25,TO TRANSFER-INB-- 99922 5732.0,"02225135389891CHU6239589               TRANSFER TO 31804042663                           ESIC - 1 CENTRAL, KOTL /",0.0,5732.0,5732.0,Credit,0.0
16-Sep-25,16-Sep-25,BY TRANSFER-RTGS UTR NO: PUNBR52025091616899199--BHARAT SANCHAR NIGAM LTD   OPERATIO 4430 0.0,TRANSFER FROM 4698337044306 / BHARAT SANCHAR NIGAM LTD   OPERATIO,1220122.0,1220122.0,1220122.0,Debit,0.0
16-Sep-25,16-Sep-25,TO TRANSFER-INB Own Acct Tfr-- 99922 1225000.0,CIAALHJKT0               TRANSFER TO 43890076791                           SUNIL DALAL SECURITY A /,0.0,1225000.0,1225000.0,Credit,0.0
17-Sep-25,17-Sep-25,BULK POSTING-C25971773325SETTLEMENT OF SE DEPT OF SPACE   BRAN-- 4266 0.0,/,384019.0,384019.0,384019.0,Debit,0.0
17-Sep-25,17-Sep-25,BY TRANSFER-CMP DELHI DEVELOPMENT AUTHORITY-- 99922 0.0,CMP00000001247979652AOYC203685               TRANSFER FROM 41703278521                         DDA MAIN ACCOUNT /,70228.0,70228.0,70228.0,Debit,0.0
17-Sep-25,17-Sep-25,TO TRANSFER-INB Own Acct Tfr-- 99922 455000.0,CIAALHNDL2               TRANSFER TO 43890076791                           SUNIL DALAL SECURITY A /,0.0,455000.0,455000.0,Credit,0.0
18-Sep-25,18-Sep-25,BY TRANSFER-CMP ESIC-- 99922 0.0,CMP00000001248723329AOYC800449               TRANSFER FROM 30595666069                         ESI SAVING FUND ACCOUN /,792240.0,792240.0,792240.0,Debit,0.0
18-Sep-25,18-Sep-25,BY TRANSFER-CMP DELHI DEVELOPMENT AUTHORITY-- 99922 0.0,CMP00000001247601042AOYB939191               TRANSFER FROM 41703277899                         DDA MAIN ACCOUNT /,339298.0,339298.0,339298.0,Debit,0.0
18-Sep-25,18-Sep-25,BY TRANSFER-NEFT*IBKL0001587*IBKL250918858904*SHAHEED SUKHDEV-- 4430 0.0,TRANSFER FROM 99509044300 /,193661.0,193661.0,193661.0,Debit,0.0
18-Sep-25,18-Sep-25,BY TRANSFER-CMP DELHI DEVELOPMENT AUTHORITY-- 99922 0.0,CMP00000001248871044AOYC888429               TRANSFER FROM 41703278225                         DDA MAIN ACCOUNT /,221852.0,221852.0,221852.0,Debit,0.0
18-Sep-25,18-Sep-25,BY TRANSFER-CMP DELHI DEVELOPMENT AUTHORITY-- 99922 0.0,CMP00000001248871045AOYC888430               TRANSFER FROM 41703278225                         DDA MAIN ACCOUNT /,230053.0,230053.0,230053.0,Debit,0.0
18-Sep-25,18-Sep-25,BULK POSTING-C25971912005511687767339021- PAO SECTT I M/o FISH-- 4266 0.0,/,133794.0,133794.0,133794.0,Debit,0.0
19-Sep-25,19-Sep-25,TO TRANSFER-INB-- 99922 1865165.0,25090700161606CK00KUZZN9               TRANSFER TO 36959656411                           POOLING ACCOUNT GST-MM /,0.0,1865165.0,1865165.0,Credit,0.0
19-Sep-25,19-Sep-25,BY TRANSFER-RTGS UTR NO: KKBKR52025091900638716--SENIOR ACCOUNTS OFFICER CAU NARELA 4430 0.0,TRANSFER FROM 4698336044307 / SENIOR ACCOUNTS OFFICER CAU NARELA,4318502.0,4318502.0,4318502.0,Debit,0.0
19-Sep-25,19-Sep-25,TO TRANSFER-INB Own Acct tfr-- 99922 4365000.0,CIAALHXIL0               TRANSFER TO 43890076791                           SUNIL DALAL SECURITY A /,0.0,4365000.0,4365000.0,Credit,0.0
19-Sep-25,19-Sep-25,BY TRANSFER-RTGS UTR NO: HDFCR52025091962940234--SUNIL DALAL 4430 0.0,TRANSFER FROM 99826044309 / SUNIL DALAL,215000.0,215000.0,215000.0,Debit,0.0
19-Sep-25,19-Sep-25,TO TRANSFER-INB Own Acct Tfr-- 99922 215000.0,CIAALHXJQ9               TRANSFER TO 43890076791                           SUNIL DALAL SECURITY A /,0.0,215000.0,215000.0,Credit,0.0
20-Sep-25,20-Sep-25,BY TRANSFER-NEFT*PUNB0513200*PUNBH70026344292*E PAYMENT OF MCA-- 4430 0.0,TRANSFER FROM 99509044300 /,749880.0,749880.0,749880.0,Debit,0.0
20-Sep-25,20-Sep-25,TO TRANSFER-INB RTGS UTR NO: SBINR12025092099479236--SUNIL DALAL 99922 750000.0,RTGS INB: CR00SHFNO3                              TRANSFER TO 4599110044305 / SUNIL DALAL,0.0,750000.0,750000.0,Credit,0.0
23-Sep-25,23-Sep-25,BY TRANSFER-INB OWN ACCT TFR-- 99922 0.0,CIAALINLZ2               TRANSFER FROM 43890076791                         SUNIL DALAL SECURITY A /,50000.0,50000.0,50000.0,Debit,0.0
24-Sep-25,24-Sep-25,BY CLEARING / CHEQUE-HDF   110240149-000723 110002130--723 4328 0.0,/ 723,62000.0,62000.0,62000.0,Debit,0.0
24-Sep-25,24-Sep-25,BY TRANSFER-INB OWN ACCT TFR-- 99922 0.0,CIAALIRIK0               TRANSFER FROM 43890076791                         SUNIL DALAL SECURITY A /,200000.0,200000.0,200000.0,Debit,0.0
24-Sep-25,24-Sep-25,TO TRANSFER-INB-- 99922 132375.17,1758700287527CK00KXXYB3               TRANSFER TO 36473102779                           GeM - Government e Mar /,0.0,132375.17,132375.17,Credit,0.0
26-Sep-25,26-Sep-25,BY TRANSFER-CMP DELHI DEVELOPMENT AUTHORITY-- 99922 0.0,CMP00000001251148663AOYE873121               TRANSFER FROM 41703277899                         DDA MAIN ACCOUNT /,78000.0,78000.0,78000.0,Debit,0.0
30-Sep-25,30-Sep-25,TO TRANSFER-COMM - OTHER MISC. SERVICES-- 5714 25000.0,TRANSFER TO 98353057140 /,0.0,25000.0,25000.0,Credit,0.0
30-Sep-25,30-Sep-25,TO TRANSFER-CMPCHRG/30-SEP-2025/2187324-- 4266 283.2,TRANSFER TO 98353042666 /,0.0,283.2,283.2,Credit,0.0
30-Sep-25,30-Sep-25,TO TRANSFER-CMPCHRG/30-SEP-2025/2187484-- 4266 66.08,TRANSFER TO 98353042666 /,0.0,66.08,66.08,Credit,0.0
30-Sep-25,30-Sep-25,TO TRANSFER-CMPCHRG/30-SEP-2025/2189608-- 4266 383.5,TRANSFER TO 98353042666 /,0.0,383.5,383.5,Credit,0.0
30-Sep-25,30-Sep-25,TO TRANSFER-CMPCHRG/30-SEP-2025/2196129-- 4266 1522.2,TRANSFER TO 98353042666 /,0.0,1522.2,1522.2,Credit,0.0
1-Oct-25,1-Oct-25,BY TRANSFER-CMP DELHI DEVELOPMENT AUTHORITY-- 99922 0.0,CMP00000001255601179AOYG671055               TRANSFER FROM 41703277899                         DDA MAIN ACCOUNT /,987962.0,987962.0,987962.0,Debit,0.0
1-Oct-25,1-Oct-25,BY TRANSFER-CMP DELHI DEVELOPMENT AUTHORITY-- 99922 0.0,CMP00000001258457783AOYH900420               TRANSFER FROM 41703277899                         DDA MAIN ACCOUNT /,987962.0,987962.0,987962.0,Debit,0.0
1-Oct-25,1-Oct-25,BY TRANSFER-CMP DELHI DEVELOPMENT AUTHORITY-- 99922 0.0,CMP00000001266808044AOYJ476688               TRANSFER FROM 41703278407                         DDA MAIN ACCOUNT /,1998958.0,1998958.0,1998958.0,Debit,0.0
1-Oct-25,1-Oct-25,BY TRANSFER-CMP DELHI DEVELOPMENT AUTHORITY-- 99922 0.0,CMP00000001266808045AOYJ476689               TRANSFER FROM 41703278407                         DDA MAIN ACCOUNT /,557708.0,557708.0,557708.0,Debit,0.0
2-Oct-25,2-Oct-25,TO TRANSFER-INB Own Acct tfr-- 99922 275000.0,CIAALKFRJ0               TRANSFER TO 43890076791                           SUNIL DALAL SECURITY A /,0.0,275000.0,275000.0,Credit,0.0
2-Oct-25,2-Oct-25,TO TRANSFER-INB RTGS UTR NO: SBINR12025100200817369--SUNIL DALAL 99922 4400000.0,RTGS INB: CR00YSECD8                              TRANSFER TO 4599110044305 / SUNIL DALAL,0.0,4400000.0,4400000.0,Credit,0.0
3-Oct-25,3-Oct-25,BY TRANSFER-INB OWN ACCT TFR-- 99922 0.0,CIAALKHWG5               TRANSFER FROM 43890076791                         SUNIL DALAL SECURITY A /,2000000.0,2000000.0,2000000.0,Debit,0.0
4-Oct-25,4-Oct-25,TO TRANSFER-TRANSFER TO-- 5714 1901942.0,TRANSFER TO 44525784887                           SUNIL DALAL SECURITY A /,0.0,1901942.0,1901942.0,Credit,0.0
4-Oct-25,4-Oct-25,BY TRANSFER- DUE TO MATURITY-- 5714 0.0,TRANSFER FROM 42931477234                         SUNIL DALAL SECURITY A /,674840.0,674840.0,674840.0,Debit,0.0
6-Oct-25,6-Oct-25,TO TRANSFER- : 0571425BG0Y00075 01822243000001TF89772813256-- 61796 14216.0,TRANSFER TO 4691266057144 /,0.0,14216.0,14216.0,Credit,0.0
6-Oct-25,6-Oct-25,TO TRANSFER- : 0571425BG0Y00075 01822243000001TF89772813256-- 61796 2558.88,TRANSFER TO 4691267057143 /,0.0,2558.88,2558.88,Credit,0.0
6-Oct-25,6-Oct-25,TO TRANSFER- : 0571425BG0Y00075 01822243000001TF89772813256-- 61796 295.0,TRANSFER TO 98741057149 /,0.0,295.0,295.0,Credit,0.0
6-Oct-25,6-Oct-25,TO TRANSFER- : 0571425BG0Y00075 01822243000001TF89772813256-- 61796 590.0,TRANSFER TO 98741057149 /,0.0,590.0,590.0,Credit,0.0
7-Oct-25,7-Oct-25,BY TRANSFER-INB OWN ACCT TFR-- 99922 0.0,CIAALLBJX9               TRANSFER FROM 43890076791                         SUNIL DALAL SECURITY A /,5200000.0,5200000.0,5200000.0,Debit,0.0
7-Oct-25,7-Oct-25,TO TRANSFER-CMPNEFT/010710253401/252802452340/PMT/-- 4266 3728968.0,TRANSFER TO 4698429042666 /,0.0,3728968.0,3728968.0,Credit,0.0
7-Oct-25,7-Oct-25,TO TRANSFER-CMPIFTP/010710253401/252802432994/PMT/-- 4266 1743126.0,TRANSFER TO 99619042660 /,0.0,1743126.0,1743126.0,Credit,0.0
7-Oct-25,7-Oct-25,BY TRANSFER-INB OWN ACCT TFR-- 99922 0.0,CIAALLDBS0               TRANSFER FROM 43890076791                         SUNIL DALAL SECURITY A /,520000.0,520000.0,520000.0,Debit,0.0
8-Oct-25,8-Oct-25,TO TRANSFER-CMPNEFT/01081025452/252812506687/PMT/-- 4266 819847.0,TRANSFER TO 4698429042666 /,0.0,819847.0,819847.0,Credit,0.0
8-Oct-25,8-Oct-25,TO TRANSFER-CMPIFTP/01081025452/252812498550/PMT/-- 4266 234174.0,TRANSFER TO 99619042660 /,0.0,234174.0,234174.0,Credit,0.0
10-Oct-25,10-Oct-25,BY TRANSFER-RTGS UTR NO: HDFCR52025101070574630--SUNIL DALAL 4430 0.0,TRANSFER FROM 4698337044306 / SUNIL DALAL,4700000.0,4700000.0,4700000.0,Debit,0.0
11-Oct-25,11-Oct-25,TO TRANSFER-INB Own Acct Tfr-- 99922 4700000.0,CIAALLXDO4               TRANSFER TO 43890076791                           SUNIL DALAL SECURITY A /,0.0,4700000.0,4700000.0,Credit,0.0
13-Oct-25,13-Oct-25,BY TRANSFER-CMP DELHI DEVELOPMENT AUTHORITY-- 99922 0.0,CMP00000001274621543AOYQ169085               TRANSFER FROM 41703277899                         DDA MAIN ACCOUNT /,78000.0,78000.0,78000.0,Debit,0.0
14-Oct-25,14-Oct-25,BY TRANSFER-RTGS UTR NO: HDFCR52025101472027841--SUNIL DALAL 4430 0.0,TRANSFER FROM 3199855044301 / SUNIL DALAL,4000000.0,4000000.0,4000000.0,Debit,0.0
14-Oct-25,14-Oct-25,TO TRANSFER-INB 002141025177781 2510101021709 I-- 99922 975406.0,2510101021709CK00LHZJB8               TRANSFER TO 35653254476                           EMPLOYEES PROVIDENT FU /,0.0,975406.0,975406.0,Credit,0.0
14-Oct-25,14-Oct-25,TO TRANSFER-INB 002141025178835 2510101004645 I-- 99922 4477.0,2510101004645CK00LHZQL4               TRANSFER TO 35653254476                           EMPLOYEES PROVIDENT FU /,0.0,4477.0,4477.0,Credit,0.0
14-Oct-25,14-Oct-25,TO TRANSFER-INB 002141025180007 2510101004392 I-- 99922 4967.0,2510101004392CK00LHZVO3               TRANSFER TO 35653254476                           EMPLOYEES PROVIDENT FU /,0.0,4967.0,4967.0,Credit,0.0
14-Oct-25,14-Oct-25,TO TRANSFER-INB 002141025180208 2510101004390 I-- 99922 5301.0,2510101004390CK00LHZXR5               TRANSFER TO 35653254476                           EMPLOYEES PROVIDENT FU /,0.0,5301.0,5301.0,Credit,0.0
14-Oct-25,14-Oct-25,TO TRANSFER-INB 002141025180468 2510101003700 I-- 99922 8651.0,2510101003700CK00LIABD2               TRANSFER TO 35653254476                           EMPLOYEES PROVIDENT FU /,0.0,8651.0,8651.0,Credit,0.0
14-Oct-25,14-Oct-25,CHEQUE DEPOSIT---405951 11550 0.0,TRANSFER TO 35810777577                           PRINCIPAL / 405951,468537.0,468537.0,468537.0,Debit,0.0
14-Oct-25,14-Oct-25,TO TRANSFER-INB-- 99922 63997.0,"02225139403982CHU9212244               TRANSFER TO 31804042663                           ESIC - 1 CENTRAL, KOTL /",0.0,63997.0,63997.0,Credit,0.0
14-Oct-25,14-Oct-25,TO TRANSFER-INB-- 99922 483.0,"02225139405030CHU9213203               TRANSFER TO 31804042663                           ESIC - 1 CENTRAL, KOTL /",0.0,483.0,483.0,Credit,0.0
14-Oct-25,14-Oct-25,BY TRANSFER-NEFT*KKBK0000958*KKBKH25287635978*SENIOR ACCOUNTS-- 4430 0.0,TRANSFER FROM 99509044300 /,282800.0,282800.0,282800.0,Debit,0.0
14-Oct-25,14-Oct-25,BY TRANSFER-RTGS UTR NO: KKBKR52025101400648670--SENIOR ACCOUNTS OFFICER CAU NARELA 4430 0.0,TRANSFER FROM 3199859044307 / SENIOR ACCOUNTS OFFICER CAU NARELA,657887.0,657887.0,657887.0,Debit,0.0
14-Oct-25,14-Oct-25,TO TRANSFER-INB Own Acct Tfr-- 99922 3020000.0,CIAALMMJB1               TRANSFER TO 43890076791                           SUNIL DALAL SECURITY A /,0.0,3020000.0,3020000.0,Credit,0.0
14-Oct-25,14-Oct-25,TO TRANSFER-INB RTGS UTR NO: SBINR12025101402323169--SUNIL DALAL 99922 1400000.0,RTGS INB: CR0AGCDAH5                              TRANSFER TO 4599109044308 / SUNIL DALAL,0.0,1400000.0,1400000.0,Credit,0.0
15-Oct-25,15-Oct-25,BY TRANSFER-INB own acct tfr-- 99922 0.0,CIAALMPCV7               TRANSFER FROM 43890076791                         SUNIL DALAL SECURITY A /,100000.0,100000.0,100000.0,Debit,0.0
15-Oct-25,15-Oct-25,TO TRANSFER-INB 002151025258699 2510101023984 I-- 99922 61576.0,2510101023984CK00LIRKS2               TRANSFER TO 35653254476                           EMPLOYEES PROVIDENT FU /,0.0,61576.0,61576.0,Credit,0.0
16-Oct-25,16-Oct-25,BY TRANSFER-CMP ESIC-- 99922 0.0,CMP00000001276150298AOYR242673               TRANSFER FROM 30595666069                         ESI SAVING FUND ACCOUN /,790427.0,790427.0,790427.0,Debit,0.0
16-Oct-25,16-Oct-25,BULK POSTING-C25976475955SETTLEMENT OF SE DEPT OF SPACE   BRAN-- 4266 0.0,/,372371.0,372371.0,372371.0,Debit,0.0
17-Oct-25,17-Oct-25,BULK POSTING-ACHCr UTIB00396000014236 M T N L NEW DE-- 61076 0.0,/,171568.0,171568.0,171568.0,Debit,0.0
17-Oct-25,17-Oct-25,BY TRANSFER-CMP DELHI DEVELOPMENT AUTHORITY-- 99922 0.0,CMP00000001277518811AOYS156051               TRANSFER FROM 41703278407                         DDA MAIN ACCOUNT /,1681008.0,1681008.0,1681008.0,Debit,0.0
17-Oct-25,17-Oct-25,BY TRANSFER-CMP DELHI DEVELOPMENT AUTHORITY-- 99922 0.0,CMP00000001277560825AOYS163115               TRANSFER FROM 41703278407                         DDA MAIN ACCOUNT /,360290.0,360290.0,360290.0,Debit,0.0
17-Oct-25,17-Oct-25,BY TRANSFER- AS PER REQUEST-- 5714 0.0,TRANSFER FROM 43024788222                         SUNIL DALAL SECURITY A /,557413.0,557413.0,557413.0,Debit,0.0
17-Oct-25,17-Oct-25,BULK POSTING-ACHCr UTIB00396000014236 M T N L NEW DE-- 61076 0.0,/,2139090.0,2139090.0,2139090.0,Debit,0.0
17-Oct-25,17-Oct-25,BULK POSTING-ACHCr UTIB00396000014236 M T N L NEW DE-- 61076 0.0,/,69642.0,69642.0,69642.0,Debit,0.0
17-Oct-25,17-Oct-25,BULK POSTING-ACHCr UTIB00396000014236 M T N L NEW DE-- 61076 0.0,/,96842.0,96842.0,96842.0,Debit,0.0
17-Oct-25,17-Oct-25,TO TRANSFER-INB-- 99922 2783011.0,25100700184616CK00LKLFY0               TRANSFER TO 36959656411                           POOLING ACCOUNT GST-MM /,0.0,2783011.0,2783011.0,Credit,0.0
17-Oct-25,17-Oct-25,TO TRANSFER-INB RTGS UTR NO: SBINR12025101702799971--SUNIL DALAL 99922 3500000.0,RTGS INB: CR0AHWCTT7                              TRANSFER TO 4599108044309 / SUNIL DALAL,0.0,3500000.0,3500000.0,Credit,0.0
17-Oct-25,17-Oct-25,BY TRANSFER-CMP DELHI DEVELOPMENT AUTHORITY-- 99922 0.0,CMP00000001278044330AOYS366576               TRANSFER FROM 41703278407                         DDA MAIN ACCOUNT /,2236668.0,2236668.0,2236668.0,Debit,0.0
17-Oct-25,17-Oct-25,TO TRANSFER-INB RTGS UTR NO: SBINR12025101702817489--SUNIL DALAL 99922 2251000.0,RTGS INB: CR0AIADGG9                              TRANSFER TO 4599112044304 / SUNIL DALAL,0.0,2251000.0,2251000.0,Credit,0.0
18-Oct-25,18-Oct-25,BULK POSTING-ACHCr UTIB00396000014236 M T N L NEW DE-- 61076 0.0,/,32280.0,32280.0,32280.0,Debit,0.0
22-Oct-25,22-Oct-25,BULK POSTING-C25977396608511687767339021- PAO SECTT I M/o FISH-- 4266 0.0,/,129479.0,129479.0,129479.0,Debit,0.0
22-Oct-25,22-Oct-25,CREDIT-Chq 001173 BOB PrBr 05714-- 4328 0.0,/,29500.0,29500.0,29500.0,Debit,0.0
22-Oct-25,22-Oct-25,CREDIT-Chq 000738 HDF PrBr 05714-- 4328 0.0,/,62212.0,62212.0,62212.0,Debit,0.0
23-Oct-25,23-Oct-25,BY TRANSFER-NEFT*PUNB0513200*PUNBH70034551552*E PAYMENT OF MCA-- 4430 0.0,TRANSFER FROM 99509044300 /,725699.0,725699.0,725699.0,Debit,0.0
25-Oct-25,25-Oct-25,DEPOSIT TRANSFER-INT TRF FRM 41616113193 TO 36755554238-- 5714 0.0,TRANSFER FROM 41616113193                         SUNIL DALAL SECURITY A /,14096.0,14096.0,14096.0,Debit,0.0
27-Oct-25,27-Oct-25,BY TRANSFER-INB Own Acct Tfr-- 99922 0.0,CIAALONOG5               TRANSFER FROM 43890076791                         SUNIL DALAL SECURITY A /,4000000.0,4000000.0,4000000.0,Debit,0.0
27-Oct-25,27-Oct-25,BY TRANSFER- For personal use-- 5714 0.0,TRANSFER FROM 42927216574                         SUNIL DALAL SECURITY A /,573848.0,573848.0,573848.0,Debit,0.0
27-Oct-25,27-Oct-25,TO TRANSFER-TRF TO TDR-- 5714 4719573.0,TRANSFER TO 44585758255                           SUNIL DALAL SECURITY A /,0.0,4719573.0,4719573.0,Credit,0.0
1-Nov-25,1-Nov-25,TO TRANSFER-CMPCHRG/01-NOV-2025/6437837-- 4266 1309.8,TRANSFER TO 98353042666 /,0.0,1309.8,1309.8,Credit,0.0
1-Nov-25,1-Nov-25,TO TRANSFER-CMPCHRG/01-NOV-2025/6447675-- 4266 243.08,TRANSFER TO 98353042666 /,0.0,243.08,243.08,Credit,0.0
1-Nov-25,1-Nov-25,BY TRANSFER-CMP DELHI DEVELOPMENT AUTHORITY-- 99922 0.0,CMP00000001292279975AOYY212494               TRANSFER FROM 41703278407                         DDA MAIN ACCOUNT /,936288.0,936288.0,936288.0,Debit,0.0
1-Nov-25,1-Nov-25,BY TRANSFER-CMP DELHI DEVELOPMENT AUTHORITY-- 99922 0.0,CMP00000001292279974AOYY212493               TRANSFER FROM 41703278407                         DDA MAIN ACCOUNT /,163914.0,163914.0,163914.0,Debit,0.0
1-Nov-25,1-Nov-25,BY TRANSFER-CMP DELHI DEVELOPMENT AUTHORITY-- 99922 0.0,CMP00000001292279959AOYY212477               TRANSFER FROM 41703278407                         DDA MAIN ACCOUNT /,311149.0,311149.0,311149.0,Debit,0.0
1-Nov-25,1-Nov-25,BY TRANSFER-CMP DELHI DEVELOPMENT AUTHORITY-- 99922 0.0,CMP00000001292279982AOYY212427               TRANSFER FROM 41703278407                         DDA MAIN ACCOUNT /,293661.0,293661.0,293661.0,Debit,0.0
1-Nov-25,1-Nov-25,TO TRANSFER-INB Own Acct Tfr-- 99922 2525000.0,CIAALPSPR7               TRANSFER TO 43890076791                           SUNIL DALAL SECURITY A /,0.0,2525000.0,2525000.0,Credit,0.0
4-Nov-25,4-Nov-25,TO TRANSFER-INB-- 99922 154.13,3801378119317CHV1281207               TRANSFER TO 4694721162093 /,0.0,154.13,154.13,Credit,0.0
4-Nov-25,4-Nov-25,TO TRANSFER-INB-- 99922 17734.13,6415106506839CHV1281877               TRANSFER TO 4694724162090 /,0.0,17734.13,17734.13,Credit,0.0
7-Nov-25,7-Nov-25,BY TRANSFER-CMP DELHI DEVELOPMENT AUTHORITY-- 99922 0.0,CMP00000001291869877AOYX955223               TRANSFER FROM 41703277899                         DDA MAIN ACCOUNT /,691657.0,691657.0,691657.0,Debit,0.0
7-Nov-25,7-Nov-25,BY TRANSFER-CMP DELHI DEVELOPMENT AUTHORITY-- 99922 0.0,CMP00000001291483290AOYX780541               TRANSFER FROM 41703277899                         DDA MAIN ACCOUNT /,956091.0,956091.0,956091.0,Debit,0.0
7-Nov-25,7-Nov-25,TO TRANSFER-INB-- 99922 1154296.0,25110700027126CK00LWHEV9               TRANSFER TO 36959656386                           POOLING ACCOUNT GST-MM /,0.0,1154296.0,1154296.0,Credit,0.0
10-Nov-25,10-Nov-25,BY TRANSFER- FD MATURED-- 5714 0.0,TRANSFER FROM 42987869157                         SUNIL DALAL SECURITY A /,791496.0,791496.0,791496.0,Debit,0.0
10-Nov-25,10-Nov-25,TO TRANSFER-INB-- 99922 500000.0,crn25111000089753CK00LXFDM6               TRANSFER TO 40221402305                           CBDT TIN 2.0 POOLING A /,0.0,500000.0,500000.0,Credit,0.0
13-Nov-25,13-Nov-25,BY TRANSFER-INB Own Acct tfr-- 99922 0.0,CIAALRZEO7               TRANSFER FROM 43890076791                         SUNIL DALAL SECURITY A /,6000000.0,6000000.0,6000000.0,Debit,0.0
14-Nov-25,14-Nov-25,TO TRANSFER-CMPIFTP/011411251708/253187718128/PMT/-- 4266 76597.0,TRANSFER TO 99619042660 /,0.0,76597.0,76597.0,Credit,0.0
14-Nov-25,14-Nov-25,TO TRANSFER-CMPNEFT/011411251708/253187720214/PMT/-- 4266 95175.0,TRANSFER TO 4698429042666 /,0.0,95175.0,95175.0,Credit,0.0
14-Nov-25,14-Nov-25,BY TRANSFER-CMPIFT/01141125170836/SALARY SEP 2025-- 4266 0.0,TRANSFER FROM 99619042660 /,452.0,452.0,452.0,Debit,0.0
14-Nov-25,14-Nov-25,TO TRANSFER-CMPIFTP/011411251702/253187718146/PMT/-- 4266 1708364.0,TRANSFER TO 99619042660 /,0.0,1708364.0,1708364.0,Credit,0.0
14-Nov-25,14-Nov-25,TO TRANSFER-CMPNEFT/011411251702/253187720218/PMT/-- 4266 3946730.0,TRANSFER TO 4698429042666 /,0.0,3946730.0,3946730.0,Credit,0.0
14-Nov-25,14-Nov-25,BY TRANSFER-NEFTRRSBIF400005098605(14-11-25)Incorrect Account-- 4430 0.0,TRANSFER FROM 99507044302 /,2323.0,2323.0,2323.0,Debit,0.0
14-Nov-25,14-Nov-25,BY TRANSFER-CMP ESIC-- 99922 0.0,CMP00000001300971064AOZ5699319               TRANSFER FROM 30595666069                         ESI SAVING FUND ACCOUN /,794034.0,794034.0,794034.0,Debit,0.0
15-Nov-25,15-Nov-25,TO TRANSFER-CMPIFTP/011511251572/253197762166/PMT/-- 4266 310084.0,TRANSFER TO 99619042660 /,0.0,310084.0,310084.0,Credit,0.0
15-Nov-25,15-Nov-25,TO TRANSFER-CMPNEFT/011511251572/253197760532/PMT/-- 4266 946186.0,TRANSFER TO 4698429042666 /,0.0,946186.0,946186.0,Credit,0.0
15-Nov-25,15-Nov-25,BY TRANSFER-INB Own Acct Tfr-- 99922 0.0,CIAALSHXE4               TRANSFER FROM 43890076791                         SUNIL DALAL SECURITY A /,800000.0,800000.0,800000.0,Debit,0.0
15-Nov-25,15-Nov-25,TO TRANSFER-INB 002151125976648 2511101056004 I-- 99922 1049690.0,2511101056004CK00MAOFH5               TRANSFER TO 35653254476                           EMPLOYEES PROVIDENT FU /,0.0,1049690.0,1049690.0,Credit,0.0
15-Nov-25,15-Nov-25,TO TRANSFER-INB-- 99922 71952.0,"02225144031110CHV2530631               TRANSFER TO 31804042663                           ESIC - 1 CENTRAL, KOTL /",0.0,71952.0,71952.0,Credit,0.0
15-Nov-25,15-Nov-25,TO TRANSFER-INB-- 99922 6721.0,"02225144032245CHV2531387               TRANSFER TO 31804042663                           ESIC - 1 CENTRAL, KOTL /",0.0,6721.0,6721.0,Credit,0.0
18-Nov-25,18-Nov-25,BY TRANSFER-CMP DELHI DEVELOPMENT AUTHORITY-- 99922 0.0,CMP00000001302241645AOZ6716661               TRANSFER FROM 41703278407                         DDA MAIN ACCOUNT /,1528864.0,1528864.0,1528864.0,Debit,0.0
18-Nov-25,18-Nov-25,BY TRANSFER-CMP DELHI DEVELOPMENT AUTHORITY-- 99922 0.0,CMP00000001302241644AOZ6716660               TRANSFER FROM 41703278407                         DDA MAIN ACCOUNT /,642175.0,642175.0,642175.0,Debit,0.0
18-Nov-25,18-Nov-25,TO TRANSFER-INB Own Acct Tfr-- 99922 2325000.0,CIAALSXFB8               TRANSFER TO 43890076791                           SUNIL DALAL SECURITY A /,0.0,2325000.0,2325000.0,Credit,0.0
19-Nov-25,19-Nov-25,BY TRANSFER-CMP DELHI DEVELOPMENT AUTHORITY-- 99922 0.0,CMP00000001303369737AOZ7746895               TRANSFER FROM 41703278521                         DDA MAIN ACCOUNT /,604620.0,604620.0,604620.0,Debit,0.0
20-Nov-25,20-Nov-25,BY TRANSFER-INB Own Acct Tfr-- 99922 0.0,CIAALTGHP7               TRANSFER FROM 43890076791                         SUNIL DALAL SECURITY A /,500000.0,500000.0,500000.0,Debit,0.0
20-Nov-25,20-Nov-25,TO TRANSFER-INB-- 99922 960982.0,25110700237910CK00MCZTZ2               TRANSFER TO 36959638866                           POOLING ACCOUNT GST-MM /,0.0,960982.0,960982.0,Credit,0.0
21-Nov-25,21-Nov-25,BY TRANSFER-CMP DELHI DEVELOPMENT AUTHORITY-- 99922 0.0,CMP00000001304262663AOZ8614479               TRANSFER FROM 41703278407                         DDA MAIN ACCOUNT /,351000.0,351000.0,351000.0,Debit,0.0
21-Nov-25,21-Nov-25,BY TRANSFER-NEFT*PUNB0112000*PUNBH70041551202*BHARAT SANCHAR N-- 4430 0.0,TRANSFER FROM 99509044300 /,2277264.6,2277264.6,2277264.6,Debit,0.0
21-Nov-25,21-Nov-25,TO TRANSFER-INB Own Acct Tfr-- 99922 2771000.0,CIAALTMXT7               TRANSFER TO 43890076791                           SUNIL DALAL SECURITY A /,0.0,2771000.0,2771000.0,Credit,0.0
21-Nov-25,21-Nov-25,BY TRANSFER-CMP DELHI DEVELOPMENT AUTHORITY-- 99922 0.0,CMP00000001302963632AOZ7390514               TRANSFER FROM 41703277899                         DDA MAIN ACCOUNT /,78000.0,78000.0,78000.0,Debit,0.0
22-Nov-25,22-Nov-25,TO TRANSFER-INB-- 99922 588.0,25110700307557CK00MDWDE1               TRANSFER TO 36959656910                           POOLING ACCOUNT GST-MM /,0.0,588.0,588.0,Credit,0.0
25-Nov-25,25-Nov-25,BY TRANSFER- AS PER REQUEST-- 5714 0.0,TRANSFER FROM 43513407287                         SUNIL DALAL SECURITY A /,928735.0,928735.0,928735.0,Debit,0.0
26-Nov-25,26-Nov-25,BULK POSTING-C25983382736SETT OF SECURITY DEPT OF SPACE   BRAN-- 4266 0.0,/,384017.0,384017.0,384017.0,Debit,0.0
26-Nov-25,26-Nov-25,TO TRANSFER-INB Own Acct Tfr-- 99922 1400000.0,CIAALUKMZ7               TRANSFER TO 43890076791                           SUNIL DALAL SECURITY A /,0.0,1400000.0,1400000.0,Credit,0.0
29-Nov-25,29-Nov-25,BY TRANSFER-NEFT*PUNB0513200*PUNBH70043457987*E PAYMENT OF MCA-- 4430 0.0,TRANSFER FROM 99509044300 /,749888.0,749888.0,749888.0,Debit,0.0
30-Nov-25,30-Nov-25,TO TRANSFER-CMPCHRG/30-NOV-2025/8329153-- 4266 280.84,TRANSFER TO 98353042666 /,0.0,280.84,280.84,Credit,0.0
30-Nov-25,30-Nov-25,TO TRANSFER-CMPCHRG/30-NOV-2025/8329710-- 4266 1604.8,TRANSFER TO 98353042666 /,0.0,1604.8,1604.8,Credit,0.0
1-Dec-25,1-Dec-25,BY TRANSFER-NEFT*IBKL0NEFT01*IBKL251201733590*SHAHEED SUKHDEV-- 4430 0.0,TRANSFER FROM 99509044300 /,187415.0,187415.0,187415.0,Debit,0.0
2-Dec-25,2-Dec-25,TO TRANSFER-INB-- 99922 328482.24,1764655815879CK00MHPDY3               TRANSFER TO 36473102779                           GeM - Government e Mar /,0.0,328482.24,328482.24,Credit,0.0
2-Dec-25,2-Dec-25,BY TRANSFER-RTGS UTR NO: KKBKR52025120200623634--SENIOR ACCOUNTS OFFICER CAU NARELA 4430 0.0,TRANSFER FROM 4698335044308 / SENIOR ACCOUNTS OFFICER CAU NARELA,282100.0,282100.0,282100.0,Debit,0.0
3-Dec-25,3-Dec-25,CHEQUE DEPOSIT---406009 11550 0.0,TRANSFER TO 35810777577                           PRINCIPAL / 406009,484155.0,484155.0,484155.0,Debit,0.0
5-Dec-25,5-Dec-25,CREDIT-000382 SSCBS-- 11550 0.0,/,8042.0,8042.0,8042.0,Debit,0.0
8-Dec-25,8-Dec-25,BY TRANSFER-CMP DELHI DEVELOPMENT AUTHORITY-- 99922 0.0,CMP00000001319437830AOZF308547               TRANSFER FROM 41703277899                         DDA MAIN ACCOUNT /,390842.0,390842.0,390842.0,Debit,0.0
9-Dec-25,9-Dec-25,TO TRANSFER-COMM - OTHER MISC. SERVICES-- 5714 25000.0,TRANSFER TO 98353057140 /,0.0,25000.0,25000.0,Credit,0.0
11-Dec-25,11-Dec-25,BY TRANSFER-RTGS UTR NO: HDFCR52025121193609437--SUNIL DALAL 4430 0.0,TRANSFER FROM 3199855044301 / SUNIL DALAL,4500000.0,4500000.0,4500000.0,Debit,0.0
12-Dec-25,12-Dec-25,BY TRANSFER-INB OWN ACCT TFR-- 99922 0.0,CIAALXORY3               TRANSFER FROM 43890076791                         SUNIL DALAL SECURITY A /,4000000.0,4000000.0,4000000.0,Debit,0.0
12-Dec-25,12-Dec-25,TO TRANSFER-CMPIFTP/01121225985/253469028546/PMT/-- 4266 1795091.0,TRANSFER TO 99619042660 /,0.0,1795091.0,1795091.0,Credit,0.0
12-Dec-25,12-Dec-25,TO TRANSFER-CMPNEFT/01121225985/253469030963/PMT/-- 4266 7559833.0,TRANSFER TO 4698429042666 /,0.0,7559833.0,7559833.0,Credit,0.0
12-Dec-25,12-Dec-25,BY TRANSFER-NEFTRRSBIF400006024822(12-12-25)Incorrect Account-- 4430 0.0,TRANSFER FROM 99507044302 /,13867.0,13867.0,13867.0,Debit,0.0
12-Dec-25,12-Dec-25,BY TRANSFER-NEFTRRSBIF400006024792(12-12-25)Incorrect Account-- 4430 0.0,TRANSFER FROM 99507044302 /,23706.0,23706.0,23706.0,Debit,0.0
12-Dec-25,12-Dec-25,BY TRANSFER-NEFTRRSBIF400006024705(12-12-25)Incorrect Account-- 4430 0.0,TRANSFER FROM 99507044302 /,833.0,833.0,833.0,Debit,0.0
12-Dec-25,12-Dec-25,BY TRANSFER-NEFT*PUNB0112000*PUNBH70047344247*BHARAT SANCHAR N-- 4430 0.0,TRANSFER FROM 99509044300 /,1245082.6,1245082.6,1245082.6,Debit,0.0
13-Dec-25,13-Dec-25,BY TRANSFER-INB Own Acct Tfr-- 99922 0.0,CIAALXWEZ5               TRANSFER FROM 43890076791                         SUNIL DALAL SECURITY A /,1000000.0,1000000.0,1000000.0,Debit,0.0
13-Dec-25,13-Dec-25,TO TRANSFER-CMPIFTP/011312253572/253479091965/PMT/-- 4266 784354.0,TRANSFER TO 99619042660 /,0.0,784354.0,784354.0,Credit,0.0
13-Dec-25,13-Dec-25,TO TRANSFER-CMPNEFT/011312253572/253479097729/PMT/-- 4266 2055920.0,TRANSFER TO 4698429042666 /,0.0,2055920.0,2055920.0,Credit,0.0
13-Dec-25,13-Dec-25,BY TRANSFER-CMPIFT/011312253572198/ARREARS SALARY NOV  2025-- 4266 0.0,TRANSFER FROM 99619042660 /,6500.0,6500.0,6500.0,Debit,0.0
13-Dec-25,13-Dec-25,BY TRANSFER-NEFTRRSBIF400006072125(13-12-25)Incorrect Account-- 4430 0.0,TRANSFER FROM 99507044302 /,14717.0,14717.0,14717.0,Debit,0.0
15-Dec-25,15-Dec-25,TO TRANSFER-Interest recovery-- 5714 30000.0,TRANSFER TO 43890076791                           SUNIL DALAL SECURITY A /,0.0,30000.0,30000.0,Credit,0.0
15-Dec-25,15-Dec-25,BY TRANSFER-INB Own Acct tfr-- 99922 0.0,CIAALYEGN0               TRANSFER FROM 43890076791                         SUNIL DALAL SECURITY A /,1400000.0,1400000.0,1400000.0,Debit,0.0
15-Dec-25,15-Dec-25,TO TRANSFER-INB 002151225661186 2512101093783 I-- 99922 1673321.0,2512101093783CK00MPRGT2               TRANSFER TO 35653254476                           EMPLOYEES PROVIDENT FU /,0.0,1673321.0,1673321.0,Credit,0.0
15-Dec-25,15-Dec-25,TO TRANSFER-INB-- 99922 753.0,"02225148402385CHV5532299               TRANSFER TO 31804042663                           ESIC - 1 CENTRAL, KOTL /",0.0,753.0,753.0,Credit,0.0
15-Dec-25,15-Dec-25,BY TRANSFER-INB Own Acct tfr-- 99922 0.0,CIAALYEKH0               TRANSFER FROM 43890076791                         SUNIL DALAL SECURITY A /,100000.0,100000.0,100000.0,Debit,0.0
15-Dec-25,15-Dec-25,TO TRANSFER-INB-- 99922 74222.0,"02225148399177CHV5533135               TRANSFER TO 31804042663                           ESIC - 1 CENTRAL, KOTL /",0.0,74222.0,74222.0,Credit,0.0
16-Dec-25,16-Dec-25,BULK POSTING-C25986486468511687767339021- PAO SECTT I M/o FISH-- 4266 0.0,/,133794.0,133794.0,133794.0,Debit,0.0
19-Dec-25,19-Dec-25,BY TRANSFER-INB Own Acct Tfr-- 99922 0.0,CIAALYZTN8               TRANSFER FROM 43890076791                         SUNIL DALAL SECURITY A /,500000.0,500000.0,500000.0,Debit,0.0
19-Dec-25,19-Dec-25,TO TRANSFER-INB-- 99922 683752.0,25120700183369CK00MSCKM9               TRANSFER TO 36959656411                           POOLING ACCOUNT GST-MM /,0.0,683752.0,683752.0,Credit,0.0
20-Dec-25,20-Dec-25,BY TRANSFER-CMP DELHI DEVELOPMENT AUTHORITY-- 99922 0.0,CMP00000001328608659AOZN462302               TRANSFER FROM 41703277899                         DDA MAIN ACCOUNT /,78000.0,78000.0,78000.0,Debit,0.0
22-Dec-25,22-Dec-25,BY TRANSFER-CMP DELHI DEVELOPMENT AUTHORITY-- 99922 0.0,CMP00000001330301693AOZO786408               TRANSFER FROM 41703278407                         DDA MAIN ACCOUNT /,405565.0,405565.0,405565.0,Debit,0.0
22-Dec-25,22-Dec-25,BY TRANSFER-CMP DELHI DEVELOPMENT AUTHORITY-- 99922 0.0,CMP00000001329518718AOZO035751               TRANSFER FROM 41703277899                         DDA MAIN ACCOUNT /,885603.0,885603.0,885603.0,Debit,0.0
23-Dec-25,23-Dec-25,BY TRANSFER-NEFT*PUNB0513200*PUNBH70049641934*E PAYMENT OF MCA-- 4430 0.0,TRANSFER FROM 99509044300 /,725697.0,725697.0,725697.0,Debit,0.0
23-Dec-25,23-Dec-25,BY TRANSFER-NEFT*IBKL0NEFT01*IBKL251223992935*SHAHEED SUKHDEV-- 4430 0.0,TRANSFER FROM 99509044300 /,193661.0,193661.0,193661.0,Debit,0.0
26-Dec-25,26-Dec-25,BY TRANSFER- CLOSURE ON MATURITY-- 5714 0.0,TRANSFER FROM 43082832514                         SUNIL DALAL SECURITY A /,554713.0,554713.0,554713.0,Debit,0.0
26-Dec-25,26-Dec-25,BULK POSTING-C25987640587511687767339021- PAO SECTT I M/o FISH-- 4266 0.0,/,129479.0,129479.0,129479.0,Debit,0.0
26-Dec-25,26-Dec-25,BY TRANSFER-CMP DELHI DEVELOPMENT AUTHORITY-- 99922 0.0,CMP00000001334156268AOZQ833944               TRANSFER FROM 41703277899                         DDA MAIN ACCOUNT /,189117.0,189117.0,189117.0,Debit,0.0
26-Dec-25,26-Dec-25,TO TRANSFER-INB OWN ACCT TFR-- 99922 3200000.0,CIAAMAIIW3               TRANSFER TO 43890076791                           SUNIL DALAL SECURITY A /,0.0,3200000.0,3200000.0,Credit,0.0
1-Jan-26,1-Jan-26,BY TRANSFER-CMP DELHI DEVELOPMENT AUTHORITY-- 99922 0.0,CMP00000001344592740AOZU414990               TRANSFER FROM 41703278407                         DDA MAIN ACCOUNT /,367919.0,367919.0,367919.0,Debit,0.0
2-Jan-26,2-Jan-26,TO TRANSFER-CMPCHRG/02-JAN-2026/9853447-- 4266 3050.3,TRANSFER TO 98353042666 /,0.0,3050.3,3050.3,Credit,0.0
2-Jan-26,2-Jan-26,TO TRANSFER-CMPCHRG/02-JAN-2026/9866357-- 4266 337.48,TRANSFER TO 98353042666 /,0.0,337.48,337.48,Credit,0.0
4-Jan-26,4-Jan-26,DEPOSIT TRANSFER-INT TRF FRM 44525784887 TO 36755554238-- 5714 0.0,TRANSFER FROM 44525784887                         SUNIL DALAL SECURITY A /,26746.0,26746.0,26746.0,Debit,0.0
5-Jan-26,5-Jan-26,CHEQUE DEPOSIT---406026 11550 0.0,TRANSFER TO 35810777577                           PRINCIPAL / 406026,468537.0,468537.0,468537.0,Debit,0.0
6-Jan-26,6-Jan-26,BY TRANSFER-INB OWN ACCT TFR-- 99922 0.0,CIAAMCLLP1               TRANSFER FROM 43890076791                         SUNIL DALAL SECURITY A /,3200000.0,3200000.0,3200000.0,Debit,0.0
6-Jan-26,6-Jan-26,BY TRANSFER-RTGS UTR NO: HDFCR52026010653761049--SUNIL DALAL 4430 0.0,TRANSFER FROM 3199855044301 / SUNIL DALAL,5000000.0,5000000.0,5000000.0,Debit,0.0
6-Jan-26,6-Jan-26,TO TRANSFER-INB-- 99922 76000.0,crn26010600575477CK00NATGQ6               TRANSFER TO 40221402962                           CBDT TIN 2.0 POOLING A /,0.0,76000.0,76000.0,Credit,0.0
6-Jan-26,6-Jan-26,BY TRANSFER-NEFT*YESB0000001*YESOB60060050904*SUNIL  DALAL*BAT-- 4430 0.0,TRANSFER FROM 99509044300 /,100000.0,100000.0,100000.0,Debit,0.0
6-Jan-26,6-Jan-26,TO TRANSFER-CMPIFTP/010601264785/260061005819/PMT/-- 4266 1746975.06,TRANSFER TO 99619042660 /,0.0,1746975.06,1746975.06,Credit,0.0
6-Jan-26,6-Jan-26,TO TRANSFER-CMPNEFT/010601264785/260061006887/PMT/-- 4266 7130814.98,TRANSFER TO 4698429042666 /,0.0,7130814.98,7130814.98,Credit,0.0
6-Jan-26,6-Jan-26,TO TRANSFER-CMPCHRG/06-JAN-2026/1002702-- 4266 1628.4,TRANSFER TO 98353042666 /,0.0,1628.4,1628.4,Credit,0.0
6-Jan-26,6-Jan-26,TO TRANSFER-CMPCHRG/06-JAN-2026/1002706-- 4266 198.24,TRANSFER TO 98353042666 /,0.0,198.24,198.24,Credit,0.0
7-Jan-26,7-Jan-26,BY TRANSFER-CMP ESIC-- 99922 0.0,CMP00000001348394156AOZX601126               TRANSFER FROM 30595666069                         ESI SAVING FUND ACCOUN /,794034.0,794034.0,794034.0,Debit,0.0
7-Jan-26,7-Jan-26,BY TRANSFER-CMP DELHI DEVELOPMENT AUTHORITY-- 99922 0.0,CMP00000001348143731AOZX495229               TRANSFER FROM 41703277899                         DDA MAIN ACCOUNT /,906506.0,906506.0,906506.0,Debit,0.0
7-Jan-26,7-Jan-26,TO TRANSFER-CMPCHRG/07-JAN-2026/1021488-- 4266 501.5,TRANSFER TO 98353042666 /,0.0,501.5,501.5,Credit,0.0
8-Jan-26,8-Jan-26,BY TRANSFER-NEFT*YESB0000001*YESOB60080020870*SUNIL  DALAL*BAT-- 4430 0.0,TRANSFER FROM 99509044300 /,1000000.0,1000000.0,1000000.0,Debit,0.0
8-Jan-26,8-Jan-26,TO TRANSFER-CMPNEFT/010801265344/260081027178/PMT/-- 4266 1900819.0,TRANSFER TO 4698429042666 /,0.0,1900819.0,1900819.0,Credit,0.0
8-Jan-26,8-Jan-26,TO TRANSFER-CMPIFTP/010801265344/260081027178/PMT/-- 4266 796210.0,TRANSFER TO 99619042660 /,0.0,796210.0,796210.0,Credit,0.0
8-Jan-26,8-Jan-26,BY TRANSFER-CMPIFT/01080126534496/ARREAR DEC 2025-- 4266 0.0,TRANSFER FROM 99619042660 /,11710.0,11710.0,11710.0,Debit,0.0
8-Jan-26,8-Jan-26,BY TRANSFER-NEFTRRSBIF400006897687(08-01-26)Incorrect Account-- 4430 0.0,TRANSFER FROM 99507044302 /,15548.0,15548.0,15548.0,Debit,0.0
8-Jan-26,8-Jan-26,BY TRANSFER-NEFT*IBKL0NEFT01*IBKL260108586051*SHAHEED SUKHDEV-- 4430 0.0,TRANSFER FROM 99509044300 /,187415.0,187415.0,187415.0,Debit,0.0
8-Jan-26,8-Jan-26,TO TRANSFER-CMPCHRG/08-JAN-2026/1029298-- 4266 139.24,TRANSFER TO 98353042666 /,0.0,139.24,139.24,Credit,0.0
8-Jan-26,8-Jan-26,TO TRANSFER-CMPCHRG/08-JAN-2026/1029299-- 4266 631.3,TRANSFER TO 98353042666 /,0.0,631.3,631.3,Credit,0.0
9-Jan-26,9-Jan-26,BULK POSTING-ACHCr UTIB00396000014236 M T N L NEW DE-- 61076 0.0,/,193684.0,193684.0,193684.0,Debit,0.0
9-Jan-26,9-Jan-26,TO TRANSFER-CMPCHRG/09-JAN-2026/1035632-- 4266 177.0,TRANSFER TO 98353042666 /,0.0,177.0,177.0,Credit,0.0
12-Jan-26,12-Jan-26,BY TRANSFER-CMP DELHI DEVELOPMENT AUTHORITY-- 99922 0.0,CMP00000001352001796AOA0869592               TRANSFER FROM 41703278407                         DDA MAIN ACCOUNT /,396675.0,396675.0,396675.0,Debit,0.0
14-Jan-26,14-Jan-26,BULK POSTING-SBIF400006730829-- 4266 0.0,/,20000.0,20000.0,20000.0,Debit,0.0
15-Jan-26,15-Jan-26,BY TRANSFER-NEFT*YESB0000001*YESOB60150041282*SUNIL  DALAL*BAT-- 4430 0.0,TRANSFER FROM 99509044300 /,1000000.0,1000000.0,1000000.0,Debit,0.0
15-Jan-26,15-Jan-26,TO TRANSFER-INB 002150126353275 2601101126176 I-- 99922 1520238.0,2601101126176CK00NFXGN6               TRANSFER TO 35653254476                           EMPLOYEES PROVIDENT FU /,0.0,1520238.0,1520238.0,Credit,0.0
15-Jan-26,15-Jan-26,TO TRANSFER-INB-- 99922 73698.0,"02226103501691CHV8591117               TRANSFER TO 31804042663                           ESIC - 1 CENTRAL, KOTL /",0.0,73698.0,73698.0,Credit,0.0
15-Jan-26,15-Jan-26,TO TRANSFER-INB-- 99922 3812.0,"02226103502872CHV8591346               TRANSFER TO 31804042663                           ESIC - 1 CENTRAL, KOTL /",0.0,3812.0,3812.0,Credit,0.0
16-Jan-26,16-Jan-26,BULK POSTING-C26990208495SETT OF SECURITY DEPT OF SPACE   BRAN-- 4266 0.0,/,372371.0,372371.0,372371.0,Debit,0.0
17-Jan-26,17-Jan-26,TO TRANSFER-CMPIFTP/011701263516/260171068805/PMT/-- 4266 134768.0,TRANSFER TO 99619042660 /,0.0,134768.0,134768.0,Credit,0.0
17-Jan-26,17-Jan-26,TO TRANSFER-CMPNEFT/011701263516/260171069031/PMT/-- 4266 183667.0,TRANSFER TO 4698429042666 /,0.0,183667.0,183667.0,Credit,0.0
17-Jan-26,17-Jan-26,TO TRANSFER-INB 002170126417958 2601101128086 I-- 99922 83226.0,2601101128086CK00NGWXX3               TRANSFER TO 35653254476                           EMPLOYEES PROVIDENT FU /,0.0,83226.0,83226.0,Credit,0.0
17-Jan-26,17-Jan-26,TO TRANSFER-INB 002170126418097 2601101128270 I-- 99922 7438.0,2601101128270CK00NGXAF4               TRANSFER TO 35653254476                           EMPLOYEES PROVIDENT FU /,0.0,7438.0,7438.0,Credit,0.0
17-Jan-26,17-Jan-26,TO TRANSFER-CMPCHRG/17-JAN-2026/1069750-- 4266 153.4,TRANSFER TO 98353042666 /,0.0,153.4,153.4,Credit,0.0
17-Jan-26,17-Jan-26,TO TRANSFER-CMPCHRG/17-JAN-2026/1069677-- 4266 42.48,TRANSFER TO 98353042666 /,0.0,42.48,42.48,Credit,0.0
19-Jan-26,19-Jan-26,TO TRANSFER-INB 002190126446385 2601101128553 I-- 99922 3750.0,2601101128553CK00NHUQW0               TRANSFER TO 35653254476                           EMPLOYEES PROVIDENT FU /,0.0,3750.0,3750.0,Credit,0.0
20-Jan-26,20-Jan-26,BY TRANSFER-NEFT*YESB0000001*YESOB60200007489*SUNIL  DALAL*BAT-- 4430 0.0,TRANSFER FROM 99509044300 /,1500000.0,1500000.0,1500000.0,Debit,0.0
20-Jan-26,20-Jan-26,TO TRANSFER-INB-- 99922 1478276.0,26010700116301CK00NIBAB9               TRANSFER TO 36959637737                           POOLING ACCOUNT GST-MM /,0.0,1478276.0,1478276.0,Credit,0.0
20-Jan-26,20-Jan-26,TO TRANSFER-INB 002200126454005 2601101129162 I-- 99922 6980.0,2601101129162CK00NIBFP4               TRANSFER TO 35653254476                           EMPLOYEES PROVIDENT FU /,0.0,6980.0,6980.0,Credit,0.0
20-Jan-26,20-Jan-26,TO TRANSFER-INB 002200126454227 2601101129163 I-- 99922 7006.0,2601101129163CK00NIBLM1               TRANSFER TO 35653254476                           EMPLOYEES PROVIDENT FU /,0.0,7006.0,7006.0,Credit,0.0
20-Jan-26,20-Jan-26,BY TRANSFER-RTGS UTR NO: KKBKR52026012000937134--SENIOR ACCOUNTS OFFICER CAU NARELA 4430 0.0,TRANSFER FROM 3199855044301 / SENIOR ACCOUNTS OFFICER CAU NARELA,4368921.0,4368921.0,4368921.0,Debit,0.0
20-Jan-26,20-Jan-26,BULK POSTING-C26990346244SETT OF SECURITY DEPT OF SPACE   BRAN-- 4266 0.0,/,290644.0,290644.0,290644.0,Debit,0.0
20-Jan-26,20-Jan-26,TO TRANSFER-INB OWN ACCT TFR-- 99922 5000000.0,CIAAMFDOH6               TRANSFER TO 43890076791                           SUNIL DALAL SECURITY A /,0.0,5000000.0,5000000.0,Credit,0.0
20-Jan-26,20-Jan-26,TO TRANSFER-INB-- 99922 517.0,"02226103841979CHV9064969               TRANSFER TO 31804042663                           ESIC - 1 CENTRAL, KOTL /",0.0,517.0,517.0,Credit,0.0
20-Jan-26,20-Jan-26,TO TRANSFER-INB-- 99922 487.0,"02226103841755CHV9065608               TRANSFER TO 31804042663                           ESIC - 1 CENTRAL, KOTL /",0.0,487.0,487.0,Credit,0.0
21-Jan-26,21-Jan-26,BY TRANSFER-NEFT*PUNB0513200*PUNBH70056864141*E PAYMENT OF MCA-- 4430 0.0,TRANSFER FROM 99509044300 /,749888.0,749888.0,749888.0,Debit,0.0
21-Jan-26,21-Jan-26,TO TRANSFER-INB Own Acct Tfr-- 99922 800000.0,CIAAMFNER5               TRANSFER TO 43890076791                           SUNIL DALAL SECURITY A /,0.0,800000.0,800000.0,Credit,0.0
25-Jan-26,25-Jan-26,DEPOSIT TRANSFER-INT TRF FRM 41616113193 TO 36755554238-- 5714 0.0,TRANSFER FROM 41616113193                         SUNIL DALAL SECURITY A /,14096.0,14096.0,14096.0,Debit,0.0
29-Jan-26,29-Jan-26,CREDIT-000466 sscbs payment-- 11550 0.0,/,484155.0,484155.0,484155.0,Debit,0.0
29-Jan-26,29-Jan-26,BY TRANSFER-CMP DELHI DEVELOPMENT AUTHORITY-- 99922 0.0,CMP00000001366393266AOB2338646               TRANSFER FROM 41703278407                         DDA MAIN ACCOUNT /,509329.0,509329.0,509329.0,Debit,0.0
29-Jan-26,29-Jan-26,BY TRANSFER-CMP DELHI DEVELOPMENT AUTHORITY-- 99922 0.0,CMP00000001367680919AOB2769250               TRANSFER FROM 41703277899                         DDA MAIN ACCOUNT /,78000.0,78000.0,78000.0,Debit,0.0
31-Jan-26,31-Jan-26,BULK POSTING-C26992531102511687767339021- PAO SECTT I M/o FISH-- 4266 0.0,/,133794.0,133794.0,133794.0,Debit,0.0
5-Feb-26,5-Feb-26,BY TRANSFER- FDR RELEASE ON REQUEST-- 5714 0.0,TRANSFER FROM 42931476637                         SUNIL DALAL SECURITY A /,1454624.0,1454624.0,1454624.0,Debit,0.0
5-Feb-26,5-Feb-26,TO TRANSFER-INB Own acct tfr-- 99922 2685000.0,CIAAMINVK0               TRANSFER TO 43890076791                           SUNIL DALAL SECURITY A /,0.0,2685000.0,2685000.0,Credit,0.0
6-Feb-26,6-Feb-26,BY TRANSFER-CMP ESIC-- 99922 0.0,CMP00000001374161439AOB7305280               TRANSFER FROM 30595666069                         ESI SAVING FUND ACCOUN /,794034.0,794034.0,794034.0,Debit,0.0
6-Feb-26,6-Feb-26,TO TRANSFER-FUNDING FOR FDR-- 5714 93373.0,TRANSFER TO 44898418745                           SUNIL DALAL SECURITY A /,0.0,93373.0,93373.0,Credit,0.0
6-Feb-26,6-Feb-26,BY TRANSFER-CMP DELHI DEVELOPMENT AUTHORITY-- 99922 0.0,CMP00000001373062828AOB6466212               TRANSFER FROM 41703277899                         DDA MAIN ACCOUNT /,5526402.0,5526402.0,5526402.0,Debit,0.0
6-Feb-26,6-Feb-26,TO TRANSFER-INB Own Acct tfr-- 99922 1012900.0,CIAAMIUIM9               TRANSFER TO 43890076791                           SUNIL DALAL SECURITY A /,0.0,1012900.0,1012900.0,Credit,0.0
6-Feb-26,6-Feb-26,TO TRANSFER-INB RTGS UTR NO: SBINR12026020615729050--SUNIL DALAL 99922 5000000.0,RTGS INB: CR0BHEGRC1                              TRANSFER TO 99827044308 / SUNIL DALAL,0.0,5000000.0,5000000.0,Credit,0.0
7-Feb-26,7-Feb-26,BY TRANSFER-INB Own Acct tfr-- 99922 0.0,CIAAMJAHS5               TRANSFER FROM 43890076791                         SUNIL DALAL SECURITY A /,3000000.0,3000000.0,3000000.0,Debit,0.0
7-Feb-26,7-Feb-26,TO TRANSFER-CMPIFTP/010702267947/260381171008/PMT/-- 4266 843532.0,TRANSFER TO 99619042660 /,0.0,843532.0,843532.0,Credit,0.0
7-Feb-26,7-Feb-26,TO TRANSFER-CMPNEFT/010702267947/260381171103/PMT/-- 4266 2054670.0,TRANSFER TO 4698429042666 /,0.0,2054670.0,2054670.0,Credit,0.0
7-Feb-26,7-Feb-26,BY TRANSFER-CMPIFT/0702260082858/FINAL SALARY JAN 2026-- 4266 0.0,TRANSFER FROM 99619042660 /,7273.0,7273.0,7273.0,Debit,0.0
9-Feb-26,9-Feb-26,BY TRANSFER-CMP DELHI DEVELOPMENT AUTHORITY-- 99922 0.0,CMP00000001376452315AOB9079114               TRANSFER FROM 41703278407                         DDA MAIN ACCOUNT /,376682.0,376682.0,376682.0,Debit,0.0
9-Feb-26,9-Feb-26,BY TRANSFER-CMP DELHI DEVELOPMENT AUTHORITY-- 99922 0.0,CMP00000001376405771AOB9056558               TRANSFER FROM 41703278407                         DDA MAIN ACCOUNT /,7354666.0,7354666.0,7354666.0,Debit,0.0
9-Feb-26,9-Feb-26,BY TRANSFER-CMP DELHI DEVELOPMENT AUTHORITY-- 99922 0.0,CMP00000001376452316AOB9079115               TRANSFER FROM 41703278407                         DDA MAIN ACCOUNT /,378619.0,378619.0,378619.0,Debit,0.0
9-Feb-26,9-Feb-26,TO TRANSFER-INB-- 99922 3000000.0,CIAAMJHUP7               TRANSFER TO 43890076791                           SUNIL DALAL SECURITY A /,0.0,3000000.0,3000000.0,Credit,0.0
9-Feb-26,9-Feb-26,TO TRANSFER-INB RTGS UTR NO: SBINR12026020915988246--SUNIL DALAL 99922 5000000.0,RTGS INB: CR0BHFIBJ6                              TRANSFER TO 4599110044305 / SUNIL DALAL,0.0,5000000.0,5000000.0,Credit,0.0
11-Feb-26,11-Feb-26,BULK POSTING-C26993516225RELASE AMOUNT DE DEPT OF SPACE   BRAN-- 4266 0.0,/,93373.0,93373.0,93373.0,Debit,0.0
12-Feb-26,12-Feb-26,BULK POSTING-BY SALARY-- 5714 0.0,/,2000054.0,2000054.0,2000054.0,Debit,0.0
12-Feb-26,12-Feb-26,TO TRANSFER-CMPNEFT/011202266105/260431202912/PMT/-- 4266 1728290.0,TRANSFER TO 4698429042666 /,0.0,1728290.0,1728290.0,Credit,0.0
12-Feb-26,12-Feb-26,TO TRANSFER-CMPIFTP/011202266105/260431202191/PMT/-- 4266 730513.0,TRANSFER TO 99619042660 /,0.0,730513.0,730513.0,Credit,0.0
14-Feb-26,14-Feb-26,TO TRANSFER-CMPCHRG/14-FEB-2026/1211079-- 4266 1463.2,TRANSFER TO 98353042666 /,0.0,1463.2,1463.2,Credit,0.0
15-Feb-26,15-Feb-26,BY TRANSFER-INB Own Acct tfr-- 99922 0.0,CIAAMKOIS6               TRANSFER FROM 43890076791                         SUNIL DALAL SECURITY A /,1600000.0,1600000.0,1600000.0,Debit,0.0
15-Feb-26,15-Feb-26,TO TRANSFER-INB-- 99922 37575.0,"02226107897378CHW1684588               TRANSFER TO 31804042663                           ESIC - 1 CENTRAL, KOTL /",0.0,37575.0,37575.0,Credit,0.0
15-Feb-26,15-Feb-26,TO TRANSFER-INB-- 99922 5950.0,"02226107897918CHW1684867               TRANSFER TO 31804042663                           ESIC - 1 CENTRAL, KOTL /",0.0,5950.0,5950.0,Credit,0.0
15-Feb-26,15-Feb-26,TO TRANSFER-INB 002150226130842 2602101161242 I-- 99922 1408456.0,2602101161242CK00NUZSQ2               TRANSFER TO 35653254476                           EMPLOYEES PROVIDENT FU /,0.0,1408456.0,1408456.0,Credit,0.0
17-Feb-26,17-Feb-26,BY TRANSFER-NEFT*IBKL0NEFT01*IBKL260217424412*SHAHEED SUKHDEV-- 4430 0.0,TRANSFER FROM 99509044300 /,193661.0,193661.0,193661.0,Debit,0.0
19-Feb-26,19-Feb-26,BY TRANSFER-INB Own Acct tfr-- 99922 0.0,CIAAMLIML2               TRANSFER FROM 43890076791                         SUNIL DALAL SECURITY A /,1700000.0,1700000.0,1700000.0,Debit,0.0
19-Feb-26,19-Feb-26,TO TRANSFER-INB-- 99922 1807782.0,26020700112158CK00NWZZW4               TRANSFER TO 36959639519                           POOLING ACCOUNT GST-MM /,0.0,1807782.0,1807782.0,Credit,0.0
19-Feb-26,19-Feb-26,BY TRANSFER-NEFT*PUNB0112000*PUNBH70064121803*BHARAT SANCHAR N-- 4430 0.0,TRANSFER FROM 99509044300 /,1246475.0,1246475.0,1246475.0,Debit,0.0
23-Feb-26,23-Feb-26,BY TRANSFER-CMP DELHI DEVELOPMENT AUTHORITY-- 99922 0.0,CMP00000001384049476AOC6683429               TRANSFER FROM 41703278407                         DDA MAIN ACCOUNT /,831987.0,831987.0,831987.0,Debit,0.0
23-Feb-26,23-Feb-26,BY TRANSFER-CMP DELHI DEVELOPMENT AUTHORITY-- 99922 0.0,CMP00000001384046668AOC6682930               TRANSFER FROM 41703278407                         DDA MAIN ACCOUNT /,1850674.0,1850674.0,1850674.0,Debit,0.0
23-Feb-26,23-Feb-26,BY TRANSFER-CMP DELHI DEVELOPMENT AUTHORITY-- 99922 0.0,CMP00000001384049477AOC6683430               TRANSFER FROM 41703278407                         DDA MAIN ACCOUNT /,463217.0,463217.0,463217.0,Debit,0.0
23-Feb-26,23-Feb-26,BY TRANSFER-CMP DELHI DEVELOPMENT AUTHORITY-- 99922 0.0,CMP00000001384046648AOC6682976               TRANSFER FROM 41703278407                         DDA MAIN ACCOUNT /,163862.0,163862.0,163862.0,Debit,0.0
23-Feb-26,23-Feb-26,BY TRANSFER- Released by DDA-- 5714 0.0,TRANSFER FROM 43389718167                         SUNIL DALAL SECURITY A /,349268.0,349268.0,349268.0,Debit,0.0
23-Feb-26,23-Feb-26,CREDIT-000512 SSCBS-- 11550 0.0,/,484154.0,484154.0,484154.0,Debit,0.0
23-Feb-26,23-Feb-26,BY TRANSFER-INB-- 99922 0.0,CIAAMMEGT0               TRANSFER FROM 43890076791                         SUNIL DALAL SECURITY A /,1600000.0,1600000.0,1600000.0,Debit,0.0
23-Feb-26,23-Feb-26,TO TRANSFER-INB OWN ACCT TFR-- 99922 3200000.0,CIAAMMEHM7               TRANSFER TO 43890076791                           SUNIL DALAL SECURITY A /,0.0,3200000.0,3200000.0,Credit,0.0
24-Feb-26,24-Feb-26,BY TRANSFER-NEFT*IBKL0NEFT01*IBKL260224311245*SHAHEED SUKHDEV-- 4430 0.0,TRANSFER FROM 99509044300 /,193661.0,193661.0,193661.0,Debit,0.0
25-Feb-26,25-Feb-26,BULK POSTING-C26995297311SETT OF SECURITY DEPT OF SPACE   BRAN-- 4266 0.0,/,384017.0,384017.0,384017.0,Debit,0.0
25-Feb-26,25-Feb-26,TO TRANSFER-CMPIFTP/012502265342/260561249903/PMT/-- 4266 11363.0,TRANSFER TO 99619042660 /,0.0,11363.0,11363.0,Credit,0.0
25-Feb-26,25-Feb-26,TO TRANSFER-CMPNEFT/012502265342/260561252919/PMT/-- 4266 4090672.0,TRANSFER TO 4698429042666 /,0.0,4090672.0,4090672.0,Credit,0.0
25-Feb-26,25-Feb-26,BY TRANSFER-NEFTRRSBIF400008546766(25-02-26)Incorrect Account-- 4430 0.0,TRANSFER FROM 99507044302 /,25000.0,25000.0,25000.0,Debit,0.0
25-Feb-26,25-Feb-26,BY TRANSFER-NEFTRRSBIF400008546749(25-02-26)Incorrect Account-- 4430 0.0,TRANSFER FROM 99507044302 /,25000.0,25000.0,25000.0,Debit,0.0
25-Feb-26,25-Feb-26,BY TRANSFER-NEFTRRSBIF400008546724(25-02-26)Incorrect Account-- 4430 0.0,TRANSFER FROM 99507044302 /,25000.0,25000.0,25000.0,Debit,0.0
25-Feb-26,25-Feb-26,BY TRANSFER-NEFTRRSBIF400008546752(25-02-26)Incorrect Account-- 4430 0.0,TRANSFER FROM 99507044302 /,25000.0,25000.0,25000.0,Debit,0.0
25-Feb-26,25-Feb-26,BY TRANSFER-NEFTRRSBIF400008546738(25-02-26)Incorrect Account-- 4430 0.0,TRANSFER FROM 99507044302 /,25000.0,25000.0,25000.0,Debit,0.0
25-Feb-26,25-Feb-26,BY TRANSFER-NEFTRRSBIF400008546748(25-02-26)Incorrect Account-- 4430 0.0,TRANSFER FROM 99507044302 /,25000.0,25000.0,25000.0,Debit,0.0
25-Feb-26,25-Feb-26,BY TRANSFER-NEFTRRSBIF400008546733(25-02-26)Incorrect Account-- 4430 0.0,TRANSFER FROM 99507044302 /,25000.0,25000.0,25000.0,Debit,0.0
25-Feb-26,25-Feb-26,BY TRANSFER-NEFTRRSBIF400008546700(25-02-26)Incorrect Account-- 4430 0.0,TRANSFER FROM 99507044302 /,25000.0,25000.0,25000.0,Debit,0.0
25-Feb-26,25-Feb-26,BY TRANSFER-NEFTRRSBIF400008546770(25-02-26)Incorrect Account-- 4430 0.0,TRANSFER FROM 99507044302 /,25000.0,25000.0,25000.0,Debit,0.0
25-Feb-26,25-Feb-26,BY TRANSFER-NEFTRRSBIF400008546779(25-02-26)Incorrect Account-- 4430 0.0,TRANSFER FROM 99507044302 /,25000.0,25000.0,25000.0,Debit,0.0
25-Feb-26,25-Feb-26,BY TRANSFER-NEFTRRSBIF400008546698(25-02-26)Incorrect Account-- 4430 0.0,TRANSFER FROM 99507044302 /,25000.0,25000.0,25000.0,Debit,0.0
25-Feb-26,25-Feb-26,BY TRANSFER-NEFTRRSBIF400008546764(25-02-26)Incorrect Account-- 4430 0.0,TRANSFER FROM 99507044302 /,25000.0,25000.0,25000.0,Debit,0.0
25-Feb-26,25-Feb-26,BY TRANSFER-NEFTRRSBIF400008546664(25-02-26)Incorrect Account-- 4430 0.0,TRANSFER FROM 99507044302 /,25000.0,25000.0,25000.0,Debit,0.0
25-Feb-26,25-Feb-26,BY TRANSFER-NEFTRRSBIF400008546773(25-02-26)Incorrect Account-- 4430 0.0,TRANSFER FROM 99507044302 /,25000.0,25000.0,25000.0,Debit,0.0
25-Feb-26,25-Feb-26,BY TRANSFER-NEFTRRSBIF400008546628(25-02-26)Incorrect Account-- 4430 0.0,TRANSFER FROM 99507044302 /,25000.0,25000.0,25000.0,Debit,0.0
25-Feb-26,25-Feb-26,BY TRANSFER-NEFTRRSBIF400008546640(25-02-26)Incorrect Account-- 4430 0.0,TRANSFER FROM 99507044302 /,25000.0,25000.0,25000.0,Debit,0.0
25-Feb-26,25-Feb-26,BY TRANSFER-NEFTRRSBIF400008546702(25-02-26)Incorrect Account-- 4430 0.0,TRANSFER FROM 99507044302 /,25000.0,25000.0,25000.0,Debit,0.0
25-Feb-26,25-Feb-26,BY TRANSFER-NEFTRRSBIF400008546666(25-02-26)Incorrect Account-- 4430 0.0,TRANSFER FROM 99507044302 /,25000.0,25000.0,25000.0,Debit,0.0
25-Feb-26,25-Feb-26,BY TRANSFER-NEFTRRSBIF400008546683(25-02-26)Incorrect Account-- 4430 0.0,TRANSFER FROM 99507044302 /,25000.0,25000.0,25000.0,Debit,0.0
25-Feb-26,25-Feb-26,BY TRANSFER-NEFTRRSBIF400008546701(25-02-26)Incorrect Account-- 4430 0.0,TRANSFER FROM 99507044302 /,25000.0,25000.0,25000.0,Debit,0.0
25-Feb-26,25-Feb-26,BY TRANSFER-NEFTRRSBIF400008546662(25-02-26)Incorrect Account-- 4430 0.0,TRANSFER FROM 99507044302 /,25000.0,25000.0,25000.0,Debit,0.0
26-Feb-26,26-Feb-26,TO TRANSFER-COMM - OTHER MISC. SERVICES-- 5714 25000.0,TRANSFER TO 98353057140 /,0.0,25000.0,25000.0,Credit,0.0
26-Feb-26,26-Feb-26,BY TRANSFER-CMP DELHI DEVELOPMENT AUTHORITY-- 99922 0.0,CMP00000001392704107AOC8325619               TRANSFER FROM 41703278225                         DDA MAIN ACCOUNT /,3350162.0,3350162.0,3350162.0,Debit,0.0
26-Feb-26,26-Feb-26,TO TRANSFER-INB OWN ACCT TFR-- 99922 1700000.0,CIAAMMWKM0               TRANSFER TO 43890076791                           SUNIL DALAL SECURITY A /,0.0,1700000.0,1700000.0,Credit,0.0
26-Feb-26,26-Feb-26,TO TRANSFER-INB RTGS UTR NO: SBINR12026022618179341--SUNIL DALAL 99922 2700000.0,RTGS INB: CR0BHLCVF2                              TRANSFER TO 99827044308 / SUNIL DALAL,0.0,2700000.0,2700000.0,Credit,0.0
1-Mar-26,1-Mar-26,TO TRANSFER-CMPCHRG/01-MAR-2026/1281249-- 4266 7.08,TRANSFER TO 98353042666 /,0.0,7.08,7.08,Credit,0.0
1-Mar-26,1-Mar-26,TO TRANSFER-CMPCHRG/01-MAR-2026/1280988-- 4266 885.0,TRANSFER TO 98353042666 /,0.0,885.0,885.0,Credit,0.0
2-Mar-26,2-Mar-26,TO TRANSFER-INB 002020326370084 2603101169292 I-- 99922 11417.0,2603101169292CK00OBVUV1               TRANSFER TO 35653254476                           EMPLOYEES PROVIDENT FU /,0.0,11417.0,11417.0,Credit,0.0
3-Mar-26,3-Mar-26,BY TRANSFER-NEFT*KKBK0000958*KKBK260623715281*SENIOR ACCOUNTS-- 4430 0.0,TRANSFER FROM 99509044300 /,300300.0,300300.0,300300.0,Debit,0.0
3-Mar-26,3-Mar-26,BY TRANSFER-NEFT*KKBK0000958*KKBK260623715282*SENIOR ACCOUNTS-- 4430 0.0,TRANSFER FROM 99509044300 /,214455.0,214455.0,214455.0,Debit,0.0
3-Mar-26,3-Mar-26,BY TRANSFER-NEFT*KKBK0000958*KKBK260623715280*SENIOR ACCOUNTS-- 4430 0.0,TRANSFER FROM 99509044300 /,528658.0,528658.0,528658.0,Debit,0.0
5-Mar-26,5-Mar-26,BY TRANSFER-CMP DELHI DEVELOPMENT AUTHORITY-- 99922 0.0,CMP00000001398253023AOAB887261               TRANSFER FROM 41703277899                         DDA MAIN ACCOUNT /,374400.0,374400.0,374400.0,Debit,0.0
5-Mar-26,5-Mar-26,BY TRANSFER-CMP DELHI DEVELOPMENT AUTHORITY-- 99922 0.0,CMP00000001398257068AOAB887363               TRANSFER FROM 41703277899                         DDA MAIN ACCOUNT /,175174.0,175174.0,175174.0,Debit,0.0
