Book_Description,Bank_Description,Book_Amount,Bank_Amount,Book_Date,Bank_Date,Book_Reference,Bank_Reference,Book_Cheque,Bank_Cheque,UPI_ID,UPI_Type,UPI_App,Status
UPI/DR/403832645883/MEERA JOSHI/Rent Payment,UPI FAILED 317158893990,1000,0,2026-04-08,2026-04-08,REF76237,REF76237,,,shop@okicici,Bill Payment,BHIM,UPI Failed
EMI PAYMENT AXIS REF:108028583755,UPI FAILED 150711229823,1200,0,2026-06-28,2026-06-28,REF55082,REF55082,,,xyz456@ybl,P2M,AmazonPay,UPI Failed
BILL PAYMENT MOBILE REF:498837994177,BILL PAYMENT MOBILE REF:498837994177,650,650,2026-05-15,2026-05-15,REF93320,REF93320,CHQ3664,CHQ3664,user@ibl,P2M,AmazonPay,Matched
RECEIVED FROM ANITA DEVI VIA Cred,UPI FAILED 726820024292,150,0,2026-07-09,2026-07-09,REF18675,REF51245,,,pay@oksbi,Subscription,Cred,UPI Failed
NEFT/371182647325/SUNIL VERMA/Subscription,,999,0,2026-08-03,2026-08-03,REF16175,,CHQ3504,,shop@okicici,Salary Transfer,GPay,Unmatched
Cred UPI TRANSFER NEHA CHOPRA REF:615379416985,Cred UPI TRANSFER NEHA CHOPRA REF:615379416985,75000,75000,2026-07-06,2026-07-06,REF69470,REF69470,,,bill@paytm,Merchant Payment,AmazonPay,Matched
RECHARGE AIRTEL REF:429103158382,UPI PENDING SETTLEMENT 161157982007,499,499,2026-01-04,2026-04-19,REF57576,REF21226,CHQ6038,CHQ6038,user@okhdfcbank,Rent Payment,Mobikwik,Pending Settlement
BILL PAYMENT MOBILE REF:282750014896,BILL PAYMENT MOBILE REF:282750014896,1300,1300,2026-09-15,2026-09-15,REF25860,REF25860,,,rent@upi,Bill Payment,AmazonPay,Matched
UPI/CR/794529888366/MEERA JOSHI/EMI Payment,UPI/CR/794529888366/MEERA JOSHI/EMI Payment,10000,10000,2026-09-05,2026-09-05,REF84847,REF84847,,,shop@okicici,Bill Payment,GPay,Matched
UPI P2M BAJAJ FINSERV 565378164447,UPI P2M BAJAJ FINSERV 565378164447,7500,7500,2026-04-18,2026-04-18,REF68800,REF68800,,,user@okhdfcbank,Insurance Premium,Mobikwik,Matched
RECEIVED FROM NEHA CHOPRA VIA Mobikwik,RECEIVED FROM NEHA CHOPRA VIA Mobikwik,850,850,2026-01-06,2026-08-10,REF59672,REF59672,,,shop@okicici,Rent Payment,Cred,Duplicate
UPI/AmazonPay/422938152332/KIRAN SINGH/P2P,UPI REVERSAL 662472262434,2250,-2250,2026-09-28,2026-09-28,REF79615,REF79615,,,user@okhdfcbank,Bill Payment,BHIM,UPI Reversed
INSURANCE PREMIUM ICICI PRUDENTIAL REF:373029676920,INSURANCE PREMIUM ICICI PRUDENTIAL REF:373029676920,150,150,2026-04-09,2026-04-09,REF61876,REF61876,,,user@okhdfcbank,P2P,BHIM,Matched
Paytm UPI TRANSFER RAJESH YADAV REF:211652384077,UPI FAILED 830178040304,3000,0,2026-08-27,2026-02-05,REF81200,REF49240,CHQ9666,CHQ9666,user@ibl,P2M,GPay,UPI Failed
UPI/Cred/410407371993/ARUN NAIR/Mobile Recharge,UPI/Cred/410407371993/ARUN NAIR/Mobile Recharge,19999,19998.9,2026-07-27,2026-07-27,REF46265,REF46265,,,store@okaxis,Rent Payment,Cred,Partial Match
UPI/DR/182084873288/VIKAS GUPTA/Rent Payment,,550,0,2026-01-12,2026-01-12,REF37535,,,,rent@upi,Subscription,AmazonPay,Unmatched
INSURANCE PREMIUM ICICI PRUDENTIAL REF:361691846325,INSURANCE PREMIUM ICICI PRUDENTIAL REF:361691846325,1200,1200.05,2026-07-28,2026-07-28,REF15075,REF15075,CHQ4644,CHQ4644,user@apl,Bill Payment,GPay,Partial Match
UPI P2M AXIS BANK 406352552364,UPI REVERSAL 579303623884,25000,-25000,2026-03-19,2026-03-19,REF44795,REF44795,,,shop@okicici,Salary Transfer,AmazonPay,UPI Reversed
INSURANCE PREMIUM STAR HEALTH REF:308634857005,INSURANCE PREMIUM STAR HEALTH REF:308634857005,350,350,2026-10-11,2026-10-11,REF96951,REF96951,CHQ5920,CHQ5920,user@federal,Subscription,Cred,Matched
UPI/Paytm/560385447606/ARUN KUMAR/Subscription,UPI/Paytm/560385447606/ARUN KUMAR/Subscription,1100,1100,2026-10-20,2026-10-20,REF95813,REF95813,,,bill@paytm,Insurance Premium,Mobikwik,Matched
EMI PAYMENT ICICI REF:287844524081,UPI PENDING SETTLEMENT 772055593219,7500,7500,2026-03-01,2026-02-15,REF16057,REF16057,,,merchant@ccavenue,Subscription,BHIM,Pending Settlement
UPI/PhonePe/858731991785/GEETA AGRAWAL/Rent Payment,UPI/PhonePe/858731991785/GEETA AGRAWAL/Rent Payment,2000,2000,2026-08-22,2026-08-22,REF79616,REF68008,CHQ6198,CHQ6198,bill@paytm,Subscription,Mobikwik,Matched
PAYMENT TO HDFC LIFE VIA PhonePe,UPI PENDING SETTLEMENT 449334805176,1300,1300,2026-02-23,2026-09-03,REF47450,REF47450,,,merchant@razorpay,Bill Payment,GPay,Pending Settlement
UPI P2P RAJESH YADAV 613431605339,,450,0,2026-05-25,2026-05-25,REF61116,,CHQ7865,,user@apl,Insurance Premium,PhonePe,Unmatched
PAYMENT TO JIO VIA PhonePe,PAYMENT TO JIO VIA PhonePe,200,200,2026-02-21,2026-02-21,REF66179,REF66179,,,xyz456@ybl,EMI Payment,PhonePe,Matched
UPI P2P AMIT KUMAR 406571012708,,200,0,2026-04-07,2026-04-07,REF12671,,,,user@oksbi,Salary Transfer,PhonePe,Unmatched
NEFT/507020728093/ARUN KUMAR/P2M,,200,0,2026-05-19,2026-05-19,REF98781,,CHQ7149,,user@okhdfcbank,Salary Transfer,Cred,Unmatched
IMPS/864941841452/SNEHA SINGH/P2P,IMPS/864941841452/SNEHA SINGH/P2P,999,999.01,2026-11-11,2026-08-23,REF11658,REF93307,CHQ9031,CHQ9031,merchant@razorpay,Subscription,PhonePe,Partial Match
BILL PAYMENT WATER REF:775469860518,BILL PAYMENT WATER REF:775469860518,1300,1305.0,2026-04-25,2026-04-25,REF70910,REF70910,,,user@federal,Merchant Payment,BHIM,Partial Match
EMI PAYMENT AXIS REF:474771769915,EMI PAYMENT AXIS REF:474771769915,2999,2999,2026-04-23,2026-04-23,REF72402,REF72402,,,user@okhdfcbank,Mobile Recharge,PhonePe,Matched
IMPS/827164617915/LATA MISHRA/EMI Payment,,50000,0,2026-05-09,2026-05-09,REF40217,,,,rent@upi,Merchant Payment,PhonePe,Unmatched
PAYMENT TO NETFLIX VIA GPay,PAYMENT TO NETFLIX VIA GPay,100,100,2026-12-18,2026-12-18,REF26591,REF82529,,,merchant@razorpay,Insurance Premium,GPay,Matched
GPay UPI TRANSFER ARUN NAIR REF:616617303633,GPay UPI TRANSFER ARUN NAIR REF:616617303633,499,499,2026-02-19,2026-02-19,REF92502,REF92502,,,user@axl,P2M,PhonePe,Duplicate
EMI PAYMENT AXIS REF:767507384687,EMI PAYMENT AXIS REF:767507384687,100000,100000,2026-10-20,2026-04-21,REF17894,REF17894,,,merchant@ccavenue,Mobile Recharge,Cred,Matched
IMPS/706336912249/RAHUL SHARMA/Salary Transfer,IMPS/706336912249/RAHUL SHARMA/Salary Transfer,75000,75000,2026-12-28,2026-12-28,REF69510,REF69510,,,salary@bank,Bill Payment,BHIM,Matched
IMPS/265990327202/AMIT KUMAR/Mobile Recharge,IMPS/265990327202/AMIT KUMAR/Mobile Recharge,1750,1750,2026-12-10,2026-12-10,REF62757,REF62757,CHQ9199,CHQ9199,user@ybl,Subscription,Cred,Matched
NEFT/198895336689/KIRAN SINGH/Mobile Recharge,NEFT/198895336689/KIRAN SINGH/Mobile Recharge,1300,1300,2026-05-06,2026-05-06,REF86720,REF21959,,,shop@okicici,EMI Payment,Paytm,Matched
RECHARGE AIRTEL REF:461467990358,UPI REVERSAL 609136562669,150,-150,2026-02-25,2026-02-25,REF62976,REF62976,CHQ1018,CHQ1018,abc123@paytm,Salary Transfer,Mobikwik,UPI Reversed
PAYMENT TO BIGBASKET VIA Paytm,,20000,0,2026-12-06,2026-12-06,REF50730,,,,user@oksbi,Insurance Premium,GPay,Unmatched
UPI/BHIM/420905367754/GEETA AGRAWAL/Bill Payment,UPI FAILED 970902008220,9999,0,2026-09-24,2026-09-09,REF27892,REF54548,CHQ5526,CHQ5526,user@paytm,Mobile Recharge,Cred,UPI Failed
Paytm UPI TRANSFER NEHA CHOPRA REF:639705335953,Paytm UPI TRANSFER NEHA CHOPRA REF:639705335953,7500,7500,2026-12-08,2026-12-08,REF84946,REF63841,,,pay@oksbi,Subscription,BHIM,Matched
EMI PAYMENT KOTAK REF:816489655032,UPI PENDING SETTLEMENT 182267355023,1750,1750,2026-01-24,2026-08-26,REF28894,REF54375,,,xyz456@ybl,P2M,Mobikwik,Pending Settlement
BILL PAYMENT ELECTRICITY REF:687806398846,BILL PAYMENT ELECTRICITY REF:687806398846,1100,1100,2026-02-25,2026-02-25,REF93066,REF93066,CHQ2646,CHQ2646,user@paytm,P2P,Paytm,Matched
NEFT/509561481457/MEERA JOSHI/Salary Transfer,NEFT/509561481457/MEERA JOSHI/Salary Transfer,14999,14998.0,2026-07-20,2026-07-20,REF99539,REF99539,,,store@okaxis,Mobile Recharge,Cred,Partial Match
EMI PAYMENT SBI REF:844264710793,EMI PAYMENT SBI REF:844264710793,7500,7500,2026-07-28,2026-07-28,REF73335,REF73335,,,user@axl,Mobile Recharge,GPay,Matched
BILL PAYMENT MOBILE REF:402347683453,UPI PENDING SETTLEMENT 893519162349,15000,15000,2026-11-07,2026-11-22,REF91381,REF92345,,,user@ybl,Mobile Recharge,Mobikwik,Pending Settlement
Cred UPI TRANSFER KAVITA REDDY REF:904725951409,,1499,0,2026-09-09,2026-05-24,REF31567,REF73156,,,user@federal,P2M,BHIM,Unmatched
UPI/Mobikwik/897473738038/DEEPA KAPOOR/Subscription,UPI PENDING SETTLEMENT 356301471392,25000,25000,2026-10-13,2026-06-20,REF93695,REF93695,CHQ2775,CHQ2775,user@apl,P2M,Cred,Pending Settlement
INSURANCE PREMIUM SBI LIFE REF:433723585310,INSURANCE PREMIUM SBI LIFE REF:433723585310,2000,2005.0,2026-07-15,2026-07-15,REF58629,REF58629,,,shop@okicici,P2M,Mobikwik,Partial Match
UPI P2M JIO 135561213146,,50000,0,2026-04-04,2026-04-04,REF69600,,,,user@paytm,P2P,Mobikwik,Unmatched
UPI/AmazonPay/721855335832/NEHA CHOPRA/Bill Payment,UPI/AmazonPay/721855335832/NEHA CHOPRA/Bill Payment,100,100,2026-05-28,2026-05-28,REF28964,REF28964,CHQ9850,CHQ9850,user@paytm,Merchant Payment,GPay,Matched
EMI PAYMENT AXIS REF:745267002855,EMI PAYMENT AXIS REF:745267002855,1300,1300,2026-06-17,2026-01-24,REF87812,REF87812,,,bill@paytm,Mobile Recharge,BHIM,Matched
UPI/DR/569876368241/SNEHA SINGH/EMI Payment,UPI FAILED 757106922666,14999,0,2026-11-19,2026-11-19,REF81874,REF81874,CHQ7240,CHQ7240,shop@okicici,P2M,Mobikwik,UPI Failed
RECHARGE BSNL REF:815776541878,UPI REVERSAL 271599373228,150,-150,2026-07-11,2026-07-11,REF97177,REF97177,,,user@okhdfcbank,P2M,GPay,UPI Reversed
SUBSCRIPTION NETFLIX REF:511194997777,,500,0,2026-05-20,2026-05-20,REF50953,,,,pay@oksbi,Bill Payment,Mobikwik,Unmatched
RECHARGE AIRTEL REF:506116067841,RECHARGE AIRTEL REF:506116067841,200,200,2026-03-09,2026-10-22,REF50499,REF50499,CHQ6751,CHQ6751,xyz456@ybl,P2M,PhonePe,Matched
UPI/DR/920732849790/RAVI TEJA/EMI Payment,UPI/DR/920732849790/RAVI TEJA/EMI Payment,9999,9998.0,2026-02-02,2026-02-02,REF30392,REF30392,,,shop@okicici,Insurance Premium,AmazonPay,Partial Match
NEFT/929854549786/DEEPA KAPOOR/Mobile Recharge,,250,0,2026-04-13,2026-03-25,REF88554,,,,user@ibl,Mobile Recharge,Paytm,Unmatched
PAYMENT TO HDFC BANK VIA Cred,PAYMENT TO HDFC BANK VIA Cred,250,250,2026-07-01,2026-07-01,REF70260,REF70260,CHQ6129,CHQ6129,shop@okicici,Mobile Recharge,GPay,Matched
UPI P2P DEEPA KAPOOR 981206485371,,850,0,2026-05-24,2026-05-24,REF54500,,,,user@oksbi,Rent Payment,AmazonPay,Unmatched
EMI PAYMENT ICICI REF:483752644697,EMI PAYMENT ICICI REF:483752644697,19999,19999,2026-08-15,2026-11-21,REF83889,REF83889,CHQ8354,CHQ8354,user@federal,EMI Payment,PhonePe,Matched
PAYMENT TO FLIPKART VIA Paytm,,500,0,2026-06-27,2026-06-27,REF47627,REF21835,,,bill@paytm,Subscription,BHIM,Unmatched
EMI PAYMENT SBI REF:594097430252,UPI FAILED 584075549229,1000,0,2026-09-21,2026-09-21,REF32617,REF78690,,,merchant@payu,EMI Payment,Paytm,UPI Failed
UPI P2M AXIS BANK 952159175784,UPI PENDING SETTLEMENT 187331124984,75000,75000,2026-05-24,2026-10-22,REF96057,REF96057,CHQ3463,CHQ3463,xyz456@ybl,Merchant Payment,AmazonPay,Pending Settlement
UPI/CR/715509967407/ARUN NAIR/Rent Payment,UPI REVERSAL 345637792072,100000,-100000,2026-03-07,2026-03-07,REF54791,REF30308,CHQ8967,CHQ8967,user@oksbi,Rent Payment,Mobikwik,UPI Reversed
SUBSCRIPTION SPOTIFY REF:679321003667,,1300,0,2026-01-14,2026-01-14,REF57749,,,,user@axl,Insurance Premium,PhonePe,Unmatched
NEFT/993205436233/DEEPA KAPOOR/Insurance Premium,,950,0,2026-03-27,2026-03-27,REF36174,REF16839,CHQ3267,,abc123@paytm,Rent Payment,GPay,Unmatched
RECEIVED FROM KAVITA REDDY VIA BHIM,UPI REVERSAL 359304190129,450,-450,2026-01-14,2026-01-14,REF16980,REF16980,,,user@apl,P2P,Paytm,UPI Reversed
RECHARGE BSNL REF:816034202609,UPI PENDING SETTLEMENT 701937603321,100,100,2026-02-01,2026-12-20,REF43544,REF43544,,,user@axl,Bill Payment,Paytm,Pending Settlement
IMPS/801882806220/AMIT KUMAR/Insurance Premium,IMPS/801882806220/AMIT KUMAR/Insurance Premium,20000,20000,2026-12-05,2026-12-05,REF48177,REF48177,,,shop@okicici,Merchant Payment,Cred,Matched
RECEIVED FROM AMIT KUMAR VIA Mobikwik,UPI REVERSAL 176401111736,19999,-19999,2026-07-12,2026-07-12,REF43246,REF43246,CHQ6850,CHQ6850,user@oksbi,Salary Transfer,Cred,UPI Reversed
UPI/Cred/486737476962/ANITA DEVI/Insurance Premium,UPI/Cred/486737476962/ANITA DEVI/Insurance Premium,1750,1749.95,2026-01-10,2026-01-10,REF36422,REF36422,,,xyz456@ybl,Rent Payment,BHIM,Partial Match
EMI PAYMENT AXIS REF:308936846719,EMI PAYMENT AXIS REF:308936846719,650,650,2026-06-06,2026-06-06,REF75038,REF75038,,,user@ibl,P2M,Cred,Matched
UPI P2M ZOMATO 301100424526,,1100,0,2026-03-23,2026-06-20,REF68183,,,,shop@okicici,Mobile Recharge,Cred,Unmatched
UPI/DR/834761706971/MOHAN LAL/Merchant Payment,UPI PENDING SETTLEMENT 136796035576,750,750,2026-04-25,2026-06-15,REF94562,REF94562,,,user@okhdfcbank,Salary Transfer,PhonePe,Pending Settlement
UPI P2M AMAZON 814314846322,,25000,0,2026-05-23,2026-05-23,REF68493,,,,pay@oksbi,Bill Payment,GPay,Unmatched
UPI/CR/290920069592/AMIT KUMAR/P2M,UPI/CR/290920069592/AMIT KUMAR/P2M,19999,19999,2026-03-26,2026-03-26,REF57381,REF57381,,,merchant@razorpay,Bill Payment,Mobikwik,Matched
UPI P2P NEHA CHOPRA 729444729179,,950,0,2026-07-27,2026-07-27,REF85353,REF94192,,,store@okaxis,Rent Payment,Paytm,Unmatched
RECHARGE JIO REF:708941592508,RECHARGE JIO REF:708941592508,3000,3000,2026-06-23,2026-06-23,REF39552,REF47230,,,user@ibl,Bill Payment,Cred,Matched
NEFT/787732369667/NEHA CHOPRA/Merchant Payment,UPI PENDING SETTLEMENT 133774683071,9999,9999,2026-06-27,2026-02-02,REF83874,REF85598,,,merchant@ccavenue,Salary Transfer,BHIM,Pending Settlement
UPI/DR/699694103067/KAVITA REDDY/Subscription,UPI FAILED 257224408651,1300,0,2026-07-16,2026-07-16,REF70875,REF70875,,,abc123@paytm,Subscription,PhonePe,UPI Failed
RECEIVED FROM ARUN NAIR VIA Paytm,RECEIVED FROM ARUN NAIR VIA Paytm,650,650.1,2026-10-14,2026-10-14,REF42541,REF42541,CHQ3616,CHQ3616,bill@paytm,Insurance Premium,BHIM,Partial Match
PAYMENT TO CROMA VIA PhonePe,PAYMENT TO CROMA VIA PhonePe,9999,9999,2026-11-22,2026-11-22,REF71680,REF71680,,,merchant@razorpay,Mobile Recharge,Cred,Duplicate
UPI P2M HDFC BANK 148816329217,UPI P2M HDFC BANK 148816329217,1300,1300,2026-09-09,2026-07-12,REF91689,REF91689,,,user@federal,Rent Payment,Paytm,Matched
IMPS/660933307161/PRIYA PATEL/Merchant Payment,IMPS/660933307161/PRIYA PATEL/Merchant Payment,2500,2501.0,2026-10-17,2026-12-27,REF28321,REF28321,,,user@axl,Salary Transfer,Paytm,Partial Match
RECEIVED FROM KIRAN SINGH VIA Paytm,,19999,0,2026-01-20,2026-10-19,REF72205,,,,user@apl,P2P,AmazonPay,Unmatched
RECEIVED FROM ARUN KUMAR VIA PhonePe,,150,0,2026-07-05,2026-07-05,REF64127,,,,pay@oksbi,P2P,Cred,Unmatched
IMPS/458891275909/MOHAN LAL/Insurance Premium,IMPS/458891275909/MOHAN LAL/Insurance Premium,2250,2250,2026-04-08,2026-05-25,REF46569,REF46569,,,user@axl,Bill Payment,Cred,Matched
UPI P2P KAVITA REDDY 484312829345,UPI REVERSAL 819159529356,250,-250,2026-05-23,2026-05-23,REF20358,REF20358,,,merchant@ccavenue,Rent Payment,Paytm,UPI Reversed
SUBSCRIPTION APPLE ICLOUD REF:251490460699,UPI PENDING SETTLEMENT 253634270376,1200,1200,2026-07-11,2026-01-18,REF71918,REF30701,,,pay@oksbi,Insurance Premium,Cred,Pending Settlement
NEFT/414912017394/KIRAN SINGH/P2P,NEFT/414912017394/KIRAN SINGH/P2P,499,499,2026-03-24,2026-03-24,REF47941,REF47941,CHQ1151,CHQ1151,user@federal,Mobile Recharge,BHIM,Matched
RECEIVED FROM VIKAS GUPTA VIA PhonePe,UPI PENDING SETTLEMENT 313705902154,100,100,2026-12-11,2026-03-20,REF48669,REF63148,,,bill@paytm,EMI Payment,GPay,Pending Settlement
UPI/CR/624589933523/MEERA JOSHI/Bill Payment,,3999,0,2026-01-09,2026-01-09,REF95679,,,,store@okaxis,Mobile Recharge,PhonePe,Unmatched
RECEIVED FROM KAVITA REDDY VIA AmazonPay,,9999,0,2026-06-14,2026-06-14,REF81989,REF38627,CHQ9806,,user@okhdfcbank,Rent Payment,BHIM,Unmatched
UPI P2P RAVI TEJA 222682170508,,1500,0,2026-11-07,2026-11-07,REF86434,REF68390,,,store@okaxis,Merchant Payment,AmazonPay,Unmatched
Paytm UPI TRANSFER RAHUL SHARMA REF:714428300898,,450,0,2026-12-03,2026-12-03,REF80931,REF71875,CHQ2130,,shop@okicici,Merchant Payment,Mobikwik,Unmatched
BILL PAYMENT INTERNET REF:903065826504,BILL PAYMENT INTERNET REF:903065826504,5000,5000,2026-09-13,2026-09-13,REF79316,REF10455,,,user@axl,Insurance Premium,Cred,Matched
UPI P2M HOTSTAR 518896465182,UPI REVERSAL 589770480738,200,-200,2026-04-07,2026-04-07,REF18819,REF18819,,,user@ybl,Bill Payment,Cred,UPI Reversed
PAYMENT TO BSNL VIA Paytm,PAYMENT TO BSNL VIA Paytm,150,150,2026-04-10,2026-04-10,REF28777,REF28777,CHQ9540,CHQ9540,user@ybl,Rent Payment,AmazonPay,Matched
INSURANCE PREMIUM STAR HEALTH REF:787946958681,INSURANCE PREMIUM STAR HEALTH REF:787946958681,2500,2500,2026-05-13,2026-05-13,REF34101,REF34101,CHQ8758,CHQ8758,merchant@razorpay,Insurance Premium,GPay,Duplicate
UPI P2M TATACLIQ 682214113345,UPI FAILED 840354299038,1999,0,2026-12-27,2026-12-27,REF34966,REF34966,,,user@okhdfcbank,Bill Payment,Mobikwik,UPI Failed
SUBSCRIPTION SPOTIFY REF:717064181373,SUBSCRIPTION SPOTIFY REF:717064181373,9999,9999.1,2026-12-07,2026-12-07,REF61987,REF61987,CHQ6269,CHQ6269,user@axl,Mobile Recharge,Paytm,Partial Match
PAYMENT TO HOTSTAR VIA Paytm,,25000,0,2026-09-19,2026-09-19,REF85909,,CHQ5836,,xyz456@ybl,Salary Transfer,Mobikwik,Unmatched
RECEIVED FROM SUNIL VERMA VIA PhonePe,RECEIVED FROM SUNIL VERMA VIA PhonePe,500,500,2026-09-02,2026-09-02,REF19742,REF19742,CHQ1794,CHQ1794,user@apl,P2M,Cred,Matched
IMPS/600388312673/ARUN KUMAR/Salary Transfer,IMPS/600388312673/ARUN KUMAR/Salary Transfer,2999,2999,2026-07-01,2026-01-17,REF12192,REF12192,,,shop@okicici,Merchant Payment,GPay,Matched
RECEIVED FROM RAJESH YADAV VIA Mobikwik,UPI PENDING SETTLEMENT 817605785471,1750,1750,2026-10-08,2026-11-25,REF39603,REF39603,,,xyz456@ybl,Rent Payment,BHIM,Pending Settlement
UPI/DR/287702290673/AMIT KUMAR/EMI Payment,UPI/DR/287702290673/AMIT KUMAR/EMI Payment,3999,3999,2026-08-09,2026-08-09,REF16102,REF83860,CHQ5593,CHQ5593,merchant@payu,EMI Payment,GPay,Matched
AmazonPay UPI TRANSFER KAVITA REDDY REF:925253018877,UPI PENDING SETTLEMENT 355280350219,1000,1000,2026-09-24,2026-02-11,REF55332,REF55332,,,xyz456@ybl,EMI Payment,GPay,Pending Settlement
EMI PAYMENT KOTAK REF:598184362921,UPI FAILED 517274201703,75000,0,2026-04-23,2026-04-23,REF19634,REF19634,,,xyz456@ybl,EMI Payment,Paytm,UPI Failed
UPI/DR/439057432441/SURESH PANDIT/P2M,UPI/DR/439057432441/SURESH PANDIT/P2M,999,999,2026-07-04,2026-07-04,REF13442,REF13442,,,user@federal,Subscription,GPay,Matched
UPI P2M BSNL 193540819071,UPI P2M BSNL 193540819071,499,499,2026-03-03,2026-03-03,REF31916,REF31916,,,user@okhdfcbank,EMI Payment,Paytm,Matched
SUBSCRIPTION NETFLIX REF:643850378538,UPI PENDING SETTLEMENT 248581786231,650,650,2026-06-15,2026-05-11,REF53874,REF53874,,,pay@oksbi,EMI Payment,PhonePe,Pending Settlement
UPI P2P MEERA JOSHI 908705611934,UPI PENDING SETTLEMENT 128132461666,7500,7500,2026-10-18,2026-12-15,REF33583,REF37479,,,user@axl,P2M,Mobikwik,Pending Settlement
EMI PAYMENT AXIS REF:840491624663,EMI PAYMENT AXIS REF:840491624663,9999,10004.0,2026-08-19,2026-08-19,REF62534,REF62534,,,abc123@paytm,Rent Payment,AmazonPay,Partial Match
UPI/CR/942283328121/DEEPA KAPOOR/P2P,UPI FAILED 712113575481,100,0,2026-02-09,2026-02-09,REF39098,REF39098,,,store@okaxis,EMI Payment,BHIM,UPI Failed
BILL PAYMENT WATER REF:858442218719,,450,0,2026-05-11,2026-05-11,REF69681,,CHQ9537,,store@okaxis,Insurance Premium,Paytm,Unmatched
UPI/DR/880868802680/SNEHA SINGH/Merchant Payment,UPI/DR/880868802680/SNEHA SINGH/Merchant Payment,350,350,2026-09-14,2026-09-14,REF70562,REF70562,,,shop@okicici,Subscription,GPay,Matched
INSURANCE PREMIUM BAJAJ ALLIANZ REF:594768741028,INSURANCE PREMIUM BAJAJ ALLIANZ REF:594768741028,1999,1999.01,2026-03-12,2026-03-12,REF52727,REF52727,,,user@federal,Salary Transfer,BHIM,Partial Match
Mobikwik UPI TRANSFER ARUN KUMAR REF:482742712378,UPI FAILED 257597109944,1500,0,2026-04-10,2026-04-10,REF25328,REF25328,,,merchant@razorpay,Salary Transfer,BHIM,UPI Failed
PAYMENT TO VODAFONE VIA Paytm,,450,0,2026-01-16,2026-01-16,REF27895,,,,pay@oksbi,Subscription,Cred,Unmatched
SUBSCRIPTION NETFLIX REF:588938612271,,75000,0,2026-03-25,2026-03-25,REF69942,,,,bill@paytm,P2M,AmazonPay,Unmatched
EMI PAYMENT AXIS REF:503687814209,EMI PAYMENT AXIS REF:503687814209,25000,25000,2026-06-28,2026-06-28,REF21401,REF41056,,,salary@bank,EMI Payment,Mobikwik,Matched
BILL PAYMENT DTH REF:282227589968,UPI REVERSAL 666325870072,3000,-3000,2026-06-23,2026-06-23,REF48356,REF99037,,,merchant@razorpay,Subscription,GPay,UPI Reversed
RECHARGE BSNL REF:240256006542,UPI PENDING SETTLEMENT 796109041872,19999,19999,2026-05-21,2026-02-13,REF64293,REF64293,,,abc123@paytm,Insurance Premium,BHIM,Pending Settlement
UPI/DR/954135455024/AMIT KUMAR/Rent Payment,UPI/DR/954135455024/AMIT KUMAR/Rent Payment,50000,50000,2026-06-27,2026-06-27,REF47171,REF47171,,,pay@oksbi,EMI Payment,Cred,Matched
UPI/DR/787622437601/SURESH PANDIT/Insurance Premium,UPI/DR/787622437601/SURESH PANDIT/Insurance Premium,3000,3000.01,2026-05-03,2026-05-03,REF95798,REF95798,,,user@ybl,Subscription,Cred,Partial Match
SUBSCRIPTION SPOTIFY REF:356646767873,SUBSCRIPTION SPOTIFY REF:356646767873,100,100,2026-01-23,2026-01-23,REF55032,REF55032,CHQ7919,CHQ7919,user@apl,Subscription,GPay,Matched
UPI/CR/444040630909/KAVITA REDDY/Merchant Payment,UPI/CR/444040630909/KAVITA REDDY/Merchant Payment,100,95.0,2026-10-21,2026-10-21,REF31511,REF31511,,,shop@okicici,Salary Transfer,Cred,Partial Match
IMPS/250755349756/MOHAN LAL/EMI Payment,,20000,0,2026-09-20,2026-09-20,REF88644,,CHQ5668,,user@axl,Bill Payment,AmazonPay,Unmatched
IMPS/532708693586/MEERA JOSHI/P2M,UPI FAILED 698569888727,550,0,2026-06-05,2026-06-05,REF60703,REF60703,CHQ7895,CHQ7895,user@okhdfcbank,P2P,AmazonPay,UPI Failed
NEFT/143876281848/RAVI TEJA/Rent Payment,NEFT/143876281848/RAVI TEJA/Rent Payment,19999,19999,2026-09-18,2026-09-18,REF90746,REF90746,,,merchant@ccavenue,Merchant Payment,AmazonPay,Matched
Mobikwik UPI TRANSFER GEETA AGRAWAL REF:940242895757,Mobikwik UPI TRANSFER GEETA AGRAWAL REF:940242895757,1750,1750,2026-10-20,2026-10-20,REF17212,REF17212,,,user@oksbi,P2P,Cred,Matched
UPI/DR/646164502396/DEEPA KAPOOR/Merchant Payment,UPI/DR/646164502396/DEEPA KAPOOR/Merchant Payment,350,350,2026-07-09,2026-07-09,REF78662,REF78662,,,user@okhdfcbank,Insurance Premium,BHIM,Matched
UPI/DR/282823383819/DEEPA KAPOOR/Salary Transfer,,250,0,2026-01-08,2026-01-08,REF16026,,,,user@ybl,Rent Payment,Mobikwik,Unmatched
SUBSCRIPTION NETFLIX REF:562377724864,UPI PENDING SETTLEMENT 951616023363,500,500,2026-03-08,2026-05-11,REF77603,REF77603,CHQ7568,CHQ7568,abc123@paytm,Bill Payment,Paytm,Pending Settlement
NEFT/786076254724/DEEPA KAPOOR/Bill Payment,UPI FAILED 863815154283,950,0,2026-01-08,2026-01-08,REF80981,REF53911,,,xyz456@ybl,Mobile Recharge,GPay,UPI Failed
IMPS/638674007297/SUNIL VERMA/Bill Payment,IMPS/638674007297/SUNIL VERMA/Bill Payment,1000,1000,2026-10-04,2026-10-04,REF76247,REF19808,,,user@ybl,Subscription,Cred,Matched
IMPS/384720580530/ARUN NAIR/Mobile Recharge,UPI PENDING SETTLEMENT 548025361497,1200,1200,2026-03-04,2026-02-18,REF31544,REF31544,,,store@okaxis,Mobile Recharge,BHIM,Pending Settlement
UPI/CR/272187046599/ARUN KUMAR/EMI Payment,UPI/CR/272187046599/ARUN KUMAR/EMI Payment,999,999,2026-01-22,2026-08-18,REF49169,REF14073,,,rent@upi,Bill Payment,GPay,Matched
EMI PAYMENT KOTAK REF:253733242263,,4999,0,2026-05-27,2026-08-26,REF19828,,,,merchant@razorpay,P2M,Mobikwik,Unmatched
UPI P2P ANITA DEVI 143475925266,UPI P2P ANITA DEVI 143475925266,450,449.95,2026-04-06,2026-04-06,REF46042,REF46042,,,user@axl,Insurance Premium,BHIM,Partial Match
PAYMENT TO AIRTEL VIA PhonePe,PAYMENT TO AIRTEL VIA PhonePe,2250,2250,2026-09-26,2026-09-26,REF73527,REF73527,,,user@ibl,Merchant Payment,GPay,Duplicate
IMPS/958180376221/LATA MISHRA/Salary Transfer,IMPS/958180376221/LATA MISHRA/Salary Transfer,50000,50000,2026-09-27,2026-07-12,REF17328,REF17328,CHQ4594,CHQ4594,merchant@payu,Merchant Payment,PhonePe,Matched
EMI PAYMENT ICICI REF:867674315946,UPI FAILED 160517194624,499,0,2026-09-10,2026-09-10,REF33010,REF33010,,,bill@paytm,Insurance Premium,GPay,UPI Failed
GPay UPI TRANSFER ANITA DEVI REF:985628545900,GPay UPI TRANSFER ANITA DEVI REF:985628545900,550,550,2026-02-12,2026-02-12,REF96787,REF96787,,,merchant@razorpay,Merchant Payment,Cred,Matched
EMI PAYMENT SBI REF:815057079285,UPI PENDING SETTLEMENT 136797058268,75000,75000,2026-03-06,2026-03-20,REF10235,REF10235,CHQ7415,CHQ7415,user@apl,Salary Transfer,GPay,Pending Settlement
UPI/PhonePe/917466143803/DEEPA KAPOOR/P2M,UPI PENDING SETTLEMENT 219344342189,10000,10000,2026-04-23,2026-12-01,REF18885,REF18885,,,shop@okicici,Merchant Payment,BHIM,Pending Settlement
UPI P2M ICICI BANK 698508980534,,200,0,2026-06-09,2026-06-09,REF23726,,,,user@okhdfcbank,Rent Payment,GPay,Unmatched
BHIM UPI TRANSFER ANITA DEVI REF:632117354605,BHIM UPI TRANSFER ANITA DEVI REF:632117354605,950,950,2026-12-18,2026-12-18,REF80795,REF80795,,,user@ybl,Subscription,AmazonPay,Matched
PAYMENT TO SWIGGY VIA Paytm,,3000,0,2026-11-10,2026-11-10,REF20739,,,,pay@oksbi,Insurance Premium,Cred,Unmatched
BILL PAYMENT ELECTRICITY REF:527538765799,BILL PAYMENT ELECTRICITY REF:527538765799,15000,15000,2026-05-19,2026-05-19,REF18079,REF18079,,,abc123@paytm,Rent Payment,BHIM,Matched
AmazonPay UPI TRANSFER RAVI TEJA REF:706567548592,UPI PENDING SETTLEMENT 978393042187,850,850,2026-12-02,2026-10-22,REF75811,REF29326,,,store@okaxis,Merchant Payment,PhonePe,Pending Settlement
EMI PAYMENT HDFC REF:238266705706,UPI PENDING SETTLEMENT 404326883563,1000,1000,2026-07-18,2026-09-15,REF62082,REF11620,,,salary@bank,Rent Payment,Mobikwik,Pending Settlement
UPI P2M HDFC LIFE 259556498845,,950,0,2026-05-13,2026-05-13,REF95824,,,,user@ibl,Subscription,PhonePe,Unmatched
BILL PAYMENT LANDLINE REF:541065916600,UPI FAILED 247007957701,350,0,2026-05-10,2026-05-10,REF46745,REF46745,CHQ2609,CHQ2609,user@federal,Mobile Recharge,Cred,UPI Failed
BILL PAYMENT MOBILE REF:306541914331,,750,0,2026-05-23,2026-05-23,REF76426,,,,salary@bank,P2P,PhonePe,Unmatched
RECHARGE BSNL REF:370830447947,RECHARGE BSNL REF:370830447947,19999,19999,2026-02-22,2026-02-22,REF14005,REF14005,,,pay@oksbi,Salary Transfer,AmazonPay,Matched
UPI/GPay/921449689442/RAHUL SHARMA/Merchant Payment,UPI/GPay/921449689442/RAHUL SHARMA/Merchant Payment,10000,10000,2026-05-21,2026-05-21,REF63674,REF99417,,,merchant@razorpay,Merchant Payment,AmazonPay,Matched
IMPS/766803939570/GEETA AGRAWAL/EMI Payment,IMPS/766803939570/GEETA AGRAWAL/EMI Payment,1499,1500.0,2026-10-13,2026-10-13,REF86609,REF86609,,,user@axl,Mobile Recharge,Cred,Partial Match
UPI/CR/801267155766/SUNIL VERMA/Mobile Recharge,UPI/CR/801267155766/SUNIL VERMA/Mobile Recharge,850,850,2026-11-11,2026-11-11,REF99228,REF99228,,,user@axl,Mobile Recharge,BHIM,Matched
SUBSCRIPTION APPLE ICLOUD REF:740101821075,,100000,0,2026-03-27,2026-03-27,REF96194,,CHQ3967,,user@ibl,Rent Payment,Mobikwik,Unmatched
BILL PAYMENT INTERNET REF:468935934775,UPI PENDING SETTLEMENT 799505833148,75000,75000,2026-08-28,2026-10-19,REF25437,REF19334,,,merchant@ccavenue,Rent Payment,GPay,Pending Settlement
UPI P2M BIGBASKET 428693153552,UPI P2M BIGBASKET 428693153552,5000,5000,2026-02-16,2026-02-16,REF53598,REF53598,,,user@paytm,Insurance Premium,Paytm,Duplicate
EMI PAYMENT AXIS REF:732084348726,EMI PAYMENT AXIS REF:732084348726,650,650,2026-01-02,2026-01-02,REF79963,REF79963,,,user@federal,Rent Payment,PhonePe,Matched
UPI/DR/905850484197/MEERA JOSHI/P2M,UPI/DR/905850484197/MEERA JOSHI/P2M,250,250,2026-05-10,2026-03-11,REF69759,REF69759,CHQ9587,CHQ9587,pay@oksbi,EMI Payment,Mobikwik,Matched
INSURANCE PREMIUM LIC REF:993001892476,INSURANCE PREMIUM LIC REF:993001892476,250,250,2026-07-21,2026-07-21,REF43526,REF43526,CHQ1796,CHQ1796,user@oksbi,P2P,GPay,Matched
UPI P2M VODAFONE 518520143043,UPI REVERSAL 658796351695,1499,-1499,2026-05-20,2026-05-20,REF89381,REF89381,CHQ7862,CHQ7862,user@oksbi,P2M,BHIM,UPI Reversed
IMPS/391104116929/DEEPA KAPOOR/Mobile Recharge,IMPS/391104116929/DEEPA KAPOOR/Mobile Recharge,350,350,2026-04-01,2026-04-01,REF11671,REF85255,,,merchant@razorpay,P2M,Mobikwik,Matched
SUBSCRIPTION NETFLIX REF:210481918731,,550,0,2026-11-11,2026-11-11,REF65836,REF16014,CHQ2556,,merchant@razorpay,Merchant Payment,Paytm,Unmatched
PAYMENT TO SPOTIFY VIA PhonePe,PAYMENT TO SPOTIFY VIA PhonePe,2250,2250,2026-07-21,2026-07-21,REF31860,REF31860,,,merchant@payu,P2M,BHIM,Matched
PAYMENT TO PRIME VIDEO VIA Mobikwik,UPI PENDING SETTLEMENT 446410473740,1500,1500,2026-07-15,2026-01-23,REF16025,REF78788,,,salary@bank,Salary Transfer,PhonePe,Pending Settlement
BILL PAYMENT INTERNET REF:473117310515,UPI PENDING SETTLEMENT 619041839496,14999,14999,2026-01-01,2026-08-28,REF94331,REF94331,CHQ9283,CHQ9283,user@federal,Bill Payment,Paytm,Pending Settlement
UPI/DR/346990380779/NEHA CHOPRA/Insurance Premium,UPI PENDING SETTLEMENT 542822481206,1300,1300,2026-06-04,2026-07-02,REF75191,REF75191,CHQ1291,CHQ1291,user@okhdfcbank,Salary Transfer,AmazonPay,Pending Settlement
INSURANCE PREMIUM ICICI PRUDENTIAL REF:716363617302,UPI FAILED 226497663694,14999,0,2026-10-16,2026-10-16,REF96136,REF96136,,,user@paytm,EMI Payment,Paytm,UPI Failed
EMI PAYMENT KOTAK REF:702549481308,EMI PAYMENT KOTAK REF:702549481308,7500,7500.05,2026-04-04,2026-04-04,REF61497,REF61497,,,salary@bank,P2M,Mobikwik,Partial Match
PAYMENT TO AMAZON VIA AmazonPay,PAYMENT TO AMAZON VIA AmazonPay,4999,4999,2026-03-24,2026-03-24,REF26827,REF26827,,,user@federal,Rent Payment,BHIM,Duplicate
Paytm UPI TRANSFER MOHAN LAL REF:864143015905,,999,0,2026-05-27,2026-05-27,REF81802,,CHQ4560,,user@axl,EMI Payment,Cred,Unmatched
SUBSCRIPTION GOOGLE ONE REF:297389509112,SUBSCRIPTION GOOGLE ONE REF:297389509112,1100,1100,2026-01-17,2026-01-17,REF23955,REF23955,,,merchant@ccavenue,Mobile Recharge,Mobikwik,Matched
NEFT/377813046063/KAVITA REDDY/Rent Payment,NEFT/377813046063/KAVITA REDDY/Rent Payment,2999,2999.05,2026-04-24,2026-04-24,REF94819,REF94819,,,xyz456@ybl,Subscription,BHIM,Partial Match
BILL PAYMENT MOBILE REF:158205931959,UPI PENDING SETTLEMENT 184536376089,9999,9999,2026-04-25,2026-03-06,REF35362,REF35362,,,user@ybl,Subscription,Paytm,Pending Settlement
UPI/Cred/740641311249/ARUN NAIR/Merchant Payment,UPI FAILED 730457855030,19999,0,2026-10-27,2026-10-27,REF96755,REF96755,,,user@federal,Rent Payment,PhonePe,UPI Failed
RECEIVED FROM RAVI TEJA VIA AmazonPay,UPI PENDING SETTLEMENT 111378657364,350,350,2026-06-10,2026-02-22,REF38632,REF38632,CHQ9691,CHQ9691,user@apl,P2P,Cred,Pending Settlement
UPI P2M HDFC BANK 975812260897,UPI P2M HDFC BANK 975812260897,1300,1300,2026-08-02,2026-08-02,REF48854,REF48854,CHQ4154,CHQ4154,user@oksbi,Merchant Payment,Mobikwik,Duplicate
UPI/DR/171412133809/RAJESH YADAV/Rent Payment,,1750,0,2026-12-11,2026-12-11,REF14965,,,,rent@upi,P2M,AmazonPay,Unmatched
INSURANCE PREMIUM BAJAJ ALLIANZ REF:547787483327,INSURANCE PREMIUM BAJAJ ALLIANZ REF:547787483327,4999,4998.0,2026-01-23,2026-01-23,REF19514,REF19514,,,user@okhdfcbank,Mobile Recharge,Mobikwik,Partial Match
UPI P2M CROMA 132902555461,UPI PENDING SETTLEMENT 104474381572,550,550,2026-01-18,2026-10-20,REF82754,REF82754,,,user@okhdfcbank,Mobile Recharge,PhonePe,Pending Settlement
INSURANCE PREMIUM SBI LIFE REF:481074999209,INSURANCE PREMIUM SBI LIFE REF:481074999209,5000,4999.5,2026-11-26,2026-11-26,REF84356,REF84356,CHQ9992,CHQ9992,user@oksbi,Bill Payment,Cred,Partial Match
UPI P2P KAVITA REDDY 238972851068,UPI FAILED 986328750343,100000,0,2026-12-19,2026-12-19,REF29974,REF29974,,,user@paytm,EMI Payment,PhonePe,UPI Failed
SUBSCRIPTION GOOGLE ONE REF:807552123006,SUBSCRIPTION GOOGLE ONE REF:807552123006,499,499.01,2026-09-04,2026-04-09,REF33038,REF28350,,,user@okhdfcbank,P2M,GPay,Partial Match
BILL PAYMENT ELECTRICITY REF:993487175758,BILL PAYMENT ELECTRICITY REF:993487175758,2250,2250.05,2026-11-25,2026-11-25,REF29481,REF29481,,,user@okhdfcbank,Subscription,Paytm,Partial Match
BILL PAYMENT GAS REF:988903612601,,250,0,2026-04-25,2026-04-25,REF73916,,,,merchant@ccavenue,Rent Payment,Mobikwik,Unmatched
PAYMENT TO ZOMATO VIA Cred,PAYMENT TO ZOMATO VIA Cred,3999,3999,2026-03-13,2026-02-17,REF95678,REF95678,,,user@ibl,Subscription,PhonePe,Matched
UPI P2P RAHUL SHARMA 634057847257,,10000,0,2026-03-06,2026-03-06,REF30625,,,,user@apl,Subscription,Mobikwik,Unmatched
UPI/CR/840802473168/LATA MISHRA/Subscription,UPI/CR/840802473168/LATA MISHRA/Subscription,4999,4999,2026-03-05,2026-03-05,REF92515,REF29249,,,user@ibl,Merchant Payment,AmazonPay,Matched
BHIM UPI TRANSFER AMIT KUMAR REF:722638160551,UPI PENDING SETTLEMENT 824231179755,9999,9999,2026-03-26,2026-09-09,REF86368,REF86368,CHQ3979,CHQ3979,store@okaxis,Salary Transfer,AmazonPay,Pending Settlement
UPI P2M BSNL 243389466967,UPI P2M BSNL 243389466967,5000,5000,2026-08-20,2026-08-20,REF88618,REF88618,,,user@oksbi,P2M,BHIM,Matched
INSURANCE PREMIUM SBI LIFE REF:695297390749,UPI REVERSAL 379747897805,650,-650,2026-06-19,2026-06-19,REF85513,REF85513,,,user@okhdfcbank,Mobile Recharge,AmazonPay,UPI Reversed
UPI P2M BSNL 307265694161,UPI P2M BSNL 307265694161,550,550,2026-02-05,2026-07-19,REF65846,REF65846,,,abc123@paytm,Salary Transfer,Paytm,Duplicate
UPI P2M VODAFONE 326580879034,UPI PENDING SETTLEMENT 352319940674,3999,3999,2026-06-25,2026-08-26,REF62183,REF62183,CHQ2951,CHQ2951,merchant@ccavenue,Rent Payment,BHIM,Pending Settlement
EMI PAYMENT AXIS REF:776674572288,EMI PAYMENT AXIS REF:776674572288,1000,999.0,2026-02-09,2026-07-20,REF39067,REF39067,,,bill@paytm,Mobile Recharge,Cred,Partial Match
UPI/DR/954465343288/ANITA DEVI/Rent Payment,UPI PENDING SETTLEMENT 495291872626,1499,1499,2026-12-08,2026-04-21,REF90634,REF90634,,,user@ibl,Subscription,Paytm,Pending Settlement
UPI P2M SWIGGY 321560527246,UPI REVERSAL 290100009234,15000,-15000,2026-10-07,2026-10-07,REF69606,REF69606,CHQ1076,CHQ1076,user@okhdfcbank,Rent Payment,Paytm,UPI Reversed
UPI/CR/666089326453/NEHA CHOPRA/Insurance Premium,UPI/CR/666089326453/NEHA CHOPRA/Insurance Premium,1750,1750,2026-11-15,2026-11-15,REF86916,REF86916,CHQ8896,CHQ8896,user@apl,Bill Payment,Mobikwik,Matched
UPI P2P MEERA JOSHI 690628888281,UPI P2P MEERA JOSHI 690628888281,2250,2250,2026-06-12,2026-06-12,REF38647,REF38647,CHQ5408,CHQ5408,merchant@ccavenue,Insurance Premium,Cred,Matched
SUBSCRIPTION NETFLIX REF:324478206808,SUBSCRIPTION NETFLIX REF:324478206808,14999,14999,2026-01-25,2026-01-25,REF80972,REF80972,CHQ8901,CHQ8901,salary@bank,Mobile Recharge,BHIM,Matched
EMI PAYMENT KOTAK REF:662279967869,EMI PAYMENT KOTAK REF:662279967869,250,250,2026-09-12,2026-09-12,REF61605,REF61605,CHQ3863,CHQ3863,bill@paytm,Insurance Premium,Paytm,Matched
UPI/DR/330528517300/MOHAN LAL/Salary Transfer,UPI REVERSAL 646250749815,20000,-20000,2026-05-16,2026-05-16,REF90358,REF90358,,,abc123@paytm,EMI Payment,Mobikwik,UPI Reversed
PAYMENT TO ZOMATO VIA Cred,,2500,0,2026-12-05,2026-12-05,REF71995,,CHQ3893,,bill@paytm,Rent Payment,Cred,Unmatched
PAYMENT TO PRIME VIDEO VIA GPay,PAYMENT TO PRIME VIDEO VIA GPay,1300,1300,2026-12-11,2026-05-12,REF44048,REF44048,,,user@paytm,Subscription,GPay,Matched
BILL PAYMENT GAS REF:769856484993,BILL PAYMENT GAS REF:769856484993,499,499,2026-12-15,2026-12-15,REF20277,REF20277,,,merchant@razorpay,Merchant Payment,Cred,Matched
UPI P2P MOHAN LAL 793301422663,UPI P2P MOHAN LAL 793301422663,50000,50000.5,2026-10-21,2026-10-21,REF61833,REF61833,,,store@okaxis,Subscription,PhonePe,Partial Match
UPI/DR/899400959391/MEERA JOSHI/Subscription,UPI/DR/899400959391/MEERA JOSHI/Subscription,500,500,2026-01-25,2026-01-25,REF62037,REF23622,,,merchant@razorpay,P2M,Cred,Matched
UPI P2M AXIS BANK 350436840020,UPI PENDING SETTLEMENT 247939482527,150,150,2026-08-15,2026-12-18,REF80855,REF80855,CHQ9987,CHQ9987,salary@bank,Subscription,AmazonPay,Pending Settlement
RECEIVED FROM NEHA CHOPRA VIA Paytm,UPI FAILED 686130742124,100,0,2026-09-27,2026-08-10,REF27865,REF27865,,,user@paytm,Subscription,Mobikwik,UPI Failed
IMPS/107717057182/RAJESH YADAV/Subscription,IMPS/107717057182/RAJESH YADAV/Subscription,15000,15000,2026-05-03,2026-05-03,REF65343,REF65343,,,user@ibl,Mobile Recharge,Cred,Matched
EMI PAYMENT KOTAK REF:552126147876,EMI PAYMENT KOTAK REF:552126147876,499,498.0,2026-04-11,2026-04-11,REF12542,REF12542,,,user@ibl,Merchant Payment,Cred,Partial Match
UPI/DR/199784161301/VIKAS GUPTA/Subscription,,350,0,2026-02-27,2026-02-27,REF29148,,,,pay@oksbi,Merchant Payment,PhonePe,Unmatched
NEFT/520121892833/MEERA JOSHI/Insurance Premium,NEFT/520121892833/MEERA JOSHI/Insurance Premium,1499,1499,2026-11-07,2026-11-07,REF71974,REF52344,,,user@ybl,Rent Payment,AmazonPay,Duplicate
PAYMENT TO BAJAJ FINSERV VIA PhonePe,PAYMENT TO BAJAJ FINSERV VIA PhonePe,50000,50000,2026-10-04,2026-10-04,REF61879,REF86162,CHQ1146,CHQ1146,pay@oksbi,Salary Transfer,PhonePe,Matched
UPI/CR/272866945815/AMIT KUMAR/P2P,UPI/CR/272866945815/AMIT KUMAR/P2P,2000,2000,2026-08-08,2026-08-08,REF51515,REF67503,CHQ6690,CHQ6690,user@paytm,Subscription,Paytm,Matched
NEFT/146809401363/NEHA CHOPRA/Insurance Premium,UPI REVERSAL 680116407639,150,-150,2026-12-15,2026-12-15,REF46087,REF46087,CHQ3627,CHQ3627,user@ibl,Rent Payment,Paytm,UPI Reversed
EMI PAYMENT HDFC REF:656791082245,,1999,0,2026-07-07,2026-07-07,REF78690,,,,user@axl,EMI Payment,BHIM,Unmatched
UPI/CR/671644068029/PRIYA PATEL/P2P,UPI FAILED 785158185614,250,0,2026-10-21,2026-10-21,REF60934,REF60934,,,abc123@paytm,Bill Payment,AmazonPay,UPI Failed
UPI/DR/818156061706/LATA MISHRA/EMI Payment,UPI REVERSAL 340280242361,50000,-50000,2026-09-02,2026-09-02,REF19225,REF22729,CHQ2276,CHQ2276,user@apl,Rent Payment,BHIM,UPI Reversed
RECEIVED FROM KIRAN SINGH VIA AmazonPay,RECEIVED FROM KIRAN SINGH VIA AmazonPay,1200,1200,2026-03-26,2026-03-26,REF33644,REF33644,,,rent@upi,Salary Transfer,BHIM,Matched
INSURANCE PREMIUM BAJAJ ALLIANZ REF:702649001827,UPI PENDING SETTLEMENT 591569329863,10000,10000,2026-07-25,2026-10-01,REF82120,REF82120,CHQ5162,CHQ5162,bill@paytm,Merchant Payment,Paytm,Pending Settlement
IMPS/122827341773/RAVI TEJA/Salary Transfer,IMPS/122827341773/RAVI TEJA/Salary Transfer,2500,2500,2026-03-09,2026-03-09,REF58114,REF58114,CHQ5093,CHQ5093,user@okhdfcbank,Salary Transfer,BHIM,Matched
IMPS/184758026897/ANITA DEVI/Salary Transfer,UPI FAILED 580250966747,650,0,2026-02-25,2026-04-24,REF17329,REF17329,CHQ6478,CHQ6478,user@paytm,Subscription,GPay,UPI Failed
UPI/DR/694076940942/KIRAN SINGH/Bill Payment,UPI/DR/694076940942/KIRAN SINGH/Bill Payment,3999,3999,2026-09-03,2026-09-03,REF39109,REF39109,,,user@federal,P2M,BHIM,Matched
UPI/DR/540440960844/SUNIL VERMA/Merchant Payment,UPI FAILED 678685286593,499,0,2026-07-21,2026-07-21,REF84885,REF84885,,,shop@okicici,EMI Payment,Cred,UPI Failed
UPI/CR/834922719727/GEETA AGRAWAL/EMI Payment,UPI PENDING SETTLEMENT 149136416256,450,450,2026-10-27,2026-04-07,REF67961,REF67961,,,user@okhdfcbank,P2M,Cred,Pending Settlement
Mobikwik UPI TRANSFER ARUN NAIR REF:262894063686,Mobikwik UPI TRANSFER ARUN NAIR REF:262894063686,10000,10000,2026-12-18,2026-12-18,REF37770,REF37770,,,pay@oksbi,Salary Transfer,Cred,Matched
SUBSCRIPTION SPOTIFY REF:837440538470,UPI PENDING SETTLEMENT 173050239069,14999,14999,2026-05-02,2026-11-12,REF70943,REF70943,,,user@oksbi,P2P,Paytm,Pending Settlement
BILL PAYMENT DTH REF:355063175086,BILL PAYMENT DTH REF:355063175086,1750,1750,2026-09-23,2026-09-23,REF12816,REF49967,,,xyz456@ybl,Merchant Payment,GPay,Duplicate
UPI P2P RAVI TEJA 788721104819,UPI P2P RAVI TEJA 788721104819,50000,50000,2026-04-05,2026-04-05,REF54798,REF54798,CHQ3248,CHQ3248,user@apl,Subscription,PhonePe,Matched
UPI P2M HDFC BANK 443470841812,UPI FAILED 448571161610,1499,0,2026-03-14,2026-03-14,REF29025,REF29025,,,user@oksbi,Merchant Payment,Paytm,UPI Failed
UPI/BHIM/133187553897/GEETA AGRAWAL/Mobile Recharge,UPI/BHIM/133187553897/GEETA AGRAWAL/Mobile Recharge,200,199.0,2026-10-20,2026-10-20,REF44978,REF44978,,,user@paytm,EMI Payment,GPay,Partial Match
PAYMENT TO RELIANCE RETAIL VIA Mobikwik,UPI REVERSAL 916999649281,15000,-15000,2026-01-14,2026-01-14,REF11967,REF11967,CHQ7767,CHQ7767,merchant@ccavenue,P2M,PhonePe,UPI Reversed
PAYMENT TO CROMA VIA BHIM,UPI PENDING SETTLEMENT 966312566866,14999,14999,2026-12-19,2026-01-17,REF87831,REF87831,,,user@ybl,Bill Payment,AmazonPay,Pending Settlement
SUBSCRIPTION AMAZON PRIME REF:710053940453,,1100,0,2026-05-20,2026-05-20,REF17149,REF70762,,,store@okaxis,P2M,Cred,Unmatched
UPI/Paytm/743294751892/MOHAN LAL/Insurance Premium,,1750,0,2026-02-09,2026-02-09,REF52477,REF31495,,,user@oksbi,P2M,GPay,Unmatched
BILL PAYMENT DTH REF:191753143228,UPI REVERSAL 293894612264,3999,-3999,2026-11-28,2026-11-28,REF29672,REF29672,,,user@axl,Mobile Recharge,Cred,UPI Reversed
PAYMENT TO DMART VIA GPay,PAYMENT TO DMART VIA GPay,499,498.5,2026-09-26,2026-09-26,REF10753,REF10753,,,store@okaxis,Subscription,BHIM,Partial Match
AmazonPay UPI TRANSFER ARUN KUMAR REF:366316203269,AmazonPay UPI TRANSFER ARUN KUMAR REF:366316203269,250,250,2026-03-28,2026-03-28,REF14250,REF49117,,,user@okhdfcbank,P2P,GPay,Matched
UPI/Mobikwik/839427304429/ARUN KUMAR/Rent Payment,,100000,0,2026-06-12,2026-06-12,REF59668,REF18509,CHQ8001,,merchant@razorpay,P2M,Cred,Unmatched
UPI P2P RAJESH YADAV 553235240345,UPI P2P RAJESH YADAV 553235240345,75000,75000,2026-07-20,2026-07-20,REF51482,REF51482,,,merchant@razorpay,Salary Transfer,AmazonPay,Duplicate
SUBSCRIPTION NETFLIX REF:648174654358,,19999,0,2026-02-24,2026-02-24,REF37175,,CHQ7793,,rent@upi,Bill Payment,GPay,Unmatched
SUBSCRIPTION NETFLIX REF:380382451716,UPI FAILED 461610543448,850,0,2026-12-19,2026-12-19,REF90739,REF98142,CHQ3877,CHQ3877,pay@oksbi,P2P,Cred,UPI Failed
UPI/Cred/605204979213/SURESH PANDIT/P2P,UPI/Cred/605204979213/SURESH PANDIT/P2P,2999,2999,2026-09-01,2026-06-03,REF37297,REF37297,,,merchant@razorpay,Mobile Recharge,Mobikwik,Matched
UPI P2M PRIME VIDEO 686806395850,UPI P2M PRIME VIDEO 686806395850,950,950,2026-02-16,2026-02-16,REF41148,REF49666,,,user@axl,Merchant Payment,GPay,Matched
UPI/DR/322383916388/AMIT KUMAR/Insurance Premium,UPI/DR/322383916388/AMIT KUMAR/Insurance Premium,1499,1499,2026-05-25,2026-05-25,REF52904,REF77652,,,merchant@razorpay,Bill Payment,Cred,Matched
UPI P2M BAJAJ FINSERV 226797505748,UPI P2M BAJAJ FINSERV 226797505748,1200,1200,2026-09-25,2026-09-25,REF96374,REF96374,CHQ1368,CHQ1368,merchant@ccavenue,EMI Payment,PhonePe,Matched
NEFT/450178458168/SUNIL VERMA/Mobile Recharge,NEFT/450178458168/SUNIL VERMA/Mobile Recharge,450,450,2026-09-11,2026-09-11,REF45527,REF45527,,,user@apl,Merchant Payment,GPay,Matched
INSURANCE PREMIUM LIC REF:694160359326,INSURANCE PREMIUM LIC REF:694160359326,850,850,2026-03-23,2026-03-23,REF88134,REF88134,CHQ8304,CHQ8304,merchant@ccavenue,Rent Payment,GPay,Matched
EMI PAYMENT ICICI REF:614384302715,UPI PENDING SETTLEMENT 531057732653,15000,15000,2026-03-28,2026-03-23,REF90863,REF53296,,,user@federal,Insurance Premium,BHIM,Pending Settlement
PAYMENT TO NETFLIX VIA Mobikwik,PAYMENT TO NETFLIX VIA Mobikwik,850,850,2026-12-26,2026-12-26,REF24022,REF24022,,,rent@upi,Insurance Premium,BHIM,Matched
IMPS/368954609487/LATA MISHRA/EMI Payment,UPI FAILED 184480311048,350,0,2026-09-23,2026-09-23,REF40953,REF40953,,,pay@oksbi,P2M,AmazonPay,UPI Failed
UPI P2P KAVITA REDDY 205463298641,UPI FAILED 262165414008,500,0,2026-02-07,2026-02-07,REF28208,REF28208,CHQ1003,CHQ1003,user@axl,Subscription,AmazonPay,UPI Failed
IMPS/848207619702/KIRAN SINGH/Subscription,UPI FAILED 100228180081,14999,0,2026-09-13,2026-09-13,REF26718,REF26718,CHQ2022,CHQ2022,abc123@paytm,P2M,Mobikwik,UPI Failed
UPI/DR/573456755696/KIRAN SINGH/Subscription,UPI/DR/573456755696/KIRAN SINGH/Subscription,2000,2000,2026-04-18,2026-04-18,REF60409,REF30220,CHQ6902,CHQ6902,merchant@razorpay,Merchant Payment,GPay,Matched
UPI/DR/890892440071/LATA MISHRA/Subscription,UPI/DR/890892440071/LATA MISHRA/Subscription,1750,1750,2026-09-14,2026-09-14,REF82358,REF82358,CHQ7303,CHQ7303,user@paytm,Salary Transfer,BHIM,Matched
IMPS/652814388943/NEHA CHOPRA/P2P,IMPS/652814388943/NEHA CHOPRA/P2P,4999,5004.0,2026-08-23,2026-08-23,REF20494,REF20494,,,user@okhdfcbank,Bill Payment,BHIM,Partial Match
BILL PAYMENT WATER REF:838564341650,UPI FAILED 425550889824,999,0,2026-08-19,2026-08-19,REF53452,REF53452,,,user@axl,Salary Transfer,Paytm,UPI Failed
PAYMENT TO STAR HEALTH VIA AmazonPay,PAYMENT TO STAR HEALTH VIA AmazonPay,750,750,2026-05-09,2026-05-09,REF27372,REF27372,,,user@oksbi,Salary Transfer,PhonePe,Matched
SUBSCRIPTION SPOTIFY REF:822203628233,UPI PENDING SETTLEMENT 524215499470,2500,2500,2026-10-27,2026-04-22,REF30204,REF30204,CHQ7765,CHQ7765,merchant@ccavenue,Salary Transfer,Cred,Pending Settlement
UPI/DR/390521299250/SNEHA SINGH/Insurance Premium,UPI/DR/390521299250/SNEHA SINGH/Insurance Premium,2250,2250.1,2026-05-05,2026-05-05,REF79526,REF79526,CHQ1194,CHQ1194,bill@paytm,P2P,GPay,Partial Match
BILL PAYMENT WATER REF:576072382673,UPI PENDING SETTLEMENT 301834320922,4999,4999,2026-04-17,2026-06-18,REF54224,REF54224,,,user@okhdfcbank,P2P,BHIM,Pending Settlement
UPI/CR/592570469897/MEERA JOSHI/P2P,UPI/CR/592570469897/MEERA JOSHI/P2P,10000,10000,2026-10-21,2026-10-21,REF25963,REF25963,CHQ2965,CHQ2965,xyz456@ybl,Salary Transfer,Mobikwik,Matched
INSURANCE PREMIUM STAR HEALTH REF:864980254718,UPI PENDING SETTLEMENT 516879779466,25000,25000,2026-03-25,2026-05-06,REF19698,REF43847,,,store@okaxis,P2M,BHIM,Pending Settlement
IMPS/532117956253/SNEHA SINGH/Subscription,UPI PENDING SETTLEMENT 951479827732,1200,1200,2026-01-03,2026-08-01,REF19229,REF29510,,,user@paytm,P2P,Cred,Pending Settlement
UPI/Cred/463783967043/RAHUL SHARMA/Insurance Premium,UPI/Cred/463783967043/RAHUL SHARMA/Insurance Premium,15000,15000,2026-01-13,2026-06-22,REF73185,REF73185,,,user@axl,Subscription,GPay,Matched
BILL PAYMENT LANDLINE REF:499821370219,UPI FAILED 219814386387,650,0,2026-11-07,2026-11-07,REF49173,REF49173,,,user@okhdfcbank,Insurance Premium,Cred,UPI Failed
UPI/DR/126599130693/KIRAN SINGH/Rent Payment,UPI/DR/126599130693/KIRAN SINGH/Rent Payment,200,200,2026-01-11,2026-01-11,REF17347,REF17347,,,merchant@ccavenue,Rent Payment,BHIM,Matched
RECHARGE BSNL REF:692165417868,UPI PENDING SETTLEMENT 154256867821,20000,20000,2026-12-21,2026-05-27,REF27109,REF27109,,,merchant@payu,Salary Transfer,GPay,Pending Settlement
UPI/CR/645951244593/ARUN KUMAR/Bill Payment,UPI/CR/645951244593/ARUN KUMAR/Bill Payment,3999,3998.99,2026-09-05,2026-09-05,REF52151,REF52151,CHQ4493,CHQ4493,merchant@razorpay,Subscription,PhonePe,Partial Match
RECEIVED FROM MEERA JOSHI VIA GPay,UPI REVERSAL 861996872304,100,-100,2026-01-06,2026-01-06,REF21683,REF72391,CHQ5648,CHQ5648,merchant@ccavenue,Merchant Payment,Cred,UPI Reversed
PAYMENT TO SBI VIA PhonePe,PAYMENT TO SBI VIA PhonePe,100,100,2026-09-08,2026-09-08,REF35153,REF35153,,,abc123@paytm,Rent Payment,AmazonPay,Matched
EMI PAYMENT ICICI REF:824245149158,EMI PAYMENT ICICI REF:824245149158,250,250,2026-01-21,2026-01-21,REF57735,REF57735,,,store@okaxis,P2P,GPay,Matched
INSURANCE PREMIUM STAR HEALTH REF:295581474716,INSURANCE PREMIUM STAR HEALTH REF:295581474716,150,149.99,2026-04-25,2026-07-08,REF24435,REF24435,,,user@okhdfcbank,Insurance Premium,AmazonPay,Partial Match
INSURANCE PREMIUM ICICI PRUDENTIAL REF:260785816144,,7500,0,2026-06-05,2026-06-05,REF14206,,,,store@okaxis,Insurance Premium,BHIM,Unmatched
UPI P2P ANITA DEVI 762692672629,UPI P2P ANITA DEVI 762692672629,2250,2250,2026-08-09,2026-08-09,REF11901,REF11901,CHQ5041,CHQ5041,user@apl,Salary Transfer,PhonePe,Matched
INSURANCE PREMIUM STAR HEALTH REF:555288341409,UPI PENDING SETTLEMENT 860262567728,1300,1300,2026-08-08,2026-12-14,REF20890,REF27394,,,user@apl,P2M,GPay,Pending Settlement
NEFT/873789051139/KIRAN SINGH/Insurance Premium,,19999,0,2026-08-23,2026-08-23,REF93021,,,,user@federal,Rent Payment,GPay,Unmatched
EMI PAYMENT SBI REF:865662915245,EMI PAYMENT SBI REF:865662915245,500,500,2026-02-13,2026-02-13,REF57918,REF57918,,,rent@upi,P2M,AmazonPay,Matched
IMPS/363431517086/LATA MISHRA/Salary Transfer,UPI REVERSAL 508294061686,50000,-50000,2026-09-22,2026-09-22,REF65434,REF65434,,,bill@paytm,P2M,BHIM,UPI Reversed
BILL PAYMENT GAS REF:687660528137,UPI REVERSAL 864985320586,5000,-5000,2026-05-03,2026-05-03,REF24334,REF24334,,,merchant@ccavenue,Rent Payment,Cred,UPI Reversed
UPI P2M HOTSTAR 851488600711,UPI P2M HOTSTAR 851488600711,200,200,2026-04-27,2026-04-27,REF78107,REF78107,,,user@federal,Insurance Premium,AmazonPay,Matched
RECEIVED FROM SURESH PANDIT VIA PhonePe,UPI REVERSAL 284495533680,75000,-75000,2026-01-05,2026-01-05,REF56284,REF56284,,,rent@upi,Mobile Recharge,PhonePe,UPI Reversed
RECHARGE BSNL REF:863250525632,UPI PENDING SETTLEMENT 482157696987,5000,5000,2026-04-18,2026-09-10,REF14546,REF14546,,,user@oksbi,P2P,BHIM,Pending Settlement
EMI PAYMENT AXIS REF:268879050103,UPI PENDING SETTLEMENT 708502412374,350,350,2026-12-04,2026-02-10,REF72781,REF72781,CHQ3284,CHQ3284,user@apl,Insurance Premium,Paytm,Pending Settlement
UPI/DR/806986626080/RAJESH YADAV/Mobile Recharge,UPI/DR/806986626080/RAJESH YADAV/Mobile Recharge,1000,1000,2026-09-13,2026-09-13,REF35486,REF35486,,,user@ybl,EMI Payment,BHIM,Matched
RECHARGE AIRTEL REF:505563627711,RECHARGE AIRTEL REF:505563627711,950,950,2026-08-10,2026-08-10,REF31468,REF31468,CHQ7944,CHQ7944,salary@bank,Salary Transfer,GPay,Matched
NEFT/679251612695/KIRAN SINGH/P2M,NEFT/679251612695/KIRAN SINGH/P2M,2999,2999,2026-08-23,2026-08-23,REF84437,REF84437,CHQ3243,CHQ3243,user@axl,Rent Payment,BHIM,Matched
RECHARGE VI REF:433225932101,RECHARGE VI REF:433225932101,75000,75000,2026-07-06,2026-07-06,REF74472,REF74472,CHQ5009,CHQ5009,pay@oksbi,P2M,AmazonPay,Matched
Mobikwik UPI TRANSFER LATA MISHRA REF:720538961885,Mobikwik UPI TRANSFER LATA MISHRA REF:720538961885,4999,4994.0,2026-01-05,2026-01-05,REF51901,REF51901,,,abc123@paytm,Subscription,Cred,Partial Match
UPI P2P AMIT KUMAR 418036808827,UPI PENDING SETTLEMENT 858911991718,150,150,2026-11-26,2026-06-04,REF49462,REF49462,,,merchant@razorpay,P2P,PhonePe,Pending Settlement
UPI P2P ANITA DEVI 635920898920,,1499,0,2026-09-23,2026-02-27,REF82235,,CHQ2867,,merchant@razorpay,P2P,BHIM,Unmatched
SUBSCRIPTION AMAZON PRIME REF:251881075490,SUBSCRIPTION AMAZON PRIME REF:251881075490,2000,2000,2026-12-05,2026-07-23,REF39697,REF39697,,,user@oksbi,P2M,GPay,Matched
EMI PAYMENT HDFC REF:144801866762,EMI PAYMENT HDFC REF:144801866762,750,749.0,2026-05-22,2026-05-22,REF11346,REF11346,CHQ3028,CHQ3028,abc123@paytm,P2P,GPay,Partial Match
SUBSCRIPTION APPLE ICLOUD REF:408987871396,SUBSCRIPTION APPLE ICLOUD REF:408987871396,750,750,2026-02-27,2026-02-27,REF85777,REF85777,CHQ9664,CHQ9664,user@axl,Merchant Payment,Mobikwik,Matched
SUBSCRIPTION AMAZON PRIME REF:622730832073,,999,0,2026-04-14,2026-04-14,REF24790,,CHQ6149,,merchant@razorpay,Insurance Premium,Mobikwik,Unmatched
NEFT/892666846704/ARUN NAIR/Subscription,NEFT/892666846704/ARUN NAIR/Subscription,2999,2999,2026-07-10,2026-07-10,REF66093,REF66093,,,pay@oksbi,EMI Payment,PhonePe,Matched
BILL PAYMENT ELECTRICITY REF:840845988598,BILL PAYMENT ELECTRICITY REF:840845988598,1200,1200,2026-12-06,2026-12-06,REF18481,REF18481,,,xyz456@ybl,P2M,PhonePe,Matched
SUBSCRIPTION GOOGLE ONE REF:407086339619,SUBSCRIPTION GOOGLE ONE REF:407086339619,50000,50000.1,2026-03-25,2026-03-25,REF69589,REF69589,,,merchant@razorpay,P2P,GPay,Partial Match
RECHARGE AIRTEL REF:645753886497,RECHARGE AIRTEL REF:645753886497,499,499.5,2026-08-07,2026-08-07,REF48477,REF48477,,,rent@upi,Rent Payment,GPay,Partial Match
UPI/DR/576701476340/SNEHA SINGH/Subscription,UPI PENDING SETTLEMENT 574557291407,2999,2999,2026-11-28,2026-03-10,REF49720,REF49720,CHQ3689,CHQ3689,user@oksbi,Salary Transfer,Cred,Pending Settlement
RECEIVED FROM KIRAN SINGH VIA Mobikwik,,4999,0,2026-07-20,2026-07-20,REF98668,REF52006,,,salary@bank,P2P,PhonePe,Unmatched
UPI P2P ARUN NAIR 915225824426,UPI P2P ARUN NAIR 915225824426,20000,19999.99,2026-04-08,2026-04-08,REF94945,REF25003,,,user@paytm,Rent Payment,Paytm,Partial Match
BILL PAYMENT DTH REF:567564607527,BILL PAYMENT DTH REF:567564607527,650,650,2026-06-19,2026-06-19,REF22809,REF22809,CHQ2639,CHQ2639,pay@oksbi,Rent Payment,Mobikwik,Matched
UPI P2P GEETA AGRAWAL 775025523930,UPI P2P GEETA AGRAWAL 775025523930,500,495.0,2026-05-19,2026-05-19,REF62694,REF62694,CHQ2506,CHQ2506,salary@bank,Rent Payment,BHIM,Partial Match
UPI P2P KAVITA REDDY 185021676866,,14999,0,2026-09-15,2026-09-15,REF98022,REF92292,CHQ3958,,merchant@payu,Salary Transfer,BHIM,Unmatched
RECHARGE VI REF:394064794239,RECHARGE VI REF:394064794239,20000,20000,2026-03-24,2026-02-21,REF99824,REF99824,CHQ8133,CHQ8133,merchant@ccavenue,Subscription,Paytm,Matched
BILL PAYMENT GAS REF:379862578593,BILL PAYMENT GAS REF:379862578593,499,498.99,2026-09-14,2026-09-14,REF65314,REF65314,,,user@ibl,Mobile Recharge,Cred,Partial Match
BILL PAYMENT WATER REF:146611222874,UPI FAILED 909906163634,850,0,2026-12-27,2026-12-27,REF28423,REF28423,,,salary@bank,Rent Payment,Paytm,UPI Failed
UPI/CR/758152528606/ARUN NAIR/Subscription,,1200,0,2026-03-07,2026-03-07,REF45985,,,,pay@oksbi,Rent Payment,Paytm,Unmatched
UPI/CR/698359768117/LATA MISHRA/Merchant Payment,UPI REVERSAL 837827289468,9999,-9999,2026-01-27,2026-01-27,REF96798,REF96798,CHQ1895,CHQ1895,user@axl,EMI Payment,Mobikwik,UPI Reversed
RECEIVED FROM SURESH PANDIT VIA Paytm,UPI REVERSAL 400793231439,1300,-1300,2026-11-11,2026-11-11,REF94466,REF74447,,,shop@okicici,EMI Payment,Cred,UPI Reversed
INSURANCE PREMIUM STAR HEALTH REF:210897092017,,500,0,2026-11-21,2026-11-21,REF34083,,,,xyz456@ybl,Bill Payment,Cred,Unmatched
Mobikwik UPI TRANSFER RAVI TEJA REF:220612268267,Mobikwik UPI TRANSFER RAVI TEJA REF:220612268267,2250,2250,2026-12-05,2026-12-05,REF44167,REF44167,,,user@axl,Bill Payment,GPay,Matched
UPI/AmazonPay/347262944672/NEHA CHOPRA/Bill Payment,,500,0,2026-07-20,2026-03-19,REF66217,,,,user@oksbi,P2P,Cred,Unmatched
EMI PAYMENT AXIS REF:644059012401,,10000,0,2026-10-07,2026-10-07,REF47089,,CHQ4102,,merchant@razorpay,P2P,Paytm,Unmatched
IMPS/596574155463/KIRAN SINGH/Insurance Premium,UPI PENDING SETTLEMENT 203392986603,850,850,2026-11-07,2026-08-12,REF60265,REF60265,CHQ5198,CHQ5198,user@ybl,P2P,Paytm,Pending Settlement
UPI P2M FLIPKART 836134617514,,2000,0,2026-02-11,2026-02-11,REF79523,,,,merchant@razorpay,Insurance Premium,Mobikwik,Unmatched
NEFT/498348868136/SUNIL VERMA/Mobile Recharge,UPI PENDING SETTLEMENT 157724315779,499,499,2026-03-18,2026-04-05,REF96169,REF96169,,,pay@oksbi,Mobile Recharge,PhonePe,Pending Settlement
UPI P2M VODAFONE 145075298560,UPI REVERSAL 742798281741,10000,-10000,2026-05-06,2026-01-17,REF32058,REF32058,CHQ5469,CHQ5469,salary@bank,Merchant Payment,BHIM,UPI Reversed
IMPS/648760469941/RAHUL SHARMA/P2M,UPI PENDING SETTLEMENT 753991742871,200,200,2026-02-15,2026-11-01,REF96447,REF96447,,,store@okaxis,EMI Payment,Cred,Pending Settlement
INSURANCE PREMIUM BAJAJ ALLIANZ REF:980285341987,UPI PENDING SETTLEMENT 950253412512,650,650,2026-02-13,2026-07-03,REF43444,REF43444,,,xyz456@ybl,Subscription,Paytm,Pending Settlement
BILL PAYMENT LANDLINE REF:229511022237,UPI FAILED 621357874638,550,0,2026-09-07,2026-09-07,REF74175,REF74175,,,user@okhdfcbank,Subscription,Mobikwik,UPI Failed
UPI/Paytm/793354205387/PRIYA PATEL/Insurance Premium,UPI/Paytm/793354205387/PRIYA PATEL/Insurance Premium,19999,19999,2026-11-17,2026-08-10,REF21006,REF21006,,,merchant@razorpay,Merchant Payment,Cred,Matched
RECHARGE AIRTEL REF:672298609049,UPI PENDING SETTLEMENT 380699553172,950,950,2026-02-15,2026-10-03,REF96619,REF96619,CHQ5151,CHQ5151,store@okaxis,Merchant Payment,Mobikwik,Pending Settlement
UPI P2M ICICI BANK 190388697926,UPI P2M ICICI BANK 190388697926,10000,10000,2026-03-03,2026-03-03,REF89174,REF89174,,,user@paytm,P2P,BHIM,Matched
UPI/BHIM/626802653849/ARUN KUMAR/Mobile Recharge,UPI/BHIM/626802653849/ARUN KUMAR/Mobile Recharge,1000,1000,2026-03-05,2026-04-16,REF11818,REF34670,,,merchant@razorpay,Bill Payment,BHIM,Matched
RECHARGE AIRTEL REF:691803593272,RECHARGE AIRTEL REF:691803593272,2500,2500.01,2026-12-23,2026-12-23,REF68361,REF68361,CHQ8724,CHQ8724,salary@bank,Subscription,GPay,Partial Match
UPI/CR/575509112887/LATA MISHRA/Rent Payment,UPI/CR/575509112887/LATA MISHRA/Rent Payment,999,999,2026-10-24,2026-10-24,REF90149,REF90149,CHQ8993,CHQ8993,user@paytm,Subscription,AmazonPay,Matched
UPI/CR/558050961918/SNEHA SINGH/EMI Payment,UPI/CR/558050961918/SNEHA SINGH/EMI Payment,7500,7500,2026-08-12,2026-06-20,REF67424,REF67424,,,store@okaxis,Merchant Payment,Paytm,Matched
UPI P2M SBI 559388857457,UPI REVERSAL 645434077079,7500,-7500,2026-03-20,2026-03-20,REF74511,REF74511,,,user@ybl,P2P,Paytm,UPI Reversed
UPI P2P PRIYA PATEL 274706074860,UPI P2P PRIYA PATEL 274706074860,15000,15000,2026-08-09,2026-08-09,REF54606,REF54606,CHQ1764,CHQ1764,merchant@razorpay,Rent Payment,AmazonPay,Duplicate
SUBSCRIPTION APPLE ICLOUD REF:585100526086,UPI REVERSAL 420955816225,3000,-3000,2026-11-04,2026-11-04,REF36920,REF36920,CHQ3572,CHQ3572,pay@oksbi,P2M,PhonePe,UPI Reversed
UPI P2P SURESH PANDIT 253842124130,UPI FAILED 793038686274,3000,0,2026-02-09,2026-02-09,REF58815,REF58815,CHQ7799,CHQ7799,bill@paytm,Subscription,Mobikwik,UPI Failed
EMI PAYMENT HDFC REF:552813346183,EMI PAYMENT HDFC REF:552813346183,1000,1000,2026-06-11,2026-06-11,REF62645,REF62645,CHQ3692,CHQ3692,user@ybl,Merchant Payment,AmazonPay,Matched
BILL PAYMENT MOBILE REF:885893318012,BILL PAYMENT MOBILE REF:885893318012,50000,50000,2026-09-20,2026-10-26,REF29249,REF29249,CHQ8310,CHQ8310,store@okaxis,EMI Payment,Mobikwik,Matched
UPI P2M HDFC BANK 318078683877,UPI P2M HDFC BANK 318078683877,999,994.0,2026-09-10,2026-09-19,REF78332,REF78332,,,user@ibl,Bill Payment,Mobikwik,Partial Match
SUBSCRIPTION NETFLIX REF:222429222117,SUBSCRIPTION NETFLIX REF:222429222117,3999,3998.95,2026-12-01,2026-12-01,REF69394,REF69394,,,salary@bank,Merchant Payment,Cred,Partial Match
SUBSCRIPTION NETFLIX REF:212732726766,SUBSCRIPTION NETFLIX REF:212732726766,1000,1000,2026-02-02,2026-02-02,REF65690,REF65690,CHQ8802,CHQ8802,bill@paytm,Subscription,AmazonPay,Matched
EMI PAYMENT ICICI REF:741082682951,UPI FAILED 683528308510,499,0,2026-12-15,2026-12-15,REF26958,REF26958,CHQ9408,CHQ9408,pay@oksbi,P2P,Cred,UPI Failed
RECEIVED FROM ARUN KUMAR VIA Paytm,RECEIVED FROM ARUN KUMAR VIA Paytm,100000,100000,2026-06-10,2026-06-10,REF48532,REF48532,,,salary@bank,Subscription,GPay,Matched
NEFT/413056116957/LATA MISHRA/Rent Payment,UPI PENDING SETTLEMENT 244335424167,3999,3999,2026-05-19,2026-03-17,REF69293,REF69293,CHQ7181,CHQ7181,store@okaxis,Merchant Payment,Mobikwik,Pending Settlement
UPI/CR/786334964806/GEETA AGRAWAL/EMI Payment,UPI REVERSAL 880703056451,3000,-3000,2026-12-01,2026-12-01,REF84972,REF84972,,,rent@upi,P2M,PhonePe,UPI Reversed
RECEIVED FROM PRIYA PATEL VIA Mobikwik,UPI PENDING SETTLEMENT 739467612546,200,200,2026-05-26,2026-08-03,REF36975,REF89541,,,salary@bank,P2P,BHIM,Pending Settlement
UPI/DR/578201472148/ANITA DEVI/Subscription,UPI/DR/578201472148/ANITA DEVI/Subscription,3000,3000,2026-05-05,2026-05-05,REF33942,REF33942,,,shop@okicici,Merchant Payment,GPay,Duplicate
UPI P2P MOHAN LAL 126549159273,UPI FAILED 660463079055,500,0,2026-04-08,2026-04-08,REF88250,REF88250,,,user@oksbi,Mobile Recharge,GPay,UPI Failed
RECEIVED FROM LATA MISHRA VIA PhonePe,RECEIVED FROM LATA MISHRA VIA PhonePe,2000,2000,2026-05-19,2026-05-19,REF63313,REF75592,,,merchant@razorpay,EMI Payment,AmazonPay,Matched
EMI PAYMENT HDFC REF:689463480106,UPI PENDING SETTLEMENT 519532396020,500,500,2026-08-09,2026-06-27,REF88363,REF88363,,,bill@paytm,Mobile Recharge,GPay,Pending Settlement
RECEIVED FROM KAVITA REDDY VIA GPay,RECEIVED FROM KAVITA REDDY VIA GPay,14999,14999,2026-09-26,2026-12-15,REF51720,REF51720,CHQ6613,CHQ6613,user@ibl,Bill Payment,Cred,Matched
UPI P2P RAHUL SHARMA 603415796367,UPI PENDING SETTLEMENT 963636957882,950,950,2026-09-23,2026-11-21,REF74091,REF74091,CHQ9816,CHQ9816,store@okaxis,P2M,Paytm,Pending Settlement
UPI P2M HDFC LIFE 760683939283,UPI PENDING SETTLEMENT 199606784206,100,100,2026-04-24,2026-10-21,REF12592,REF12592,CHQ6862,CHQ6862,user@apl,Insurance Premium,Paytm,Pending Settlement
PAYMENT TO DMART VIA Mobikwik,PAYMENT TO DMART VIA Mobikwik,7500,7500,2026-11-24,2026-11-24,REF84148,REF84148,,,salary@bank,Merchant Payment,Cred,Matched
NEFT/726779882179/SUNIL VERMA/P2P,NEFT/726779882179/SUNIL VERMA/P2P,100,100,2026-07-21,2026-07-21,REF98224,REF52336,CHQ1849,CHQ1849,shop@okicici,Mobile Recharge,GPay,Matched
PAYMENT TO FLIPKART VIA Paytm,UPI REVERSAL 860115132760,7500,-7500,2026-06-03,2026-06-03,REF84949,REF84949,CHQ4696,CHQ4696,user@apl,Bill Payment,PhonePe,UPI Reversed
UPI/CR/789883394077/RAHUL SHARMA/P2P,UPI/CR/789883394077/RAHUL SHARMA/P2P,2250,2250,2026-04-11,2026-10-20,REF17134,REF17134,CHQ9514,CHQ9514,store@okaxis,P2M,Cred,Matched
UPI/CR/512460070415/AMIT KUMAR/Insurance Premium,,500,0,2026-09-02,2026-09-02,REF48655,,CHQ7581,,user@apl,Salary Transfer,Mobikwik,Unmatched
UPI/DR/522854181490/SURESH PANDIT/EMI Payment,UPI REVERSAL 176078041630,4999,-4999,2026-04-04,2026-04-04,REF23459,REF23459,,,salary@bank,Merchant Payment,Cred,UPI Reversed
UPI P2P ANITA DEVI 630089188735,,999,0,2026-11-25,2026-11-25,REF56890,REF29087,,,user@axl,Salary Transfer,Paytm,Unmatched
UPI/DR/746468515588/VIKAS GUPTA/Rent Payment,UPI/DR/746468515588/VIKAS GUPTA/Rent Payment,7500,7500,2026-11-07,2026-11-07,REF18965,REF18965,,,store@okaxis,Salary Transfer,Cred,Matched
GPay UPI TRANSFER ARUN NAIR REF:775751516260,GPay UPI TRANSFER ARUN NAIR REF:775751516260,19999,19999,2026-04-23,2026-04-23,REF40182,REF40182,,,user@federal,Subscription,PhonePe,Matched
RECHARGE VI REF:108546461143,,19999,0,2026-10-25,2026-10-25,REF57174,,,,merchant@payu,Bill Payment,Paytm,Unmatched
UPI P2P RAJESH YADAV 709230520344,UPI REVERSAL 511498616611,350,-350,2026-04-10,2026-10-14,REF69795,REF69795,,,user@okhdfcbank,P2M,PhonePe,UPI Reversed
UPI/Paytm/309572491644/MOHAN LAL/EMI Payment,UPI/Paytm/309572491644/MOHAN LAL/EMI Payment,4999,4999,2026-04-28,2026-04-28,REF80184,REF80184,,,user@ibl,Merchant Payment,Mobikwik,Duplicate
AmazonPay UPI TRANSFER LATA MISHRA REF:640675541310,,499,0,2026-09-15,2026-09-15,REF33461,,,,pay@oksbi,Insurance Premium,Paytm,Unmatched
BILL PAYMENT MOBILE REF:971539854193,UPI FAILED 702388616203,1100,0,2026-07-19,2026-07-19,REF30605,REF30605,CHQ7129,CHQ7129,user@axl,Insurance Premium,AmazonPay,UPI Failed
BHIM UPI TRANSFER ARUN NAIR REF:611277815717,BHIM UPI TRANSFER ARUN NAIR REF:611277815717,50000,50000,2026-07-01,2026-07-01,REF33536,REF33536,,,user@okhdfcbank,Mobile Recharge,Mobikwik,Matched
RECEIVED FROM SUNIL VERMA VIA GPay,,350,0,2026-05-10,2026-12-24,REF99592,,CHQ4123,,rent@upi,Mobile Recharge,GPay,Unmatched
NEFT/481488911693/KIRAN SINGH/P2P,NEFT/481488911693/KIRAN SINGH/P2P,15000,15001.0,2026-12-24,2026-12-24,REF37508,REF37508,,,user@okhdfcbank,EMI Payment,Mobikwik,Partial Match
EMI PAYMENT ICICI REF:868549736259,EMI PAYMENT ICICI REF:868549736259,100000,100000,2026-12-01,2026-12-01,REF75509,REF75509,CHQ6810,CHQ6810,xyz456@ybl,Rent Payment,Paytm,Matched
UPI/DR/965726152988/PRIYA PATEL/Salary Transfer,UPI/DR/965726152988/PRIYA PATEL/Salary Transfer,850,850,2026-02-18,2026-02-18,REF60650,REF60650,,,store@okaxis,Mobile Recharge,GPay,Matched
BILL PAYMENT ELECTRICITY REF:295648244832,BILL PAYMENT ELECTRICITY REF:295648244832,75000,75000,2026-11-17,2026-11-17,REF19172,REF19172,,,user@federal,Subscription,BHIM,Matched
UPI/CR/688965161610/LATA MISHRA/Bill Payment,UPI/CR/688965161610/LATA MISHRA/Bill Payment,3000,3000,2026-10-19,2026-10-19,REF50673,REF50673,,,user@ibl,Bill Payment,GPay,Matched
PAYMENT TO ICICI BANK VIA BHIM,UPI PENDING SETTLEMENT 992594833491,1750,1750,2026-06-23,2026-12-14,REF48987,REF48987,,,store@okaxis,Subscription,Cred,Pending Settlement
Cred UPI TRANSFER ANITA DEVI REF:529907045757,Cred UPI TRANSFER ANITA DEVI REF:529907045757,2999,2999,2026-02-12,2026-02-12,REF20031,REF20031,CHQ9264,CHQ9264,store@okaxis,Merchant Payment,Paytm,Matched
UPI/DR/127754798029/AMIT KUMAR/Subscription,UPI/DR/127754798029/AMIT KUMAR/Subscription,25000,25000,2026-02-23,2026-02-23,REF27888,REF27888,,,user@okhdfcbank,P2M,AmazonPay,Matched
SUBSCRIPTION NETFLIX REF:585116635229,UPI REVERSAL 111869524603,1999,-1999,2026-12-13,2026-12-13,REF32079,REF32079,,,abc123@paytm,Merchant Payment,PhonePe,UPI Reversed
INSURANCE PREMIUM ICICI PRUDENTIAL REF:687014844720,UPI REVERSAL 374572193554,500,-500,2026-10-01,2026-10-01,REF16378,REF16378,CHQ4305,CHQ4305,user@okhdfcbank,P2P,BHIM,UPI Reversed
UPI/DR/848149595279/AMIT KUMAR/Merchant Payment,UPI/DR/848149595279/AMIT KUMAR/Merchant Payment,2999,2999,2026-11-07,2026-02-08,REF91877,REF91877,,,merchant@ccavenue,P2M,Paytm,Matched
UPI/DR/818986714397/ARUN NAIR/Bill Payment,UPI/DR/818986714397/ARUN NAIR/Bill Payment,10000,10000,2026-07-10,2026-07-10,REF88494,REF80278,,,salary@bank,Merchant Payment,Paytm,Matched
Cred UPI TRANSFER ARUN NAIR REF:867213761538,UPI PENDING SETTLEMENT 356589137011,9999,9999,2026-10-15,2026-09-19,REF60118,REF60118,,,user@paytm,Salary Transfer,Mobikwik,Pending Settlement
NEFT/908469166113/ARUN KUMAR/Merchant Payment,NEFT/908469166113/ARUN KUMAR/Merchant Payment,650,650,2026-04-21,2026-08-24,REF14968,REF14968,,,user@federal,Merchant Payment,Paytm,Duplicate
EMI PAYMENT ICICI REF:146215969320,EMI PAYMENT ICICI REF:146215969320,1999,1999,2026-01-22,2026-01-22,REF42550,REF42550,CHQ4644,CHQ4644,user@federal,Merchant Payment,BHIM,Matched
UPI/CR/640606961201/RAJESH YADAV/Bill Payment,UPI FAILED 441308485022,10000,0,2026-04-17,2026-04-17,REF20245,REF20245,,,shop@okicici,Merchant Payment,AmazonPay,UPI Failed
NEFT/592101984659/LATA MISHRA/Subscription,NEFT/592101984659/LATA MISHRA/Subscription,999,999,2026-10-24,2026-10-24,REF66810,REF66810,CHQ8897,CHQ8897,user@okhdfcbank,Mobile Recharge,AmazonPay,Matched
RECEIVED FROM SUNIL VERMA VIA BHIM,,2000,0,2026-12-16,2026-12-16,REF35652,,,,bill@paytm,EMI Payment,BHIM,Unmatched
UPI P2M NETFLIX 537830190159,,3999,0,2026-03-07,2026-03-07,REF67186,,CHQ6711,,abc123@paytm,P2P,Cred,Unmatched
UPI P2M HOTSTAR 373742593364,UPI P2M HOTSTAR 373742593364,2500,2500,2026-05-08,2026-05-08,REF88924,REF88924,,,user@oksbi,P2M,Cred,Matched
UPI P2M DMART 874802079697,UPI REVERSAL 926401567999,1999,-1999,2026-11-13,2026-11-13,REF86818,REF21648,,,salary@bank,EMI Payment,Mobikwik,UPI Reversed
SUBSCRIPTION GOOGLE ONE REF:537005579070,SUBSCRIPTION GOOGLE ONE REF:537005579070,3000,3000,2026-03-12,2026-03-12,REF34431,REF34431,CHQ4244,CHQ4244,user@oksbi,Insurance Premium,AmazonPay,Matched
UPI/BHIM/165287543837/SUNIL VERMA/Salary Transfer,UPI/BHIM/165287543837/SUNIL VERMA/Salary Transfer,650,649.0,2026-02-09,2026-02-09,REF18423,REF18423,,,user@oksbi,P2P,GPay,Partial Match
UPI/DR/742807664517/PRIYA PATEL/P2P,UPI/DR/742807664517/PRIYA PATEL/P2P,350,350,2026-10-14,2026-10-14,REF54112,REF51317,,,abc123@paytm,Subscription,BHIM,Matched
UPI P2P SURESH PANDIT 464527091896,UPI FAILED 623427033280,20000,0,2026-06-15,2026-06-15,REF91048,REF91048,,,user@paytm,EMI Payment,GPay,UPI Failed
RECHARGE AIRTEL REF:910922286039,UPI FAILED 313061189152,2250,0,2026-11-28,2026-10-26,REF23166,REF23166,CHQ5814,CHQ5814,bill@paytm,P2P,PhonePe,UPI Failed
UPI/CR/614858284515/SURESH PANDIT/Rent Payment,,1200,0,2026-07-23,2026-07-23,REF13830,REF60264,,,user@apl,Mobile Recharge,Cred,Unmatched
INSURANCE PREMIUM ICICI PRUDENTIAL REF:236024196704,,650,0,2026-11-21,2026-11-21,REF83649,REF39301,CHQ8159,,user@axl,P2M,GPay,Unmatched
SUBSCRIPTION APPLE ICLOUD REF:916851911681,SUBSCRIPTION APPLE ICLOUD REF:916851911681,4999,4999,2026-09-07,2026-09-07,REF60875,REF60875,CHQ6237,CHQ6237,merchant@razorpay,Rent Payment,Cred,Matched
IMPS/534249479952/SURESH PANDIT/Mobile Recharge,UPI FAILED 450464522328,9999,0,2026-05-05,2026-02-09,REF97208,REF97208,CHQ1562,CHQ1562,salary@bank,Insurance Premium,Cred,UPI Failed
PAYMENT TO BIGBASKET VIA Mobikwik,PAYMENT TO BIGBASKET VIA Mobikwik,850,850.01,2026-05-27,2026-05-27,REF96409,REF96409,CHQ3608,CHQ3608,abc123@paytm,Subscription,BHIM,Partial Match
SUBSCRIPTION APPLE ICLOUD REF:410453292310,SUBSCRIPTION APPLE ICLOUD REF:410453292310,3000,3000,2026-10-05,2026-10-05,REF67918,REF67918,,,merchant@ccavenue,Bill Payment,Cred,Matched
UPI P2P GEETA AGRAWAL 214141685474,UPI REVERSAL 787832863446,500,-500,2026-02-17,2026-02-17,REF95209,REF95209,,,user@oksbi,Bill Payment,BHIM,UPI Reversed
SUBSCRIPTION GOOGLE ONE REF:818000364477,,1500,0,2026-02-04,2026-02-04,REF74122,REF39482,,,salary@bank,Salary Transfer,BHIM,Unmatched
SUBSCRIPTION APPLE ICLOUD REF:972284464141,SUBSCRIPTION APPLE ICLOUD REF:972284464141,750,750,2026-12-28,2026-12-28,REF80452,REF12588,,,rent@upi,Rent Payment,BHIM,Matched
RECHARGE AIRTEL REF:690921879434,RECHARGE AIRTEL REF:690921879434,150,150,2026-02-02,2026-02-02,REF26884,REF26884,,,user@ibl,P2P,GPay,Matched
RECEIVED FROM NEHA CHOPRA VIA GPay,UPI PENDING SETTLEMENT 767232262429,2000,2000,2026-10-16,2026-09-17,REF51017,REF51017,,,user@ybl,Bill Payment,GPay,Pending Settlement
NEFT/762001382573/KIRAN SINGH/Merchant Payment,NEFT/762001382573/KIRAN SINGH/Merchant Payment,25000,25000,2026-05-13,2026-11-14,REF95166,REF95166,CHQ7554,CHQ7554,merchant@razorpay,Rent Payment,PhonePe,Matched
SUBSCRIPTION SPOTIFY REF:867223407708,SUBSCRIPTION SPOTIFY REF:867223407708,1100,1100,2026-07-01,2026-07-01,REF89116,REF89116,,,rent@upi,Subscription,GPay,Matched
UPI/CR/956130938006/VIKAS GUPTA/P2M,UPI/CR/956130938006/VIKAS GUPTA/P2M,5000,5000,2026-09-24,2026-09-24,REF50180,REF22522,,,salary@bank,Mobile Recharge,AmazonPay,Matched
UPI/CR/155390347429/ARUN NAIR/Rent Payment,UPI/CR/155390347429/ARUN NAIR/Rent Payment,2000,2000,2026-05-01,2026-05-01,REF77314,REF77314,CHQ3070,CHQ3070,user@ibl,P2P,Cred,Matched
UPI P2P GEETA AGRAWAL 957737191645,UPI FAILED 198174025196,50000,0,2026-07-17,2026-07-17,REF39984,REF63282,,,user@okhdfcbank,P2M,GPay,UPI Failed
UPI/CR/732069347976/AMIT KUMAR/P2P,UPI REVERSAL 114626388536,999,-999,2026-11-22,2026-12-01,REF79783,REF79783,,,shop@okicici,Rent Payment,Cred,UPI Reversed
SUBSCRIPTION SPOTIFY REF:683879077280,SUBSCRIPTION SPOTIFY REF:683879077280,999,999,2026-06-02,2026-06-22,REF65407,REF65407,,,user@apl,Rent Payment,Mobikwik,Matched
UPI/CR/427663333080/KAVITA REDDY/Salary Transfer,UPI/CR/427663333080/KAVITA REDDY/Salary Transfer,1750,1750.01,2026-10-28,2026-10-28,REF73998,REF73998,,,user@paytm,EMI Payment,Cred,Partial Match
UPI P2P RAJESH YADAV 207412251863,UPI P2P RAJESH YADAV 207412251863,2500,2500,2026-11-09,2026-11-09,REF39634,REF39634,,,merchant@payu,Rent Payment,Mobikwik,Matched
PAYMENT TO AMAZON VIA Paytm,PAYMENT TO AMAZON VIA Paytm,850,850,2026-07-24,2026-11-09,REF53412,REF53412,CHQ3626,CHQ3626,user@oksbi,Subscription,BHIM,Matched
EMI PAYMENT ICICI REF:884612083767,UPI FAILED 843252851593,2500,0,2026-06-17,2026-12-01,REF11788,REF66317,CHQ4874,CHQ4874,shop@okicici,Insurance Premium,Paytm,UPI Failed
UPI/CR/571419475437/ARUN KUMAR/Merchant Payment,UPI/CR/571419475437/ARUN KUMAR/Merchant Payment,1100,1100,2026-04-16,2026-04-16,REF23508,REF23508,CHQ9230,CHQ9230,salary@bank,Merchant Payment,PhonePe,Matched
UPI P2M AMAZON 400812493280,UPI P2M AMAZON 400812493280,100000,100000,2026-12-21,2026-12-21,REF40333,REF40333,,,shop@okicici,P2P,Paytm,Matched
UPI P2P ARUN NAIR 883191686671,UPI P2P ARUN NAIR 883191686671,2250,2250,2026-05-20,2026-05-20,REF23207,REF23207,,,user@federal,Mobile Recharge,GPay,Matched
UPI/DR/708523686092/VIKAS GUPTA/EMI Payment,UPI/DR/708523686092/VIKAS GUPTA/EMI Payment,10000,10000,2026-10-13,2026-10-13,REF21433,REF21433,CHQ3137,CHQ3137,user@ybl,Salary Transfer,Cred,Matched
IMPS/592652763636/NEHA CHOPRA/Mobile Recharge,IMPS/592652763636/NEHA CHOPRA/Mobile Recharge,250,250.1,2026-03-07,2026-03-07,REF64815,REF68783,,,user@oksbi,Subscription,GPay,Partial Match
RECEIVED FROM RAHUL SHARMA VIA Cred,,499,0,2026-11-18,2026-11-18,REF77303,,CHQ3711,,rent@upi,Subscription,BHIM,Unmatched
IMPS/100790558940/RAJESH YADAV/P2P,UPI FAILED 706743650383,25000,0,2026-05-28,2026-05-28,REF38879,REF38879,,,rent@upi,Bill Payment,Paytm,UPI Failed
UPI/GPay/396923851219/RAJESH YADAV/P2P,UPI/GPay/396923851219/RAJESH YADAV/P2P,2999,2999,2026-05-24,2026-05-24,REF27512,REF27512,,,user@ybl,P2P,Mobikwik,Matched
SUBSCRIPTION GOOGLE ONE REF:409088298414,SUBSCRIPTION GOOGLE ONE REF:409088298414,10000,10000,2026-08-08,2026-08-08,REF52501,REF52501,,,xyz456@ybl,Merchant Payment,BHIM,Matched
SUBSCRIPTION SPOTIFY REF:505590527430,SUBSCRIPTION SPOTIFY REF:505590527430,5000,5000,2026-11-10,2026-11-10,REF12758,REF61668,,,merchant@ccavenue,P2M,PhonePe,Matched
IMPS/209102925196/RAHUL SHARMA/Subscription,IMPS/209102925196/RAHUL SHARMA/Subscription,2000,2000,2026-04-25,2026-04-25,REF20957,REF88595,,,user@paytm,P2M,AmazonPay,Matched
UPI P2P VIKAS GUPTA 881051485997,UPI P2P VIKAS GUPTA 881051485997,2500,2495.0,2026-04-02,2026-04-02,REF81241,REF81241,,,rent@upi,Mobile Recharge,GPay,Partial Match
RECHARGE VI REF:256402456757,,1500,0,2026-08-06,2026-08-06,REF24435,REF46937,,,user@federal,P2M,Paytm,Unmatched
INSURANCE PREMIUM ICICI PRUDENTIAL REF:761611136828,UPI PENDING SETTLEMENT 391769505801,75000,75000,2026-06-04,2026-12-26,REF45532,REF45532,CHQ7047,CHQ7047,merchant@razorpay,Merchant Payment,Paytm,Pending Settlement
PAYMENT TO ICICI BANK VIA BHIM,PAYMENT TO ICICI BANK VIA BHIM,650,650,2026-06-11,2026-06-11,REF74776,REF74776,,,user@federal,Merchant Payment,Mobikwik,Matched
INSURANCE PREMIUM STAR HEALTH REF:521962962366,UPI PENDING SETTLEMENT 992036785574,4999,4999,2026-12-14,2026-12-08,REF79067,REF79067,,,user@paytm,Bill Payment,Mobikwik,Pending Settlement
RECEIVED FROM DEEPA KAPOOR VIA BHIM,RECEIVED FROM DEEPA KAPOOR VIA BHIM,15000,15000,2026-01-24,2026-01-24,REF28061,REF28061,,,user@paytm,Subscription,Paytm,Matched
UPI/CR/738501637879/LATA MISHRA/Merchant Payment,UPI/CR/738501637879/LATA MISHRA/Merchant Payment,100,100,2026-10-27,2026-10-27,REF64590,REF64590,,,bill@paytm,Mobile Recharge,BHIM,Matched
UPI P2P SNEHA SINGH 960900311433,,1100,0,2026-11-15,2026-11-15,REF82634,REF75781,CHQ5227,,user@apl,Subscription,PhonePe,Unmatched
UPI/CR/514556690337/RAJESH YADAV/Bill Payment,UPI/CR/514556690337/RAJESH YADAV/Bill Payment,150,150,2026-11-21,2026-11-21,REF63097,REF63097,CHQ3700,CHQ3700,shop@okicici,Bill Payment,Paytm,Matched
UPI/CR/762982755205/RAHUL SHARMA/Rent Payment,UPI/CR/762982755205/RAHUL SHARMA/Rent Payment,100000,100000,2026-04-18,2026-04-18,REF36440,REF36440,,,salary@bank,Salary Transfer,GPay,Matched
EMI PAYMENT ICICI REF:149322575472,UPI FAILED 548099599573,150,0,2026-07-24,2026-07-24,REF56640,REF76005,CHQ2595,CHQ2595,merchant@razorpay,P2P,AmazonPay,UPI Failed
PAYMENT TO BAJAJ FINSERV VIA BHIM,PAYMENT TO BAJAJ FINSERV VIA BHIM,3000,3000.1,2026-09-17,2026-09-17,REF89788,REF89788,,,abc123@paytm,Salary Transfer,Mobikwik,Partial Match
UPI/DR/885509489051/MOHAN LAL/P2M,UPI PENDING SETTLEMENT 445550768552,2500,2500,2026-05-18,2026-03-10,REF21425,REF21425,,,abc123@paytm,EMI Payment,GPay,Pending Settlement
SUBSCRIPTION APPLE ICLOUD REF:605826632874,SUBSCRIPTION APPLE ICLOUD REF:605826632874,75000,75000,2026-07-14,2026-07-14,REF91223,REF91223,CHQ3113,CHQ3113,user@federal,EMI Payment,GPay,Matched
RECEIVED FROM PRIYA PATEL VIA Mobikwik,UPI REVERSAL 345126576910,75000,-75000,2026-07-06,2026-07-06,REF84728,REF84728,,,user@okhdfcbank,EMI Payment,BHIM,UPI Reversed
RECEIVED FROM AMIT KUMAR VIA Mobikwik,,350,0,2026-10-16,2026-10-16,REF37870,,CHQ8802,,rent@upi,Merchant Payment,BHIM,Unmatched
IMPS/724145448983/MOHAN LAL/EMI Payment,IMPS/724145448983/MOHAN LAL/EMI Payment,10000,10000,2026-01-25,2026-01-25,REF99610,REF99610,,,merchant@razorpay,P2M,Paytm,Matched
NEFT/885436886735/RAVI TEJA/Mobile Recharge,,100000,0,2026-03-07,2026-03-07,REF55780,,CHQ8890,,merchant@payu,Subscription,Paytm,Unmatched
Cred UPI TRANSFER AMIT KUMAR REF:714222978844,UPI PENDING SETTLEMENT 549571171860,2500,2500,2026-08-05,2026-03-21,REF75463,REF75463,CHQ2861,CHQ2861,store@okaxis,Salary Transfer,GPay,Pending Settlement
SUBSCRIPTION SPOTIFY REF:310363340598,SUBSCRIPTION SPOTIFY REF:310363340598,550,550,2026-06-01,2026-06-01,REF49576,REF26350,CHQ9226,CHQ9226,store@okaxis,Subscription,BHIM,Matched
RECHARGE JIO REF:570481313350,RECHARGE JIO REF:570481313350,650,650,2026-05-28,2026-05-28,REF96455,REF96455,,,user@oksbi,P2M,Mobikwik,Matched
UPI/CR/119969985565/GEETA AGRAWAL/Salary Transfer,UPI/CR/119969985565/GEETA AGRAWAL/Salary Transfer,250,250.5,2026-11-10,2026-02-12,REF65134,REF65134,,,store@okaxis,Subscription,Mobikwik,Partial Match
EMI PAYMENT ICICI REF:536974925048,UPI FAILED 511417108280,100,0,2026-07-02,2026-07-02,REF12035,REF78021,,,user@federal,EMI Payment,PhonePe,UPI Failed
UPI P2M AXIS BANK 710924012749,UPI PENDING SETTLEMENT 208366188884,5000,5000,2026-07-11,2026-12-26,REF77800,REF77800,,,salary@bank,Subscription,Mobikwik,Pending Settlement
INSURANCE PREMIUM LIC REF:274173402920,INSURANCE PREMIUM LIC REF:274173402920,1999,1994.0,2026-02-19,2026-02-19,REF60122,REF93160,,,abc123@paytm,Merchant Payment,PhonePe,Partial Match
IMPS/311728669974/MOHAN LAL/P2P,UPI REVERSAL 409846823668,1200,-1200,2026-02-15,2026-02-15,REF88105,REF88105,,,user@okhdfcbank,Insurance Premium,Mobikwik,UPI Reversed
RECHARGE JIO REF:530389964508,RECHARGE JIO REF:530389964508,150,150,2026-11-15,2026-11-15,REF31116,REF31116,,,salary@bank,Salary Transfer,Mobikwik,Matched
UPI P2P ARUN KUMAR 482225201026,UPI P2P ARUN KUMAR 482225201026,200,200,2026-09-01,2026-02-07,REF77894,REF77894,,,user@paytm,EMI Payment,PhonePe,Matched
SUBSCRIPTION AMAZON PRIME REF:392601434155,SUBSCRIPTION AMAZON PRIME REF:392601434155,999,999,2026-07-07,2026-05-13,REF42780,REF42780,,,user@oksbi,Salary Transfer,Mobikwik,Matched
NEFT/972589835800/GEETA AGRAWAL/Salary Transfer,NEFT/972589835800/GEETA AGRAWAL/Salary Transfer,9999,9998.9,2026-07-14,2026-09-09,REF36177,REF36177,,,salary@bank,Subscription,Paytm,Partial Match
INSURANCE PREMIUM SBI LIFE REF:683965852229,UPI FAILED 234494551090,10000,0,2026-11-12,2026-11-12,REF58754,REF58754,,,user@federal,Bill Payment,BHIM,UPI Failed
UPI P2P MOHAN LAL 357263146461,UPI FAILED 931858422418,9999,0,2026-11-03,2026-11-03,REF85228,REF85228,CHQ7909,CHQ7909,merchant@ccavenue,Bill Payment,GPay,UPI Failed
PAYMENT TO RELIANCE RETAIL VIA AmazonPay,PAYMENT TO RELIANCE RETAIL VIA AmazonPay,75000,74999.9,2026-01-21,2026-01-21,REF85465,REF62797,CHQ8565,CHQ8565,rent@upi,Rent Payment,GPay,Partial Match
UPI/DR/615694378674/SNEHA SINGH/EMI Payment,UPI/DR/615694378674/SNEHA SINGH/EMI Payment,500,500,2026-07-10,2026-06-20,REF69582,REF69582,,,user@oksbi,P2P,PhonePe,Matched
UPI/DR/212265009527/ARUN NAIR/Bill Payment,UPI/DR/212265009527/ARUN NAIR/Bill Payment,250,250,2026-02-02,2026-02-02,REF49883,REF49883,,,xyz456@ybl,Mobile Recharge,Cred,Matched
UPI/Mobikwik/605017086072/ARUN NAIR/Salary Transfer,UPI/Mobikwik/605017086072/ARUN NAIR/Salary Transfer,1499,1499,2026-04-19,2026-04-19,REF72642,REF52193,,,pay@oksbi,Bill Payment,GPay,Matched
NEFT/193249672970/MEERA JOSHI/Bill Payment,NEFT/193249672970/MEERA JOSHI/Bill Payment,10000,10000,2026-01-22,2026-01-22,REF38329,REF38329,,,user@federal,Bill Payment,Mobikwik,Matched
RECEIVED FROM KAVITA REDDY VIA GPay,UPI FAILED 565049774956,999,0,2026-04-25,2026-04-25,REF62455,REF62455,,,salary@bank,P2M,PhonePe,UPI Failed
UPI/CR/223458946585/RAHUL SHARMA/P2P,,1500,0,2026-09-03,2026-09-03,REF56455,,,,bill@paytm,EMI Payment,GPay,Unmatched
UPI P2P RAJESH YADAV 151959709910,,499,0,2026-09-14,2026-04-04,REF24311,,,,user@ybl,P2P,AmazonPay,Unmatched
UPI/CR/209659670756/MEERA JOSHI/Subscription,UPI/CR/209659670756/MEERA JOSHI/Subscription,499,499,2026-04-06,2026-04-06,REF36683,REF36683,,,user@paytm,P2M,PhonePe,Matched
SUBSCRIPTION SPOTIFY REF:626657988084,,100,0,2026-11-16,2026-11-16,REF66088,,,,user@okhdfcbank,Merchant Payment,Cred,Unmatched
UPI/DR/489098289345/LATA MISHRA/Bill Payment,UPI/DR/489098289345/LATA MISHRA/Bill Payment,75000,74999.95,2026-04-17,2026-04-17,REF75948,REF75948,,,user@federal,Insurance Premium,BHIM,Partial Match
RECEIVED FROM LATA MISHRA VIA GPay,RECEIVED FROM LATA MISHRA VIA GPay,1499,1498.5,2026-12-21,2026-12-21,REF12716,REF12716,,,pay@oksbi,P2P,PhonePe,Partial Match
SUBSCRIPTION APPLE ICLOUD REF:576626653809,UPI FAILED 404916666454,25000,0,2026-11-12,2026-11-12,REF53410,REF53410,,,bill@paytm,EMI Payment,Mobikwik,UPI Failed
UPI P2M ZOMATO 601632135167,UPI FAILED 415623509214,75000,0,2026-10-18,2026-10-18,REF97073,REF97073,,,store@okaxis,P2P,PhonePe,UPI Failed
Paytm UPI TRANSFER RAHUL SHARMA REF:156364727424,Paytm UPI TRANSFER RAHUL SHARMA REF:156364727424,999,999,2026-11-25,2026-11-25,REF83498,REF83498,,,merchant@ccavenue,Subscription,AmazonPay,Matched
NEFT/135299725337/MEERA JOSHI/Subscription,UPI PENDING SETTLEMENT 455949419312,9999,9999,2026-05-06,2026-10-05,REF83912,REF83912,,,merchant@razorpay,Subscription,AmazonPay,Pending Settlement
NEFT/426785154788/NEHA CHOPRA/Subscription,NEFT/426785154788/NEHA CHOPRA/Subscription,450,450,2026-08-12,2026-08-12,REF66055,REF70461,,,rent@upi,P2P,Mobikwik,Matched
EMI PAYMENT AXIS REF:774913675998,,2000,0,2026-07-22,2026-07-22,REF10780,,,,user@ybl,P2M,GPay,Unmatched
BILL PAYMENT MOBILE REF:465531991745,BILL PAYMENT MOBILE REF:465531991745,500,500,2026-12-07,2026-12-07,REF77667,REF77667,,,user@apl,Merchant Payment,Paytm,Matched
SUBSCRIPTION APPLE ICLOUD REF:984790968928,UPI FAILED 587503718265,20000,0,2026-04-04,2026-05-13,REF72094,REF72094,,,pay@oksbi,Merchant Payment,Mobikwik,UPI Failed
RECHARGE JIO REF:385815982829,RECHARGE JIO REF:385815982829,3000,3000,2026-09-24,2026-09-24,REF81654,REF81654,,,user@oksbi,Salary Transfer,BHIM,Matched
NEFT/522586939909/GEETA AGRAWAL/P2P,NEFT/522586939909/GEETA AGRAWAL/P2P,100,100,2026-10-10,2026-10-10,REF14467,REF91248,,,abc123@paytm,Merchant Payment,BHIM,Matched
PAYMENT TO BSNL VIA PhonePe,PAYMENT TO BSNL VIA PhonePe,5000,5000,2026-11-05,2026-11-05,REF56119,REF56119,,,merchant@razorpay,Mobile Recharge,Mobikwik,Duplicate
NEFT/533463032839/MOHAN LAL/Merchant Payment,NEFT/533463032839/MOHAN LAL/Merchant Payment,4999,4998.5,2026-10-12,2026-03-08,REF86610,REF86610,,,user@oksbi,P2M,BHIM,Partial Match
PAYMENT TO RELIANCE RETAIL VIA Cred,UPI PENDING SETTLEMENT 767327632098,25000,25000,2026-02-02,2026-11-27,REF19552,REF19552,,,user@oksbi,Insurance Premium,BHIM,Pending Settlement
BILL PAYMENT GAS REF:712349720896,BILL PAYMENT GAS REF:712349720896,7500,7500,2026-02-19,2026-02-19,REF13177,REF13177,,,merchant@razorpay,P2P,Paytm,Matched
Mobikwik UPI TRANSFER LATA MISHRA REF:473971242576,Mobikwik UPI TRANSFER LATA MISHRA REF:473971242576,2999,3004.0,2026-03-26,2026-03-26,REF18802,REF84599,,,bill@paytm,Mobile Recharge,GPay,Partial Match
IMPS/757351096946/RAHUL SHARMA/Mobile Recharge,IMPS/757351096946/RAHUL SHARMA/Mobile Recharge,3000,3000,2026-05-03,2026-05-03,REF80047,REF90117,,,xyz456@ybl,Salary Transfer,GPay,Matched
INSURANCE PREMIUM LIC REF:740426329332,,10000,0,2026-09-27,2026-09-27,REF53202,,CHQ2021,,salary@bank,Salary Transfer,Cred,Unmatched
EMI PAYMENT HDFC REF:478109001007,EMI PAYMENT HDFC REF:478109001007,1200,1200.1,2026-01-16,2026-01-16,REF76532,REF76532,,,user@apl,P2P,GPay,Partial Match
EMI PAYMENT AXIS REF:318233143086,EMI PAYMENT AXIS REF:318233143086,2000,2000,2026-07-23,2026-07-23,REF65945,REF65945,,,abc123@paytm,EMI Payment,PhonePe,Matched
INSURANCE PREMIUM LIC REF:357946813028,INSURANCE PREMIUM LIC REF:357946813028,500,500,2026-02-02,2026-02-02,REF26608,REF26608,,,user@apl,Mobile Recharge,PhonePe,Matched
PAYMENT TO HDFC BANK VIA PhonePe,UPI FAILED 395893089497,550,0,2026-09-10,2026-09-10,REF95674,REF95674,,,user@oksbi,P2P,Paytm,UPI Failed
SUBSCRIPTION AMAZON PRIME REF:786982439021,UPI PENDING SETTLEMENT 121965487707,2500,2500,2026-01-08,2026-08-27,REF67708,REF67708,,,xyz456@ybl,Mobile Recharge,Mobikwik,Pending Settlement
UPI/DR/523525641545/LATA MISHRA/P2P,UPI PENDING SETTLEMENT 485529133540,1999,1999,2026-01-22,2026-01-20,REF49996,REF49996,,,user@ibl,Salary Transfer,PhonePe,Pending Settlement
UPI P2P SNEHA SINGH 579410823124,UPI P2P SNEHA SINGH 579410823124,3999,3994.0,2026-09-09,2026-09-09,REF31305,REF31305,CHQ8656,CHQ8656,user@ibl,P2M,PhonePe,Partial Match
NEFT/728514915632/ARUN KUMAR/Mobile Recharge,NEFT/728514915632/ARUN KUMAR/Mobile Recharge,3999,3998.5,2026-11-11,2026-11-11,REF44670,REF44670,CHQ8271,CHQ8271,abc123@paytm,Insurance Premium,Cred,Partial Match
IMPS/161884512557/SUNIL VERMA/EMI Payment,IMPS/161884512557/SUNIL VERMA/EMI Payment,25000,24999.95,2026-08-05,2026-08-05,REF39808,REF39808,,,merchant@payu,Rent Payment,Mobikwik,Partial Match
UPI P2P SUNIL VERMA 705770586621,,750,0,2026-09-15,2026-09-15,REF24835,,,,abc123@paytm,Subscription,GPay,Unmatched
INSURANCE PREMIUM ICICI PRUDENTIAL REF:255834660922,UPI FAILED 128309106281,200,0,2026-03-12,2026-03-12,REF15847,REF15847,,,user@federal,Rent Payment,Cred,UPI Failed
RECEIVED FROM DEEPA KAPOOR VIA GPay,RECEIVED FROM DEEPA KAPOOR VIA GPay,999,994.0,2026-10-21,2026-10-21,REF81857,REF79174,CHQ9830,CHQ9830,pay@oksbi,Rent Payment,AmazonPay,Partial Match
NEFT/424593200246/MEERA JOSHI/Bill Payment,,950,0,2026-06-03,2026-06-03,REF56135,,,,pay@oksbi,Salary Transfer,PhonePe,Unmatched
UPI P2M HDFC LIFE 723757083791,,150,0,2026-02-03,2026-02-03,REF63543,REF85499,,,merchant@ccavenue,Merchant Payment,BHIM,Unmatched
UPI/CR/389560792103/LATA MISHRA/P2P,UPI/CR/389560792103/LATA MISHRA/P2P,2000,2000,2026-09-28,2026-09-28,REF79377,REF79377,CHQ7919,CHQ7919,rent@upi,Bill Payment,Cred,Matched
UPI P2P ARUN KUMAR 473225588061,UPI P2P ARUN KUMAR 473225588061,1100,1100,2026-05-25,2026-05-25,REF72535,REF72535,CHQ4005,CHQ4005,bill@paytm,P2M,PhonePe,Matched
PhonePe UPI TRANSFER ARUN NAIR REF:506274048768,PhonePe UPI TRANSFER ARUN NAIR REF:506274048768,100000,100000,2026-08-11,2026-08-11,REF16329,REF85999,,,shop@okicici,Mobile Recharge,Paytm,Duplicate
EMI PAYMENT ICICI REF:143564697505,EMI PAYMENT ICICI REF:143564697505,1500,1500,2026-05-09,2026-05-20,REF73784,REF47811,,,user@oksbi,Bill Payment,Cred,Matched
UPI/CR/706478773134/ANITA DEVI/Rent Payment,UPI/CR/706478773134/ANITA DEVI/Rent Payment,550,550,2026-04-10,2026-04-10,REF84863,REF84863,,,store@okaxis,Mobile Recharge,GPay,Matched
INSURANCE PREMIUM LIC REF:232477167276,UPI REVERSAL 793437347947,750,-750,2026-06-06,2026-06-06,REF76461,REF76461,,,user@okhdfcbank,EMI Payment,GPay,UPI Reversed
INSURANCE PREMIUM SBI LIFE REF:974906758366,,650,0,2026-04-22,2026-04-22,REF35647,,,,pay@oksbi,Mobile Recharge,PhonePe,Unmatched
INSURANCE PREMIUM LIC REF:923445232948,INSURANCE PREMIUM LIC REF:923445232948,25000,25000,2026-10-13,2026-10-13,REF92709,REF92709,,,merchant@payu,Mobile Recharge,Mobikwik,Matched
NEFT/635444878926/ARUN KUMAR/Insurance Premium,NEFT/635444878926/ARUN KUMAR/Insurance Premium,950,950,2026-08-11,2026-08-11,REF42426,REF42426,,,user@federal,P2M,Paytm,Matched
SUBSCRIPTION AMAZON PRIME REF:950953528959,UPI REVERSAL 552335726553,950,-950,2026-01-18,2026-01-18,REF52361,REF52361,,,xyz456@ybl,Mobile Recharge,GPay,UPI Reversed
SUBSCRIPTION APPLE ICLOUD REF:470307562813,SUBSCRIPTION APPLE ICLOUD REF:470307562813,14999,14999,2026-06-05,2026-06-05,REF89293,REF12767,,,user@okhdfcbank,EMI Payment,Paytm,Matched
RECEIVED FROM PRIYA PATEL VIA AmazonPay,RECEIVED FROM PRIYA PATEL VIA AmazonPay,3000,2995.0,2026-06-11,2026-06-11,REF64184,REF14728,,,bill@paytm,P2M,AmazonPay,Partial Match
PAYMENT TO CROMA VIA Cred,PAYMENT TO CROMA VIA Cred,2000,2000,2026-12-09,2026-12-09,REF21130,REF21130,,,shop@okicici,P2P,GPay,Matched
RECEIVED FROM KIRAN SINGH VIA Mobikwik,RECEIVED FROM KIRAN SINGH VIA Mobikwik,100000,100005.0,2026-05-15,2026-05-15,REF36563,REF36563,,,user@apl,Subscription,AmazonPay,Partial Match
NEFT/872697540707/MEERA JOSHI/Insurance Premium,NEFT/872697540707/MEERA JOSHI/Insurance Premium,1300,1300,2026-04-19,2026-04-19,REF13262,REF13262,,,salary@bank,P2M,Cred,Matched
UPI/PhonePe/794967287154/NEHA CHOPRA/Insurance Premium,UPI/PhonePe/794967287154/NEHA CHOPRA/Insurance Premium,14999,14999,2026-08-17,2026-08-17,REF84270,REF84270,CHQ1965,CHQ1965,user@axl,EMI Payment,Mobikwik,Matched
UPI P2P RAHUL SHARMA 721434512798,UPI P2P RAHUL SHARMA 721434512798,150,150,2026-11-08,2026-11-08,REF52183,REF52183,,,user@okhdfcbank,P2M,BHIM,Matched
UPI P2M STAR HEALTH 929475362212,UPI REVERSAL 561911213065,499,-499,2026-03-21,2026-03-21,REF78758,REF78758,,,shop@okicici,Mobile Recharge,Cred,UPI Reversed
BILL PAYMENT GAS REF:672395048773,UPI PENDING SETTLEMENT 464798211985,1499,1499,2026-10-09,2026-12-24,REF71880,REF27739,,,pay@oksbi,P2P,Paytm,Pending Settlement
UPI/Cred/175035197966/RAJESH YADAV/P2M,,14999,0,2026-08-20,2026-06-21,REF30506,,,,user@paytm,Bill Payment,Paytm,Unmatched
INSURANCE PREMIUM LIC REF:571879866980,INSURANCE PREMIUM LIC REF:571879866980,2500,2500,2026-02-24,2026-02-24,REF38369,REF38369,,,bill@paytm,Salary Transfer,Cred,Matched
UPI P2P SUNIL VERMA 948580979751,UPI P2P SUNIL VERMA 948580979751,15000,15000.05,2026-04-03,2026-04-03,REF90599,REF52380,,,user@ybl,Merchant Payment,AmazonPay,Partial Match
UPI P2M HDFC LIFE 618251551164,UPI P2M HDFC LIFE 618251551164,450,449.99,2026-05-27,2026-05-27,REF78417,REF93069,,,merchant@razorpay,Subscription,AmazonPay,Partial Match
SUBSCRIPTION AMAZON PRIME REF:378266486071,,10000,0,2026-10-18,2026-10-18,REF35032,,,,user@paytm,Bill Payment,BHIM,Unmatched
IMPS/744269208652/SNEHA SINGH/Rent Payment,IMPS/744269208652/SNEHA SINGH/Rent Payment,2250,2250,2026-07-02,2026-07-02,REF43166,REF43166,,,user@paytm,Insurance Premium,AmazonPay,Matched
PAYMENT TO HOTSTAR VIA GPay,UPI FAILED 443865069544,950,0,2026-02-02,2026-02-02,REF68114,REF68114,,,merchant@ccavenue,Salary Transfer,Cred,UPI Failed
RECHARGE AIRTEL REF:451756389108,RECHARGE AIRTEL REF:451756389108,2500,2500,2026-12-09,2026-12-09,REF21005,REF21005,,,bill@paytm,Subscription,PhonePe,Matched
RECHARGE BSNL REF:439316264993,UPI FAILED 789733730959,1000,0,2026-03-24,2026-03-24,REF21326,REF32195,,,merchant@ccavenue,EMI Payment,BHIM,UPI Failed
SUBSCRIPTION AMAZON PRIME REF:374634113143,SUBSCRIPTION AMAZON PRIME REF:374634113143,3999,3999,2026-06-14,2026-05-23,REF39617,REF33214,CHQ5469,CHQ5469,store@okaxis,Mobile Recharge,GPay,Matched
Mobikwik UPI TRANSFER ANITA DEVI REF:483813796137,,75000,0,2026-04-11,2026-04-11,REF76029,,,,bill@paytm,Bill Payment,Paytm,Unmatched
NEFT/667430885007/VIKAS GUPTA/EMI Payment,NEFT/667430885007/VIKAS GUPTA/EMI Payment,150,150,2026-12-04,2026-12-04,REF92506,REF30807,,,user@federal,EMI Payment,Cred,Matched
UPI/PhonePe/494763968269/SURESH PANDIT/P2P,UPI PENDING SETTLEMENT 511128754144,1100,1100,2026-12-13,2026-10-11,REF72072,REF72072,CHQ5138,CHQ5138,user@ybl,Bill Payment,Mobikwik,Pending Settlement
INSURANCE PREMIUM ICICI PRUDENTIAL REF:218141496875,UPI PENDING SETTLEMENT 964719282439,1499,1499,2026-04-19,2026-01-03,REF28290,REF28290,,,abc123@paytm,Insurance Premium,BHIM,Pending Settlement
UPI/DR/261742492357/RAJESH YADAV/Merchant Payment,UPI/DR/261742492357/RAJESH YADAV/Merchant Payment,2500,2500,2026-11-18,2026-11-18,REF59054,REF59054,,,rent@upi,Subscription,Cred,Matched
PAYMENT TO PRIME VIDEO VIA PhonePe,PAYMENT TO PRIME VIDEO VIA PhonePe,1100,1100,2026-10-13,2026-10-13,REF80007,REF80007,,,salary@bank,P2P,PhonePe,Matched
UPI/Mobikwik/360995902335/ARUN NAIR/P2P,UPI/Mobikwik/360995902335/ARUN NAIR/P2P,2000,2000,2026-08-07,2026-08-07,REF15799,REF15799,,,merchant@payu,Subscription,PhonePe,Duplicate
UPI P2M RELIANCE RETAIL 136424123243,UPI P2M RELIANCE RETAIL 136424123243,1200,1200,2026-11-28,2026-11-28,REF63015,REF63015,CHQ1200,CHQ1200,bill@paytm,Subscription,Cred,Matched
PAYMENT TO AIRTEL VIA Paytm,,1999,0,2026-06-04,2026-02-05,REF33440,,CHQ9711,,user@paytm,EMI Payment,Cred,Unmatched
IMPS/995564660275/GEETA AGRAWAL/Mobile Recharge,UPI FAILED 840183762064,500,0,2026-10-22,2026-10-22,REF58404,REF58404,,,rent@upi,Mobile Recharge,PhonePe,UPI Failed
UPI P2M SBI 589701515237,UPI P2M SBI 589701515237,1000,1000,2026-09-04,2026-09-04,REF26522,REF26522,CHQ9084,CHQ9084,store@okaxis,Salary Transfer,PhonePe,Matched
INSURANCE PREMIUM STAR HEALTH REF:725018925608,UPI PENDING SETTLEMENT 301959599224,1000,1000,2026-06-21,2026-12-09,REF49581,REF49581,,,user@okhdfcbank,Subscription,GPay,Pending Settlement
Mobikwik UPI TRANSFER MEERA JOSHI REF:775612105657,Mobikwik UPI TRANSFER MEERA JOSHI REF:775612105657,50000,49995.0,2026-12-23,2026-11-10,REF34341,REF34341,,,user@ibl,P2P,BHIM,Partial Match
EMI PAYMENT SBI REF:823334017370,EMI PAYMENT SBI REF:823334017370,15000,15000,2026-02-20,2026-02-20,REF47726,REF47726,CHQ8547,CHQ8547,user@federal,Rent Payment,BHIM,Matched
RECEIVED FROM ARUN NAIR VIA PhonePe,,650,0,2026-05-13,2026-05-13,REF14229,,,,pay@oksbi,Rent Payment,Paytm,Unmatched
SUBSCRIPTION GOOGLE ONE REF:684050563406,SUBSCRIPTION GOOGLE ONE REF:684050563406,4999,4999,2026-03-20,2026-03-20,REF56088,REF56088,,,user@axl,Rent Payment,Cred,Matched
IMPS/244042863875/SNEHA SINGH/Bill Payment,,850,0,2026-09-14,2026-09-14,REF56140,REF46553,CHQ7851,,abc123@paytm,P2M,Cred,Unmatched
BILL PAYMENT MOBILE REF:799056406741,BILL PAYMENT MOBILE REF:799056406741,1300,1300,2026-03-28,2026-03-28,REF33281,REF33281,,,store@okaxis,Merchant Payment,Cred,Duplicate
UPI P2M DMART 819751297315,UPI PENDING SETTLEMENT 771410849783,999,999,2026-02-20,2026-04-06,REF84787,REF84787,CHQ1374,CHQ1374,user@okhdfcbank,EMI Payment,GPay,Pending Settlement
INSURANCE PREMIUM SBI LIFE REF:820652046614,INSURANCE PREMIUM SBI LIFE REF:820652046614,7500,7499.99,2026-06-05,2026-06-05,REF48401,REF48401,,,store@okaxis,Bill Payment,Mobikwik,Partial Match
PAYMENT TO RELIANCE RETAIL VIA PhonePe,PAYMENT TO RELIANCE RETAIL VIA PhonePe,1499,1499,2026-08-28,2026-08-28,REF60504,REF60504,,,rent@upi,P2M,Cred,Matched
BILL PAYMENT MOBILE REF:688364171747,BILL PAYMENT MOBILE REF:688364171747,999,998.99,2026-11-21,2026-11-21,REF67677,REF67677,,,salary@bank,P2M,Cred,Partial Match
UPI P2M DMART 472186992411,UPI P2M DMART 472186992411,25000,25000,2026-06-10,2026-06-10,REF68284,REF68284,,,user@ibl,Salary Transfer,GPay,Matched
UPI/Paytm/415773637626/DEEPA KAPOOR/Mobile Recharge,UPI/Paytm/415773637626/DEEPA KAPOOR/Mobile Recharge,75000,75000.1,2026-03-24,2026-03-24,REF26849,REF26849,,,merchant@ccavenue,Salary Transfer,Paytm,Partial Match
UPI/DR/500546163988/RAVI TEJA/Merchant Payment,UPI/DR/500546163988/RAVI TEJA/Merchant Payment,650,650,2026-08-21,2026-01-22,REF32167,REF32167,CHQ8897,CHQ8897,user@okhdfcbank,EMI Payment,PhonePe,Matched
IMPS/405587303314/RAJESH YADAV/Insurance Premium,IMPS/405587303314/RAJESH YADAV/Insurance Premium,250,250,2026-07-21,2026-07-21,REF22955,REF22955,CHQ9313,CHQ9313,rent@upi,Rent Payment,Mobikwik,Matched
EMI PAYMENT ICICI REF:589866681681,EMI PAYMENT ICICI REF:589866681681,250,250,2026-10-09,2026-10-09,REF82348,REF82348,,,user@okhdfcbank,Merchant Payment,AmazonPay,Matched
IMPS/367265447841/LATA MISHRA/Rent Payment,IMPS/367265447841/LATA MISHRA/Rent Payment,2250,2250,2026-02-15,2026-02-15,REF20929,REF20929,,,pay@oksbi,Mobile Recharge,AmazonPay,Matched
UPI P2M AXIS BANK 890752973976,UPI P2M AXIS BANK 890752973976,499,499,2026-11-06,2026-05-09,REF53075,REF53075,,,rent@upi,Bill Payment,Paytm,Matched
RECEIVED FROM SURESH PANDIT VIA GPay,RECEIVED FROM SURESH PANDIT VIA GPay,750,750,2026-07-22,2026-07-22,REF49929,REF54883,,,rent@upi,Merchant Payment,PhonePe,Matched
EMI PAYMENT ICICI REF:332923819431,EMI PAYMENT ICICI REF:332923819431,3999,3998.5,2026-11-05,2026-11-05,REF52436,REF89970,,,user@federal,Rent Payment,BHIM,Partial Match
EMI PAYMENT SBI REF:956489103116,UPI REVERSAL 558542284535,150,-150,2026-08-10,2026-01-14,REF65744,REF65744,,,abc123@paytm,Merchant Payment,BHIM,UPI Reversed
UPI/DR/876609686046/RAJESH YADAV/EMI Payment,UPI/DR/876609686046/RAJESH YADAV/EMI Payment,2999,2999.5,2026-09-24,2026-09-24,REF36142,REF36142,CHQ9240,CHQ9240,user@federal,Insurance Premium,Cred,Partial Match
UPI/DR/824909854190/MOHAN LAL/Salary Transfer,UPI FAILED 248055429179,50000,0,2026-09-12,2026-09-12,REF67425,REF19697,CHQ2819,CHQ2819,shop@okicici,Merchant Payment,Mobikwik,UPI Failed
NEFT/321509021810/SURESH PANDIT/Salary Transfer,NEFT/321509021810/SURESH PANDIT/Salary Transfer,750,750,2026-12-23,2026-12-23,REF51151,REF68437,CHQ6918,CHQ6918,merchant@ccavenue,Merchant Payment,Paytm,Matched
PAYMENT TO SBI VIA Cred,,499,0,2026-01-27,2026-01-27,REF79258,REF58952,,,shop@okicici,P2P,AmazonPay,Unmatched
UPI P2P KIRAN SINGH 691804134303,UPI P2P KIRAN SINGH 691804134303,1999,1999,2026-03-26,2026-03-26,REF77305,REF77305,CHQ2437,CHQ2437,merchant@ccavenue,P2M,Mobikwik,Duplicate
RECHARGE BSNL REF:612290233981,UPI REVERSAL 344849805895,3999,-3999,2026-05-01,2026-05-01,REF91748,REF91748,CHQ1309,CHQ1309,user@apl,Salary Transfer,Cred,UPI Reversed
RECEIVED FROM RAJESH YADAV VIA Mobikwik,RECEIVED FROM RAJESH YADAV VIA Mobikwik,5000,4999.99,2026-02-01,2026-06-28,REF79916,REF79916,,,user@federal,Bill Payment,Cred,Partial Match
NEFT/564557788508/RAJESH YADAV/P2P,NEFT/564557788508/RAJESH YADAV/P2P,1300,1300,2026-12-28,2026-12-28,REF37339,REF37339,,,merchant@ccavenue,Subscription,AmazonPay,Matched
UPI/CR/293141431391/KIRAN SINGH/Bill Payment,UPI/CR/293141431391/KIRAN SINGH/Bill Payment,7500,7499.9,2026-04-03,2026-04-03,REF76441,REF12116,,,shop@okicici,Subscription,Mobikwik,Partial Match
UPI P2P KAVITA REDDY 443364303487,UPI P2P KAVITA REDDY 443364303487,150,150,2026-01-05,2026-01-05,REF42636,REF42636,,,merchant@razorpay,Insurance Premium,Mobikwik,Matched
Mobikwik UPI TRANSFER ARUN KUMAR REF:331079463737,Mobikwik UPI TRANSFER ARUN KUMAR REF:331079463737,5000,5000,2026-06-04,2026-06-04,REF31282,REF31282,,,abc123@paytm,Mobile Recharge,AmazonPay,Matched
EMI PAYMENT KOTAK REF:460888192010,EMI PAYMENT KOTAK REF:460888192010,3000,3000,2026-03-04,2026-03-04,REF11958,REF11958,,,user@okhdfcbank,P2M,BHIM,Matched
UPI P2M NETFLIX 583341562923,,14999,0,2026-11-23,2026-04-05,REF22635,,,,user@apl,Rent Payment,PhonePe,Unmatched
UPI/AmazonPay/822523243501/MOHAN LAL/P2M,UPI/AmazonPay/822523243501/MOHAN LAL/P2M,350,351.0,2026-12-15,2026-12-15,REF97602,REF97602,,,shop@okicici,EMI Payment,Cred,Partial Match
SUBSCRIPTION NETFLIX REF:920485750127,SUBSCRIPTION NETFLIX REF:920485750127,150,150,2026-01-19,2026-01-19,REF73016,REF73016,,,salary@bank,Subscription,BHIM,Matched
PAYMENT TO STAR HEALTH VIA Paytm,UPI PENDING SETTLEMENT 477339567533,499,499,2026-09-15,2026-09-09,REF96933,REF96933,,,user@paytm,Rent Payment,PhonePe,Pending Settlement
PAYMENT TO BIGBASKET VIA Mobikwik,PAYMENT TO BIGBASKET VIA Mobikwik,999,999,2026-03-13,2026-03-13,REF76965,REF39079,,,merchant@ccavenue,EMI Payment,AmazonPay,Matched
UPI/PhonePe/677804362127/DEEPA KAPOOR/Rent Payment,UPI FAILED 928630827303,19999,0,2026-11-28,2026-11-28,REF91026,REF91026,,,shop@okicici,Bill Payment,Paytm,UPI Failed
UPI P2M JIO 526475204769,UPI P2M JIO 526475204769,2999,2999,2026-11-10,2026-11-10,REF37361,REF37361,CHQ2094,CHQ2094,merchant@razorpay,Insurance Premium,Mobikwik,Matched
EMI PAYMENT SBI REF:370489939211,EMI PAYMENT SBI REF:370489939211,2000,2000,2026-07-04,2026-07-04,REF86798,REF86798,CHQ3487,CHQ3487,user@ibl,EMI Payment,GPay,Matched
RECEIVED FROM SNEHA SINGH VIA Cred,UPI FAILED 787679401051,350,0,2026-05-02,2026-05-02,REF60004,REF60004,CHQ5185,CHQ5185,pay@oksbi,Mobile Recharge,PhonePe,UPI Failed
UPI/CR/907443566508/ARUN KUMAR/Insurance Premium,,50000,0,2026-12-24,2026-12-24,REF46158,,CHQ9320,,user@ibl,EMI Payment,GPay,Unmatched
SUBSCRIPTION AMAZON PRIME REF:636037651790,SUBSCRIPTION AMAZON PRIME REF:636037651790,9999,9999,2026-10-13,2026-10-13,REF89511,REF60146,,,user@oksbi,Salary Transfer,Mobikwik,Matched
UPI/CR/205551507921/MEERA JOSHI/Salary Transfer,UPI/CR/205551507921/MEERA JOSHI/Salary Transfer,1750,1750.5,2026-10-28,2026-10-28,REF78519,REF78519,,,salary@bank,Merchant Payment,GPay,Partial Match
UPI P2P SURESH PANDIT 418251940718,UPI FAILED 279502321403,150,0,2026-08-23,2026-08-23,REF93205,REF93205,,,rent@upi,EMI Payment,Cred,UPI Failed
UPI P2P AMIT KUMAR 996707430536,,1000,0,2026-11-13,2026-11-13,REF51015,,,,merchant@ccavenue,Mobile Recharge,Mobikwik,Unmatched
UPI P2P ANITA DEVI 986210672315,UPI REVERSAL 184592112887,75000,-75000,2026-09-18,2026-09-18,REF33318,REF33318,,,xyz456@ybl,Mobile Recharge,PhonePe,UPI Reversed
RECEIVED FROM VIKAS GUPTA VIA Mobikwik,UPI REVERSAL 404911227195,1300,-1300,2026-01-08,2026-01-08,REF81825,REF81825,,,user@apl,Bill Payment,PhonePe,UPI Reversed
EMI PAYMENT KOTAK REF:259841365860,,3999,0,2026-04-14,2026-07-24,REF34386,,CHQ7547,,user@ibl,EMI Payment,Mobikwik,Unmatched
UPI P2M HOTSTAR 501022077854,UPI P2M HOTSTAR 501022077854,2250,2255.0,2026-09-11,2026-09-11,REF23737,REF23737,CHQ4732,CHQ4732,rent@upi,Bill Payment,BHIM,Partial Match
RECHARGE BSNL REF:602739672136,RECHARGE BSNL REF:602739672136,450,450,2026-08-28,2026-05-19,REF29382,REF29382,,,user@ibl,P2P,Cred,Matched
UPI P2M BAJAJ FINSERV 940543215216,UPI FAILED 108000381948,999,0,2026-07-05,2026-07-05,REF80728,REF16943,CHQ6152,CHQ6152,abc123@paytm,Salary Transfer,GPay,UPI Failed
UPI/CR/171355944388/GEETA AGRAWAL/Bill Payment,UPI/CR/171355944388/GEETA AGRAWAL/Bill Payment,1500,1500.5,2026-06-03,2026-06-03,REF22341,REF22341,CHQ7347,CHQ7347,user@federal,Merchant Payment,GPay,Partial Match
UPI/Paytm/575484073820/AMIT KUMAR/Subscription,UPI/Paytm/575484073820/AMIT KUMAR/Subscription,1300,1300,2026-02-17,2026-01-22,REF43786,REF43786,,,abc123@paytm,P2M,PhonePe,Matched
RECEIVED FROM ARUN NAIR VIA Mobikwik,RECEIVED FROM ARUN NAIR VIA Mobikwik,19999,19999,2026-10-16,2026-03-20,REF33827,REF22709,,,abc123@paytm,Salary Transfer,PhonePe,Matched
SUBSCRIPTION NETFLIX REF:296589172675,SUBSCRIPTION NETFLIX REF:296589172675,450,450,2026-11-06,2026-11-06,REF87346,REF75228,,,merchant@razorpay,Salary Transfer,Paytm,Duplicate
INSURANCE PREMIUM SBI LIFE REF:704123605871,UPI PENDING SETTLEMENT 991121633048,499,499,2026-04-26,2026-11-23,REF62990,REF62990,,,bill@paytm,P2M,Cred,Pending Settlement
INSURANCE PREMIUM ICICI PRUDENTIAL REF:720740187890,UPI REVERSAL 514185767425,1300,-1300,2026-04-10,2026-04-10,REF92095,REF92095,,,user@oksbi,EMI Payment,AmazonPay,UPI Reversed
UPI P2M FLIPKART 646774666704,,1999,0,2026-01-02,2026-01-02,REF49707,,,,shop@okicici,Rent Payment,AmazonPay,Unmatched
RECEIVED FROM PRIYA PATEL VIA PhonePe,RECEIVED FROM PRIYA PATEL VIA PhonePe,10000,9999.5,2026-10-21,2026-01-08,REF90349,REF25247,,,user@federal,Merchant Payment,BHIM,Partial Match
UPI P2P ARUN KUMAR 148971039882,UPI P2P ARUN KUMAR 148971039882,950,949.9,2026-12-01,2026-12-01,REF64511,REF73991,CHQ7178,CHQ7178,user@paytm,Subscription,GPay,Partial Match
PAYMENT TO ZOMATO VIA PhonePe,UPI REVERSAL 385916438180,850,-850,2026-05-18,2026-05-18,REF47544,REF47544,,,merchant@ccavenue,P2M,AmazonPay,UPI Reversed
IMPS/667481637967/LATA MISHRA/Bill Payment,IMPS/667481637967/LATA MISHRA/Bill Payment,20000,20000.05,2026-07-20,2026-07-20,REF58614,REF58614,,,bill@paytm,Bill Payment,Mobikwik,Partial Match
UPI P2P ARUN NAIR 722958196640,UPI P2P ARUN NAIR 722958196640,2500,2500,2026-05-17,2026-05-17,REF18342,REF18342,,,store@okaxis,P2P,Mobikwik,Matched
RECHARGE AIRTEL REF:762480563971,,1499,0,2026-09-01,2026-09-01,REF91079,,CHQ6270,,user@oksbi,Bill Payment,GPay,Unmatched
Mobikwik UPI TRANSFER SNEHA SINGH REF:993604098978,Mobikwik UPI TRANSFER SNEHA SINGH REF:993604098978,3999,3999,2026-11-13,2026-04-22,REF47023,REF47023,,,pay@oksbi,Salary Transfer,Paytm,Matched
BILL PAYMENT WATER REF:625940152724,BILL PAYMENT WATER REF:625940152724,550,550,2026-12-01,2026-12-01,REF66588,REF66588,CHQ3359,CHQ3359,rent@upi,Bill Payment,BHIM,Matched
BILL PAYMENT INTERNET REF:329149138348,BILL PAYMENT INTERNET REF:329149138348,150,150,2026-11-13,2026-11-13,REF27447,REF27447,CHQ4373,CHQ4373,salary@bank,Bill Payment,Mobikwik,Matched
EMI PAYMENT HDFC REF:502090011804,UPI REVERSAL 319261884561,1999,-1999,2026-11-15,2026-11-15,REF49363,REF49363,CHQ7752,CHQ7752,merchant@payu,Subscription,AmazonPay,UPI Reversed
PAYMENT TO BAJAJ FINSERV VIA PhonePe,,7500,0,2026-03-14,2026-03-14,REF51483,REF27112,,,pay@oksbi,EMI Payment,AmazonPay,Unmatched
GPay UPI TRANSFER AMIT KUMAR REF:909732710217,UPI PENDING SETTLEMENT 172330163470,450,450,2026-04-24,2026-08-16,REF29739,REF86473,CHQ6039,CHQ6039,user@federal,Merchant Payment,Paytm,Pending Settlement
EMI PAYMENT ICICI REF:274211980525,EMI PAYMENT ICICI REF:274211980525,1500,1500,2026-11-05,2026-08-13,REF68314,REF68314,,,pay@oksbi,Merchant Payment,Mobikwik,Matched
SUBSCRIPTION AMAZON PRIME REF:741843935028,SUBSCRIPTION AMAZON PRIME REF:741843935028,5000,5000,2026-03-20,2026-11-07,REF49335,REF24545,,,user@federal,Mobile Recharge,Cred,Matched
EMI PAYMENT KOTAK REF:486903851165,EMI PAYMENT KOTAK REF:486903851165,50000,49999.95,2026-09-01,2026-09-01,REF74174,REF74174,,,user@ibl,Insurance Premium,BHIM,Partial Match
NEFT/824817671838/ARUN NAIR/Merchant Payment,NEFT/824817671838/ARUN NAIR/Merchant Payment,100000,100000,2026-07-07,2026-07-07,REF71619,REF71619,,,xyz456@ybl,EMI Payment,Paytm,Matched
RECHARGE BSNL REF:963261166610,RECHARGE BSNL REF:963261166610,1000,999.0,2026-08-22,2026-08-22,REF21114,REF21114,CHQ6220,CHQ6220,user@oksbi,Bill Payment,GPay,Partial Match
UPI/CR/727726676482/AMIT KUMAR/P2P,UPI/CR/727726676482/AMIT KUMAR/P2P,19999,19999,2026-08-21,2026-08-21,REF53371,REF53371,CHQ2733,CHQ2733,merchant@razorpay,Bill Payment,Cred,Matched
UPI/PhonePe/886372880336/GEETA AGRAWAL/Bill Payment,UPI PENDING SETTLEMENT 875694534831,7500,7500,2026-08-27,2026-03-16,REF35860,REF35860,CHQ9115,CHQ9115,user@ybl,Insurance Premium,PhonePe,Pending Settlement
UPI/CR/388612011934/NEHA CHOPRA/P2M,,15000,0,2026-03-13,2026-03-13,REF93269,,CHQ5861,,user@axl,Bill Payment,BHIM,Unmatched
UPI P2P SUNIL VERMA 365151709373,UPI P2P SUNIL VERMA 365151709373,500,500,2026-10-25,2026-10-25,REF66373,REF66373,,,user@paytm,P2M,Paytm,Matched
INSURANCE PREMIUM ICICI PRUDENTIAL REF:499064638607,UPI FAILED 745224826371,100000,0,2026-08-11,2026-08-11,REF81554,REF81554,CHQ4117,CHQ4117,shop@okicici,Insurance Premium,BHIM,UPI Failed
EMI PAYMENT AXIS REF:546557525387,EMI PAYMENT AXIS REF:546557525387,19999,19999,2026-03-13,2026-03-13,REF57934,REF57934,,,merchant@payu,Merchant Payment,AmazonPay,Matched
IMPS/117587230544/VIKAS GUPTA/Bill Payment,UPI PENDING SETTLEMENT 648569239856,2999,2999,2026-05-08,2026-07-14,REF34896,REF30948,,,user@ybl,EMI Payment,GPay,Pending Settlement
UPI P2P VIKAS GUPTA 627018360557,UPI P2P VIKAS GUPTA 627018360557,100000,100000,2026-11-06,2026-11-06,REF54378,REF54378,,,user@oksbi,Salary Transfer,PhonePe,Matched
UPI P2P KIRAN SINGH 511134699652,,150,0,2026-12-08,2026-12-08,REF50964,REF72414,,,rent@upi,EMI Payment,AmazonPay,Unmatched
SUBSCRIPTION APPLE ICLOUD REF:960375720341,SUBSCRIPTION APPLE ICLOUD REF:960375720341,999,999.01,2026-02-13,2026-12-09,REF29445,REF29445,,,user@okhdfcbank,Insurance Premium,BHIM,Partial Match
EMI PAYMENT KOTAK REF:403954602274,EMI PAYMENT KOTAK REF:403954602274,2250,2249.9,2026-09-05,2026-09-05,REF45750,REF94651,CHQ8941,CHQ8941,user@oksbi,Mobile Recharge,Cred,Partial Match
INSURANCE PREMIUM SBI LIFE REF:676362891832,INSURANCE PREMIUM SBI LIFE REF:676362891832,200,200,2026-01-21,2026-01-21,REF94408,REF94408,CHQ2289,CHQ2289,merchant@razorpay,Insurance Premium,Cred,Matched
UPI/Paytm/587881849593/SUNIL VERMA/Bill Payment,UPI/Paytm/587881849593/SUNIL VERMA/Bill Payment,4999,4999,2026-03-11,2026-03-11,REF12222,REF82427,,,merchant@razorpay,EMI Payment,Mobikwik,Matched
RECEIVED FROM GEETA AGRAWAL VIA Paytm,UPI REVERSAL 170852686559,3999,-3999,2026-01-17,2026-01-17,REF17321,REF28338,CHQ3160,CHQ3160,bill@paytm,Merchant Payment,Cred,UPI Reversed
EMI PAYMENT AXIS REF:470900838824,EMI PAYMENT AXIS REF:470900838824,850,850,2026-12-05,2026-12-05,REF81840,REF81840,CHQ4395,CHQ4395,user@ibl,Bill Payment,PhonePe,Matched
BILL PAYMENT MOBILE REF:128165040811,BILL PAYMENT MOBILE REF:128165040811,150,150,2026-06-13,2026-06-13,REF93142,REF93142,,,pay@oksbi,P2P,Cred,Matched
UPI P2M FLIPKART 175376809555,UPI REVERSAL 689064453468,4999,-4999,2026-06-17,2026-06-17,REF31519,REF31519,,,user@axl,Mobile Recharge,AmazonPay,UPI Reversed
UPI P2M DMART 929794493045,UPI P2M DMART 929794493045,1300,1300,2026-10-21,2026-10-21,REF98060,REF98060,,,user@ybl,Subscription,Mobikwik,Matched
INSURANCE PREMIUM STAR HEALTH REF:327093107226,INSURANCE PREMIUM STAR HEALTH REF:327093107226,19999,19999,2026-04-19,2026-04-19,REF43073,REF43073,,,merchant@payu,EMI Payment,PhonePe,Matched
SUBSCRIPTION GOOGLE ONE REF:891942885285,,14999,0,2026-02-01,2026-05-15,REF14089,REF45944,,,xyz456@ybl,Salary Transfer,PhonePe,Unmatched
UPI P2P DEEPA KAPOOR 809594347394,UPI P2P DEEPA KAPOOR 809594347394,100000,100000,2026-03-09,2026-03-09,REF69890,REF69890,CHQ4353,CHQ4353,user@paytm,Insurance Premium,PhonePe,Matched
UPI/CR/360811068839/KIRAN SINGH/P2P,UPI/CR/360811068839/KIRAN SINGH/P2P,10000,10000,2026-02-13,2026-02-13,REF98869,REF98869,,,store@okaxis,Subscription,PhonePe,Matched
BHIM UPI TRANSFER KAVITA REDDY REF:151098978752,UPI PENDING SETTLEMENT 722227034265,20000,20000,2026-12-15,2026-07-18,REF10255,REF74032,CHQ1722,CHQ1722,user@ybl,Mobile Recharge,Paytm,Pending Settlement
UPI P2P DEEPA KAPOOR 699029719611,UPI P2P DEEPA KAPOOR 699029719611,4999,4999,2026-07-12,2026-07-12,REF71274,REF71274,CHQ5791,CHQ5791,pay@oksbi,Rent Payment,BHIM,Matched
UPI P2M HOTSTAR 761796244432,UPI P2M HOTSTAR 761796244432,999,999,2026-11-05,2026-11-05,REF88484,REF88484,,,salary@bank,Merchant Payment,Mobikwik,Matched
RECHARGE AIRTEL REF:536769031814,RECHARGE AIRTEL REF:536769031814,3000,2999.5,2026-12-08,2026-12-08,REF99654,REF99654,CHQ6486,CHQ6486,abc123@paytm,Rent Payment,BHIM,Partial Match
RECHARGE JIO REF:342205230571,,999,0,2026-02-16,2026-02-16,REF28920,,CHQ6022,,merchant@ccavenue,Rent Payment,Cred,Unmatched
RECHARGE AIRTEL REF:126590170769,RECHARGE AIRTEL REF:126590170769,1500,1500,2026-07-12,2026-07-12,REF96715,REF96715,,,xyz456@ybl,EMI Payment,PhonePe,Matched
BHIM UPI TRANSFER PRIYA PATEL REF:797839583899,BHIM UPI TRANSFER PRIYA PATEL REF:797839583899,2250,2250,2026-07-25,2026-07-25,REF80650,REF80650,CHQ7925,CHQ7925,abc123@paytm,Insurance Premium,GPay,Matched
PAYMENT TO SWIGGY VIA PhonePe,PAYMENT TO SWIGGY VIA PhonePe,2250,2250,2026-01-11,2026-01-11,REF50607,REF50607,,,shop@okicici,P2M,GPay,Matched
AmazonPay UPI TRANSFER SURESH PANDIT REF:842439714849,UPI REVERSAL 597796423739,25000,-25000,2026-10-04,2026-10-04,REF77729,REF77729,,,user@axl,Salary Transfer,Paytm,UPI Reversed
BILL PAYMENT MOBILE REF:185200874447,,5000,0,2026-04-11,2026-04-11,REF99526,,,,user@oksbi,P2M,PhonePe,Unmatched
SUBSCRIPTION APPLE ICLOUD REF:721074630479,SUBSCRIPTION APPLE ICLOUD REF:721074630479,950,950,2026-08-02,2026-08-02,REF46556,REF46556,,,user@okhdfcbank,Mobile Recharge,Cred,Matched
UPI P2M ICICI BANK 229439694020,UPI P2M ICICI BANK 229439694020,2250,2250,2026-02-26,2026-02-26,REF96017,REF96017,,,user@apl,Bill Payment,PhonePe,Matched
SUBSCRIPTION APPLE ICLOUD REF:532509537069,SUBSCRIPTION APPLE ICLOUD REF:532509537069,100,100,2026-05-26,2026-05-26,REF27964,REF27964,,,merchant@ccavenue,Bill Payment,Cred,Matched
PAYMENT TO AXIS BANK VIA Cred,,2500,0,2026-02-16,2026-02-16,REF77290,,CHQ2189,,shop@okicici,EMI Payment,PhonePe,Unmatched
UPI P2M HDFC LIFE 924890014481,UPI P2M HDFC LIFE 924890014481,15000,15001.0,2026-12-05,2026-12-05,REF72831,REF72831,,,merchant@payu,Bill Payment,AmazonPay,Partial Match
PAYMENT TO AIRTEL VIA GPay,,850,0,2026-05-15,2026-05-15,REF95218,,CHQ6594,,user@federal,Mobile Recharge,Mobikwik,Unmatched
RECEIVED FROM KIRAN SINGH VIA Cred,UPI PENDING SETTLEMENT 792570318101,350,350,2026-09-17,2026-05-09,REF90788,REF87913,,,user@federal,EMI Payment,PhonePe,Pending Settlement
UPI P2P RAVI TEJA 439183620536,UPI FAILED 883236622438,2000,0,2026-12-10,2026-12-10,REF34899,REF34899,,,store@okaxis,Salary Transfer,AmazonPay,UPI Failed
SUBSCRIPTION GOOGLE ONE REF:801331485203,SUBSCRIPTION GOOGLE ONE REF:801331485203,2250,2250,2026-12-09,2026-12-09,REF84473,REF84473,,,user@okhdfcbank,Mobile Recharge,GPay,Matched
RECHARGE BSNL REF:101688269899,UPI PENDING SETTLEMENT 578787355507,500,500,2026-07-21,2026-07-11,REF74167,REF74167,,,abc123@paytm,P2P,GPay,Pending Settlement
NEFT/701756965601/VIKAS GUPTA/Subscription,NEFT/701756965601/VIKAS GUPTA/Subscription,350,349.95,2026-10-24,2026-10-24,REF46329,REF46329,,,user@ibl,Rent Payment,Paytm,Partial Match
UPI/Mobikwik/705688975688/MEERA JOSHI/Subscription,UPI/Mobikwik/705688975688/MEERA JOSHI/Subscription,3999,3998.99,2026-12-20,2026-12-20,REF45353,REF38963,CHQ3040,CHQ3040,merchant@payu,Merchant Payment,PhonePe,Partial Match
UPI/DR/835464920128/KAVITA REDDY/Subscription,UPI/DR/835464920128/KAVITA REDDY/Subscription,950,950,2026-12-15,2026-12-15,REF68002,REF90616,,,user@paytm,Rent Payment,Mobikwik,Matched
INSURANCE PREMIUM STAR HEALTH REF:639762761411,INSURANCE PREMIUM STAR HEALTH REF:639762761411,10000,10000,2026-06-05,2026-06-05,REF20139,REF20139,,,xyz456@ybl,Bill Payment,PhonePe,Matched
UPI P2M SBI 371760369583,UPI P2M SBI 371760369583,200,200,2026-07-19,2026-07-19,REF55243,REF55243,,,store@okaxis,Subscription,GPay,Matched
UPI P2P LATA MISHRA 393039420284,,550,0,2026-01-25,2026-01-25,REF39960,REF22108,,,rent@upi,P2P,Paytm,Unmatched
INSURANCE PREMIUM SBI LIFE REF:595017079886,INSURANCE PREMIUM SBI LIFE REF:595017079886,750,750,2026-04-28,2026-04-28,REF22094,REF22094,,,merchant@payu,Mobile Recharge,AmazonPay,Matched
UPI P2M SBI 284232287193,,1500,0,2026-08-18,2026-08-18,REF58356,,CHQ3502,,user@paytm,EMI Payment,Mobikwik,Unmatched
NEFT/995557571936/RAVI TEJA/Merchant Payment,NEFT/995557571936/RAVI TEJA/Merchant Payment,20000,20000,2026-10-27,2026-10-27,REF58128,REF58128,,,merchant@payu,P2M,Cred,Matched
BILL PAYMENT INTERNET REF:931531484495,BILL PAYMENT INTERNET REF:931531484495,1999,1999,2026-12-13,2026-12-13,REF78819,REF78819,,,salary@bank,Subscription,Mobikwik,Matched
INSURANCE PREMIUM LIC REF:282139591375,INSURANCE PREMIUM LIC REF:282139591375,950,950,2026-07-13,2026-07-13,REF49258,REF49258,,,user@paytm,Bill Payment,BHIM,Matched
EMI PAYMENT AXIS REF:594553330102,EMI PAYMENT AXIS REF:594553330102,850,850.05,2026-08-23,2026-04-05,REF70975,REF70975,,,user@oksbi,Mobile Recharge,Paytm,Partial Match
PAYMENT TO NETFLIX VIA Paytm,PAYMENT TO NETFLIX VIA Paytm,450,450,2026-06-07,2026-06-07,REF50677,REF50677,CHQ3718,CHQ3718,rent@upi,Mobile Recharge,GPay,Matched
IMPS/673939376756/SURESH PANDIT/Salary Transfer,IMPS/673939376756/SURESH PANDIT/Salary Transfer,500,500,2026-09-19,2026-09-19,REF26160,REF26160,CHQ8987,CHQ8987,rent@upi,Salary Transfer,AmazonPay,Matched
UPI/Mobikwik/462400428348/VIKAS GUPTA/Bill Payment,UPI/Mobikwik/462400428348/VIKAS GUPTA/Bill Payment,15000,15000,2026-01-02,2026-01-02,REF49703,REF49703,,,merchant@ccavenue,Subscription,Mobikwik,Matched
UPI/GPay/703128992345/RAJESH YADAV/Merchant Payment,UPI/GPay/703128992345/RAJESH YADAV/Merchant Payment,15000,15000.01,2026-08-06,2026-08-06,REF98160,REF54923,,,abc123@paytm,Insurance Premium,Paytm,Partial Match
RECEIVED FROM ARUN NAIR VIA Cred,UPI FAILED 157572787156,1100,0,2026-08-09,2026-08-09,REF53011,REF49366,CHQ5924,CHQ5924,user@ibl,P2M,Mobikwik,UPI Failed
IMPS/962620508380/SURESH PANDIT/Rent Payment,IMPS/962620508380/SURESH PANDIT/Rent Payment,3999,3999,2026-06-10,2026-11-03,REF20633,REF20633,,,user@federal,P2P,BHIM,Matched
UPI P2M HOTSTAR 555928155661,,10000,0,2026-07-14,2026-07-14,REF40816,,,,merchant@payu,Salary Transfer,Paytm,Unmatched
RECHARGE JIO REF:207730142316,UPI FAILED 503055106120,2250,0,2026-03-02,2026-12-12,REF27495,REF27495,,,salary@bank,P2M,GPay,UPI Failed
NEFT/208792130381/AMIT KUMAR/P2P,NEFT/208792130381/AMIT KUMAR/P2P,1200,1200,2026-05-19,2026-05-19,REF48198,REF48198,,,user@axl,Merchant Payment,GPay,Matched
RECHARGE VI REF:272915306989,,1300,0,2026-06-17,2026-06-17,REF50160,,,,user@apl,Mobile Recharge,Cred,Unmatched
IMPS/265189968802/AMIT KUMAR/P2M,IMPS/265189968802/AMIT KUMAR/P2M,750,750,2026-05-25,2026-05-25,REF53611,REF53611,,,shop@okicici,Subscription,GPay,Matched
BILL PAYMENT LANDLINE REF:838487752434,UPI PENDING SETTLEMENT 984132193031,7500,7500,2026-06-03,2026-05-13,REF16411,REF16411,,,xyz456@ybl,EMI Payment,BHIM,Pending Settlement
UPI P2P ANITA DEVI 566894661421,UPI P2P ANITA DEVI 566894661421,2500,2500,2026-01-05,2026-01-05,REF41460,REF41460,,,merchant@ccavenue,Merchant Payment,BHIM,Matched
UPI/DR/497849426121/ARUN NAIR/P2M,UPI/DR/497849426121/ARUN NAIR/P2M,350,350,2026-11-22,2026-11-22,REF76188,REF76188,,,salary@bank,Salary Transfer,AmazonPay,Matched
EMI PAYMENT SBI REF:907238317039,EMI PAYMENT SBI REF:907238317039,200,200,2026-07-19,2026-08-20,REF92187,REF92187,CHQ2028,CHQ2028,salary@bank,Bill Payment,Paytm,Matched
IMPS/389692414551/MEERA JOSHI/Mobile Recharge,IMPS/389692414551/MEERA JOSHI/Mobile Recharge,250,250.01,2026-04-27,2026-04-27,REF68884,REF68884,,,user@ibl,Rent Payment,Mobikwik,Partial Match
UPI P2M VODAFONE 649826008287,UPI P2M VODAFONE 649826008287,650,650,2026-09-24,2026-09-24,REF53068,REF53068,,,shop@okicici,P2M,Paytm,Duplicate
PAYMENT TO BAJAJ FINSERV VIA Paytm,UPI FAILED 862538456066,550,0,2026-02-25,2026-02-25,REF47850,REF47850,,,merchant@razorpay,P2M,Mobikwik,UPI Failed
IMPS/954981883593/SNEHA SINGH/EMI Payment,UPI PENDING SETTLEMENT 202172977137,2250,2250,2026-11-20,2026-06-06,REF46477,REF46477,CHQ6836,CHQ6836,user@ibl,P2P,AmazonPay,Pending Settlement
EMI PAYMENT SBI REF:197781303934,EMI PAYMENT SBI REF:197781303934,200,200.01,2026-06-28,2026-06-28,REF61023,REF61023,CHQ8084,CHQ8084,pay@oksbi,Salary Transfer,Cred,Partial Match
SUBSCRIPTION NETFLIX REF:958619293486,UPI REVERSAL 472153405011,100,-100,2026-10-12,2026-10-12,REF12244,REF12244,CHQ7103,CHQ7103,user@federal,Insurance Premium,GPay,UPI Reversed
UPI/CR/673784646197/SNEHA SINGH/Insurance Premium,UPI/CR/673784646197/SNEHA SINGH/Insurance Premium,250,250,2026-11-11,2026-11-11,REF42248,REF48463,,,user@oksbi,P2P,Paytm,Matched
UPI/Mobikwik/386456738378/SUNIL VERMA/Subscription,UPI REVERSAL 413452098572,100000,-100000,2026-12-10,2026-12-10,REF63329,REF63329,,,merchant@razorpay,Rent Payment,AmazonPay,UPI Reversed
UPI/CR/226111115379/SUNIL VERMA/Merchant Payment,UPI FAILED 885169744987,50000,0,2026-05-27,2026-05-27,REF82116,REF82116,CHQ2305,CHQ2305,rent@upi,Mobile Recharge,AmazonPay,UPI Failed
UPI/CR/546227026563/KAVITA REDDY/EMI Payment,UPI REVERSAL 498613769747,4999,-4999,2026-01-04,2026-01-04,REF72518,REF72518,,,merchant@payu,Salary Transfer,AmazonPay,UPI Reversed
IMPS/465424445628/KIRAN SINGH/P2M,IMPS/465424445628/KIRAN SINGH/P2M,3000,3000,2026-12-27,2026-12-27,REF99449,REF10692,,,user@ibl,Salary Transfer,Mobikwik,Duplicate
RECHARGE JIO REF:641971400195,UPI REVERSAL 416016528332,450,-450,2026-03-13,2026-03-13,REF87433,REF87433,,,user@oksbi,Subscription,Paytm,UPI Reversed
PAYMENT TO LIC VIA PhonePe,UPI FAILED 401584596298,250,0,2026-04-08,2026-04-08,REF16103,REF85310,CHQ7467,CHQ7467,merchant@ccavenue,P2M,Mobikwik,UPI Failed
UPI P2M BIGBASKET 474121517198,UPI REVERSAL 799468736904,1499,-1499,2026-11-09,2026-11-09,REF68118,REF68118,,,merchant@ccavenue,Bill Payment,BHIM,UPI Reversed
NEFT/153418444517/GEETA AGRAWAL/P2P,,10000,0,2026-07-04,2026-07-04,REF47645,,,,user@paytm,Insurance Premium,Mobikwik,Unmatched
UPI/CR/600735137864/KAVITA REDDY/Mobile Recharge,UPI/CR/600735137864/KAVITA REDDY/Mobile Recharge,2250,2250.05,2026-04-15,2026-09-17,REF27496,REF27496,,,merchant@razorpay,P2M,Paytm,Partial Match
RECEIVED FROM SNEHA SINGH VIA Cred,UPI REVERSAL 301527714518,25000,-25000,2026-04-25,2026-01-05,REF97614,REF97614,CHQ9682,CHQ9682,user@paytm,EMI Payment,Mobikwik,UPI Reversed
RECEIVED FROM ARUN NAIR VIA PhonePe,UPI REVERSAL 765550941055,4999,-4999,2026-04-21,2026-04-21,REF62684,REF62684,,,xyz456@ybl,Insurance Premium,AmazonPay,UPI Reversed
IMPS/148639280815/LATA MISHRA/Rent Payment,IMPS/148639280815/LATA MISHRA/Rent Payment,200,200,2026-12-03,2026-12-03,REF23525,REF23525,,,user@ybl,Bill Payment,BHIM,Matched
SUBSCRIPTION AMAZON PRIME REF:211980981357,,100,0,2026-10-14,2026-10-14,REF25765,REF22252,CHQ8370,,user@apl,Salary Transfer,GPay,Unmatched
NEFT/760527742948/PRIYA PATEL/Mobile Recharge,NEFT/760527742948/PRIYA PATEL/Mobile Recharge,950,950,2026-06-04,2026-06-04,REF21627,REF21627,,,user@paytm,Subscription,Cred,Matched
UPI P2P RAHUL SHARMA 597156755523,UPI P2P RAHUL SHARMA 597156755523,15000,15000,2026-12-02,2026-12-02,REF33513,REF33513,,,store@okaxis,P2P,Cred,Matched
Mobikwik UPI TRANSFER DEEPA KAPOOR REF:134937476071,,2250,0,2026-07-01,2026-07-01,REF32462,,,,shop@okicici,P2M,GPay,Unmatched
IMPS/267818172107/GEETA AGRAWAL/Merchant Payment,IMPS/267818172107/GEETA AGRAWAL/Merchant Payment,9999,9999.5,2026-09-22,2026-09-22,REF84356,REF84356,,,store@okaxis,Mobile Recharge,Paytm,Partial Match
IMPS/907136939376/MOHAN LAL/Rent Payment,IMPS/907136939376/MOHAN LAL/Rent Payment,15000,15000,2026-12-23,2026-12-23,REF79932,REF79932,CHQ2854,CHQ2854,salary@bank,Merchant Payment,GPay,Matched
RECEIVED FROM VIKAS GUPTA VIA Mobikwik,,1000,0,2026-06-17,2026-06-17,REF80459,,,,merchant@payu,P2P,BHIM,Unmatched
RECHARGE AIRTEL REF:251205613742,,3000,0,2026-11-09,2026-11-09,REF54260,,,,user@paytm,P2P,GPay,Unmatched
EMI PAYMENT SBI REF:987950979275,EMI PAYMENT SBI REF:987950979275,500,500,2026-11-24,2026-11-24,REF89281,REF89281,,,xyz456@ybl,P2M,Mobikwik,Matched
BILL PAYMENT DTH REF:925878667751,UPI PENDING SETTLEMENT 785053362903,1499,1499,2026-02-05,2026-01-11,REF33032,REF33032,CHQ5734,CHQ5734,shop@okicici,Insurance Premium,GPay,Pending Settlement
UPI/DR/825861479990/SUNIL VERMA/EMI Payment,UPI/DR/825861479990/SUNIL VERMA/EMI Payment,850,850,2026-07-19,2026-07-19,REF26114,REF26114,,,user@apl,EMI Payment,Paytm,Matched
UPI P2P PRIYA PATEL 959724615789,UPI REVERSAL 489201737702,20000,-20000,2026-07-20,2026-07-20,REF90505,REF90505,,,bill@paytm,Merchant Payment,PhonePe,UPI Reversed
NEFT/154984144358/SUNIL VERMA/Rent Payment,NEFT/154984144358/SUNIL VERMA/Rent Payment,2999,2999,2026-08-16,2026-08-16,REF42638,REF42638,,,bill@paytm,P2M,BHIM,Matched
UPI/Paytm/171609988834/ARUN KUMAR/Merchant Payment,UPI/Paytm/171609988834/ARUN KUMAR/Merchant Payment,3000,3000,2026-01-08,2026-01-08,REF65023,REF65023,CHQ3138,CHQ3138,bill@paytm,Subscription,PhonePe,Matched
EMI PAYMENT HDFC REF:191276000419,EMI PAYMENT HDFC REF:191276000419,5000,5000,2026-07-26,2026-07-26,REF40025,REF40025,CHQ7046,CHQ7046,user@axl,Bill Payment,Mobikwik,Matched
UPI/DR/193066204832/LATA MISHRA/Mobile Recharge,UPI PENDING SETTLEMENT 461960229432,550,550,2026-04-18,2026-12-05,REF75663,REF75663,,,user@ybl,EMI Payment,GPay,Pending Settlement
BILL PAYMENT GAS REF:421491038337,BILL PAYMENT GAS REF:421491038337,1500,1500,2026-07-24,2026-07-24,REF39082,REF39082,CHQ2674,CHQ2674,store@okaxis,Rent Payment,BHIM,Matched
EMI PAYMENT ICICI REF:697532080032,UPI REVERSAL 894718231955,850,-850,2026-11-11,2026-11-11,REF39585,REF39585,,,bill@paytm,Insurance Premium,Mobikwik,UPI Reversed
UPI P2M STAR HEALTH 607215484798,UPI PENDING SETTLEMENT 239800070657,200,200,2026-10-04,2026-10-17,REF53855,REF42032,CHQ2835,CHQ2835,user@federal,Insurance Premium,Cred,Pending Settlement
NEFT/412369798112/GEETA AGRAWAL/Bill Payment,UPI REVERSAL 948854280407,750,-750,2026-05-20,2026-05-20,REF19294,REF19294,CHQ9617,CHQ9617,user@axl,Bill Payment,PhonePe,UPI Reversed
PAYMENT TO RELIANCE RETAIL VIA Mobikwik,PAYMENT TO RELIANCE RETAIL VIA Mobikwik,1300,1300,2026-05-11,2026-12-24,REF54262,REF54262,,,user@axl,Merchant Payment,AmazonPay,Matched
SUBSCRIPTION NETFLIX REF:793065283115,,1100,0,2026-01-02,2026-01-02,REF35288,,CHQ1907,,xyz456@ybl,Subscription,AmazonPay,Unmatched
RECHARGE JIO REF:129045730761,RECHARGE JIO REF:129045730761,450,450,2026-01-27,2026-01-27,REF66333,REF66333,,,pay@oksbi,Insurance Premium,BHIM,Matched
BILL PAYMENT ELECTRICITY REF:258494677885,BILL PAYMENT ELECTRICITY REF:258494677885,1499,1499.05,2026-08-25,2026-08-25,REF35437,REF82127,,,bill@paytm,Merchant Payment,BHIM,Partial Match
IMPS/510792729333/PRIYA PATEL/EMI Payment,IMPS/510792729333/PRIYA PATEL/EMI Payment,3999,3999,2026-10-23,2026-12-15,REF18498,REF18498,CHQ5681,CHQ5681,user@ibl,Salary Transfer,Mobikwik,Matched
EMI PAYMENT KOTAK REF:875661861055,EMI PAYMENT KOTAK REF:875661861055,9999,9999,2026-12-24,2026-12-24,REF98592,REF69795,,,bill@paytm,Mobile Recharge,PhonePe,Matched
UPI P2P VIKAS GUPTA 523394781883,,7500,0,2026-03-07,2026-03-07,REF24202,,,,user@axl,Merchant Payment,Mobikwik,Unmatched
UPI P2M LIC 716602320384,UPI PENDING SETTLEMENT 440229729253,950,950,2026-01-21,2026-09-24,REF67932,REF67932,,,user@federal,Salary Transfer,Paytm,Pending Settlement
INSURANCE PREMIUM SBI LIFE REF:675311149982,UPI REVERSAL 962639764996,14999,-14999,2026-07-11,2026-07-11,REF13924,REF13924,,,abc123@paytm,Rent Payment,Cred,UPI Reversed
BILL PAYMENT LANDLINE REF:199926874679,BILL PAYMENT LANDLINE REF:199926874679,2250,2250,2026-07-04,2026-07-04,REF98081,REF98081,CHQ3387,CHQ3387,user@federal,Salary Transfer,Paytm,Matched
EMI PAYMENT HDFC REF:375394101613,UPI PENDING SETTLEMENT 578948547556,3000,3000,2026-08-25,2026-10-13,REF39325,REF61024,,,user@ybl,P2M,Mobikwik,Pending Settlement
UPI P2M SBI 321207563243,UPI PENDING SETTLEMENT 179914453673,14999,14999,2026-11-09,2026-12-11,REF20499,REF20499,,,merchant@payu,Rent Payment,PhonePe,Pending Settlement
PAYMENT TO CROMA VIA Cred,PAYMENT TO CROMA VIA Cred,9999,9999,2026-05-13,2026-05-13,REF31274,REF28314,,,shop@okicici,Merchant Payment,AmazonPay,Duplicate
UPI/DR/978559030207/AMIT KUMAR/Merchant Payment,UPI/DR/978559030207/AMIT KUMAR/Merchant Payment,850,850,2026-09-22,2026-09-22,REF79931,REF36009,,,user@apl,P2M,PhonePe,Matched
UPI P2P DEEPA KAPOOR 887516093485,UPI PENDING SETTLEMENT 516613822470,3000,3000,2026-11-04,2026-02-08,REF20301,REF20301,,,bill@paytm,EMI Payment,PhonePe,Pending Settlement
RECEIVED FROM SNEHA SINGH VIA GPay,,3000,0,2026-10-11,2026-10-11,REF16263,,,,user@oksbi,Subscription,Paytm,Unmatched
UPI/DR/594937031049/RAJESH YADAV/Rent Payment,UPI/DR/594937031049/RAJESH YADAV/Rent Payment,3000,3000,2026-03-03,2026-03-03,REF11836,REF87200,CHQ2511,CHQ2511,merchant@payu,P2M,Cred,Matched
RECEIVED FROM KIRAN SINGH VIA Mobikwik,RECEIVED FROM KIRAN SINGH VIA Mobikwik,15000,15000,2026-09-08,2026-07-01,REF25071,REF25071,CHQ3903,CHQ3903,user@federal,Bill Payment,AmazonPay,Matched
SUBSCRIPTION GOOGLE ONE REF:641264314303,SUBSCRIPTION GOOGLE ONE REF:641264314303,20000,19999.9,2026-07-17,2026-07-17,REF29207,REF29207,CHQ1253,CHQ1253,merchant@payu,Merchant Payment,PhonePe,Partial Match
UPI P2P DEEPA KAPOOR 274692997467,UPI FAILED 178057657900,3999,0,2026-03-24,2026-03-24,REF19550,REF28185,,,xyz456@ybl,Insurance Premium,Mobikwik,UPI Failed
UPI/DR/750934619398/NEHA CHOPRA/Salary Transfer,UPI FAILED 574775487409,250,0,2026-06-26,2026-06-26,REF14444,REF88410,CHQ4765,CHQ4765,user@ibl,Rent Payment,Paytm,UPI Failed
NEFT/769510201586/RAVI TEJA/P2M,UPI FAILED 820245744862,19999,0,2026-09-17,2026-09-17,REF70015,REF70015,CHQ1586,CHQ1586,merchant@payu,Bill Payment,AmazonPay,UPI Failed
UPI P2M SBI 316799647354,,14999,0,2026-09-16,2026-09-16,REF60393,REF85313,,,merchant@razorpay,Merchant Payment,Paytm,Unmatched
IMPS/141874919609/RAVI TEJA/Merchant Payment,,200,0,2026-11-28,2026-11-28,REF57232,,CHQ7392,,store@okaxis,Salary Transfer,GPay,Unmatched
UPI/CR/405663887486/ANITA DEVI/Mobile Recharge,UPI/CR/405663887486/ANITA DEVI/Mobile Recharge,850,850,2026-04-05,2026-04-05,REF56271,REF56271,CHQ5819,CHQ5819,merchant@razorpay,Rent Payment,Cred,Matched
NEFT/532887757017/NEHA CHOPRA/EMI Payment,UPI FAILED 477721003594,5000,0,2026-09-25,2026-03-13,REF54287,REF54287,CHQ8918,CHQ8918,salary@bank,Bill Payment,Mobikwik,UPI Failed
UPI P2P MEERA JOSHI 767995150787,UPI REVERSAL 770082038877,499,-499,2026-09-09,2026-09-09,REF60630,REF60630,CHQ6314,CHQ6314,user@axl,Mobile Recharge,PhonePe,UPI Reversed
NEFT/785597588223/KIRAN SINGH/P2M,NEFT/785597588223/KIRAN SINGH/P2M,7500,7500,2026-09-27,2026-09-27,REF53727,REF53727,,,abc123@paytm,Bill Payment,BHIM,Matched
UPI P2P ARUN NAIR 599477423437,UPI P2P ARUN NAIR 599477423437,950,950,2026-08-24,2026-08-24,REF78750,REF78750,,,user@federal,P2P,GPay,Matched
NEFT/865147077283/AMIT KUMAR/EMI Payment,UPI PENDING SETTLEMENT 761683272905,1500,1500,2026-12-19,2026-12-27,REF78645,REF78645,,,user@ibl,EMI Payment,PhonePe,Pending Settlement
RECEIVED FROM DEEPA KAPOOR VIA Paytm,RECEIVED FROM DEEPA KAPOOR VIA Paytm,4999,4999,2026-09-14,2026-03-16,REF68953,REF68953,,,user@federal,Rent Payment,Paytm,Matched
INSURANCE PREMIUM SBI LIFE REF:407817363030,UPI PENDING SETTLEMENT 469304421202,2000,2000,2026-05-20,2026-01-05,REF25552,REF10820,CHQ8014,CHQ8014,user@axl,EMI Payment,Cred,Pending Settlement
BILL PAYMENT MOBILE REF:357175802925,BILL PAYMENT MOBILE REF:357175802925,100,100,2026-06-11,2026-06-11,REF72983,REF72983,,,rent@upi,Merchant Payment,Cred,Matched
NEFT/677758180371/MOHAN LAL/Insurance Premium,NEFT/677758180371/MOHAN LAL/Insurance Premium,19999,19999,2026-08-24,2026-08-24,REF48360,REF48360,,,abc123@paytm,Rent Payment,Cred,Matched
INSURANCE PREMIUM SBI LIFE REF:415116744058,UPI REVERSAL 812282388775,750,-750,2026-03-07,2026-03-07,REF89505,REF89505,,,user@okhdfcbank,P2P,BHIM,UPI Reversed
INSURANCE PREMIUM ICICI PRUDENTIAL REF:671616557395,INSURANCE PREMIUM ICICI PRUDENTIAL REF:671616557395,1999,1994.0,2026-03-25,2026-03-25,REF71821,REF71821,,,merchant@payu,EMI Payment,BHIM,Partial Match
NEFT/715740201331/VIKAS GUPTA/Salary Transfer,,999,0,2026-11-24,2026-11-24,REF69450,,,,user@oksbi,Subscription,GPay,Unmatched
UPI/BHIM/584121365281/ANITA DEVI/Bill Payment,,5000,0,2026-01-11,2026-01-11,REF33827,,,,merchant@ccavenue,Subscription,PhonePe,Unmatched
SUBSCRIPTION APPLE ICLOUD REF:978007709132,UPI PENDING SETTLEMENT 448765030388,150,150,2026-11-12,2026-09-10,REF42049,REF42049,CHQ9850,CHQ9850,store@okaxis,Insurance Premium,PhonePe,Pending Settlement
UPI P2M TATACLIQ 371827804965,UPI P2M TATACLIQ 371827804965,9999,9999,2026-10-15,2026-10-15,REF10352,REF10352,,,user@ybl,EMI Payment,PhonePe,Matched
BHIM UPI TRANSFER SNEHA SINGH REF:935235894900,UPI REVERSAL 535356384706,200,-200,2026-11-25,2026-11-25,REF22917,REF22917,,,user@ybl,Rent Payment,PhonePe,UPI Reversed
INSURANCE PREMIUM ICICI PRUDENTIAL REF:387953787178,INSURANCE PREMIUM ICICI PRUDENTIAL REF:387953787178,550,550,2026-11-17,2026-11-17,REF56840,REF56840,,,user@ybl,P2P,PhonePe,Matched
NEFT/810335411691/KIRAN SINGH/Insurance Premium,NEFT/810335411691/KIRAN SINGH/Insurance Premium,1000,1000,2026-01-25,2026-10-24,REF29557,REF29557,,,abc123@paytm,P2P,GPay,Matched
PAYMENT TO SBI VIA Mobikwik,PAYMENT TO SBI VIA Mobikwik,10000,10000,2026-11-19,2026-11-19,REF75518,REF29029,,,merchant@razorpay,Merchant Payment,GPay,Matched
UPI/CR/855341857612/GEETA AGRAWAL/Merchant Payment,UPI/CR/855341857612/GEETA AGRAWAL/Merchant Payment,650,650,2026-07-04,2026-07-04,REF26974,REF26974,CHQ1685,CHQ1685,store@okaxis,Merchant Payment,Cred,Matched
SUBSCRIPTION AMAZON PRIME REF:683795708834,SUBSCRIPTION AMAZON PRIME REF:683795708834,350,350,2026-04-18,2026-05-25,REF11757,REF11757,,,bill@paytm,P2M,PhonePe,Matched
NEFT/208130685770/RAHUL SHARMA/Subscription,NEFT/208130685770/RAHUL SHARMA/Subscription,3999,3999.1,2026-11-11,2026-11-11,REF27646,REF27646,,,salary@bank,Bill Payment,Cred,Partial Match
UPI P2P RAJESH YADAV 519710965334,UPI P2P RAJESH YADAV 519710965334,200,199.9,2026-02-08,2026-02-08,REF69471,REF69471,,,user@federal,Rent Payment,Paytm,Partial Match
EMI PAYMENT AXIS REF:245702556651,EMI PAYMENT AXIS REF:245702556651,1500,1500,2026-06-20,2026-06-20,REF31227,REF31227,,,merchant@payu,Salary Transfer,AmazonPay,Matched
SUBSCRIPTION AMAZON PRIME REF:572813079345,SUBSCRIPTION AMAZON PRIME REF:572813079345,25000,25000,2026-03-27,2026-03-27,REF99712,REF99712,,,user@axl,P2P,PhonePe,Matched
UPI/DR/497783280363/MOHAN LAL/Insurance Premium,UPI/DR/497783280363/MOHAN LAL/Insurance Premium,550,550,2026-08-19,2026-08-19,REF98744,REF98744,CHQ6702,CHQ6702,merchant@payu,Bill Payment,Paytm,Matched
UPI/CR/378357207605/GEETA AGRAWAL/Rent Payment,,200,0,2026-12-26,2026-12-26,REF64076,,,,user@okhdfcbank,Insurance Premium,PhonePe,Unmatched
UPI/DR/115222964544/RAVI TEJA/Merchant Payment,,1750,0,2026-02-07,2026-02-07,REF76632,,,,store@okaxis,Bill Payment,Paytm,Unmatched
UPI/DR/496372762014/RAVI TEJA/Subscription,UPI/DR/496372762014/RAVI TEJA/Subscription,3999,3999,2026-07-06,2026-07-06,REF55735,REF55735,,,shop@okicici,Subscription,AmazonPay,Matched
UPI/DR/229727605559/NEHA CHOPRA/Bill Payment,UPI/DR/229727605559/NEHA CHOPRA/Bill Payment,1100,1100,2026-07-14,2026-07-14,REF29518,REF29518,,,merchant@razorpay,Insurance Premium,GPay,Matched
NEFT/556997337926/KAVITA REDDY/Salary Transfer,NEFT/556997337926/KAVITA REDDY/Salary Transfer,4999,4999,2026-08-22,2026-08-22,REF71257,REF71257,,,user@ibl,Salary Transfer,PhonePe,Matched
RECEIVED FROM SUNIL VERMA VIA PhonePe,,9999,0,2026-09-02,2026-07-26,REF87286,REF75130,,,bill@paytm,Insurance Premium,Cred,Unmatched
UPI/CR/607659395389/SURESH PANDIT/Salary Transfer,UPI/CR/607659395389/SURESH PANDIT/Salary Transfer,1200,1200,2026-03-07,2026-03-07,REF73564,REF73564,,,user@ibl,Bill Payment,PhonePe,Matched
EMI PAYMENT AXIS REF:578125721756,EMI PAYMENT AXIS REF:578125721756,100,99.5,2026-02-23,2026-02-23,REF44617,REF44617,,,bill@paytm,Insurance Premium,Mobikwik,Partial Match
RECHARGE AIRTEL REF:216700824928,UPI PENDING SETTLEMENT 656608322298,20000,20000,2026-06-22,2026-10-15,REF90636,REF24674,,,store@okaxis,P2P,Cred,Pending Settlement
RECEIVED FROM KAVITA REDDY VIA AmazonPay,RECEIVED FROM KAVITA REDDY VIA AmazonPay,1300,1301.0,2026-06-17,2026-06-17,REF77258,REF58994,CHQ4819,CHQ4819,user@paytm,Rent Payment,PhonePe,Partial Match
UPI/DR/693820033785/PRIYA PATEL/P2M,UPI/DR/693820033785/PRIYA PATEL/P2M,1000,1000,2026-05-20,2026-05-20,REF62852,REF62852,,,merchant@payu,Rent Payment,BHIM,Matched
AmazonPay UPI TRANSFER GEETA AGRAWAL REF:968744822146,UPI REVERSAL 971469143097,250,-250,2026-10-12,2026-10-12,REF40059,REF40059,CHQ5237,CHQ5237,user@oksbi,EMI Payment,BHIM,UPI Reversed
INSURANCE PREMIUM STAR HEALTH REF:806744805665,INSURANCE PREMIUM STAR HEALTH REF:806744805665,1200,1200,2026-08-19,2026-08-19,REF96328,REF96328,,,user@ybl,Salary Transfer,BHIM,Matched
NEFT/773601567837/NEHA CHOPRA/Mobile Recharge,UPI REVERSAL 714837235364,999,-999,2026-05-05,2026-05-05,REF18488,REF18488,,,merchant@payu,EMI Payment,AmazonPay,UPI Reversed
RECHARGE VI REF:549383786056,RECHARGE VI REF:549383786056,1999,1998.5,2026-12-17,2026-12-17,REF39878,REF61798,,,bill@paytm,Insurance Premium,AmazonPay,Partial Match
UPI P2M SWIGGY 782994524841,UPI FAILED 892314566022,10000,0,2026-12-14,2026-12-14,REF24150,REF24150,,,merchant@payu,Bill Payment,GPay,UPI Failed
UPI P2P ARUN NAIR 660735012051,UPI PENDING SETTLEMENT 814329871109,2500,2500,2026-05-04,2026-01-28,REF90777,REF90777,,,user@paytm,Salary Transfer,BHIM,Pending Settlement
UPI/CR/930947521230/AMIT KUMAR/Mobile Recharge,,100,0,2026-07-15,2026-07-15,REF82240,,,,shop@okicici,Rent Payment,Mobikwik,Unmatched
EMI PAYMENT AXIS REF:784301883701,UPI PENDING SETTLEMENT 441738613758,14999,14999,2026-09-15,2026-12-28,REF50844,REF50844,CHQ7244,CHQ7244,user@ibl,EMI Payment,Mobikwik,Pending Settlement
UPI/CR/774842943155/ARUN KUMAR/Insurance Premium,UPI REVERSAL 167552094556,1500,-1500,2026-02-16,2026-02-16,REF20303,REF20303,,,rent@upi,Subscription,PhonePe,UPI Reversed
IMPS/811716267359/RAVI TEJA/EMI Payment,,100,0,2026-01-01,2026-01-01,REF87872,,,,user@axl,Rent Payment,AmazonPay,Unmatched
UPI/DR/848935114107/SUNIL VERMA/Insurance Premium,UPI/DR/848935114107/SUNIL VERMA/Insurance Premium,3000,3000,2026-01-27,2026-01-27,REF50729,REF74229,,,user@federal,Rent Payment,GPay,Matched
EMI PAYMENT SBI REF:439100515689,UPI FAILED 562870449570,25000,0,2026-07-13,2026-07-13,REF27145,REF27145,CHQ4019,CHQ4019,user@oksbi,Subscription,Cred,UPI Failed
Mobikwik UPI TRANSFER GEETA AGRAWAL REF:350598557686,Mobikwik UPI TRANSFER GEETA AGRAWAL REF:350598557686,1300,1300,2026-07-16,2026-07-16,REF96067,REF96067,,,user@okhdfcbank,Subscription,GPay,Matched
UPI/Mobikwik/878595668338/DEEPA KAPOOR/Mobile Recharge,UPI/Mobikwik/878595668338/DEEPA KAPOOR/Mobile Recharge,1999,1999,2026-01-04,2026-01-04,REF72204,REF73071,,,rent@upi,Merchant Payment,PhonePe,Matched
UPI/BHIM/755316831068/RAHUL SHARMA/Merchant Payment,UPI/BHIM/755316831068/RAHUL SHARMA/Merchant Payment,750,750,2026-03-24,2026-03-24,REF24536,REF24536,CHQ1876,CHQ1876,pay@oksbi,EMI Payment,PhonePe,Duplicate
SUBSCRIPTION SPOTIFY REF:901392545557,,5000,0,2026-05-05,2026-05-05,REF26175,,,,user@federal,Mobile Recharge,Paytm,Unmatched
NEFT/134562242114/KAVITA REDDY/Mobile Recharge,NEFT/134562242114/KAVITA REDDY/Mobile Recharge,750,755.0,2026-02-05,2026-02-05,REF35368,REF35368,,,pay@oksbi,Salary Transfer,Cred,Partial Match
UPI/CR/582972294171/RAJESH YADAV/Merchant Payment,UPI/CR/582972294171/RAJESH YADAV/Merchant Payment,1999,1998.9,2026-07-22,2026-07-22,REF32245,REF32245,CHQ8778,CHQ8778,user@okhdfcbank,Salary Transfer,Mobikwik,Partial Match
IMPS/146500329163/RAJESH YADAV/Salary Transfer,IMPS/146500329163/RAJESH YADAV/Salary Transfer,2500,2500,2026-05-20,2026-05-20,REF40072,REF40072,,,user@ybl,P2M,AmazonPay,Matched
RECHARGE VI REF:582738600301,RECHARGE VI REF:582738600301,550,550,2026-05-09,2026-05-09,REF66032,REF66032,,,abc123@paytm,P2M,BHIM,Matched
IMPS/875028293612/RAHUL SHARMA/EMI Payment,UPI FAILED 909768266393,1750,0,2026-09-17,2026-09-17,REF96647,REF96647,,,salary@bank,Subscription,AmazonPay,UPI Failed
EMI PAYMENT SBI REF:941327076795,,1300,0,2026-11-05,2026-11-05,REF43265,,,,rent@upi,Subscription,Cred,Unmatched
NEFT/815355781554/SURESH PANDIT/Bill Payment,NEFT/815355781554/SURESH PANDIT/Bill Payment,2999,2999,2026-08-01,2026-08-01,REF61366,REF84262,CHQ3574,CHQ3574,merchant@payu,Rent Payment,Mobikwik,Matched
UPI/DR/734416880725/NEHA CHOPRA/P2P,,5000,0,2026-01-01,2026-01-01,REF18261,,,,user@oksbi,P2P,GPay,Unmatched
BILL PAYMENT ELECTRICITY REF:837002929702,,1000,0,2026-05-02,2026-05-02,REF40832,REF95180,CHQ5740,,user@okhdfcbank,Salary Transfer,AmazonPay,Unmatched
EMI PAYMENT HDFC REF:402720409745,EMI PAYMENT HDFC REF:402720409745,100,99.5,2026-04-24,2026-04-24,REF12215,REF12215,,,user@ibl,EMI Payment,Cred,Partial Match
PAYMENT TO AIRTEL VIA BHIM,UPI FAILED 413475839870,850,0,2026-06-10,2026-06-10,REF21343,REF21343,CHQ4683,CHQ4683,user@federal,P2M,BHIM,UPI Failed
INSURANCE PREMIUM STAR HEALTH REF:752475574006,UPI FAILED 896863732888,2999,0,2026-04-10,2026-04-10,REF82608,REF82608,,,merchant@payu,Subscription,AmazonPay,UPI Failed
UPI/DR/355670617698/NEHA CHOPRA/Salary Transfer,,550,0,2026-01-12,2026-01-12,REF87510,,,,salary@bank,Insurance Premium,BHIM,Unmatched
Cred UPI TRANSFER VIKAS GUPTA REF:238455776465,Cred UPI TRANSFER VIKAS GUPTA REF:238455776465,100000,100000,2026-02-18,2026-02-18,REF10766,REF19547,CHQ7038,CHQ7038,abc123@paytm,EMI Payment,AmazonPay,Matched
UPI/CR/634554080561/KAVITA REDDY/Merchant Payment,UPI/CR/634554080561/KAVITA REDDY/Merchant Payment,750,750,2026-02-18,2026-02-18,REF98208,REF98208,CHQ3370,CHQ3370,salary@bank,Subscription,PhonePe,Matched
UPI/AmazonPay/255317694529/ARUN NAIR/P2M,,2000,0,2026-02-27,2026-02-27,REF82555,,,,user@ybl,EMI Payment,BHIM,Unmatched
UPI/Cred/257101218671/LATA MISHRA/Salary Transfer,UPI/Cred/257101218671/LATA MISHRA/Salary Transfer,350,349.95,2026-07-09,2026-03-17,REF16925,REF16925,,,merchant@payu,Rent Payment,AmazonPay,Partial Match
SUBSCRIPTION APPLE ICLOUD REF:967091529043,SUBSCRIPTION APPLE ICLOUD REF:967091529043,1300,1300,2026-04-03,2026-06-01,REF27858,REF27858,CHQ2187,CHQ2187,pay@oksbi,P2M,GPay,Matched
RECEIVED FROM PRIYA PATEL VIA Paytm,RECEIVED FROM PRIYA PATEL VIA Paytm,150,155.0,2026-03-14,2026-03-14,REF20599,REF20599,CHQ1714,CHQ1714,store@okaxis,P2P,Mobikwik,Partial Match
IMPS/134548073318/GEETA AGRAWAL/P2P,UPI FAILED 990033202198,3999,0,2026-05-18,2026-05-18,REF52890,REF52890,,,bill@paytm,Insurance Premium,BHIM,UPI Failed
Paytm UPI TRANSFER ARUN KUMAR REF:554654342781,UPI FAILED 332283180668,999,0,2026-03-16,2026-03-16,REF36500,REF19269,CHQ9821,CHQ9821,user@federal,P2P,PhonePe,UPI Failed
RECEIVED FROM MOHAN LAL VIA BHIM,RECEIVED FROM MOHAN LAL VIA BHIM,20000,20000,2026-06-28,2026-09-14,REF29842,REF29842,,,user@ybl,Subscription,BHIM,Matched
RECEIVED FROM RAJESH YADAV VIA Paytm,RECEIVED FROM RAJESH YADAV VIA Paytm,500,500,2026-06-11,2026-06-11,REF16956,REF16956,,,user@ybl,Subscription,Paytm,Matched
UPI P2P ANITA DEVI 187413060840,,150,0,2026-02-02,2026-02-02,REF74668,,,,user@oksbi,Bill Payment,GPay,Unmatched
UPI/CR/956685772054/MOHAN LAL/P2P,UPI PENDING SETTLEMENT 542483821666,500,500,2026-11-23,2026-12-20,REF33219,REF33219,,,user@ibl,P2M,Cred,Pending Settlement
UPI/DR/194029585077/VIKAS GUPTA/Salary Transfer,UPI/DR/194029585077/VIKAS GUPTA/Salary Transfer,500,500,2026-02-11,2026-06-26,REF24548,REF33998,,,salary@bank,Mobile Recharge,BHIM,Matched
GPay UPI TRANSFER PRIYA PATEL REF:135819100790,UPI FAILED 132830357658,2999,0,2026-01-12,2026-01-12,REF87317,REF97349,,,user@okhdfcbank,P2P,GPay,UPI Failed
NEFT/847141312208/KAVITA REDDY/P2P,UPI PENDING SETTLEMENT 772190223024,450,450,2026-03-02,2026-12-25,REF38116,REF38116,,,user@axl,Salary Transfer,GPay,Pending Settlement
BILL PAYMENT WATER REF:776952875058,UPI PENDING SETTLEMENT 636715237058,550,550,2026-07-03,2026-10-19,REF14359,REF14359,,,salary@bank,Subscription,Mobikwik,Pending Settlement
UPI/CR/527549972619/LATA MISHRA/Bill Payment,,7500,0,2026-10-28,2026-04-01,REF47876,,,,user@paytm,Subscription,BHIM,Unmatched
EMI PAYMENT ICICI REF:465747283948,,650,0,2026-06-09,2026-06-09,REF27040,,CHQ4008,,user@ibl,Merchant Payment,AmazonPay,Unmatched
UPI/Paytm/871258797179/MEERA JOSHI/P2M,UPI/Paytm/871258797179/MEERA JOSHI/P2M,950,950,2026-11-02,2026-09-14,REF56683,REF56683,,,bill@paytm,Mobile Recharge,PhonePe,Matched
INSURANCE PREMIUM ICICI PRUDENTIAL REF:228431775340,INSURANCE PREMIUM ICICI PRUDENTIAL REF:228431775340,350,350,2026-10-18,2026-10-18,REF81176,REF34388,,,salary@bank,Salary Transfer,Mobikwik,Matched
UPI/Mobikwik/148942188887/GEETA AGRAWAL/Merchant Payment,,450,0,2026-09-06,2026-09-06,REF20189,REF13232,,,merchant@razorpay,P2P,BHIM,Unmatched
EMI PAYMENT SBI REF:345509361438,EMI PAYMENT SBI REF:345509361438,1499,1499,2026-02-17,2026-02-17,REF85084,REF85084,CHQ1070,CHQ1070,shop@okicici,P2M,Mobikwik,Matched
UPI P2M HDFC BANK 689318630265,UPI P2M HDFC BANK 689318630265,1200,1200,2026-07-18,2026-06-08,REF77733,REF77733,,,pay@oksbi,Rent Payment,Mobikwik,Matched
PhonePe UPI TRANSFER MOHAN LAL REF:339908627265,PhonePe UPI TRANSFER MOHAN LAL REF:339908627265,350,349.0,2026-05-28,2026-05-28,REF17001,REF17001,,,merchant@payu,P2P,GPay,Partial Match
IMPS/424764132082/MEERA JOSHI/Merchant Payment,IMPS/424764132082/MEERA JOSHI/Merchant Payment,499,499,2026-05-21,2026-05-21,REF37711,REF37711,CHQ9599,CHQ9599,abc123@paytm,Salary Transfer,AmazonPay,Matched
SUBSCRIPTION AMAZON PRIME REF:838778217434,UPI REVERSAL 241434852018,2000,-2000,2026-12-15,2026-12-15,REF75277,REF75277,,,abc123@paytm,Bill Payment,GPay,UPI Reversed
EMI PAYMENT SBI REF:650316920320,EMI PAYMENT SBI REF:650316920320,9999,9999,2026-04-27,2026-02-20,REF67667,REF67667,,,rent@upi,Bill Payment,PhonePe,Duplicate
BILL PAYMENT INTERNET REF:813063002147,BILL PAYMENT INTERNET REF:813063002147,3000,3000.01,2026-10-24,2026-09-27,REF79584,REF79584,,,user@ibl,P2M,AmazonPay,Partial Match
UPI/BHIM/723418092578/SNEHA SINGH/P2P,UPI/BHIM/723418092578/SNEHA SINGH/P2P,550,550,2026-07-27,2026-07-08,REF61544,REF61544,,,xyz456@ybl,Merchant Payment,GPay,Matched
EMI PAYMENT AXIS REF:496827990248,UPI FAILED 557704154446,7500,0,2026-11-10,2026-11-10,REF89253,REF89253,CHQ4681,CHQ4681,xyz456@ybl,Merchant Payment,BHIM,UPI Failed
RECHARGE BSNL REF:521632400989,RECHARGE BSNL REF:521632400989,2999,2999,2026-12-11,2026-12-11,REF44937,REF44937,,,bill@paytm,P2P,AmazonPay,Matched
PhonePe UPI TRANSFER ARUN KUMAR REF:855701089209,PhonePe UPI TRANSFER ARUN KUMAR REF:855701089209,650,649.95,2026-05-08,2026-05-15,REF36347,REF36347,,,merchant@payu,EMI Payment,Cred,Partial Match
RECEIVED FROM MEERA JOSHI VIA Mobikwik,RECEIVED FROM MEERA JOSHI VIA Mobikwik,850,850,2026-01-12,2026-01-12,REF45006,REF45006,,,salary@bank,Mobile Recharge,BHIM,Matched
PAYMENT TO HOTSTAR VIA PhonePe,PAYMENT TO HOTSTAR VIA PhonePe,650,650,2026-12-20,2026-12-20,REF75901,REF66479,,,user@ibl,Merchant Payment,GPay,Matched
NEFT/123063712774/KIRAN SINGH/Salary Transfer,NEFT/123063712774/KIRAN SINGH/Salary Transfer,850,850,2026-10-05,2026-10-05,REF52348,REF52348,CHQ7081,CHQ7081,store@okaxis,Merchant Payment,GPay,Matched
IMPS/598274386984/MEERA JOSHI/Salary Transfer,IMPS/598274386984/MEERA JOSHI/Salary Transfer,75000,75000,2026-01-22,2026-01-22,REF44704,REF44704,,,merchant@payu,Subscription,Mobikwik,Duplicate
EMI PAYMENT KOTAK REF:333255148110,EMI PAYMENT KOTAK REF:333255148110,1500,1500,2026-08-17,2026-08-17,REF56696,REF20407,CHQ3327,CHQ3327,rent@upi,Insurance Premium,GPay,Matched
RECEIVED FROM ANITA DEVI VIA Paytm,UPI PENDING SETTLEMENT 280237758964,499,499,2026-01-04,2026-11-27,REF75171,REF75171,,,shop@okicici,EMI Payment,Cred,Pending Settlement
IMPS/589217980518/VIKAS GUPTA/Subscription,IMPS/589217980518/VIKAS GUPTA/Subscription,1750,1755.0,2026-01-04,2026-02-01,REF46524,REF67583,CHQ1764,CHQ1764,abc123@paytm,EMI Payment,Cred,Partial Match
UPI/DR/125925996902/VIKAS GUPTA/P2M,,1500,0,2026-07-01,2026-07-01,REF89195,REF26176,,,merchant@ccavenue,Subscription,AmazonPay,Unmatched
SUBSCRIPTION AMAZON PRIME REF:641538873988,SUBSCRIPTION AMAZON PRIME REF:641538873988,850,850.05,2026-03-24,2026-03-24,REF13511,REF13511,,,abc123@paytm,Salary Transfer,Paytm,Partial Match
RECHARGE JIO REF:850155869261,RECHARGE JIO REF:850155869261,9999,9998.5,2026-03-01,2026-03-01,REF47660,REF47660,,,user@apl,Subscription,BHIM,Partial Match
UPI P2P AMIT KUMAR 138534415983,UPI P2P AMIT KUMAR 138534415983,499,499,2026-02-25,2026-02-25,REF76278,REF76278,CHQ4275,CHQ4275,pay@oksbi,P2M,PhonePe,Matched
UPI P2P NEHA CHOPRA 709801535705,UPI P2P NEHA CHOPRA 709801535705,25000,25000,2026-07-16,2026-07-16,REF36254,REF36254,,,merchant@ccavenue,Bill Payment,Cred,Matched
UPI/AmazonPay/280183687958/SNEHA SINGH/Mobile Recharge,UPI PENDING SETTLEMENT 903926129631,2500,2500,2026-12-27,2026-06-13,REF97163,REF97163,CHQ4016,CHQ4016,user@federal,Bill Payment,Paytm,Pending Settlement
INSURANCE PREMIUM STAR HEALTH REF:367961340267,UPI REVERSAL 947418051951,1200,-1200,2026-04-01,2026-04-01,REF73644,REF73644,,,merchant@razorpay,P2P,Cred,UPI Reversed
EMI PAYMENT AXIS REF:290633698771,EMI PAYMENT AXIS REF:290633698771,750,750,2026-06-24,2026-06-24,REF46287,REF46287,CHQ1737,CHQ1737,user@okhdfcbank,Merchant Payment,Cred,Matched
UPI P2P AMIT KUMAR 568522855239,UPI REVERSAL 749448533012,1000,-1000,2026-10-24,2026-10-24,REF59279,REF59279,,,abc123@paytm,Merchant Payment,GPay,UPI Reversed
UPI/DR/253807947764/RAHUL SHARMA/P2P,,1000,0,2026-03-10,2026-03-10,REF19606,,CHQ4991,,xyz456@ybl,Insurance Premium,AmazonPay,Unmatched
PAYMENT TO DMART VIA GPay,UPI FAILED 940417511245,9999,0,2026-03-05,2026-12-19,REF67389,REF67389,,,bill@paytm,Rent Payment,AmazonPay,UPI Failed
RECEIVED FROM MEERA JOSHI VIA Cred,,100000,0,2026-04-01,2026-04-01,REF77173,,,,merchant@payu,Bill Payment,GPay,Unmatched
UPI/Paytm/744765006139/RAHUL SHARMA/Insurance Premium,UPI/Paytm/744765006139/RAHUL SHARMA/Insurance Premium,19999,19999,2026-08-26,2026-08-26,REF47236,REF47236,,,shop@okicici,Rent Payment,BHIM,Matched
NEFT/832484147468/MOHAN LAL/Insurance Premium,NEFT/832484147468/MOHAN LAL/Insurance Premium,7500,7500,2026-07-12,2026-01-01,REF65919,REF65919,,,shop@okicici,Bill Payment,Paytm,Matched
IMPS/316768115151/MOHAN LAL/Subscription,IMPS/316768115151/MOHAN LAL/Subscription,1500,1500,2026-11-19,2026-11-19,REF95206,REF95206,,,user@federal,Bill Payment,GPay,Matched
GPay UPI TRANSFER DEEPA KAPOOR REF:892275229547,UPI REVERSAL 679460516973,1100,-1100,2026-05-08,2026-05-08,REF20271,REF20271,CHQ5751,CHQ5751,salary@bank,EMI Payment,AmazonPay,UPI Reversed
INSURANCE PREMIUM ICICI PRUDENTIAL REF:552181428176,INSURANCE PREMIUM ICICI PRUDENTIAL REF:552181428176,750,750,2026-05-20,2026-05-20,REF25900,REF87212,,,user@apl,Mobile Recharge,Paytm,Matched
NEFT/732332637339/SUNIL VERMA/Rent Payment,UPI FAILED 896617769594,350,0,2026-09-14,2026-09-14,REF26817,REF85447,,,rent@upi,Rent Payment,AmazonPay,UPI Failed
NEFT/371011401145/RAHUL SHARMA/Insurance Premium,NEFT/371011401145/RAHUL SHARMA/Insurance Premium,250,250,2026-08-11,2026-08-11,REF49499,REF49499,CHQ9496,CHQ9496,shop@okicici,EMI Payment,Paytm,Duplicate
Paytm UPI TRANSFER RAHUL SHARMA REF:240779347180,,2500,0,2026-12-20,2026-06-04,REF39287,REF28538,,,merchant@razorpay,P2M,PhonePe,Unmatched
PAYMENT TO SPOTIFY VIA AmazonPay,PAYMENT TO SPOTIFY VIA AmazonPay,1000,1005.0,2026-10-20,2026-10-20,REF38626,REF38626,CHQ5277,CHQ5277,user@federal,Subscription,BHIM,Partial Match
UPI/CR/703623464456/PRIYA PATEL/Bill Payment,UPI/CR/703623464456/PRIYA PATEL/Bill Payment,20000,20000,2026-04-10,2026-04-10,REF69967,REF69967,,,user@oksbi,P2P,Paytm,Matched
PAYMENT TO HDFC BANK VIA Mobikwik,PAYMENT TO HDFC BANK VIA Mobikwik,50000,50000,2026-07-25,2026-07-25,REF86358,REF95697,CHQ3506,CHQ3506,pay@oksbi,Insurance Premium,Paytm,Matched
NEFT/430873714323/PRIYA PATEL/Rent Payment,NEFT/430873714323/PRIYA PATEL/Rent Payment,2999,2999,2026-10-09,2026-10-09,REF65328,REF65328,,,merchant@payu,Bill Payment,PhonePe,Matched
UPI/PhonePe/974556739105/VIKAS GUPTA/EMI Payment,UPI/PhonePe/974556739105/VIKAS GUPTA/EMI Payment,100,100,2026-04-01,2026-04-01,REF38765,REF38765,,,user@oksbi,Subscription,Mobikwik,Matched
INSURANCE PREMIUM SBI LIFE REF:112093704864,,5000,0,2026-05-21,2026-04-24,REF58522,,,,salary@bank,Rent Payment,Mobikwik,Unmatched
PAYMENT TO LIC VIA Mobikwik,PAYMENT TO LIC VIA Mobikwik,4999,4999,2026-12-26,2026-11-26,REF12147,REF12147,,,merchant@razorpay,Mobile Recharge,GPay,Matched
UPI/DR/995240176864/GEETA AGRAWAL/P2M,UPI/DR/995240176864/GEETA AGRAWAL/P2M,950,950,2026-02-20,2026-02-20,REF88737,REF16559,CHQ3996,CHQ3996,rent@upi,Bill Payment,AmazonPay,Duplicate
PAYMENT TO BSNL VIA Mobikwik,PAYMENT TO BSNL VIA Mobikwik,4999,4999,2026-12-11,2026-12-11,REF60499,REF60499,,,bill@paytm,Merchant Payment,PhonePe,Duplicate
BILL PAYMENT ELECTRICITY REF:594727088642,,999,0,2026-01-08,2026-01-08,REF55436,REF90503,CHQ7814,,user@okhdfcbank,Insurance Premium,Mobikwik,Unmatched
RECHARGE VI REF:419909484823,RECHARGE VI REF:419909484823,9999,9999,2026-06-24,2026-06-24,REF24338,REF24338,,,pay@oksbi,Subscription,Cred,Matched
IMPS/600610892465/RAHUL SHARMA/Mobile Recharge,IMPS/600610892465/RAHUL SHARMA/Mobile Recharge,650,650,2026-11-11,2026-12-24,REF99797,REF35212,CHQ7266,CHQ7266,user@paytm,Rent Payment,Mobikwik,Matched
NEFT/431977038884/KAVITA REDDY/Rent Payment,NEFT/431977038884/KAVITA REDDY/Rent Payment,1750,1750,2026-01-26,2026-01-26,REF31785,REF31785,,,bill@paytm,EMI Payment,GPay,Matched
RECHARGE JIO REF:307503707635,UPI FAILED 649417722213,150,0,2026-07-08,2026-07-08,REF45128,REF45128,,,merchant@payu,EMI Payment,AmazonPay,UPI Failed
UPI P2M SBI 483967359576,UPI P2M SBI 483967359576,75000,75000,2026-02-03,2026-02-03,REF52281,REF52281,CHQ7725,CHQ7725,user@federal,EMI Payment,Mobikwik,Matched
Cred UPI TRANSFER SURESH PANDIT REF:355130605950,UPI REVERSAL 386316458551,5000,-5000,2026-01-14,2026-01-14,REF59411,REF59411,,,rent@upi,EMI Payment,GPay,UPI Reversed
SUBSCRIPTION SPOTIFY REF:345272564873,SUBSCRIPTION SPOTIFY REF:345272564873,5000,5000,2026-03-04,2026-03-04,REF32661,REF32661,CHQ7096,CHQ7096,user@oksbi,EMI Payment,AmazonPay,Matched
UPI P2M NETFLIX 557600589852,UPI P2M NETFLIX 557600589852,25000,25000,2026-09-18,2026-09-18,REF17666,REF27506,,,user@paytm,P2P,Mobikwik,Matched
PhonePe UPI TRANSFER RAVI TEJA REF:653741838377,PhonePe UPI TRANSFER RAVI TEJA REF:653741838377,850,850,2026-12-10,2026-12-10,REF25565,REF25565,,,merchant@payu,P2M,AmazonPay,Matched
INSURANCE PREMIUM ICICI PRUDENTIAL REF:990931345872,INSURANCE PREMIUM ICICI PRUDENTIAL REF:990931345872,14999,14999,2026-05-18,2026-05-18,REF38437,REF38437,CHQ2847,CHQ2847,bill@paytm,Salary Transfer,Mobikwik,Matched
RECHARGE VI REF:199264926177,RECHARGE VI REF:199264926177,1200,1200,2026-11-06,2026-11-06,REF77330,REF77330,,,user@ybl,Bill Payment,BHIM,Duplicate
UPI/DR/859081784499/ANITA DEVI/Bill Payment,,850,0,2026-04-28,2026-04-28,REF22630,,,,merchant@payu,Mobile Recharge,PhonePe,Unmatched
INSURANCE PREMIUM BAJAJ ALLIANZ REF:702304495283,INSURANCE PREMIUM BAJAJ ALLIANZ REF:702304495283,500,500,2026-01-15,2026-01-15,REF62180,REF62180,,,shop@okicici,Bill Payment,Mobikwik,Duplicate
RECHARGE BSNL REF:327158824819,RECHARGE BSNL REF:327158824819,350,350,2026-11-04,2026-11-04,REF92720,REF92720,CHQ7594,CHQ7594,user@apl,Subscription,AmazonPay,Matched
EMI PAYMENT KOTAK REF:100466691861,EMI PAYMENT KOTAK REF:100466691861,999,999,2026-12-08,2026-12-08,REF55787,REF55787,CHQ8554,CHQ8554,user@okhdfcbank,Rent Payment,BHIM,Matched
EMI PAYMENT KOTAK REF:124482676091,EMI PAYMENT KOTAK REF:124482676091,1499,1499,2026-02-28,2026-02-28,REF95745,REF95745,CHQ5052,CHQ5052,store@okaxis,Salary Transfer,BHIM,Matched
UPI/CR/862370301383/DEEPA KAPOOR/Rent Payment,UPI PENDING SETTLEMENT 532509628553,5000,5000,2026-12-22,2026-07-12,REF12180,REF12180,CHQ3468,CHQ3468,rent@upi,Subscription,Mobikwik,Pending Settlement
RECHARGE JIO REF:732880189463,RECHARGE JIO REF:732880189463,15000,15000,2026-10-09,2026-10-09,REF97970,REF97970,,,user@axl,Merchant Payment,AmazonPay,Matched
UPI/DR/393969259089/LATA MISHRA/Salary Transfer,UPI/DR/393969259089/LATA MISHRA/Salary Transfer,850,850,2026-08-01,2026-08-01,REF83719,REF83719,,,pay@oksbi,Mobile Recharge,AmazonPay,Duplicate
AmazonPay UPI TRANSFER SUNIL VERMA REF:730718559741,AmazonPay UPI TRANSFER SUNIL VERMA REF:730718559741,1750,1750,2026-04-10,2026-04-10,REF70074,REF70074,,,salary@bank,Rent Payment,Mobikwik,Matched
UPI P2M TATACLIQ 951661809561,,100,0,2026-06-06,2026-06-06,REF25501,,CHQ1514,,store@okaxis,P2P,BHIM,Unmatched
RECEIVED FROM NEHA CHOPRA VIA Mobikwik,,2999,0,2026-09-19,2026-09-19,REF82816,,,,pay@oksbi,Mobile Recharge,Cred,Unmatched
RECEIVED FROM ARUN KUMAR VIA GPay,RECEIVED FROM ARUN KUMAR VIA GPay,1300,1300.01,2026-06-01,2026-06-01,REF16192,REF16192,,,xyz456@ybl,P2M,AmazonPay,Partial Match
EMI PAYMENT KOTAK REF:493403715194,EMI PAYMENT KOTAK REF:493403715194,75000,75000,2026-07-15,2026-01-21,REF84643,REF84643,,,user@oksbi,Rent Payment,BHIM,Duplicate
INSURANCE PREMIUM LIC REF:983228838885,INSURANCE PREMIUM LIC REF:983228838885,50000,50000,2026-05-10,2026-05-10,REF43038,REF43038,,,pay@oksbi,Mobile Recharge,Cred,Matched
UPI P2M FLIPKART 542077228357,UPI P2M FLIPKART 542077228357,14999,14999,2026-10-14,2026-10-14,REF72611,REF33364,,,merchant@payu,P2M,AmazonPay,Matched
IMPS/811397776830/RAHUL SHARMA/Mobile Recharge,IMPS/811397776830/RAHUL SHARMA/Mobile Recharge,150,150,2026-06-20,2026-06-20,REF39207,REF39207,,,user@apl,Rent Payment,PhonePe,Matched
PAYMENT TO STAR HEALTH VIA Paytm,PAYMENT TO STAR HEALTH VIA Paytm,850,850,2026-03-22,2026-03-22,REF34226,REF71905,CHQ2113,CHQ2113,merchant@razorpay,Insurance Premium,BHIM,Matched
EMI PAYMENT ICICI REF:689573166958,EMI PAYMENT ICICI REF:689573166958,4999,4999,2026-11-10,2026-11-10,REF32323,REF32323,,,user@federal,P2M,BHIM,Matched
RECEIVED FROM DEEPA KAPOOR VIA GPay,RECEIVED FROM DEEPA KAPOOR VIA GPay,9999,9999,2026-02-09,2026-02-09,REF68751,REF68751,,,abc123@paytm,Bill Payment,Paytm,Matched
NEFT/905430597337/SURESH PANDIT/Salary Transfer,NEFT/905430597337/SURESH PANDIT/Salary Transfer,75000,74999.5,2026-10-07,2026-10-07,REF14803,REF14803,,,merchant@ccavenue,Subscription,GPay,Partial Match
UPI/CR/321999905293/RAVI TEJA/P2P,UPI/CR/321999905293/RAVI TEJA/P2P,450,450,2026-03-16,2026-03-16,REF81212,REF81212,,,shop@okicici,Merchant Payment,Paytm,Duplicate
UPI P2P GEETA AGRAWAL 233923691429,UPI REVERSAL 626930463921,1200,-1200,2026-09-19,2026-09-19,REF24074,REF24074,,,xyz456@ybl,Insurance Premium,GPay,UPI Reversed
PAYMENT TO ICICI BANK VIA GPay,PAYMENT TO ICICI BANK VIA GPay,9999,9999.5,2026-10-09,2026-10-09,REF59292,REF54755,,,salary@bank,Salary Transfer,AmazonPay,Partial Match
SUBSCRIPTION APPLE ICLOUD REF:220417702616,SUBSCRIPTION APPLE ICLOUD REF:220417702616,350,350.5,2026-03-04,2026-03-04,REF21139,REF32308,,,xyz456@ybl,Mobile Recharge,Cred,Partial Match
EMI PAYMENT SBI REF:428636736154,UPI PENDING SETTLEMENT 670996350701,19999,19999,2026-12-19,2026-12-04,REF55682,REF16729,CHQ3071,CHQ3071,user@okhdfcbank,Insurance Premium,Cred,Pending Settlement
SUBSCRIPTION APPLE ICLOUD REF:768034115681,UPI FAILED 990470121165,100,0,2026-06-25,2026-06-25,REF86100,REF86100,,,merchant@ccavenue,Subscription,BHIM,UPI Failed
UPI/GPay/213917007014/RAJESH YADAV/Bill Payment,UPI/GPay/213917007014/RAJESH YADAV/Bill Payment,1500,1499.5,2026-02-19,2026-10-01,REF42212,REF42212,,,user@paytm,Salary Transfer,Cred,Partial Match
RECHARGE JIO REF:730158183152,UPI PENDING SETTLEMENT 787578867431,1100,1100,2026-10-07,2026-11-11,REF38968,REF38968,CHQ7122,CHQ7122,user@paytm,Insurance Premium,Cred,Pending Settlement
RECHARGE JIO REF:450765409051,RECHARGE JIO REF:450765409051,100,100,2026-04-28,2026-04-28,REF79813,REF79813,,,merchant@razorpay,EMI Payment,Paytm,Matched
SUBSCRIPTION NETFLIX REF:144781871287,SUBSCRIPTION NETFLIX REF:144781871287,150,150,2026-01-05,2026-01-05,REF49234,REF49234,,,user@federal,Rent Payment,BHIM,Matched
EMI PAYMENT ICICI REF:252050676962,EMI PAYMENT ICICI REF:252050676962,10000,10000,2026-06-08,2026-06-08,REF91091,REF91091,,,user@federal,Subscription,GPay,Matched
NEFT/832078733647/ARUN NAIR/Subscription,NEFT/832078733647/ARUN NAIR/Subscription,450,450,2026-06-26,2026-06-26,REF25163,REF25163,,,user@ybl,Merchant Payment,Mobikwik,Matched
IMPS/634601179795/RAHUL SHARMA/Salary Transfer,,20000,0,2026-05-06,2026-05-06,REF78319,REF43610,,,shop@okicici,P2M,GPay,Unmatched
AmazonPay UPI TRANSFER RAJESH YADAV REF:868795606832,AmazonPay UPI TRANSFER RAJESH YADAV REF:868795606832,250,250,2026-04-22,2026-01-09,REF83428,REF83428,,,merchant@razorpay,Insurance Premium,BHIM,Duplicate
UPI/AmazonPay/388202822195/SURESH PANDIT/Salary Transfer,UPI/AmazonPay/388202822195/SURESH PANDIT/Salary Transfer,3999,3999,2026-07-19,2026-07-19,REF15885,REF15885,,,user@paytm,Salary Transfer,PhonePe,Matched
RECEIVED FROM SURESH PANDIT VIA Paytm,RECEIVED FROM SURESH PANDIT VIA Paytm,2000,2000,2026-08-04,2026-08-04,REF69442,REF69442,,,shop@okicici,Rent Payment,AmazonPay,Matched
EMI PAYMENT AXIS REF:929382487213,UPI PENDING SETTLEMENT 342717059925,10000,10000,2026-09-16,2026-12-08,REF68089,REF68089,,,pay@oksbi,Insurance Premium,GPay,Pending Settlement
UPI/CR/886977801958/ARUN KUMAR/EMI Payment,UPI/CR/886977801958/ARUN KUMAR/EMI Payment,1999,1998.95,2026-03-13,2026-03-13,REF27464,REF18889,,,merchant@payu,Bill Payment,GPay,Partial Match
SUBSCRIPTION NETFLIX REF:493643944039,UPI FAILED 365346442979,50000,0,2026-02-19,2026-02-19,REF38192,REF94311,,,pay@oksbi,Salary Transfer,Paytm,UPI Failed
BILL PAYMENT LANDLINE REF:258585641274,BILL PAYMENT LANDLINE REF:258585641274,25000,25000,2026-10-14,2026-05-26,REF36828,REF36828,,,merchant@razorpay,Merchant Payment,Paytm,Matched
RECHARGE AIRTEL REF:864032049666,RECHARGE AIRTEL REF:864032049666,100000,100000,2026-07-17,2026-07-17,REF66573,REF66573,,,user@paytm,Merchant Payment,AmazonPay,Matched
SUBSCRIPTION SPOTIFY REF:287487338577,SUBSCRIPTION SPOTIFY REF:287487338577,750,750,2026-10-12,2026-10-12,REF35767,REF35767,,,user@federal,Insurance Premium,BHIM,Matched
UPI/DR/203336623221/LATA MISHRA/Salary Transfer,UPI FAILED 276830955456,1750,0,2026-02-07,2026-02-07,REF14536,REF14536,,,xyz456@ybl,Salary Transfer,GPay,UPI Failed
PAYMENT TO RELIANCE RETAIL VIA GPay,PAYMENT TO RELIANCE RETAIL VIA GPay,1500,1500.01,2026-08-04,2026-08-04,REF84642,REF69609,,,user@apl,Subscription,GPay,Partial Match
UPI/Paytm/348356709640/VIKAS GUPTA/Merchant Payment,UPI PENDING SETTLEMENT 907257785773,5000,5000,2026-04-19,2026-11-24,REF45373,REF45373,CHQ3325,CHQ3325,store@okaxis,Insurance Premium,PhonePe,Pending Settlement
UPI/DR/839628776616/ANITA DEVI/Bill Payment,UPI/DR/839628776616/ANITA DEVI/Bill Payment,9999,9999,2026-05-24,2026-05-24,REF83032,REF27555,,,abc123@paytm,EMI Payment,AmazonPay,Matched
UPI/CR/140296521048/SNEHA SINGH/P2M,,1999,0,2026-07-25,2026-07-25,REF47425,REF43462,CHQ9779,,shop@okicici,Rent Payment,Cred,Unmatched
IMPS/518603013056/RAVI TEJA/Mobile Recharge,,1300,0,2026-11-18,2026-11-18,REF21609,,CHQ2794,,salary@bank,Merchant Payment,GPay,Unmatched
UPI/DR/542597891278/KIRAN SINGH/Merchant Payment,,1999,0,2026-05-17,2026-05-17,REF67284,REF15121,,,user@oksbi,Bill Payment,AmazonPay,Unmatched
UPI P2M LIC 402015920376,UPI PENDING SETTLEMENT 934117598423,2500,2500,2026-01-12,2026-04-01,REF53103,REF53103,,,bill@paytm,Subscription,PhonePe,Pending Settlement
SUBSCRIPTION APPLE ICLOUD REF:599948392939,SUBSCRIPTION APPLE ICLOUD REF:599948392939,1500,1500.01,2026-07-26,2026-07-26,REF10347,REF10347,,,merchant@razorpay,Bill Payment,PhonePe,Partial Match
IMPS/602226927571/KIRAN SINGH/Salary Transfer,UPI REVERSAL 625812476758,100000,-100000,2026-09-27,2026-09-27,REF20774,REF60922,CHQ9972,CHQ9972,user@ybl,P2P,AmazonPay,UPI Reversed
GPay UPI TRANSFER GEETA AGRAWAL REF:402859833599,GPay UPI TRANSFER GEETA AGRAWAL REF:402859833599,150,150.1,2026-02-22,2026-02-22,REF89184,REF89184,,,salary@bank,Mobile Recharge,PhonePe,Partial Match
IMPS/386199105628/DEEPA KAPOOR/Bill Payment,UPI PENDING SETTLEMENT 736872282911,150,150,2026-07-19,2026-12-09,REF89588,REF66615,,,user@ybl,P2M,GPay,Pending Settlement
NEFT/808159510234/NEHA CHOPRA/Rent Payment,UPI FAILED 134964205266,9999,0,2026-05-01,2026-05-01,REF29567,REF29567,CHQ7407,CHQ7407,user@okhdfcbank,Insurance Premium,Paytm,UPI Failed
INSURANCE PREMIUM LIC REF:611684979737,UPI REVERSAL 717494275132,75000,-75000,2026-02-06,2026-02-06,REF91232,REF82307,,,user@oksbi,Rent Payment,GPay,UPI Reversed
UPI/CR/295972235775/DEEPA KAPOOR/Subscription,UPI REVERSAL 155935642450,5000,-5000,2026-04-02,2026-04-02,REF44668,REF44668,,,bill@paytm,Merchant Payment,BHIM,UPI Reversed
UPI/CR/319798305899/KIRAN SINGH/P2M,UPI/CR/319798305899/KIRAN SINGH/P2M,100,100,2026-08-24,2026-12-25,REF66280,REF66280,,,user@ibl,Mobile Recharge,BHIM,Matched
INSURANCE PREMIUM BAJAJ ALLIANZ REF:818571485587,UPI REVERSAL 979366729697,350,-350,2026-04-01,2026-04-01,REF57965,REF57965,,,user@axl,Insurance Premium,Mobikwik,UPI Reversed
IMPS/711387402001/LATA MISHRA/Merchant Payment,IMPS/711387402001/LATA MISHRA/Merchant Payment,5000,5000,2026-07-15,2026-12-26,REF10497,REF60780,,,xyz456@ybl,Merchant Payment,Mobikwik,Matched
UPI/CR/550962073290/SURESH PANDIT/Salary Transfer,UPI/CR/550962073290/SURESH PANDIT/Salary Transfer,4999,4999,2026-01-21,2026-02-26,REF37222,REF37222,,,bill@paytm,Mobile Recharge,AmazonPay,Matched
NEFT/263095173892/ARUN NAIR/Bill Payment,UPI FAILED 803475398839,2999,0,2026-03-04,2026-03-04,REF29767,REF29767,,,abc123@paytm,Merchant Payment,Paytm,UPI Failed
EMI PAYMENT AXIS REF:117918893643,EMI PAYMENT AXIS REF:117918893643,7500,7500,2026-09-18,2026-09-18,REF20526,REF20526,,,shop@okicici,Bill Payment,Paytm,Matched
BILL PAYMENT DTH REF:965808538727,BILL PAYMENT DTH REF:965808538727,1999,1999,2026-01-13,2026-01-13,REF63104,REF63104,,,user@oksbi,P2M,GPay,Matched
UPI/PhonePe/440896149751/AMIT KUMAR/Bill Payment,UPI/PhonePe/440896149751/AMIT KUMAR/Bill Payment,100000,100000,2026-10-24,2026-10-24,REF79191,REF41420,,,user@oksbi,Rent Payment,BHIM,Matched
UPI/DR/276963973110/PRIYA PATEL/Rent Payment,UPI/DR/276963973110/PRIYA PATEL/Rent Payment,50000,50000,2026-01-01,2026-01-01,REF37506,REF25306,,,pay@oksbi,P2M,AmazonPay,Matched
EMI PAYMENT SBI REF:712686669228,EMI PAYMENT SBI REF:712686669228,1200,1201.0,2026-10-21,2026-10-21,REF47341,REF11235,CHQ8645,CHQ8645,user@okhdfcbank,Bill Payment,BHIM,Partial Match
UPI P2P LATA MISHRA 282665427845,UPI P2P LATA MISHRA 282665427845,1750,1750,2026-10-25,2026-10-25,REF17371,REF17371,CHQ8666,CHQ8666,shop@okicici,P2P,AmazonPay,Matched
UPI/CR/777656492104/VIKAS GUPTA/Salary Transfer,UPI REVERSAL 352705143720,499,-499,2026-02-18,2026-09-28,REF35947,REF35947,,,user@oksbi,P2P,PhonePe,UPI Reversed
RECEIVED FROM NEHA CHOPRA VIA Mobikwik,RECEIVED FROM NEHA CHOPRA VIA Mobikwik,7500,7500.01,2026-03-07,2026-03-07,REF61807,REF61807,CHQ3658,CHQ3658,xyz456@ybl,Salary Transfer,Cred,Partial Match
RECEIVED FROM MOHAN LAL VIA Mobikwik,RECEIVED FROM MOHAN LAL VIA Mobikwik,1500,1499.95,2026-04-19,2026-04-19,REF57798,REF57798,,,shop@okicici,Mobile Recharge,Mobikwik,Partial Match
UPI/CR/624004958749/RAJESH YADAV/Rent Payment,UPI/CR/624004958749/RAJESH YADAV/Rent Payment,1500,1500,2026-10-18,2026-09-03,REF39115,REF39115,,,user@apl,P2P,GPay,Matched
UPI/CR/567028688760/AMIT KUMAR/Bill Payment,UPI/CR/567028688760/AMIT KUMAR/Bill Payment,650,650,2026-08-24,2026-08-24,REF57805,REF57805,CHQ7359,CHQ7359,user@apl,Bill Payment,Cred,Matched
GPay UPI TRANSFER NEHA CHOPRA REF:464481669729,GPay UPI TRANSFER NEHA CHOPRA REF:464481669729,950,950,2026-05-25,2026-05-25,REF30377,REF86704,,,user@oksbi,EMI Payment,BHIM,Duplicate
UPI P2P NEHA CHOPRA 917422262939,UPI P2P NEHA CHOPRA 917422262939,4999,4999,2026-06-25,2026-06-25,REF83765,REF83765,,,merchant@razorpay,Subscription,Mobikwik,Matched
UPI/DR/837714007634/ARUN KUMAR/Subscription,UPI PENDING SETTLEMENT 490999556753,550,550,2026-05-14,2026-02-15,REF70630,REF70630,,,user@ybl,Rent Payment,BHIM,Pending Settlement
UPI P2M VODAFONE 391222443498,UPI P2M VODAFONE 391222443498,15000,15000,2026-09-01,2026-09-01,REF34341,REF49546,CHQ5857,CHQ5857,user@federal,Insurance Premium,Cred,Matched
UPI/DR/719171065231/ANITA DEVI/Subscription,UPI/DR/719171065231/ANITA DEVI/Subscription,5000,5000,2026-09-17,2026-09-17,REF49355,REF49355,CHQ8351,CHQ8351,user@paytm,Insurance Premium,Cred,Matched
BILL PAYMENT INTERNET REF:255507341547,BILL PAYMENT INTERNET REF:255507341547,9999,9999,2026-03-07,2026-03-07,REF79338,REF79338,,,user@ybl,Subscription,Cred,Duplicate
EMI PAYMENT SBI REF:668066317074,UPI REVERSAL 948702649350,100,-100,2026-06-26,2026-06-26,REF13329,REF13329,,,shop@okicici,P2M,Paytm,UPI Reversed
PAYMENT TO BAJAJ FINSERV VIA Cred,UPI FAILED 577423347169,9999,0,2026-08-16,2026-08-16,REF54433,REF86899,,,user@paytm,Bill Payment,Mobikwik,UPI Failed
NEFT/624763088573/VIKAS GUPTA/Bill Payment,NEFT/624763088573/VIKAS GUPTA/Bill Payment,2250,2255.0,2026-02-04,2026-02-04,REF19831,REF19831,CHQ7078,CHQ7078,pay@oksbi,P2M,BHIM,Partial Match
EMI PAYMENT KOTAK REF:273063679968,EMI PAYMENT KOTAK REF:273063679968,15000,15000,2026-01-12,2026-01-12,REF33032,REF11030,CHQ7960,CHQ7960,merchant@payu,Merchant Payment,GPay,Matched
SUBSCRIPTION GOOGLE ONE REF:974320646543,SUBSCRIPTION GOOGLE ONE REF:974320646543,1999,1999,2026-01-28,2026-02-13,REF19365,REF12533,,,merchant@ccavenue,Insurance Premium,Mobikwik,Duplicate
UPI P2P KIRAN SINGH 111533064753,UPI P2P KIRAN SINGH 111533064753,650,650,2026-10-08,2026-10-08,REF24828,REF24828,CHQ8218,CHQ8218,store@okaxis,Subscription,PhonePe,Matched
UPI/DR/342837155613/KIRAN SINGH/Mobile Recharge,UPI PENDING SETTLEMENT 347410351026,2999,2999,2026-06-04,2026-08-06,REF89118,REF89118,,,rent@upi,P2M,PhonePe,Pending Settlement
UPI/CR/528733283960/DEEPA KAPOOR/Salary Transfer,UPI/CR/528733283960/DEEPA KAPOOR/Salary Transfer,950,950,2026-08-13,2026-09-21,REF94657,REF94657,,,user@axl,EMI Payment,PhonePe,Duplicate
NEFT/923016359341/RAHUL SHARMA/P2P,UPI FAILED 147973264978,950,0,2026-12-16,2026-12-16,REF57629,REF57629,CHQ1355,CHQ1355,user@oksbi,Salary Transfer,Mobikwik,UPI Failed
Mobikwik UPI TRANSFER DEEPA KAPOOR REF:280588159739,Mobikwik UPI TRANSFER DEEPA KAPOOR REF:280588159739,1999,1999.05,2026-10-02,2026-10-02,REF86648,REF42409,,,user@paytm,Merchant Payment,PhonePe,Partial Match
UPI/DR/989719501621/DEEPA KAPOOR/Salary Transfer,UPI/DR/989719501621/DEEPA KAPOOR/Salary Transfer,250,250,2026-04-28,2026-04-28,REF63060,REF83434,,,merchant@ccavenue,Salary Transfer,PhonePe,Matched
IMPS/422819196092/ANITA DEVI/Merchant Payment,IMPS/422819196092/ANITA DEVI/Merchant Payment,1999,1999.1,2026-11-08,2026-01-15,REF26049,REF26049,,,user@federal,Salary Transfer,BHIM,Partial Match
RECHARGE JIO REF:759757350323,RECHARGE JIO REF:759757350323,1750,1750,2026-05-19,2026-05-19,REF58718,REF58718,,,merchant@payu,Salary Transfer,Mobikwik,Matched
BILL PAYMENT DTH REF:718874322069,BILL PAYMENT DTH REF:718874322069,750,750,2026-12-08,2026-12-08,REF23090,REF23090,,,shop@okicici,Mobile Recharge,BHIM,Duplicate
BILL PAYMENT DTH REF:662009557619,BILL PAYMENT DTH REF:662009557619,200,200,2026-01-19,2026-01-19,REF87737,REF87737,,,user@ibl,EMI Payment,Mobikwik,Matched
UPI/DR/281209187945/SNEHA SINGH/EMI Payment,UPI/DR/281209187945/SNEHA SINGH/EMI Payment,10000,10000,2026-12-25,2026-12-25,REF28294,REF28294,,,user@ybl,Rent Payment,Mobikwik,Matched
INSURANCE PREMIUM SBI LIFE REF:609345667879,,999,0,2026-09-08,2026-09-08,REF43341,,,,rent@upi,P2M,AmazonPay,Unmatched
INSURANCE PREMIUM SBI LIFE REF:108457336811,INSURANCE PREMIUM SBI LIFE REF:108457336811,3000,3000,2026-10-19,2026-01-06,REF83163,REF83163,,,user@federal,Insurance Premium,Cred,Matched
NEFT/576569721524/RAVI TEJA/Rent Payment,,150,0,2026-12-14,2026-12-14,REF72629,,,,bill@paytm,Mobile Recharge,BHIM,Unmatched
BILL PAYMENT LANDLINE REF:957208904856,,3000,0,2026-09-06,2026-09-06,REF32624,,,,rent@upi,Merchant Payment,Paytm,Unmatched
BILL PAYMENT INTERNET REF:799795454980,UPI REVERSAL 195664069908,1000,-1000,2026-03-26,2026-03-26,REF31302,REF31302,,,user@paytm,P2P,AmazonPay,UPI Reversed
UPI P2M AIRTEL 286377610417,UPI REVERSAL 809893842731,1100,-1100,2026-04-06,2026-04-06,REF18749,REF18749,,,user@okhdfcbank,P2P,Cred,UPI Reversed
PhonePe UPI TRANSFER NEHA CHOPRA REF:367231173048,PhonePe UPI TRANSFER NEHA CHOPRA REF:367231173048,4999,4998.5,2026-04-13,2026-04-13,REF10758,REF28817,,,user@ybl,EMI Payment,BHIM,Partial Match
UPI/CR/855585545439/PRIYA PATEL/Merchant Payment,UPI/CR/855585545439/PRIYA PATEL/Merchant Payment,100,100,2026-01-19,2026-01-19,REF52672,REF52672,,,user@okhdfcbank,Insurance Premium,Mobikwik,Matched
UPI/GPay/348495596555/RAJESH YADAV/P2P,,1100,0,2026-05-05,2026-05-04,REF36220,,CHQ7374,,merchant@ccavenue,Insurance Premium,PhonePe,Unmatched
BILL PAYMENT INTERNET REF:529044725874,,5000,0,2026-10-02,2026-02-17,REF46365,,CHQ2138,,rent@upi,Insurance Premium,GPay,Unmatched
RECHARGE AIRTEL REF:644800413319,UPI PENDING SETTLEMENT 182752505376,2999,2999,2026-04-15,2026-08-06,REF50324,REF50324,,,user@federal,Bill Payment,AmazonPay,Pending Settlement
Mobikwik UPI TRANSFER ANITA DEVI REF:590723757983,Mobikwik UPI TRANSFER ANITA DEVI REF:590723757983,2000,2005.0,2026-07-18,2026-07-18,REF84425,REF84425,,,user@ibl,P2M,Cred,Partial Match
UPI/DR/471925356401/MEERA JOSHI/Insurance Premium,UPI/DR/471925356401/MEERA JOSHI/Insurance Premium,50000,50000,2026-04-11,2026-04-11,REF87328,REF14260,,,user@apl,Insurance Premium,AmazonPay,Matched
BILL PAYMENT GAS REF:153375023404,BILL PAYMENT GAS REF:153375023404,1750,1750,2026-01-13,2026-01-13,REF59175,REF59175,,,abc123@paytm,Subscription,Paytm,Matched
RECHARGE AIRTEL REF:243741190188,RECHARGE AIRTEL REF:243741190188,1499,1499,2026-12-20,2026-12-20,REF84875,REF84875,,,merchant@payu,Salary Transfer,Mobikwik,Duplicate
EMI PAYMENT SBI REF:437228046800,EMI PAYMENT SBI REF:437228046800,950,950,2026-07-02,2026-07-02,REF54231,REF54231,CHQ4733,CHQ4733,shop@okicici,Salary Transfer,AmazonPay,Matched
UPI/DR/629983322257/SURESH PANDIT/P2M,UPI/DR/629983322257/SURESH PANDIT/P2M,950,950,2026-08-19,2026-08-19,REF94197,REF94197,,,bill@paytm,Insurance Premium,AmazonPay,Matched
UPI P2M FLIPKART 337636661382,UPI FAILED 631527710228,3000,0,2026-12-17,2026-12-17,REF90991,REF13154,CHQ9252,CHQ9252,user@federal,EMI Payment,Mobikwik,UPI Failed
BILL PAYMENT ELECTRICITY REF:433447519679,BILL PAYMENT ELECTRICITY REF:433447519679,850,850,2026-11-24,2026-11-24,REF68036,REF68036,,,user@ybl,P2M,BHIM,Matched
PhonePe UPI TRANSFER KIRAN SINGH REF:116663012180,PhonePe UPI TRANSFER KIRAN SINGH REF:116663012180,3000,3005.0,2026-08-04,2026-08-04,REF83643,REF36748,,,user@apl,Insurance Premium,GPay,Partial Match
INSURANCE PREMIUM SBI LIFE REF:108255163289,,10000,0,2026-12-23,2026-02-22,REF87510,REF40725,,,user@apl,EMI Payment,Paytm,Unmatched
BILL PAYMENT DTH REF:862792651623,UPI REVERSAL 583349641864,9999,-9999,2026-03-03,2026-03-03,REF90862,REF90862,,,bill@paytm,Merchant Payment,Paytm,UPI Reversed
INSURANCE PREMIUM STAR HEALTH REF:918245513971,INSURANCE PREMIUM STAR HEALTH REF:918245513971,999,999,2026-01-13,2026-01-13,REF93101,REF93101,,,user@oksbi,EMI Payment,Cred,Matched
RECHARGE JIO REF:936468955210,,350,0,2026-01-07,2026-03-14,REF68820,,CHQ2874,,user@axl,P2P,BHIM,Unmatched
IMPS/662774236968/RAVI TEJA/P2M,IMPS/662774236968/RAVI TEJA/P2M,3000,3000,2026-10-14,2026-10-14,REF82124,REF48795,,,bill@paytm,EMI Payment,Mobikwik,Duplicate
BILL PAYMENT WATER REF:120833421639,UPI PENDING SETTLEMENT 752564700388,1000,1000,2026-02-14,2026-07-28,REF80757,REF80757,,,user@oksbi,Merchant Payment,Mobikwik,Pending Settlement
UPI P2M BIGBASKET 113453691736,,19999,0,2026-03-14,2026-03-14,REF35509,REF46780,,,user@federal,Salary Transfer,BHIM,Unmatched
UPI/GPay/377634953944/LATA MISHRA/Merchant Payment,UPI FAILED 271481008415,550,0,2026-04-14,2026-04-14,REF88206,REF70100,,,user@paytm,Merchant Payment,AmazonPay,UPI Failed
Cred UPI TRANSFER ARUN KUMAR REF:544320161467,UPI PENDING SETTLEMENT 342042279866,150,150,2026-03-28,2026-12-25,REF50414,REF50414,,,user@okhdfcbank,Rent Payment,Mobikwik,Pending Settlement
UPI P2P MOHAN LAL 844224980998,,1300,0,2026-08-08,2026-08-08,REF77865,REF62437,,,merchant@ccavenue,Merchant Payment,PhonePe,Unmatched
UPI P2M BSNL 986495131895,,100000,0,2026-10-27,2026-10-27,REF73517,,CHQ3853,,user@ibl,Merchant Payment,AmazonPay,Unmatched
UPI/BHIM/720239358081/RAHUL SHARMA/Subscription,,450,0,2026-07-20,2026-07-20,REF87333,,CHQ3528,,rent@upi,Bill Payment,PhonePe,Unmatched
RECEIVED FROM MOHAN LAL VIA Cred,RECEIVED FROM MOHAN LAL VIA Cred,100,100,2026-05-04,2026-05-04,REF42382,REF42382,,,user@ibl,Salary Transfer,Mobikwik,Matched
UPI P2P ARUN KUMAR 762284567231,UPI P2P ARUN KUMAR 762284567231,75000,75000,2026-05-02,2026-05-02,REF95507,REF29240,CHQ8641,CHQ8641,user@okhdfcbank,Mobile Recharge,Cred,Matched
IMPS/138022946345/AMIT KUMAR/P2M,UPI REVERSAL 695337861822,19999,-19999,2026-09-16,2026-09-16,REF27353,REF27353,,,xyz456@ybl,Mobile Recharge,PhonePe,UPI Reversed
BILL PAYMENT ELECTRICITY REF:868540681934,BILL PAYMENT ELECTRICITY REF:868540681934,15000,14999.0,2026-01-19,2026-01-19,REF73501,REF73501,CHQ8014,CHQ8014,xyz456@ybl,Merchant Payment,AmazonPay,Partial Match
RECHARGE VI REF:700336732891,UPI PENDING SETTLEMENT 574706381177,1300,1300,2026-10-14,2026-10-11,REF63613,REF30045,,,user@axl,P2P,Paytm,Pending Settlement
NEFT/381280640273/ARUN NAIR/Bill Payment,NEFT/381280640273/ARUN NAIR/Bill Payment,100,100,2026-01-16,2026-01-16,REF74250,REF74250,,,abc123@paytm,P2P,PhonePe,Matched
EMI PAYMENT ICICI REF:939990800472,,1499,0,2026-08-07,2026-08-07,REF37520,,,,user@axl,Mobile Recharge,Paytm,Unmatched
NEFT/768081948915/LATA MISHRA/Insurance Premium,NEFT/768081948915/LATA MISHRA/Insurance Premium,150,149.99,2026-02-01,2026-02-01,REF71660,REF71660,,,rent@upi,EMI Payment,GPay,Partial Match
IMPS/825682027759/KIRAN SINGH/Mobile Recharge,,9999,0,2026-02-18,2026-02-18,REF56401,,,,user@okhdfcbank,P2M,Paytm,Unmatched
PAYMENT TO CROMA VIA AmazonPay,PAYMENT TO CROMA VIA AmazonPay,500,500,2026-05-01,2026-05-01,REF87048,REF11651,,,user@federal,Mobile Recharge,GPay,Duplicate
UPI/DR/937494832999/MEERA JOSHI/P2M,,650,0,2026-07-25,2026-07-25,REF31013,,CHQ1653,,rent@upi,Rent Payment,BHIM,Unmatched
NEFT/919021801292/NEHA CHOPRA/Merchant Payment,UPI REVERSAL 327061828320,1000,-1000,2026-07-10,2026-07-10,REF67321,REF67321,CHQ4385,CHQ4385,shop@okicici,Merchant Payment,PhonePe,UPI Reversed
IMPS/428429374890/RAVI TEJA/Subscription,IMPS/428429374890/RAVI TEJA/Subscription,3000,3000,2026-01-22,2026-01-22,REF25398,REF25398,,,user@axl,Bill Payment,GPay,Matched
BILL PAYMENT WATER REF:989682114799,BILL PAYMENT WATER REF:989682114799,350,350,2026-03-26,2026-03-26,REF62342,REF62342,,,xyz456@ybl,P2P,Paytm,Matched
EMI PAYMENT SBI REF:841671033761,UPI PENDING SETTLEMENT 163522391678,550,550,2026-12-09,2026-04-03,REF48832,REF28033,,,store@okaxis,P2M,Paytm,Pending Settlement
UPI/CR/782139050830/ARUN NAIR/Subscription,UPI/CR/782139050830/ARUN NAIR/Subscription,950,950,2026-03-08,2026-03-08,REF52823,REF57618,CHQ7159,CHQ7159,user@paytm,Merchant Payment,Cred,Matched
SUBSCRIPTION NETFLIX REF:433008659679,SUBSCRIPTION NETFLIX REF:433008659679,850,850,2026-01-11,2026-01-11,REF16793,REF16793,,,shop@okicici,P2P,Paytm,Matched
SUBSCRIPTION NETFLIX REF:197242659694,SUBSCRIPTION NETFLIX REF:197242659694,4999,4999,2026-02-06,2026-02-06,REF17694,REF17694,CHQ4887,CHQ4887,merchant@razorpay,P2P,AmazonPay,Matched
UPI/Cred/322000672902/KIRAN SINGH/Salary Transfer,UPI/Cred/322000672902/KIRAN SINGH/Salary Transfer,850,850,2026-01-02,2026-08-12,REF91694,REF91694,CHQ8051,CHQ8051,pay@oksbi,Mobile Recharge,Cred,Matched
EMI PAYMENT ICICI REF:751246597590,EMI PAYMENT ICICI REF:751246597590,999,999,2026-02-04,2026-02-04,REF83064,REF83064,,,xyz456@ybl,EMI Payment,Cred,Matched
IMPS/938734056089/MOHAN LAL/Merchant Payment,IMPS/938734056089/MOHAN LAL/Merchant Payment,14999,14999,2026-08-02,2026-08-02,REF51274,REF51274,,,shop@okicici,P2M,Mobikwik,Matched
UPI/Paytm/694035195497/SURESH PANDIT/Insurance Premium,,2000,0,2026-04-12,2026-04-12,REF18242,,,,merchant@ccavenue,P2P,GPay,Unmatched
BILL PAYMENT ELECTRICITY REF:798902142542,,550,0,2026-03-06,2026-03-06,REF43509,,,,user@axl,Insurance Premium,AmazonPay,Unmatched
SUBSCRIPTION GOOGLE ONE REF:904293676678,SUBSCRIPTION GOOGLE ONE REF:904293676678,1500,1500,2026-10-24,2026-10-24,REF20479,REF20479,CHQ9596,CHQ9596,shop@okicici,Mobile Recharge,Mobikwik,Matched
PhonePe UPI TRANSFER SNEHA SINGH REF:569074028941,UPI REVERSAL 153552690592,1750,-1750,2026-07-18,2026-12-23,REF10906,REF10906,,,pay@oksbi,Insurance Premium,Mobikwik,UPI Reversed
RECEIVED FROM RAHUL SHARMA VIA PhonePe,RECEIVED FROM RAHUL SHARMA VIA PhonePe,10000,10001.0,2026-04-28,2026-04-28,REF28829,REF28829,,,merchant@ccavenue,Salary Transfer,Mobikwik,Partial Match
NEFT/302034909971/ARUN NAIR/Merchant Payment,,4999,0,2026-11-06,2026-11-06,REF43854,,,,merchant@payu,Bill Payment,Cred,Unmatched
UPI P2P MEERA JOSHI 257417876736,,1100,0,2026-10-07,2026-10-07,REF39878,,CHQ3870,,merchant@ccavenue,Mobile Recharge,BHIM,Unmatched
BHIM UPI TRANSFER RAHUL SHARMA REF:678063898841,UPI REVERSAL 578131253289,350,-350,2026-03-13,2026-03-13,REF17546,REF17546,CHQ8250,CHQ8250,user@okhdfcbank,Bill Payment,AmazonPay,UPI Reversed
UPI/CR/100126505935/KAVITA REDDY/Merchant Payment,UPI PENDING SETTLEMENT 555590512367,1300,1300,2026-08-15,2026-12-17,REF38618,REF38618,,,xyz456@ybl,Subscription,Paytm,Pending Settlement
UPI/DR/984443344187/SURESH PANDIT/P2P,UPI/DR/984443344187/SURESH PANDIT/P2P,150,155.0,2026-03-20,2026-03-20,REF75984,REF75984,CHQ3216,CHQ3216,pay@oksbi,Mobile Recharge,Cred,Partial Match
INSURANCE PREMIUM STAR HEALTH REF:398483300570,INSURANCE PREMIUM STAR HEALTH REF:398483300570,550,550,2026-10-01,2026-10-01,REF66321,REF42127,CHQ1225,CHQ1225,merchant@ccavenue,Rent Payment,Cred,Matched
BILL PAYMENT DTH REF:975515981553,UPI PENDING SETTLEMENT 340197383934,499,499,2026-11-19,2026-10-23,REF37376,REF37376,,,salary@bank,Rent Payment,Cred,Pending Settlement
GPay UPI TRANSFER RAVI TEJA REF:184995656740,GPay UPI TRANSFER RAVI TEJA REF:184995656740,75000,75000,2026-10-23,2026-10-23,REF96748,REF67215,,,merchant@razorpay,Merchant Payment,Cred,Matched
AmazonPay UPI TRANSFER ANITA DEVI REF:209010590799,AmazonPay UPI TRANSFER ANITA DEVI REF:209010590799,14999,14999,2026-05-18,2026-05-18,REF54490,REF54490,,,merchant@payu,Insurance Premium,BHIM,Matched
INSURANCE PREMIUM SBI LIFE REF:279854666130,INSURANCE PREMIUM SBI LIFE REF:279854666130,850,849.99,2026-12-15,2026-12-15,REF76062,REF26877,,,bill@paytm,Rent Payment,Cred,Partial Match
UPI P2P MOHAN LAL 699823383615,,550,0,2026-07-10,2026-07-10,REF71281,REF45522,CHQ9789,,user@federal,Rent Payment,BHIM,Unmatched
GPay UPI TRANSFER NEHA CHOPRA REF:723927062375,UPI REVERSAL 258398638469,1500,-1500,2026-01-27,2026-01-27,REF81172,REF81172,,,merchant@razorpay,P2P,GPay,UPI Reversed
UPI P2P GEETA AGRAWAL 451761551137,,450,0,2026-08-12,2026-08-12,REF23090,,CHQ3820,,user@paytm,P2P,GPay,Unmatched
PAYMENT TO NETFLIX VIA Cred,PAYMENT TO NETFLIX VIA Cred,25000,25000,2026-06-04,2026-06-04,REF30172,REF30172,,,user@okhdfcbank,Rent Payment,AmazonPay,Matched
INSURANCE PREMIUM ICICI PRUDENTIAL REF:105566733342,UPI FAILED 547729511748,250,0,2026-12-03,2026-05-26,REF69327,REF69327,,,user@ibl,Merchant Payment,PhonePe,UPI Failed
UPI P2M HDFC BANK 289239536706,,50000,0,2026-11-19,2026-11-19,REF11588,,,,pay@oksbi,Salary Transfer,BHIM,Unmatched
INSURANCE PREMIUM BAJAJ ALLIANZ REF:248120445522,INSURANCE PREMIUM BAJAJ ALLIANZ REF:248120445522,1499,1499,2026-01-10,2026-01-10,REF51651,REF51651,CHQ8602,CHQ8602,xyz456@ybl,Insurance Premium,Paytm,Duplicate
UPI/DR/454648493034/LATA MISHRA/P2P,UPI PENDING SETTLEMENT 813596527802,100,100,2026-03-23,2026-01-26,REF90870,REF90870,,,bill@paytm,Salary Transfer,Mobikwik,Pending Settlement
RECEIVED FROM RAHUL SHARMA VIA PhonePe,RECEIVED FROM RAHUL SHARMA VIA PhonePe,75000,75000,2026-09-14,2026-11-10,REF70329,REF70329,,,user@okhdfcbank,Rent Payment,BHIM,Matched
INSURANCE PREMIUM BAJAJ ALLIANZ REF:674180158307,INSURANCE PREMIUM BAJAJ ALLIANZ REF:674180158307,999,998.95,2026-05-04,2026-01-24,REF84783,REF84783,,,abc123@paytm,Rent Payment,BHIM,Partial Match
EMI PAYMENT AXIS REF:281591006310,UPI REVERSAL 808526179533,850,-850,2026-03-27,2026-03-27,REF87379,REF21331,,,bill@paytm,P2M,BHIM,UPI Reversed
UPI/AmazonPay/955965082253/DEEPA KAPOOR/Mobile Recharge,,20000,0,2026-03-15,2026-03-15,REF28928,,,,bill@paytm,Salary Transfer,GPay,Unmatched
INSURANCE PREMIUM LIC REF:349843671342,UPI PENDING SETTLEMENT 178423912788,50000,50000,2026-08-15,2026-11-26,REF86142,REF86142,,,user@federal,Bill Payment,AmazonPay,Pending Settlement
RECHARGE VI REF:695044723877,,150,0,2026-08-20,2026-08-20,REF17612,,,,xyz456@ybl,Merchant Payment,BHIM,Unmatched
IMPS/389934034861/SURESH PANDIT/Rent Payment,IMPS/389934034861/SURESH PANDIT/Rent Payment,1000,999.99,2026-03-08,2026-03-08,REF87814,REF87814,,,user@paytm,EMI Payment,Cred,Partial Match
INSURANCE PREMIUM BAJAJ ALLIANZ REF:700467695877,INSURANCE PREMIUM BAJAJ ALLIANZ REF:700467695877,200,200,2026-11-27,2026-11-27,REF74022,REF74022,,,user@ybl,P2M,GPay,Matched
UPI/BHIM/629223491084/NEHA CHOPRA/Rent Payment,,1100,0,2026-11-10,2026-11-10,REF89622,,CHQ1757,,shop@okicici,Insurance Premium,Paytm,Unmatched
Cred UPI TRANSFER ARUN NAIR REF:961220676325,,3000,0,2026-11-07,2026-11-07,REF23126,,,,user@federal,Insurance Premium,Cred,Unmatched
UPI P2P LATA MISHRA 804920004480,UPI PENDING SETTLEMENT 185778479470,100000,100000,2026-06-17,2026-05-03,REF80437,REF80437,,,user@ybl,P2M,Mobikwik,Pending Settlement
IMPS/812869123613/RAJESH YADAV/Insurance Premium,IMPS/812869123613/RAJESH YADAV/Insurance Premium,750,750,2026-12-02,2026-12-02,REF86386,REF69026,,,rent@upi,P2P,Mobikwik,Matched
IMPS/981767751596/GEETA AGRAWAL/Mobile Recharge,IMPS/981767751596/GEETA AGRAWAL/Mobile Recharge,1100,1100,2026-12-28,2026-12-28,REF66003,REF66003,CHQ1354,CHQ1354,merchant@razorpay,Salary Transfer,Paytm,Duplicate
EMI PAYMENT ICICI REF:656192291071,,1200,0,2026-09-13,2026-09-13,REF83342,,CHQ4414,,user@okhdfcbank,EMI Payment,AmazonPay,Unmatched
SUBSCRIPTION AMAZON PRIME REF:433555272534,SUBSCRIPTION AMAZON PRIME REF:433555272534,19999,19999,2026-12-09,2026-12-09,REF80456,REF80456,,,store@okaxis,Bill Payment,Paytm,Matched
UPI P2M STAR HEALTH 619032018900,UPI P2M STAR HEALTH 619032018900,1000,1000,2026-11-16,2026-11-16,REF45092,REF45092,CHQ2882,CHQ2882,user@federal,P2P,PhonePe,Matched
UPI/CR/832350422627/MOHAN LAL/Mobile Recharge,UPI/CR/832350422627/MOHAN LAL/Mobile Recharge,650,650,2026-12-02,2026-12-02,REF87437,REF87437,,,store@okaxis,Mobile Recharge,GPay,Duplicate
UPI/Cred/991598666199/MOHAN LAL/Bill Payment,UPI/Cred/991598666199/MOHAN LAL/Bill Payment,200,195.0,2026-10-24,2026-07-13,REF94647,REF94647,,,store@okaxis,Insurance Premium,GPay,Partial Match
UPI P2M AMAZON 559518326300,UPI FAILED 393003442995,250,0,2026-03-26,2026-03-26,REF26777,REF26777,,,user@okhdfcbank,Bill Payment,Cred,UPI Failed
UPI P2M SBI 342896406804,,150,0,2026-03-21,2026-03-21,REF49902,,,,user@paytm,Salary Transfer,PhonePe,Unmatched
EMI PAYMENT HDFC REF:485938660919,EMI PAYMENT HDFC REF:485938660919,2999,2999,2026-07-08,2026-07-08,REF74174,REF74174,CHQ7219,CHQ7219,abc123@paytm,Subscription,AmazonPay,Matched
UPI P2P LATA MISHRA 935726108814,UPI FAILED 297451684261,250,0,2026-01-07,2026-01-07,REF81771,REF81771,,,user@okhdfcbank,Bill Payment,Mobikwik,UPI Failed
NEFT/416880486159/MOHAN LAL/Merchant Payment,UPI PENDING SETTLEMENT 402199040903,100000,100000,2026-08-25,2026-07-24,REF41614,REF41614,CHQ2083,CHQ2083,pay@oksbi,Mobile Recharge,AmazonPay,Pending Settlement
UPI/AmazonPay/200320120013/KIRAN SINGH/Rent Payment,UPI/AmazonPay/200320120013/KIRAN SINGH/Rent Payment,2000,2000.1,2026-12-01,2026-12-01,REF47947,REF47947,,,shop@okicici,Subscription,GPay,Partial Match
UPI/DR/682820040075/DEEPA KAPOOR/Rent Payment,,4999,0,2026-02-11,2026-02-11,REF22071,,CHQ5098,,shop@okicici,Merchant Payment,Cred,Unmatched
EMI PAYMENT SBI REF:632639433519,EMI PAYMENT SBI REF:632639433519,2000,2000,2026-06-25,2026-06-25,REF69525,REF69525,CHQ7660,CHQ7660,user@paytm,Merchant Payment,Mobikwik,Matched
PhonePe UPI TRANSFER DEEPA KAPOOR REF:317568207131,,7500,0,2026-01-06,2026-01-06,REF75824,,,,user@federal,P2P,Cred,Unmatched
RECHARGE BSNL REF:285276751930,RECHARGE BSNL REF:285276751930,1200,1200,2026-06-03,2026-06-03,REF43566,REF43566,,,user@oksbi,Subscription,BHIM,Matched
IMPS/915394406716/VIKAS GUPTA/Merchant Payment,IMPS/915394406716/VIKAS GUPTA/Merchant Payment,4999,4999,2026-03-06,2026-03-06,REF97141,REF97141,,,user@paytm,P2M,Cred,Duplicate
EMI PAYMENT ICICI REF:224878431776,EMI PAYMENT ICICI REF:224878431776,550,549.95,2026-03-17,2026-03-17,REF59654,REF59654,CHQ2912,CHQ2912,user@federal,Subscription,Cred,Partial Match
UPI/Mobikwik/431642678665/MOHAN LAL/Mobile Recharge,UPI/Mobikwik/431642678665/MOHAN LAL/Mobile Recharge,25000,25000,2026-10-17,2026-10-17,REF66367,REF66367,,,salary@bank,EMI Payment,PhonePe,Matched
PAYMENT TO BAJAJ FINSERV VIA AmazonPay,,15000,0,2026-06-13,2026-06-13,REF22073,,,,xyz456@ybl,EMI Payment,Mobikwik,Unmatched
RECHARGE AIRTEL REF:392342685778,RECHARGE AIRTEL REF:392342685778,950,950,2026-05-04,2026-05-04,REF44943,REF38727,,,salary@bank,EMI Payment,PhonePe,Matched
PAYMENT TO BAJAJ FINSERV VIA PhonePe,PAYMENT TO BAJAJ FINSERV VIA PhonePe,2999,2999,2026-06-24,2026-07-16,REF42747,REF42747,,,salary@bank,Merchant Payment,Paytm,Matched
PAYMENT TO STAR HEALTH VIA Cred,PAYMENT TO STAR HEALTH VIA Cred,950,950,2026-09-11,2026-09-11,REF75563,REF75563,CHQ5036,CHQ5036,user@oksbi,Subscription,Cred,Matched
NEFT/617824908565/ARUN KUMAR/Rent Payment,,15000,0,2026-11-17,2026-11-17,REF20918,REF77537,,,store@okaxis,P2M,GPay,Unmatched
PAYMENT TO FLIPKART VIA BHIM,PAYMENT TO FLIPKART VIA BHIM,14999,14999,2026-07-27,2026-07-27,REF73173,REF73173,CHQ1312,CHQ1312,user@ibl,Salary Transfer,PhonePe,Matched
UPI/CR/417737582022/RAJESH YADAV/Insurance Premium,UPI/CR/417737582022/RAJESH YADAV/Insurance Premium,4999,4999,2026-11-06,2026-11-06,REF60934,REF60934,CHQ5858,CHQ5858,merchant@ccavenue,Salary Transfer,GPay,Matched
SUBSCRIPTION APPLE ICLOUD REF:743947658168,,950,0,2026-12-13,2026-12-13,REF48290,,,,user@paytm,Subscription,Cred,Unmatched
IMPS/461715491994/SNEHA SINGH/Subscription,IMPS/461715491994/SNEHA SINGH/Subscription,1500,1500,2026-07-25,2026-07-25,REF42361,REF42361,,,user@okhdfcbank,Bill Payment,PhonePe,Duplicate
NEFT/620616368489/RAJESH YADAV/Rent Payment,NEFT/620616368489/RAJESH YADAV/Rent Payment,1999,1999,2026-12-09,2026-12-09,REF21614,REF74700,CHQ2165,CHQ2165,user@ybl,P2M,Paytm,Matched
UPI/CR/538532178970/KAVITA REDDY/Salary Transfer,UPI PENDING SETTLEMENT 559053406962,3000,3000,2026-01-05,2026-07-04,REF79420,REF79420,,,user@ybl,P2M,AmazonPay,Pending Settlement
IMPS/255872858925/SUNIL VERMA/EMI Payment,UPI FAILED 626972554031,10000,0,2026-06-07,2026-06-07,REF19789,REF19789,,,pay@oksbi,Salary Transfer,GPay,UPI Failed
RECEIVED FROM AMIT KUMAR VIA Mobikwik,RECEIVED FROM AMIT KUMAR VIA Mobikwik,1200,1200,2026-10-22,2026-11-28,REF50558,REF49774,CHQ1265,CHQ1265,user@paytm,Merchant Payment,AmazonPay,Matched
BILL PAYMENT WATER REF:418206674781,UPI FAILED 423757058841,10000,0,2026-07-16,2026-07-16,REF76856,REF34578,,,user@apl,Rent Payment,Mobikwik,UPI Failed
UPI/DR/804022323298/LATA MISHRA/Subscription,UPI PENDING SETTLEMENT 360747406540,2500,2500,2026-02-12,2026-02-11,REF47219,REF47219,CHQ2247,CHQ2247,shop@okicici,Merchant Payment,BHIM,Pending Settlement
RECEIVED FROM DEEPA KAPOOR VIA PhonePe,RECEIVED FROM DEEPA KAPOOR VIA PhonePe,19999,19999,2026-06-10,2026-06-10,REF73774,REF71150,CHQ2065,CHQ2065,user@ibl,Rent Payment,AmazonPay,Matched
UPI P2P RAVI TEJA 527031069730,UPI PENDING SETTLEMENT 329359372948,19999,19999,2026-12-24,2026-06-12,REF54660,REF54660,,,merchant@razorpay,Merchant Payment,BHIM,Pending Settlement
UPI/CR/269460875611/MOHAN LAL/EMI Payment,UPI FAILED 821549931290,100,0,2026-08-01,2026-08-01,REF96944,REF24579,,,user@paytm,Subscription,AmazonPay,UPI Failed
UPI P2M JIO 301267089095,UPI FAILED 248115647223,9999,0,2026-01-22,2026-01-22,REF45644,REF45644,CHQ2643,CHQ2643,shop@okicici,Merchant Payment,PhonePe,UPI Failed
UPI/CR/482774849677/VIKAS GUPTA/Merchant Payment,,1999,0,2026-05-16,2026-10-20,REF52826,,CHQ9618,,user@axl,P2P,GPay,Unmatched
UPI/DR/927753112135/NEHA CHOPRA/P2M,UPI/DR/927753112135/NEHA CHOPRA/P2M,450,450,2026-11-01,2026-03-25,REF51211,REF68064,,,bill@paytm,Salary Transfer,PhonePe,Matched
UPI/DR/419703109055/SNEHA SINGH/Salary Transfer,UPI PENDING SETTLEMENT 212958077701,1999,1999,2026-01-28,2026-10-10,REF19540,REF53178,,,user@okhdfcbank,Salary Transfer,Paytm,Pending Settlement
UPI/BHIM/940897230105/SUNIL VERMA/Rent Payment,UPI/BHIM/940897230105/SUNIL VERMA/Rent Payment,250,250,2026-03-03,2026-03-03,REF94090,REF94090,,,user@paytm,Subscription,PhonePe,Duplicate
PAYMENT TO HDFC BANK VIA AmazonPay,PAYMENT TO HDFC BANK VIA AmazonPay,1300,1300.01,2026-05-08,2026-05-08,REF62756,REF82423,,,abc123@paytm,Insurance Premium,Mobikwik,Partial Match
AmazonPay UPI TRANSFER SUNIL VERMA REF:865818700907,AmazonPay UPI TRANSFER SUNIL VERMA REF:865818700907,100000,100000,2026-06-05,2026-06-05,REF78134,REF78134,,,user@okhdfcbank,P2P,BHIM,Matched
PAYMENT TO JIO VIA GPay,PAYMENT TO JIO VIA GPay,1000,1000,2026-04-14,2026-01-05,REF97016,REF97016,,,abc123@paytm,Bill Payment,Cred,Matched
NEFT/624821171996/ARUN KUMAR/Salary Transfer,NEFT/624821171996/ARUN KUMAR/Salary Transfer,1750,1750,2026-08-28,2026-08-28,REF33638,REF11199,,,merchant@payu,Bill Payment,Cred,Matched
NEFT/332676026020/RAHUL SHARMA/Mobile Recharge,NEFT/332676026020/RAHUL SHARMA/Mobile Recharge,350,350,2026-06-08,2026-06-08,REF62208,REF62208,,,store@okaxis,Mobile Recharge,Mobikwik,Matched
INSURANCE PREMIUM STAR HEALTH REF:521030465431,UPI PENDING SETTLEMENT 472780948661,20000,20000,2026-04-08,2026-11-20,REF96135,REF96135,,,user@apl,P2M,Paytm,Pending Settlement
INSURANCE PREMIUM STAR HEALTH REF:253804626411,UPI FAILED 424207208126,14999,0,2026-10-03,2026-10-03,REF68015,REF88674,,,merchant@razorpay,P2P,Paytm,UPI Failed
PAYMENT TO ICICI BANK VIA PhonePe,PAYMENT TO ICICI BANK VIA PhonePe,850,850,2026-04-05,2026-04-05,REF56524,REF56524,CHQ4529,CHQ4529,merchant@payu,Rent Payment,GPay,Matched
EMI PAYMENT ICICI REF:105833818903,EMI PAYMENT ICICI REF:105833818903,550,550,2026-10-08,2026-10-08,REF74147,REF74147,,,user@ybl,P2P,PhonePe,Matched
BILL PAYMENT INTERNET REF:573913527381,UPI REVERSAL 737585734950,550,-550,2026-06-20,2026-06-20,REF50514,REF28694,,,user@axl,EMI Payment,Cred,UPI Reversed
IMPS/916630978827/MOHAN LAL/Insurance Premium,IMPS/916630978827/MOHAN LAL/Insurance Premium,650,649.99,2026-05-15,2026-06-07,REF47740,REF47740,CHQ8273,CHQ8273,user@oksbi,P2M,Cred,Partial Match
PAYMENT TO HOTSTAR VIA PhonePe,,3999,0,2026-03-18,2026-03-18,REF21343,,CHQ6261,,user@okhdfcbank,Salary Transfer,GPay,Unmatched
IMPS/839031790548/LATA MISHRA/Insurance Premium,IMPS/839031790548/LATA MISHRA/Insurance Premium,350,350,2026-04-05,2026-04-05,REF29813,REF29813,,,salary@bank,Merchant Payment,GPay,Matched
UPI P2M HOTSTAR 799301143904,UPI P2M HOTSTAR 799301143904,9999,9999,2026-05-07,2026-05-07,REF12827,REF42091,,,user@federal,Bill Payment,AmazonPay,Duplicate
PhonePe UPI TRANSFER AMIT KUMAR REF:868403424285,PhonePe UPI TRANSFER AMIT KUMAR REF:868403424285,10000,9999.5,2026-03-16,2026-03-16,REF80172,REF75133,CHQ2692,CHQ2692,salary@bank,P2M,Paytm,Partial Match
INSURANCE PREMIUM SBI LIFE REF:252573528736,INSURANCE PREMIUM SBI LIFE REF:252573528736,850,850,2026-05-06,2026-05-06,REF66502,REF66502,,,abc123@paytm,P2M,Mobikwik,Duplicate
UPI/BHIM/409209398202/MEERA JOSHI/EMI Payment,UPI/BHIM/409209398202/MEERA JOSHI/EMI Payment,2250,2250,2026-07-09,2026-07-09,REF79328,REF79328,,,merchant@payu,Mobile Recharge,Mobikwik,Matched
NEFT/506768440401/KAVITA REDDY/Merchant Payment,NEFT/506768440401/KAVITA REDDY/Merchant Payment,3999,3998.9,2026-07-11,2026-07-11,REF60210,REF60210,,,shop@okicici,Merchant Payment,Mobikwik,Partial Match
UPI P2M STAR HEALTH 644219437540,,2000,0,2026-02-05,2026-02-05,REF85435,,,,abc123@paytm,P2P,PhonePe,Unmatched
IMPS/608925396763/KAVITA REDDY/Salary Transfer,IMPS/608925396763/KAVITA REDDY/Salary Transfer,75000,75000,2026-12-21,2026-12-21,REF16807,REF16807,,,bill@paytm,Merchant Payment,GPay,Matched
RECEIVED FROM MEERA JOSHI VIA Cred,RECEIVED FROM MEERA JOSHI VIA Cred,850,850,2026-08-13,2026-08-13,REF68362,REF68362,,,merchant@razorpay,Rent Payment,BHIM,Matched
UPI/CR/126420700426/RAVI TEJA/Merchant Payment,UPI/CR/126420700426/RAVI TEJA/Merchant Payment,1100,1100,2026-08-22,2026-08-22,REF85531,REF76782,,,rent@upi,Salary Transfer,BHIM,Matched
SUBSCRIPTION AMAZON PRIME REF:192935092727,,200,0,2026-09-12,2026-09-12,REF64959,,,,merchant@ccavenue,Merchant Payment,Paytm,Unmatched
EMI PAYMENT AXIS REF:202508695841,UPI FAILED 336432742294,1500,0,2026-08-12,2026-08-12,REF79546,REF76790,CHQ1983,CHQ1983,user@ybl,Mobile Recharge,Paytm,UPI Failed
UPI/DR/165635026783/SUNIL VERMA/Subscription,UPI FAILED 810881733574,7500,0,2026-09-21,2026-09-21,REF95790,REF95790,,,user@federal,EMI Payment,AmazonPay,UPI Failed
UPI/DR/802761727722/RAHUL SHARMA/Subscription,UPI/DR/802761727722/RAHUL SHARMA/Subscription,2999,2999,2026-05-02,2026-05-02,REF21955,REF21955,CHQ1609,CHQ1609,user@oksbi,Subscription,AmazonPay,Matched
RECEIVED FROM RAJESH YADAV VIA GPay,,1100,0,2026-02-03,2026-02-03,REF84547,REF60512,,,salary@bank,Rent Payment,PhonePe,Unmatched
UPI/Paytm/170496833915/ARUN NAIR/Rent Payment,UPI REVERSAL 874982746300,1999,-1999,2026-02-19,2026-02-19,REF55583,REF55583,,,abc123@paytm,Bill Payment,PhonePe,UPI Reversed
BHIM UPI TRANSFER KAVITA REDDY REF:936532771910,UPI FAILED 995670013962,350,0,2026-09-02,2026-09-02,REF18720,REF18720,,,rent@upi,Insurance Premium,AmazonPay,UPI Failed
UPI/DR/322377806474/RAHUL SHARMA/Merchant Payment,UPI/DR/322377806474/RAHUL SHARMA/Merchant Payment,1100,1100,2026-10-18,2026-10-18,REF94849,REF94849,,,user@ybl,Merchant Payment,Paytm,Duplicate
RECEIVED FROM SNEHA SINGH VIA BHIM,RECEIVED FROM SNEHA SINGH VIA BHIM,19999,19999,2026-08-25,2026-08-25,REF39328,REF39328,,,pay@oksbi,Insurance Premium,BHIM,Matched
SUBSCRIPTION GOOGLE ONE REF:933009450062,,9999,0,2026-01-01,2026-01-01,REF68010,,CHQ3399,,user@ibl,Merchant Payment,PhonePe,Unmatched
NEFT/338322838235/LATA MISHRA/Insurance Premium,NEFT/338322838235/LATA MISHRA/Insurance Premium,4999,4999,2026-11-16,2026-11-16,REF24199,REF24199,,,xyz456@ybl,Subscription,Mobikwik,Matched
NEFT/765894701360/RAVI TEJA/Mobile Recharge,,550,0,2026-03-06,2026-03-06,REF46903,,CHQ7223,,store@okaxis,Salary Transfer,PhonePe,Unmatched
UPI/Cred/736034162719/MEERA JOSHI/P2P,UPI PENDING SETTLEMENT 803466641081,20000,20000,2026-07-02,2026-01-24,REF24944,REF24944,,,user@oksbi,P2P,GPay,Pending Settlement
RECHARGE JIO REF:267115160823,RECHARGE JIO REF:267115160823,350,350,2026-10-15,2026-10-15,REF82916,REF82916,CHQ4330,CHQ4330,bill@paytm,Bill Payment,Paytm,Matched
UPI/CR/304440971587/KAVITA REDDY/Salary Transfer,,950,0,2026-11-13,2026-11-13,REF47176,,,,merchant@ccavenue,P2M,BHIM,Unmatched
RECHARGE VI REF:549500108942,UPI REVERSAL 142960898823,3000,-3000,2026-12-16,2026-12-16,REF97793,REF98513,,,user@paytm,Rent Payment,BHIM,UPI Reversed
UPI/CR/831450944501/RAHUL SHARMA/P2P,UPI REVERSAL 867274280866,499,-499,2026-02-13,2026-06-14,REF95419,REF95419,,,merchant@ccavenue,Subscription,AmazonPay,UPI Reversed
RECHARGE JIO REF:322894894970,UPI REVERSAL 289171211265,1300,-1300,2026-09-04,2026-04-11,REF10465,REF10465,CHQ6074,CHQ6074,user@ibl,P2M,Paytm,UPI Reversed
PhonePe UPI TRANSFER ARUN KUMAR REF:300815483078,,1000,0,2026-04-25,2026-04-25,REF64720,,,,bill@paytm,P2M,PhonePe,Unmatched
BILL PAYMENT MOBILE REF:570879553064,UPI PENDING SETTLEMENT 848822615399,450,450,2026-12-08,2026-09-07,REF19653,REF19653,CHQ2446,CHQ2446,user@paytm,Salary Transfer,BHIM,Pending Settlement
IMPS/592223267895/KAVITA REDDY/Rent Payment,,9999,0,2026-04-16,2026-04-16,REF63502,,CHQ6832,,user@oksbi,Subscription,Mobikwik,Unmatched
PAYMENT TO BIGBASKET VIA Cred,,1999,0,2026-09-22,2026-09-22,REF97394,,,,merchant@payu,Insurance Premium,BHIM,Unmatched
UPI/Mobikwik/564647065985/SURESH PANDIT/Rent Payment,UPI/Mobikwik/564647065985/SURESH PANDIT/Rent Payment,1000,1000,2026-07-27,2026-07-27,REF52580,REF52580,,,rent@upi,Salary Transfer,GPay,Matched
PhonePe UPI TRANSFER NEHA CHOPRA REF:364500115099,,2500,0,2026-07-11,2026-07-11,REF89070,,CHQ7228,,merchant@ccavenue,Rent Payment,Paytm,Unmatched
RECEIVED FROM RAHUL SHARMA VIA Mobikwik,UPI PENDING SETTLEMENT 483954965296,4999,4999,2026-04-19,2026-02-18,REF19171,REF19171,CHQ3278,CHQ3278,user@oksbi,Mobile Recharge,AmazonPay,Pending Settlement
UPI/DR/816714238471/DEEPA KAPOOR/Merchant Payment,,2999,0,2026-08-12,2026-08-12,REF93814,,,,user@paytm,Merchant Payment,AmazonPay,Unmatched
UPI/CR/903595576699/ARUN NAIR/Rent Payment,UPI/CR/903595576699/ARUN NAIR/Rent Payment,3999,3999,2026-01-13,2026-03-08,REF96712,REF96712,,,merchant@ccavenue,Subscription,AmazonPay,Matched
UPI/CR/716903280717/MOHAN LAL/Insurance Premium,UPI/CR/716903280717/MOHAN LAL/Insurance Premium,5000,5000,2026-07-21,2026-07-21,REF65505,REF65505,,,abc123@paytm,Bill Payment,BHIM,Matched
SUBSCRIPTION GOOGLE ONE REF:416260158816,UPI PENDING SETTLEMENT 965405616991,25000,25000,2026-01-24,2026-04-12,REF59863,REF59863,,,abc123@paytm,Bill Payment,Paytm,Pending Settlement
UPI/CR/517817370916/NEHA CHOPRA/Subscription,UPI/CR/517817370916/NEHA CHOPRA/Subscription,7500,7500,2026-05-18,2026-05-18,REF39968,REF95840,,,shop@okicici,Merchant Payment,Mobikwik,Matched
PAYMENT TO SPOTIFY VIA PhonePe,,2250,0,2026-01-17,2026-07-25,REF89816,,,,rent@upi,Bill Payment,Cred,Unmatched
NEFT/367579752663/ARUN NAIR/EMI Payment,NEFT/367579752663/ARUN NAIR/EMI Payment,250,249.5,2026-10-06,2026-10-06,REF79731,REF79731,,,store@okaxis,Bill Payment,Paytm,Partial Match
EMI PAYMENT SBI REF:935815704338,EMI PAYMENT SBI REF:935815704338,50000,50000,2026-11-26,2026-11-26,REF55266,REF10627,,,user@paytm,P2M,BHIM,Matched
RECEIVED FROM SNEHA SINGH VIA PhonePe,RECEIVED FROM SNEHA SINGH VIA PhonePe,1200,1200,2026-05-07,2026-10-09,REF55012,REF55012,,,user@apl,Bill Payment,Mobikwik,Matched
RECHARGE JIO REF:936798939719,,200,0,2026-05-28,2026-05-28,REF31871,,,,user@ibl,Merchant Payment,AmazonPay,Unmatched
BILL PAYMENT GAS REF:985550009277,,450,0,2026-05-11,2026-10-27,REF20518,,,,user@okhdfcbank,Salary Transfer,PhonePe,Unmatched
UPI/CR/832191578364/DEEPA KAPOOR/Bill Payment,UPI/CR/832191578364/DEEPA KAPOOR/Bill Payment,2250,2250,2026-03-18,2026-03-18,REF24110,REF24110,,,xyz456@ybl,P2M,Mobikwik,Matched
UPI/CR/450760533350/DEEPA KAPOOR/Merchant Payment,UPI/CR/450760533350/DEEPA KAPOOR/Merchant Payment,1100,1100,2026-01-17,2026-01-17,REF43756,REF43756,,,store@okaxis,Subscription,PhonePe,Matched
AmazonPay UPI TRANSFER MEERA JOSHI REF:168431324458,AmazonPay UPI TRANSFER MEERA JOSHI REF:168431324458,350,350,2026-02-14,2026-02-14,REF74758,REF74758,CHQ6091,CHQ6091,salary@bank,Rent Payment,PhonePe,Matched
UPI/Mobikwik/846956572389/MEERA JOSHI/P2M,UPI PENDING SETTLEMENT 821942992007,2999,2999,2026-09-02,2026-05-21,REF50445,REF50445,,,user@apl,Subscription,Paytm,Pending Settlement
RECHARGE VI REF:261832314240,RECHARGE VI REF:261832314240,650,650,2026-08-06,2026-08-06,REF89479,REF89479,,,salary@bank,P2P,Cred,Matched
NEFT/671596069998/MEERA JOSHI/EMI Payment,NEFT/671596069998/MEERA JOSHI/EMI Payment,2250,2250,2026-08-04,2026-08-04,REF98893,REF98893,,,salary@bank,P2M,Cred,Matched
Mobikwik UPI TRANSFER SURESH PANDIT REF:525745105982,UPI PENDING SETTLEMENT 782127122289,1000,1000,2026-12-02,2026-03-06,REF75984,REF75984,,,xyz456@ybl,Salary Transfer,GPay,Pending Settlement
PAYMENT TO ZOMATO VIA Mobikwik,PAYMENT TO ZOMATO VIA Mobikwik,1300,1299.9,2026-11-10,2026-11-10,REF55384,REF55384,CHQ2326,CHQ2326,user@ybl,P2P,Mobikwik,Partial Match
UPI/DR/950965873896/MOHAN LAL/Rent Payment,UPI PENDING SETTLEMENT 935167510752,500,500,2026-03-20,2026-07-02,REF51446,REF51446,,,user@ibl,P2P,AmazonPay,Pending Settlement
EMI PAYMENT KOTAK REF:397236284537,EMI PAYMENT KOTAK REF:397236284537,999,998.5,2026-02-02,2026-06-04,REF19898,REF19898,CHQ3165,CHQ3165,user@apl,Bill Payment,Paytm,Partial Match
UPI/CR/441645286959/VIKAS GUPTA/Rent Payment,UPI/CR/441645286959/VIKAS GUPTA/Rent Payment,5000,5000,2026-01-25,2026-01-25,REF82112,REF98095,CHQ2258,CHQ2258,user@oksbi,Subscription,PhonePe,Matched
UPI/DR/689430827794/KIRAN SINGH/Subscription,,100000,0,2026-11-16,2026-11-16,REF66152,,,,merchant@razorpay,P2M,Paytm,Unmatched
UPI/CR/154892015643/RAHUL SHARMA/Bill Payment,UPI REVERSAL 679848157629,9999,-9999,2026-06-04,2026-06-04,REF33632,REF33632,,,salary@bank,P2M,AmazonPay,UPI Reversed
BILL PAYMENT DTH REF:496442370069,BILL PAYMENT DTH REF:496442370069,1500,1500,2026-10-06,2026-10-06,REF69443,REF69443,,,user@oksbi,Rent Payment,AmazonPay,Matched
UPI/GPay/567491974604/DEEPA KAPOOR/Merchant Payment,,15000,0,2026-01-12,2026-01-12,REF57638,,,,bill@paytm,Insurance Premium,Cred,Unmatched
UPI/DR/899576337282/VIKAS GUPTA/P2M,UPI/DR/899576337282/VIKAS GUPTA/P2M,499,499,2026-07-07,2026-07-07,REF38627,REF24476,,,store@okaxis,Subscription,Mobikwik,Matched
NEFT/787942588963/ANITA DEVI/Bill Payment,NEFT/787942588963/ANITA DEVI/Bill Payment,10000,10000,2026-07-09,2026-07-09,REF72809,REF72809,,,rent@upi,Salary Transfer,BHIM,Matched
INSURANCE PREMIUM STAR HEALTH REF:336317035519,UPI FAILED 937856885442,15000,0,2026-07-24,2026-12-05,REF39755,REF39755,,,user@oksbi,Merchant Payment,BHIM,UPI Failed
UPI P2M FLIPKART 758546607720,UPI PENDING SETTLEMENT 235204772642,1300,1300,2026-03-05,2026-09-07,REF77313,REF77313,,,store@okaxis,Salary Transfer,Mobikwik,Pending Settlement
UPI P2M BSNL 158634909102,UPI PENDING SETTLEMENT 249757988271,14999,14999,2026-08-20,2026-02-16,REF88678,REF88678,,,shop@okicici,EMI Payment,BHIM,Pending Settlement
SUBSCRIPTION SPOTIFY REF:705998070564,SUBSCRIPTION SPOTIFY REF:705998070564,1200,1200,2026-07-07,2026-06-15,REF22336,REF22336,,,merchant@payu,Subscription,GPay,Matched
NEFT/553586352588/NEHA CHOPRA/P2M,,3000,0,2026-12-02,2026-12-02,REF24919,,CHQ1212,,pay@oksbi,EMI Payment,PhonePe,Unmatched
SUBSCRIPTION GOOGLE ONE REF:225291671589,SUBSCRIPTION GOOGLE ONE REF:225291671589,250,249.5,2026-01-10,2026-01-10,REF88912,REF88912,CHQ4975,CHQ4975,abc123@paytm,Rent Payment,Mobikwik,Partial Match
IMPS/861677000876/ARUN KUMAR/P2M,IMPS/861677000876/ARUN KUMAR/P2M,19999,19999,2026-03-05,2026-03-05,REF52225,REF52225,CHQ6603,CHQ6603,user@okhdfcbank,Salary Transfer,Cred,Matched
UPI P2P GEETA AGRAWAL 176786144588,UPI P2P GEETA AGRAWAL 176786144588,1999,1999.1,2026-07-08,2026-07-08,REF84900,REF84900,,,rent@upi,Mobile Recharge,Paytm,Partial Match
UPI P2P MEERA JOSHI 337896571212,UPI P2P MEERA JOSHI 337896571212,4999,4999,2026-07-23,2026-07-23,REF96717,REF85929,,,merchant@razorpay,Mobile Recharge,Cred,Matched
SUBSCRIPTION NETFLIX REF:764050386690,SUBSCRIPTION NETFLIX REF:764050386690,750,750,2026-02-07,2026-02-07,REF38284,REF38284,CHQ8708,CHQ8708,user@paytm,Insurance Premium,Cred,Matched
PAYMENT TO NETFLIX VIA PhonePe,PAYMENT TO NETFLIX VIA PhonePe,1499,1499,2026-12-08,2026-12-08,REF18038,REF34225,,,shop@okicici,EMI Payment,Paytm,Matched
UPI/CR/700829675565/KAVITA REDDY/Mobile Recharge,UPI PENDING SETTLEMENT 864535630161,3000,3000,2026-12-09,2026-10-10,REF42066,REF42066,CHQ7026,CHQ7026,user@okhdfcbank,P2M,Cred,Pending Settlement
UPI P2M AMAZON 171542859439,UPI P2M AMAZON 171542859439,7500,7499.5,2026-10-18,2026-10-18,REF91270,REF91270,CHQ4154,CHQ4154,merchant@razorpay,Mobile Recharge,Mobikwik,Partial Match
UPI/CR/798724079645/PRIYA PATEL/P2M,UPI/CR/798724079645/PRIYA PATEL/P2M,650,650,2026-06-20,2026-01-21,REF45018,REF45018,,,merchant@payu,Bill Payment,BHIM,Matched
UPI P2M HDFC LIFE 741808912629,UPI P2M HDFC LIFE 741808912629,1000,1000,2026-10-09,2026-10-09,REF22172,REF22172,CHQ9876,CHQ9876,user@paytm,Salary Transfer,Mobikwik,Matched
EMI PAYMENT AXIS REF:238751253889,EMI PAYMENT AXIS REF:238751253889,7500,7500,2026-04-26,2026-04-26,REF49309,REF49309,,,user@apl,Mobile Recharge,PhonePe,Matched
UPI/CR/678693489479/GEETA AGRAWAL/P2P,,75000,0,2026-04-24,2026-04-24,REF83665,REF27504,,,user@federal,P2P,BHIM,Unmatched
UPI P2P NEHA CHOPRA 731453431395,UPI P2P NEHA CHOPRA 731453431395,20000,20000,2026-10-14,2026-10-14,REF89305,REF89305,CHQ7913,CHQ7913,user@oksbi,Insurance Premium,BHIM,Matched
NEFT/235110681020/RAJESH YADAV/Salary Transfer,NEFT/235110681020/RAJESH YADAV/Salary Transfer,2999,2999,2026-09-15,2026-09-15,REF37822,REF37822,CHQ5666,CHQ5666,xyz456@ybl,Subscription,AmazonPay,Matched
UPI P2M TATACLIQ 746177717503,UPI PENDING SETTLEMENT 194094938120,4999,4999,2026-01-03,2026-02-01,REF44191,REF38166,,,user@ibl,Insurance Premium,GPay,Pending Settlement
PAYMENT TO AMAZON VIA Cred,PAYMENT TO AMAZON VIA Cred,650,650,2026-08-22,2026-08-22,REF48342,REF99534,,,user@axl,Bill Payment,Paytm,Matched
BILL PAYMENT MOBILE REF:580964966507,UPI FAILED 923396482778,3999,0,2026-04-16,2026-04-16,REF54978,REF33323,,,shop@okicici,P2M,BHIM,UPI Failed
RECEIVED FROM ARUN NAIR VIA GPay,RECEIVED FROM ARUN NAIR VIA GPay,499,498.0,2026-07-24,2026-07-24,REF32600,REF32600,CHQ5929,CHQ5929,user@apl,Rent Payment,Cred,Partial Match
IMPS/923597521017/PRIYA PATEL/Bill Payment,IMPS/923597521017/PRIYA PATEL/Bill Payment,1000,1000,2026-01-25,2026-01-25,REF20415,REF20415,CHQ3315,CHQ3315,user@federal,P2M,Mobikwik,Matched
IMPS/933230242985/DEEPA KAPOOR/Insurance Premium,UPI FAILED 314513664090,10000,0,2026-07-11,2026-07-11,REF64388,REF64388,,,user@axl,Mobile Recharge,PhonePe,UPI Failed
NEFT/660076475721/MEERA JOSHI/Rent Payment,UPI FAILED 919661060001,1300,0,2026-11-14,2026-02-15,REF21636,REF68784,,,user@axl,Mobile Recharge,Mobikwik,UPI Failed
PAYMENT TO PRIME VIDEO VIA PhonePe,PAYMENT TO PRIME VIDEO VIA PhonePe,14999,14999,2026-09-20,2026-06-20,REF74013,REF74013,CHQ5341,CHQ5341,user@ibl,Mobile Recharge,Cred,Matched
NEFT/653360626351/KIRAN SINGH/Bill Payment,NEFT/653360626351/KIRAN SINGH/Bill Payment,2250,2250,2026-07-15,2026-07-15,REF65036,REF65036,,,merchant@razorpay,P2P,Mobikwik,Matched
PAYMENT TO HOTSTAR VIA PhonePe,,10000,0,2026-01-20,2026-01-20,REF87117,,,,salary@bank,Mobile Recharge,Cred,Unmatched
UPI P2M CROMA 535392004542,UPI P2M CROMA 535392004542,350,350,2026-11-22,2026-11-22,REF65399,REF65399,,,merchant@ccavenue,Merchant Payment,BHIM,Matched
UPI/DR/850035713023/RAHUL SHARMA/Salary Transfer,,100000,0,2026-10-25,2026-10-25,REF97251,,,,bill@paytm,Salary Transfer,AmazonPay,Unmatched
RECHARGE BSNL REF:194834380281,RECHARGE BSNL REF:194834380281,100000,100000.01,2026-12-10,2026-12-10,REF71654,REF71654,,,user@ibl,Insurance Premium,Cred,Partial Match
UPI P2M LIC 815847416224,UPI FAILED 781361788892,350,0,2026-10-19,2026-10-19,REF59142,REF59142,,,user@apl,Bill Payment,GPay,UPI Failed
Paytm UPI TRANSFER KAVITA REDDY REF:304888716274,UPI REVERSAL 174537239006,1100,-1100,2026-03-05,2026-03-05,REF18793,REF18793,,,xyz456@ybl,Subscription,GPay,UPI Reversed
NEFT/332974642591/AMIT KUMAR/Rent Payment,NEFT/332974642591/AMIT KUMAR/Rent Payment,100000,100000,2026-03-01,2026-03-01,REF34638,REF34638,,,merchant@payu,Bill Payment,Mobikwik,Matched
BILL PAYMENT ELECTRICITY REF:688763079338,,750,0,2026-09-22,2026-09-22,REF34628,,,,user@ibl,Subscription,Mobikwik,Unmatched
RECHARGE AIRTEL REF:482589393750,RECHARGE AIRTEL REF:482589393750,9999,9999,2026-06-11,2026-06-11,REF91607,REF78487,CHQ1948,CHQ1948,user@okhdfcbank,Merchant Payment,AmazonPay,Matched
UPI P2P MOHAN LAL 986313771662,UPI PENDING SETTLEMENT 889808101355,15000,15000,2026-05-18,2026-01-24,REF84965,REF84965,,,rent@upi,P2M,Mobikwik,Pending Settlement
UPI P2M NETFLIX 384279927925,UPI P2M NETFLIX 384279927925,20000,20000,2026-01-27,2026-01-27,REF87021,REF87021,CHQ2664,CHQ2664,merchant@razorpay,Insurance Premium,PhonePe,Matched
UPI/CR/895839070088/AMIT KUMAR/EMI Payment,UPI/CR/895839070088/AMIT KUMAR/EMI Payment,750,750,2026-06-08,2026-06-08,REF15110,REF48906,,,store@okaxis,Rent Payment,GPay,Matched
UPI/CR/155378034156/GEETA AGRAWAL/Mobile Recharge,UPI REVERSAL 434519305567,1100,-1100,2026-04-24,2026-04-24,REF50032,REF50032,,,merchant@payu,Salary Transfer,AmazonPay,UPI Reversed
UPI P2M BIGBASKET 778341807103,UPI P2M BIGBASKET 778341807103,1200,1200,2026-12-24,2026-12-24,REF60127,REF60127,CHQ7234,CHQ7234,user@ybl,Rent Payment,Cred,Matched
BILL PAYMENT GAS REF:247102882080,BILL PAYMENT GAS REF:247102882080,19999,19999,2026-07-06,2026-07-06,REF95247,REF13994,CHQ7249,CHQ7249,user@ibl,Insurance Premium,AmazonPay,Matched
SUBSCRIPTION AMAZON PRIME REF:916414657922,SUBSCRIPTION AMAZON PRIME REF:916414657922,2999,2998.95,2026-11-15,2026-11-15,REF16443,REF16443,CHQ3587,CHQ3587,store@okaxis,Mobile Recharge,AmazonPay,Partial Match
PAYMENT TO JIO VIA GPay,PAYMENT TO JIO VIA GPay,5000,5000,2026-12-26,2026-12-26,REF15858,REF94216,,,merchant@razorpay,Rent Payment,BHIM,Matched
UPI P2M RELIANCE RETAIL 413721238209,UPI P2M RELIANCE RETAIL 413721238209,1300,1300,2026-07-23,2026-07-23,REF89559,REF89559,CHQ1682,CHQ1682,user@okhdfcbank,Rent Payment,Cred,Matched
UPI P2P PRIYA PATEL 531367838921,UPI FAILED 587523672284,999,0,2026-09-16,2026-09-16,REF79578,REF79578,,,shop@okicici,Salary Transfer,AmazonPay,UPI Failed
UPI/CR/526086540980/GEETA AGRAWAL/Salary Transfer,UPI/CR/526086540980/GEETA AGRAWAL/Salary Transfer,650,655.0,2026-01-09,2026-01-09,REF73175,REF20438,CHQ5539,CHQ5539,user@paytm,Bill Payment,AmazonPay,Partial Match
UPI P2P KIRAN SINGH 933744433928,UPI P2P KIRAN SINGH 933744433928,4999,4999,2026-12-25,2026-04-10,REF25995,REF16262,,,store@okaxis,Merchant Payment,AmazonPay,Matched
UPI P2P RAJESH YADAV 202575436790,UPI P2P RAJESH YADAV 202575436790,100,100,2026-09-09,2026-09-09,REF76916,REF79300,CHQ7619,CHQ7619,shop@okicici,EMI Payment,BHIM,Matched
UPI/PhonePe/504443322137/ANITA DEVI/Rent Payment,UPI REVERSAL 569623956441,550,-550,2026-04-02,2026-04-02,REF67250,REF67250,CHQ9425,CHQ9425,shop@okicici,Insurance Premium,BHIM,UPI Reversed
RECEIVED FROM MOHAN LAL VIA PhonePe,UPI FAILED 186761200293,350,0,2026-03-03,2026-11-26,REF40284,REF52254,,,user@federal,Salary Transfer,Cred,UPI Failed
RECEIVED FROM LATA MISHRA VIA BHIM,RECEIVED FROM LATA MISHRA VIA BHIM,3000,3000,2026-07-15,2026-07-15,REF52366,REF52366,CHQ2930,CHQ2930,shop@okicici,Mobile Recharge,Paytm,Matched
Cred UPI TRANSFER DEEPA KAPOOR REF:492586893756,Cred UPI TRANSFER DEEPA KAPOOR REF:492586893756,9999,9999,2026-07-08,2026-07-08,REF11040,REF11040,CHQ1816,CHQ1816,bill@paytm,Merchant Payment,GPay,Matched
UPI P2M ICICI BANK 313821868987,UPI P2M ICICI BANK 313821868987,50000,49995.0,2026-09-26,2026-09-26,REF38176,REF38176,,,user@ybl,Salary Transfer,Cred,Partial Match
NEFT/819131688576/RAVI TEJA/P2P,,100,0,2026-02-27,2026-02-27,REF53731,,CHQ8186,,bill@paytm,Subscription,BHIM,Unmatched
PAYMENT TO AMAZON VIA Paytm,UPI PENDING SETTLEMENT 871517826173,1100,1100,2026-08-28,2026-03-16,REF45038,REF45038,CHQ7601,CHQ7601,merchant@ccavenue,Subscription,Cred,Pending Settlement
NEFT/729745503342/ARUN KUMAR/Rent Payment,NEFT/729745503342/ARUN KUMAR/Rent Payment,999,999,2026-06-24,2026-06-11,REF15580,REF15580,,,merchant@ccavenue,Rent Payment,PhonePe,Duplicate
BILL PAYMENT INTERNET REF:600351352358,BILL PAYMENT INTERNET REF:600351352358,9999,9999,2026-06-13,2026-06-13,REF72612,REF72612,,,user@paytm,Insurance Premium,AmazonPay,Duplicate
RECHARGE VI REF:191669178697,UPI FAILED 438415357221,2500,0,2026-10-22,2026-10-22,REF46351,REF46351,,,merchant@ccavenue,P2M,BHIM,UPI Failed
Cred UPI TRANSFER RAVI TEJA REF:295599243077,UPI PENDING SETTLEMENT 119247504243,1300,1300,2026-07-12,2026-06-11,REF59707,REF59707,CHQ1601,CHQ1601,merchant@ccavenue,Mobile Recharge,PhonePe,Pending Settlement
UPI P2M AIRTEL 617702659625,UPI PENDING SETTLEMENT 478440534804,14999,14999,2026-01-16,2026-04-12,REF63073,REF63073,CHQ4948,CHQ4948,user@ybl,P2P,GPay,Pending Settlement
UPI P2P MEERA JOSHI 377641499377,UPI P2P MEERA JOSHI 377641499377,2250,2250,2026-03-06,2026-03-06,REF56189,REF54140,CHQ8672,CHQ8672,user@oksbi,Bill Payment,Paytm,Matched
SUBSCRIPTION SPOTIFY REF:635298438592,SUBSCRIPTION SPOTIFY REF:635298438592,2500,2500,2026-09-12,2026-09-12,REF58874,REF58874,,,salary@bank,EMI Payment,BHIM,Matched
NEFT/636153069936/SNEHA SINGH/Subscription,NEFT/636153069936/SNEHA SINGH/Subscription,950,949.5,2026-03-08,2026-03-08,REF37971,REF37971,CHQ5947,CHQ5947,user@ibl,Subscription,Mobikwik,Partial Match
PAYMENT TO BAJAJ FINSERV VIA AmazonPay,UPI FAILED 667114955495,450,0,2026-12-11,2026-12-11,REF84960,REF84960,,,user@axl,EMI Payment,Cred,UPI Failed
UPI/DR/607332966799/RAHUL SHARMA/P2P,UPI/DR/607332966799/RAHUL SHARMA/P2P,250,251.0,2026-02-15,2026-02-15,REF14622,REF14622,CHQ8536,CHQ8536,shop@okicici,Salary Transfer,PhonePe,Partial Match
UPI P2P VIKAS GUPTA 848672139176,UPI PENDING SETTLEMENT 504758374053,20000,20000,2026-06-07,2026-11-26,REF66156,REF66156,,,shop@okicici,P2P,BHIM,Pending Settlement
UPI/GPay/684686093192/SUNIL VERMA/Bill Payment,UPI/GPay/684686093192/SUNIL VERMA/Bill Payment,100,100,2026-02-09,2026-03-16,REF34846,REF34846,,,user@axl,Salary Transfer,PhonePe,Matched
RECHARGE AIRTEL REF:444563819839,,500,0,2026-08-22,2026-08-22,REF39927,REF83494,CHQ8159,,xyz456@ybl,P2P,AmazonPay,Unmatched
RECHARGE BSNL REF:299040402973,RECHARGE BSNL REF:299040402973,1200,1200,2026-02-26,2026-02-26,REF26548,REF31790,,,merchant@payu,EMI Payment,Mobikwik,Matched
UPI P2M BIGBASKET 740414865892,UPI P2M BIGBASKET 740414865892,1300,1300,2026-05-21,2026-05-21,REF92459,REF38150,,,user@federal,Mobile Recharge,Paytm,Matched
UPI/CR/205315913430/ARUN NAIR/Insurance Premium,UPI PENDING SETTLEMENT 856344888801,500,500,2026-04-18,2026-07-17,REF94943,REF94943,,,user@axl,P2M,AmazonPay,Pending Settlement
NEFT/649162916590/MOHAN LAL/Merchant Payment,NEFT/649162916590/MOHAN LAL/Merchant Payment,7500,7499.99,2026-04-11,2026-04-11,REF44991,REF44991,CHQ2596,CHQ2596,xyz456@ybl,P2P,PhonePe,Partial Match
PAYMENT TO VODAFONE VIA GPay,PAYMENT TO VODAFONE VIA GPay,1999,1999,2026-04-25,2026-04-25,REF70952,REF70952,,,pay@oksbi,Subscription,Cred,Matched
RECHARGE BSNL REF:796066797288,,100000,0,2026-02-17,2026-11-06,REF61109,,CHQ4643,,xyz456@ybl,Mobile Recharge,Cred,Unmatched
UPI P2M ZOMATO 775412394774,UPI P2M ZOMATO 775412394774,9999,9999,2026-11-01,2026-11-01,REF60712,REF60712,CHQ5098,CHQ5098,salary@bank,Insurance Premium,Cred,Matched
NEFT/469928489811/SURESH PANDIT/P2M,NEFT/469928489811/SURESH PANDIT/P2M,1200,1200,2026-04-13,2026-08-09,REF81411,REF81411,,,merchant@payu,P2M,Paytm,Matched
UPI/CR/373152881068/VIKAS GUPTA/P2P,UPI PENDING SETTLEMENT 404052190768,200,200,2026-09-23,2026-09-01,REF76852,REF76852,,,user@apl,Bill Payment,Mobikwik,Pending Settlement
RECEIVED FROM RAVI TEJA VIA Mobikwik,UPI PENDING SETTLEMENT 470705062905,1300,1300,2026-04-26,2026-05-13,REF52765,REF52765,CHQ8864,CHQ8864,abc123@paytm,P2M,GPay,Pending Settlement
SUBSCRIPTION APPLE ICLOUD REF:431062467788,SUBSCRIPTION APPLE ICLOUD REF:431062467788,19999,19999,2026-10-23,2026-10-23,REF73201,REF73201,,,store@okaxis,P2M,BHIM,Duplicate
UPI/CR/636256818872/RAJESH YADAV/Rent Payment,UPI PENDING SETTLEMENT 533633540542,25000,25000,2026-12-13,2026-05-18,REF10630,REF93177,,,salary@bank,EMI Payment,PhonePe,Pending Settlement
UPI P2M HDFC LIFE 385867077144,UPI P2M HDFC LIFE 385867077144,650,650,2026-05-08,2026-05-08,REF50653,REF86955,,,store@okaxis,Bill Payment,Mobikwik,Matched
EMI PAYMENT AXIS REF:935252680109,EMI PAYMENT AXIS REF:935252680109,25000,25000,2026-06-04,2026-06-04,REF10042,REF10042,,,user@ybl,Salary Transfer,Paytm,Matched
PAYMENT TO SWIGGY VIA Paytm,UPI REVERSAL 739166847243,500,-500,2026-08-20,2026-08-20,REF86503,REF86503,CHQ6896,CHQ6896,pay@oksbi,Subscription,Mobikwik,UPI Reversed
UPI/CR/628500987040/LATA MISHRA/EMI Payment,UPI/CR/628500987040/LATA MISHRA/EMI Payment,2500,2500,2026-09-19,2026-09-19,REF69757,REF69757,,,user@axl,Rent Payment,Paytm,Matched
BILL PAYMENT LANDLINE REF:933329866175,BILL PAYMENT LANDLINE REF:933329866175,1100,1100,2026-07-24,2026-07-24,REF87349,REF95190,CHQ3981,CHQ3981,shop@okicici,P2M,PhonePe,Matched
INSURANCE PREMIUM BAJAJ ALLIANZ REF:960753395399,,1750,0,2026-01-25,2026-01-25,REF95754,,,,merchant@razorpay,Subscription,PhonePe,Unmatched
BHIM UPI TRANSFER AMIT KUMAR REF:987964856960,,950,0,2026-03-06,2026-03-10,REF96597,,CHQ7666,,merchant@ccavenue,Merchant Payment,PhonePe,Unmatched
EMI PAYMENT HDFC REF:156873340103,EMI PAYMENT HDFC REF:156873340103,650,650,2026-10-09,2026-10-09,REF39696,REF39696,,,merchant@razorpay,Bill Payment,Paytm,Matched
INSURANCE PREMIUM LIC REF:453870034042,,650,0,2026-05-09,2026-05-09,REF79607,,CHQ6510,,user@federal,Bill Payment,GPay,Unmatched
Paytm UPI TRANSFER SUNIL VERMA REF:927347071469,Paytm UPI TRANSFER SUNIL VERMA REF:927347071469,1300,1300,2026-07-25,2026-07-25,REF49673,REF49673,CHQ6982,CHQ6982,rent@upi,Subscription,AmazonPay,Matched
PAYMENT TO CROMA VIA Cred,,2250,0,2026-01-03,2026-04-19,REF91452,,CHQ6341,,salary@bank,Merchant Payment,AmazonPay,Unmatched
PhonePe UPI TRANSFER RAVI TEJA REF:952656163938,PhonePe UPI TRANSFER RAVI TEJA REF:952656163938,950,955.0,2026-03-19,2026-03-19,REF24824,REF24824,,,user@paytm,Bill Payment,PhonePe,Partial Match
RECEIVED FROM RAHUL SHARMA VIA Paytm,RECEIVED FROM RAHUL SHARMA VIA Paytm,100000,99999.99,2026-06-22,2026-06-22,REF20392,REF20392,,,user@paytm,P2M,Cred,Partial Match
UPI P2P MOHAN LAL 500709958021,UPI P2P MOHAN LAL 500709958021,850,850,2026-07-05,2026-07-05,REF71140,REF71140,,,abc123@paytm,Merchant Payment,BHIM,Duplicate
Mobikwik UPI TRANSFER PRIYA PATEL REF:376799116637,UPI REVERSAL 645256179329,7500,-7500,2026-04-01,2026-04-01,REF85086,REF85086,CHQ9317,CHQ9317,rent@upi,Bill Payment,BHIM,UPI Reversed
BILL PAYMENT GAS REF:568196385098,,750,0,2026-05-24,2026-05-24,REF96987,,,,store@okaxis,P2P,GPay,Unmatched
SUBSCRIPTION APPLE ICLOUD REF:718934239848,SUBSCRIPTION APPLE ICLOUD REF:718934239848,3999,3999,2026-03-02,2026-03-02,REF25618,REF25618,CHQ3535,CHQ3535,merchant@razorpay,Bill Payment,PhonePe,Matched
AmazonPay UPI TRANSFER KIRAN SINGH REF:732514046220,UPI REVERSAL 409595338447,150,-150,2026-02-03,2026-08-11,REF66276,REF66276,CHQ8268,CHQ8268,store@okaxis,Mobile Recharge,Cred,UPI Reversed
EMI PAYMENT ICICI REF:443439209505,EMI PAYMENT ICICI REF:443439209505,450,450,2026-10-03,2026-10-03,REF77781,REF77781,CHQ4895,CHQ4895,salary@bank,Insurance Premium,Cred,Duplicate
EMI PAYMENT SBI REF:812638171959,,100000,0,2026-10-15,2026-06-16,REF78012,,,,user@oksbi,EMI Payment,BHIM,Unmatched
RECHARGE VI REF:346133345196,RECHARGE VI REF:346133345196,75000,74999.5,2026-03-10,2026-03-10,REF71721,REF71721,,,salary@bank,Mobile Recharge,GPay,Partial Match
UPI P2M AIRTEL 489549246171,UPI FAILED 960765525705,550,0,2026-05-20,2026-05-20,REF30157,REF30157,CHQ4617,CHQ4617,user@okhdfcbank,Mobile Recharge,Mobikwik,UPI Failed
UPI/DR/211292785200/ARUN NAIR/P2M,UPI FAILED 728873853859,100000,0,2026-02-09,2026-11-03,REF74401,REF11670,CHQ6378,CHQ6378,bill@paytm,Mobile Recharge,PhonePe,UPI Failed
EMI PAYMENT KOTAK REF:337180009218,UPI PENDING SETTLEMENT 558205974173,1999,1999,2026-11-08,2026-12-16,REF94853,REF94853,CHQ7836,CHQ7836,user@okhdfcbank,EMI Payment,PhonePe,Pending Settlement
UPI/DR/288075088605/ANITA DEVI/Insurance Premium,UPI/DR/288075088605/ANITA DEVI/Insurance Premium,250,250,2026-12-07,2026-12-07,REF28776,REF28776,,,user@ybl,Subscription,Paytm,Duplicate
UPI P2M JIO 812280430317,UPI P2M JIO 812280430317,75000,75001.0,2026-03-21,2026-03-21,REF42582,REF42582,,,user@ybl,Subscription,BHIM,Partial Match
EMI PAYMENT HDFC REF:395764678944,UPI PENDING SETTLEMENT 480915880480,50000,50000,2026-06-28,2026-03-17,REF37788,REF37788,CHQ4001,CHQ4001,user@federal,Insurance Premium,PhonePe,Pending Settlement
EMI PAYMENT HDFC REF:661893371766,EMI PAYMENT HDFC REF:661893371766,5000,5000,2026-04-14,2026-04-14,REF50661,REF50661,,,pay@oksbi,Mobile Recharge,GPay,Matched
RECEIVED FROM SURESH PANDIT VIA PhonePe,UPI FAILED 133581720414,2000,0,2026-04-27,2026-04-27,REF27310,REF27310,,,abc123@paytm,EMI Payment,AmazonPay,UPI Failed
UPI/DR/747698127056/SUNIL VERMA/Mobile Recharge,UPI/DR/747698127056/SUNIL VERMA/Mobile Recharge,4999,4999,2026-10-06,2026-10-06,REF58671,REF58671,CHQ2435,CHQ2435,user@ybl,Insurance Premium,Mobikwik,Duplicate
Cred UPI TRANSFER DEEPA KAPOOR REF:907356157307,,2250,0,2026-02-11,2026-07-14,REF75170,,CHQ6145,,user@apl,Merchant Payment,AmazonPay,Unmatched
UPI/GPay/409154587436/RAHUL SHARMA/Subscription,UPI FAILED 181344738301,150,0,2026-03-01,2026-03-01,REF10101,REF10101,,,user@ybl,EMI Payment,AmazonPay,UPI Failed
UPI P2M JIO 991209900803,UPI FAILED 186088888512,999,0,2026-01-24,2026-01-24,REF87707,REF64735,,,user@ybl,Bill Payment,AmazonPay,UPI Failed
RECHARGE BSNL REF:677730843932,RECHARGE BSNL REF:677730843932,20000,20000,2026-09-17,2026-09-17,REF24926,REF24926,,,abc123@paytm,P2M,AmazonPay,Matched
UPI P2P DEEPA KAPOOR 563566972173,UPI P2P DEEPA KAPOOR 563566972173,3000,3000.01,2026-07-16,2026-07-16,REF33081,REF73999,,,user@paytm,Rent Payment,GPay,Partial Match
RECHARGE BSNL REF:590873457811,UPI REVERSAL 935458880354,200,-200,2026-09-08,2026-09-08,REF16516,REF16516,CHQ8265,CHQ8265,salary@bank,EMI Payment,GPay,UPI Reversed
UPI P2P RAJESH YADAV 413433581343,UPI FAILED 595715918240,250,0,2026-07-13,2026-06-25,REF79055,REF79055,,,pay@oksbi,P2M,GPay,UPI Failed
UPI P2P DEEPA KAPOOR 149096232117,,4999,0,2026-03-01,2026-07-11,REF14243,,,,merchant@ccavenue,Bill Payment,Mobikwik,Unmatched
PAYMENT TO ZOMATO VIA BHIM,,3000,0,2026-07-04,2026-07-04,REF58650,,,,user@oksbi,Merchant Payment,Paytm,Unmatched
UPI/Cred/512119018542/ARUN NAIR/P2P,UPI REVERSAL 540216862630,3999,-3999,2026-10-18,2026-10-18,REF37365,REF37365,,,bill@paytm,Insurance Premium,PhonePe,UPI Reversed
UPI/CR/333610692017/RAJESH YADAV/Bill Payment,UPI/CR/333610692017/RAJESH YADAV/Bill Payment,1000,1000,2026-05-08,2026-01-16,REF51008,REF51008,,,user@ibl,P2M,BHIM,Matched
Mobikwik UPI TRANSFER SUNIL VERMA REF:808505424005,UPI PENDING SETTLEMENT 268950371574,1200,1200,2026-09-20,2026-08-25,REF59491,REF59491,,,user@paytm,Merchant Payment,PhonePe,Pending Settlement
UPI/BHIM/417629680157/MOHAN LAL/Insurance Premium,UPI/BHIM/417629680157/MOHAN LAL/Insurance Premium,550,550,2026-09-19,2026-09-19,REF15698,REF92448,CHQ2675,CHQ2675,bill@paytm,P2P,Paytm,Matched
UPI P2M DMART 149097302106,UPI P2M DMART 149097302106,19999,19999,2026-10-02,2026-10-02,REF86507,REF86507,,,user@federal,Merchant Payment,BHIM,Matched
UPI P2P KAVITA REDDY 709151465456,UPI P2P KAVITA REDDY 709151465456,1999,1999,2026-07-07,2026-07-07,REF19240,REF19240,,,user@axl,EMI Payment,GPay,Matched
UPI/CR/224002094814/PRIYA PATEL/Subscription,UPI/CR/224002094814/PRIYA PATEL/Subscription,9999,9999,2026-04-22,2026-04-22,REF85202,REF85202,,,store@okaxis,P2M,Mobikwik,Matched
RECHARGE JIO REF:236340975825,,950,0,2026-09-18,2026-09-18,REF97697,,CHQ5742,,user@ibl,P2M,Paytm,Unmatched
EMI PAYMENT ICICI REF:667235302262,EMI PAYMENT ICICI REF:667235302262,150,150,2026-11-04,2026-11-04,REF68318,REF68318,CHQ1036,CHQ1036,bill@paytm,EMI Payment,BHIM,Matched
SUBSCRIPTION APPLE ICLOUD REF:968764039423,SUBSCRIPTION APPLE ICLOUD REF:968764039423,7500,7500,2026-02-09,2026-02-09,REF56358,REF56358,CHQ7385,CHQ7385,merchant@razorpay,Insurance Premium,Paytm,Matched
PAYMENT TO AMAZON VIA PhonePe,UPI REVERSAL 371569366883,19999,-19999,2026-10-20,2026-10-20,REF78847,REF78847,,,xyz456@ybl,Salary Transfer,Paytm,UPI Reversed
RECHARGE BSNL REF:545087776902,RECHARGE BSNL REF:545087776902,750,750,2026-12-21,2026-04-03,REF82944,REF82944,,,user@ybl,P2M,GPay,Matched
PhonePe UPI TRANSFER GEETA AGRAWAL REF:806118592507,UPI PENDING SETTLEMENT 540324572596,200,200,2026-01-09,2026-08-20,REF67778,REF67778,,,salary@bank,Rent Payment,AmazonPay,Pending Settlement
NEFT/175233930640/MEERA JOSHI/P2M,NEFT/175233930640/MEERA JOSHI/P2M,750,750,2026-08-16,2026-10-07,REF39087,REF39087,,,merchant@ccavenue,P2P,BHIM,Matched
UPI/CR/585648635416/KIRAN SINGH/Mobile Recharge,,75000,0,2026-05-03,2026-05-03,REF56749,,,,user@apl,Bill Payment,PhonePe,Unmatched
RECEIVED FROM KIRAN SINGH VIA PhonePe,UPI REVERSAL 779941068818,15000,-15000,2026-06-08,2026-06-08,REF10165,REF10165,CHQ1907,CHQ1907,merchant@payu,Subscription,Cred,UPI Reversed
UPI P2P ARUN KUMAR 891195005290,,100000,0,2026-07-23,2026-07-23,REF30286,,,,merchant@ccavenue,Rent Payment,Mobikwik,Unmatched
RECEIVED FROM ARUN KUMAR VIA Mobikwik,RECEIVED FROM ARUN KUMAR VIA Mobikwik,20000,20000,2026-05-19,2026-05-19,REF36313,REF61185,CHQ8890,CHQ8890,user@ybl,Subscription,GPay,Matched
RECEIVED FROM LATA MISHRA VIA AmazonPay,RECEIVED FROM LATA MISHRA VIA AmazonPay,200,200,2026-07-23,2026-05-13,REF86997,REF86997,,,user@axl,Subscription,PhonePe,Matched
RECEIVED FROM SURESH PANDIT VIA Cred,RECEIVED FROM SURESH PANDIT VIA Cred,20000,20000.01,2026-05-22,2026-05-22,REF27343,REF27343,,,merchant@razorpay,EMI Payment,Paytm,Partial Match
RECHARGE AIRTEL REF:816624933852,RECHARGE AIRTEL REF:816624933852,500,500,2026-02-27,2026-02-27,REF52821,REF52821,,,store@okaxis,Bill Payment,AmazonPay,Matched
NEFT/950265840247/AMIT KUMAR/Bill Payment,NEFT/950265840247/AMIT KUMAR/Bill Payment,100000,100000,2026-11-13,2026-11-13,REF85099,REF85099,,,rent@upi,Subscription,BHIM,Matched
BILL PAYMENT ELECTRICITY REF:340226831291,BILL PAYMENT ELECTRICITY REF:340226831291,550,550,2026-06-24,2026-09-18,REF64917,REF64917,,,merchant@razorpay,Merchant Payment,GPay,Matched
EMI PAYMENT ICICI REF:675876135181,,950,0,2026-05-25,2026-05-25,REF25252,,,,bill@paytm,Bill Payment,Paytm,Unmatched
GPay UPI TRANSFER GEETA AGRAWAL REF:171258038320,UPI PENDING SETTLEMENT 799593784356,5000,5000,2026-06-05,2026-07-26,REF79947,REF79947,,,xyz456@ybl,Salary Transfer,PhonePe,Pending Settlement
NEFT/725452970231/ANITA DEVI/Salary Transfer,,50000,0,2026-04-26,2026-04-26,REF92548,,,,bill@paytm,P2M,Mobikwik,Unmatched
UPI/CR/439621899729/MEERA JOSHI/P2P,UPI PENDING SETTLEMENT 754328475043,499,499,2026-08-03,2026-11-22,REF53770,REF53770,,,xyz456@ybl,Merchant Payment,Mobikwik,Pending Settlement
PAYMENT TO ICICI BANK VIA GPay,,3000,0,2026-02-14,2026-02-14,REF33406,,CHQ7501,,merchant@razorpay,Bill Payment,Paytm,Unmatched
UPI/CR/974176973463/ANITA DEVI/Salary Transfer,,1750,0,2026-10-07,2026-10-07,REF88858,REF51398,CHQ9009,,user@okhdfcbank,Salary Transfer,Cred,Unmatched
NEFT/597012806570/AMIT KUMAR/Bill Payment,NEFT/597012806570/AMIT KUMAR/Bill Payment,1100,1099.5,2026-03-12,2026-03-12,REF61504,REF61504,CHQ8586,CHQ8586,rent@upi,Mobile Recharge,Cred,Partial Match
IMPS/130958099719/PRIYA PATEL/Bill Payment,IMPS/130958099719/PRIYA PATEL/Bill Payment,19999,19999,2026-05-21,2026-03-26,REF83219,REF83219,,,user@oksbi,P2P,BHIM,Duplicate
RECEIVED FROM AMIT KUMAR VIA Cred,UPI REVERSAL 701392083115,100,-100,2026-08-05,2026-08-05,REF10862,REF10862,,,user@ibl,P2M,BHIM,UPI Reversed
UPI/GPay/772119675788/MOHAN LAL/Merchant Payment,UPI REVERSAL 779097995717,200,-200,2026-01-12,2026-01-12,REF20585,REF20585,,,user@ibl,Merchant Payment,PhonePe,UPI Reversed
UPI/GPay/856807559620/RAJESH YADAV/Insurance Premium,,2500,0,2026-12-21,2026-12-21,REF79330,,,,user@ibl,Merchant Payment,Mobikwik,Unmatched
IMPS/602492982809/KIRAN SINGH/Salary Transfer,UPI FAILED 571521093169,950,0,2026-12-13,2026-12-13,REF38981,REF38981,,,pay@oksbi,Mobile Recharge,GPay,UPI Failed
RECHARGE BSNL REF:379179037463,RECHARGE BSNL REF:379179037463,1750,1750,2026-01-01,2026-01-01,REF99885,REF99885,,,rent@upi,P2P,GPay,Matched
BILL PAYMENT DTH REF:637278863863,BILL PAYMENT DTH REF:637278863863,1500,1500,2026-06-01,2026-07-04,REF51661,REF51661,CHQ7683,CHQ7683,merchant@ccavenue,P2M,Paytm,Matched
SUBSCRIPTION AMAZON PRIME REF:509445316692,SUBSCRIPTION AMAZON PRIME REF:509445316692,19999,20004.0,2026-05-08,2026-05-08,REF55854,REF55854,CHQ1938,CHQ1938,user@federal,Bill Payment,AmazonPay,Partial Match
EMI PAYMENT AXIS REF:194946724297,EMI PAYMENT AXIS REF:194946724297,1999,1999,2026-09-18,2026-05-18,REF33221,REF33221,,,salary@bank,P2P,PhonePe,Matched
INSURANCE PREMIUM LIC REF:494981689265,INSURANCE PREMIUM LIC REF:494981689265,2000,2000,2026-03-20,2026-05-22,REF38860,REF38860,,,abc123@paytm,Salary Transfer,PhonePe,Matched
SUBSCRIPTION APPLE ICLOUD REF:489954905459,SUBSCRIPTION APPLE ICLOUD REF:489954905459,1300,1300,2026-10-26,2026-10-26,REF81860,REF81860,,,store@okaxis,Subscription,PhonePe,Matched
NEFT/943210049201/MOHAN LAL/Salary Transfer,,450,0,2026-11-06,2026-11-06,REF33794,,,,bill@paytm,Salary Transfer,Mobikwik,Unmatched
UPI/DR/666572385918/RAJESH YADAV/P2M,UPI/DR/666572385918/RAJESH YADAV/P2M,50000,50000,2026-07-04,2026-10-05,REF25313,REF25313,CHQ8850,CHQ8850,store@okaxis,P2M,Cred,Matched
UPI P2P RAJESH YADAV 532485733428,UPI PENDING SETTLEMENT 664343945291,550,550,2026-12-21,2026-11-04,REF83507,REF83507,CHQ9390,CHQ9390,user@apl,Salary Transfer,BHIM,Pending Settlement
IMPS/881903733534/RAHUL SHARMA/Insurance Premium,IMPS/881903733534/RAHUL SHARMA/Insurance Premium,1750,1750,2026-11-21,2026-11-21,REF96435,REF96435,,,user@ybl,Insurance Premium,BHIM,Matched
RECHARGE VI REF:916775461353,UPI FAILED 906596284926,3999,0,2026-02-23,2026-02-23,REF61249,REF61249,,,bill@paytm,Bill Payment,AmazonPay,UPI Failed
BILL PAYMENT INTERNET REF:880124246352,,15000,0,2026-11-16,2026-11-16,REF53236,REF82373,,,pay@oksbi,Rent Payment,Paytm,Unmatched
IMPS/439263686671/RAJESH YADAV/P2M,UPI PENDING SETTLEMENT 102690445219,19999,19999,2026-04-11,2026-08-17,REF96191,REF96191,,,merchant@payu,Merchant Payment,PhonePe,Pending Settlement
SUBSCRIPTION APPLE ICLOUD REF:454339308781,SUBSCRIPTION APPLE ICLOUD REF:454339308781,350,350,2026-11-25,2026-03-27,REF15664,REF15664,CHQ4673,CHQ4673,xyz456@ybl,EMI Payment,PhonePe,Matched
IMPS/861555949815/KAVITA REDDY/Merchant Payment,IMPS/861555949815/KAVITA REDDY/Merchant Payment,2000,2000,2026-04-09,2026-04-09,REF73186,REF73186,,,user@federal,P2P,AmazonPay,Matched
UPI P2P PRIYA PATEL 505075387993,UPI P2P PRIYA PATEL 505075387993,7500,7500,2026-07-10,2026-07-10,REF44795,REF44795,CHQ6905,CHQ6905,xyz456@ybl,P2M,Mobikwik,Matched
RECEIVED FROM ARUN KUMAR VIA Cred,RECEIVED FROM ARUN KUMAR VIA Cred,850,850,2026-02-05,2026-02-05,REF32132,REF32132,CHQ9864,CHQ9864,user@paytm,EMI Payment,BHIM,Matched
UPI P2M TATACLIQ 862603472015,UPI P2M TATACLIQ 862603472015,950,950,2026-04-23,2026-04-23,REF53624,REF53624,,,rent@upi,Salary Transfer,Mobikwik,Matched
INSURANCE PREMIUM ICICI PRUDENTIAL REF:339631625131,UPI REVERSAL 369830503602,250,-250,2026-01-17,2026-01-17,REF33323,REF33323,,,merchant@razorpay,Subscription,AmazonPay,UPI Reversed
BILL PAYMENT INTERNET REF:263998007197,BILL PAYMENT INTERNET REF:263998007197,1100,1100,2026-11-15,2026-11-15,REF13113,REF98895,CHQ2099,CHQ2099,user@ybl,P2P,PhonePe,Matched
IMPS/440388404920/SURESH PANDIT/Insurance Premium,UPI FAILED 745238137826,2999,0,2026-11-07,2026-02-24,REF99897,REF99897,,,merchant@payu,Salary Transfer,BHIM,UPI Failed
BHIM UPI TRANSFER MEERA JOSHI REF:220889181528,BHIM UPI TRANSFER MEERA JOSHI REF:220889181528,2999,2999.5,2026-03-05,2026-03-05,REF76965,REF76965,,,user@ybl,EMI Payment,Paytm,Partial Match
UPI P2P SURESH PANDIT 909562661490,UPI FAILED 708068247561,1499,0,2026-12-24,2026-12-24,REF13380,REF13380,CHQ3742,CHQ3742,shop@okicici,Subscription,Paytm,UPI Failed
UPI P2P GEETA AGRAWAL 912338750761,,2500,0,2026-12-21,2026-12-21,REF43694,,CHQ6613,,store@okaxis,Rent Payment,BHIM,Unmatched
PAYMENT TO JIO VIA GPay,UPI REVERSAL 665281354801,1750,-1750,2026-01-14,2026-01-14,REF21326,REF21326,,,merchant@razorpay,Rent Payment,Paytm,UPI Reversed
RECEIVED FROM ARUN KUMAR VIA BHIM,RECEIVED FROM ARUN KUMAR VIA BHIM,200,200,2026-01-11,2026-01-11,REF35673,REF35673,CHQ2221,CHQ2221,xyz456@ybl,Subscription,AmazonPay,Matched
EMI PAYMENT AXIS REF:182468804249,,4999,0,2026-09-07,2026-09-07,REF26149,,CHQ5300,,user@apl,EMI Payment,Cred,Unmatched
UPI/CR/541687800621/AMIT KUMAR/Salary Transfer,UPI REVERSAL 956907979544,100,-100,2026-12-04,2026-12-04,REF71771,REF71771,,,user@oksbi,EMI Payment,PhonePe,UPI Reversed
PAYMENT TO FLIPKART VIA Paytm,PAYMENT TO FLIPKART VIA Paytm,650,650,2026-08-23,2026-08-23,REF29879,REF29879,,,user@ybl,EMI Payment,GPay,Matched
INSURANCE PREMIUM LIC REF:730624367020,INSURANCE PREMIUM LIC REF:730624367020,100,100,2026-06-02,2026-06-02,REF29476,REF29476,,,user@apl,Salary Transfer,PhonePe,Matched
UPI/DR/842985349893/ANITA DEVI/Salary Transfer,UPI/DR/842985349893/ANITA DEVI/Salary Transfer,9999,9999,2026-07-11,2026-07-11,REF87988,REF87988,CHQ8394,CHQ8394,merchant@payu,EMI Payment,PhonePe,Matched
BILL PAYMENT WATER REF:777232405587,BILL PAYMENT WATER REF:777232405587,75000,75000,2026-01-26,2026-01-26,REF99120,REF34596,CHQ2522,CHQ2522,user@apl,Insurance Premium,Mobikwik,Matched
EMI PAYMENT SBI REF:913447348255,,350,0,2026-08-25,2026-08-25,REF21587,,CHQ8500,,abc123@paytm,Rent Payment,Paytm,Unmatched
UPI P2M ICICI BANK 660562858501,UPI FAILED 381080736179,850,0,2026-03-10,2026-03-10,REF15915,REF15915,,,salary@bank,Rent Payment,BHIM,UPI Failed
NEFT/939124448151/VIKAS GUPTA/Salary Transfer,NEFT/939124448151/VIKAS GUPTA/Salary Transfer,1499,1499,2026-06-26,2026-06-26,REF19282,REF19282,CHQ5100,CHQ5100,bill@paytm,Salary Transfer,AmazonPay,Matched
SUBSCRIPTION NETFLIX REF:754215891173,UPI REVERSAL 146211097524,7500,-7500,2026-11-09,2026-11-09,REF79713,REF29372,,,shop@okicici,Mobile Recharge,PhonePe,UPI Reversed
PAYMENT TO HDFC BANK VIA Mobikwik,PAYMENT TO HDFC BANK VIA Mobikwik,14999,14999,2026-03-03,2026-03-03,REF46951,REF46951,,,rent@upi,Mobile Recharge,BHIM,Matched
UPI/DR/290244233836/KIRAN SINGH/Rent Payment,UPI/DR/290244233836/KIRAN SINGH/Rent Payment,1100,1100,2026-02-15,2026-02-15,REF34007,REF34007,,,abc123@paytm,Merchant Payment,AmazonPay,Matched
UPI/Cred/591446578869/RAVI TEJA/Salary Transfer,UPI/Cred/591446578869/RAVI TEJA/Salary Transfer,75000,75000.5,2026-05-11,2026-05-11,REF77203,REF40880,,,user@oksbi,Salary Transfer,PhonePe,Partial Match
Paytm UPI TRANSFER RAHUL SHARMA REF:864466059164,UPI REVERSAL 128358855658,4999,-4999,2026-04-09,2026-04-09,REF59398,REF59398,CHQ9453,CHQ9453,bill@paytm,Mobile Recharge,Mobikwik,UPI Reversed
Paytm UPI TRANSFER SNEHA SINGH REF:564897572898,Paytm UPI TRANSFER SNEHA SINGH REF:564897572898,500,500,2026-08-01,2026-08-01,REF96144,REF96144,,,user@federal,Bill Payment,GPay,Matched
UPI/GPay/244768542864/MEERA JOSHI/Bill Payment,UPI/GPay/244768542864/MEERA JOSHI/Bill Payment,1999,1999,2026-07-21,2026-06-14,REF95026,REF95026,,,merchant@ccavenue,P2M,Mobikwik,Matched
UPI/AmazonPay/184291066796/RAHUL SHARMA/Merchant Payment,UPI/AmazonPay/184291066796/RAHUL SHARMA/Merchant Payment,750,751.0,2026-06-23,2026-06-23,REF49165,REF49165,,,abc123@paytm,Subscription,Paytm,Partial Match
NEFT/671573839185/NEHA CHOPRA/Merchant Payment,UPI REVERSAL 447571628903,1999,-1999,2026-07-14,2026-07-14,REF86546,REF90406,,,salary@bank,Salary Transfer,AmazonPay,UPI Reversed
UPI/GPay/652061596596/KAVITA REDDY/EMI Payment,UPI/GPay/652061596596/KAVITA REDDY/EMI Payment,3000,2999.99,2026-10-18,2026-10-18,REF82808,REF82808,CHQ8541,CHQ8541,user@paytm,Bill Payment,Mobikwik,Partial Match
UPI P2M STAR HEALTH 578987441417,,5000,0,2026-08-05,2026-08-05,REF79361,,,,user@apl,Merchant Payment,GPay,Unmatched
INSURANCE PREMIUM SBI LIFE REF:591701243974,,19999,0,2026-11-12,2026-03-07,REF93441,,CHQ8869,,merchant@razorpay,Insurance Premium,BHIM,Unmatched
EMI PAYMENT HDFC REF:160286526101,UPI FAILED 285227181058,2000,0,2026-08-08,2026-08-08,REF93365,REF93365,,,store@okaxis,P2P,Paytm,UPI Failed
EMI PAYMENT AXIS REF:144043058891,UPI REVERSAL 625770865564,1750,-1750,2026-11-02,2026-02-12,REF48426,REF80442,,,salary@bank,Subscription,Cred,UPI Reversed
NEFT/605281098829/MOHAN LAL/Salary Transfer,NEFT/605281098829/MOHAN LAL/Salary Transfer,1100,1095.0,2026-08-24,2026-08-24,REF39919,REF39919,,,merchant@payu,Mobile Recharge,AmazonPay,Partial Match
UPI P2P RAHUL SHARMA 613397451333,UPI FAILED 135539080178,4999,0,2026-11-27,2026-11-27,REF46575,REF46575,CHQ7909,CHQ7909,rent@upi,Salary Transfer,Paytm,UPI Failed
UPI/CR/154625158479/MEERA JOSHI/P2M,UPI/CR/154625158479/MEERA JOSHI/P2M,2500,2500,2026-09-08,2026-09-08,REF42473,REF42473,,,rent@upi,P2M,GPay,Matched
UPI/DR/228619864182/DEEPA KAPOOR/Bill Payment,,19999,0,2026-11-15,2026-11-15,REF74356,,,,user@federal,Subscription,Paytm,Unmatched
BILL PAYMENT DTH REF:506394078739,UPI FAILED 247689849402,350,0,2026-06-21,2026-06-21,REF41456,REF41456,,,store@okaxis,P2M,Paytm,UPI Failed
INSURANCE PREMIUM ICICI PRUDENTIAL REF:417139702338,,500,0,2026-08-22,2026-08-22,REF79414,,,,user@okhdfcbank,Subscription,Cred,Unmatched
RECHARGE VI REF:770303095115,RECHARGE VI REF:770303095115,10000,10000,2026-01-26,2026-01-26,REF97138,REF97138,,,user@ibl,Insurance Premium,PhonePe,Matched
SUBSCRIPTION SPOTIFY REF:704622346880,SUBSCRIPTION SPOTIFY REF:704622346880,75000,75000,2026-05-01,2026-05-01,REF32658,REF67213,,,user@paytm,Salary Transfer,Paytm,Matched
EMI PAYMENT KOTAK REF:197566837177,EMI PAYMENT KOTAK REF:197566837177,500,500,2026-12-01,2026-12-01,REF47003,REF47003,CHQ8838,CHQ8838,merchant@razorpay,Bill Payment,PhonePe,Matched
UPI P2M ZOMATO 194524332064,UPI P2M ZOMATO 194524332064,2250,2250,2026-02-07,2026-02-07,REF38093,REF38093,,,merchant@payu,Insurance Premium,BHIM,Matched
UPI/CR/641963194837/KAVITA REDDY/P2M,,10000,0,2026-09-03,2026-09-02,REF39332,,,,merchant@payu,Salary Transfer,AmazonPay,Unmatched
UPI/DR/699388705064/RAVI TEJA/Subscription,UPI PENDING SETTLEMENT 269707630955,3999,3999,2026-02-22,2026-02-22,REF85460,REF85460,CHQ1591,CHQ1591,rent@upi,Bill Payment,GPay,Pending Settlement
UPI/Paytm/934226549946/LATA MISHRA/P2M,,3999,0,2026-02-20,2026-02-20,REF25093,,CHQ8850,,user@paytm,P2M,PhonePe,Unmatched
EMI PAYMENT KOTAK REF:122157256024,UPI REVERSAL 479906100648,2250,-2250,2026-07-12,2026-07-12,REF17606,REF17606,CHQ9125,CHQ9125,store@okaxis,Merchant Payment,PhonePe,UPI Reversed
UPI P2M AMAZON 923585330629,UPI P2M AMAZON 923585330629,150,150,2026-12-25,2026-12-25,REF67605,REF85147,CHQ1507,CHQ1507,merchant@ccavenue,P2P,BHIM,Matched
PAYMENT TO TATACLIQ VIA BHIM,PAYMENT TO TATACLIQ VIA BHIM,2000,2000,2026-04-07,2026-04-07,REF70452,REF70452,,,user@federal,Rent Payment,Mobikwik,Matched
UPI/DR/643656950760/AMIT KUMAR/Bill Payment,UPI/DR/643656950760/AMIT KUMAR/Bill Payment,200,200,2026-07-11,2026-07-11,REF80060,REF80060,CHQ5803,CHQ5803,bill@paytm,Rent Payment,PhonePe,Matched
BILL PAYMENT INTERNET REF:367022839168,UPI FAILED 473428296215,1999,0,2026-12-05,2026-12-05,REF99901,REF99901,,,user@oksbi,Bill Payment,AmazonPay,UPI Failed
INSURANCE PREMIUM STAR HEALTH REF:960800912654,INSURANCE PREMIUM STAR HEALTH REF:960800912654,2999,2998.0,2026-04-18,2026-04-18,REF74099,REF74099,,,user@paytm,P2P,Paytm,Partial Match
UPI P2M AIRTEL 582132997607,UPI REVERSAL 350827484816,850,-850,2026-04-16,2026-04-16,REF21578,REF21578,,,merchant@payu,Salary Transfer,BHIM,UPI Reversed
UPI/DR/383991089993/DEEPA KAPOOR/P2M,,1300,0,2026-03-18,2026-02-14,REF24777,,CHQ4509,,rent@upi,Subscription,GPay,Unmatched
UPI P2M SWIGGY 134005115460,UPI P2M SWIGGY 134005115460,350,350,2026-12-21,2026-12-21,REF45338,REF45338,,,xyz456@ybl,Rent Payment,PhonePe,Matched
EMI PAYMENT SBI REF:646455020314,EMI PAYMENT SBI REF:646455020314,3999,3999,2026-06-22,2026-02-03,REF63775,REF63775,CHQ1469,CHQ1469,shop@okicici,Merchant Payment,PhonePe,Matched
UPI/Paytm/344626138203/KIRAN SINGH/Merchant Payment,,1499,0,2026-04-18,2026-04-18,REF58188,REF86143,,,store@okaxis,P2P,Mobikwik,Unmatched
NEFT/954824663690/AMIT KUMAR/EMI Payment,UPI FAILED 401680856882,950,0,2026-12-26,2026-12-26,REF44029,REF92361,CHQ1315,CHQ1315,user@ibl,Bill Payment,Mobikwik,UPI Failed
PAYMENT TO RELIANCE RETAIL VIA Mobikwik,PAYMENT TO RELIANCE RETAIL VIA Mobikwik,5000,5005.0,2026-10-12,2026-10-12,REF43434,REF43434,,,merchant@razorpay,P2M,Cred,Partial Match
PAYMENT TO VODAFONE VIA Paytm,PAYMENT TO VODAFONE VIA Paytm,750,750.5,2026-11-15,2026-11-15,REF36829,REF36829,,,merchant@payu,Bill Payment,Paytm,Partial Match
RECHARGE BSNL REF:883441974994,UPI REVERSAL 237883224200,500,-500,2026-02-15,2026-02-15,REF11672,REF11672,,,user@federal,Insurance Premium,BHIM,UPI Reversed
SUBSCRIPTION AMAZON PRIME REF:365164563354,UPI PENDING SETTLEMENT 629196954104,450,450,2026-03-26,2026-03-22,REF81017,REF81017,,,abc123@paytm,Subscription,Cred,Pending Settlement
RECEIVED FROM RAJESH YADAV VIA Paytm,,350,0,2026-09-18,2026-11-17,REF27025,REF71439,CHQ2060,,user@ibl,P2M,Cred,Unmatched
PAYMENT TO ZOMATO VIA GPay,UPI PENDING SETTLEMENT 734616845068,1200,1200,2026-10-28,2026-08-12,REF76170,REF32604,,,user@axl,Insurance Premium,PhonePe,Pending Settlement
RECHARGE VI REF:837744890913,UPI PENDING SETTLEMENT 232660184338,1750,1750,2026-01-02,2026-11-05,REF71440,REF71440,,,user@oksbi,Merchant Payment,GPay,Pending Settlement
SUBSCRIPTION APPLE ICLOUD REF:713196322550,SUBSCRIPTION APPLE ICLOUD REF:713196322550,850,850.5,2026-07-24,2026-07-24,REF12559,REF36642,,,merchant@ccavenue,Salary Transfer,Cred,Partial Match
PAYMENT TO BIGBASKET VIA GPay,UPI PENDING SETTLEMENT 952637711291,4999,4999,2026-01-15,2026-01-17,REF16113,REF16113,CHQ8985,CHQ8985,shop@okicici,Subscription,Mobikwik,Pending Settlement
AmazonPay UPI TRANSFER PRIYA PATEL REF:281354118908,AmazonPay UPI TRANSFER PRIYA PATEL REF:281354118908,1100,1099.5,2026-08-24,2026-08-24,REF49907,REF49907,,,pay@oksbi,Mobile Recharge,Cred,Partial Match
EMI PAYMENT KOTAK REF:535253333573,EMI PAYMENT KOTAK REF:535253333573,3000,3000,2026-09-04,2026-09-04,REF68556,REF68556,CHQ5447,CHQ5447,user@paytm,P2P,PhonePe,Duplicate
EMI PAYMENT ICICI REF:929497242550,EMI PAYMENT ICICI REF:929497242550,650,650,2026-11-09,2026-11-09,REF55260,REF68104,,,user@paytm,Salary Transfer,Cred,Matched
PAYMENT TO CROMA VIA Paytm,PAYMENT TO CROMA VIA Paytm,50000,50000.05,2026-08-13,2026-08-13,REF72735,REF72735,,,salary@bank,Salary Transfer,GPay,Partial Match
EMI PAYMENT ICICI REF:538988355930,EMI PAYMENT ICICI REF:538988355930,2500,2500,2026-09-12,2026-09-12,REF62461,REF78109,,,merchant@razorpay,Bill Payment,BHIM,Matched
UPI/PhonePe/926081204649/SNEHA SINGH/Bill Payment,UPI REVERSAL 323484454307,4999,-4999,2026-05-05,2026-05-05,REF95849,REF95849,,,merchant@ccavenue,Bill Payment,PhonePe,UPI Reversed
IMPS/236076589041/RAJESH YADAV/EMI Payment,IMPS/236076589041/RAJESH YADAV/EMI Payment,2999,2999,2026-11-01,2026-11-01,REF45308,REF45308,,,abc123@paytm,P2M,BHIM,Duplicate
Paytm UPI TRANSFER MOHAN LAL REF:523735997789,UPI PENDING SETTLEMENT 837105397150,499,499,2026-11-23,2026-03-14,REF80697,REF80697,CHQ8595,CHQ8595,merchant@razorpay,Insurance Premium,PhonePe,Pending Settlement
Paytm UPI TRANSFER ARUN KUMAR REF:673071801868,UPI FAILED 841641803736,15000,0,2026-10-15,2026-10-15,REF90426,REF90426,CHQ8679,CHQ8679,merchant@ccavenue,P2M,Cred,UPI Failed
IMPS/203787802475/DEEPA KAPOOR/Subscription,IMPS/203787802475/DEEPA KAPOOR/Subscription,350,350,2026-01-13,2026-01-13,REF67135,REF95111,,,user@ybl,Subscription,Cred,Matched
NEFT/557389159011/KAVITA REDDY/Rent Payment,,450,0,2026-12-20,2026-12-20,REF21668,,CHQ1015,,user@axl,Merchant Payment,Mobikwik,Unmatched
UPI/BHIM/212325008178/KIRAN SINGH/Bill Payment,,950,0,2026-04-20,2026-04-20,REF89130,,,,user@paytm,Bill Payment,AmazonPay,Unmatched
UPI P2P DEEPA KAPOOR 919427684595,UPI FAILED 202444300569,499,0,2026-04-02,2026-04-02,REF17022,REF17022,,,store@okaxis,Bill Payment,BHIM,UPI Failed
IMPS/918976803508/MOHAN LAL/Insurance Premium,UPI REVERSAL 172927206913,999,-999,2026-08-09,2026-08-09,REF83961,REF83961,,,user@oksbi,Salary Transfer,GPay,UPI Reversed
UPI/DR/702594063623/RAVI TEJA/P2P,UPI/DR/702594063623/RAVI TEJA/P2P,100000,100000,2026-05-25,2026-05-25,REF68625,REF68625,CHQ4239,CHQ4239,abc123@paytm,Mobile Recharge,GPay,Matched
UPI P2M DMART 163543866865,,100,0,2026-05-12,2026-05-09,REF74335,,CHQ5454,,pay@oksbi,Bill Payment,Cred,Unmatched
IMPS/583353737802/ARUN NAIR/Salary Transfer,UPI PENDING SETTLEMENT 434551877616,1000,1000,2026-09-07,2026-12-15,REF67999,REF67999,,,rent@upi,Rent Payment,PhonePe,Pending Settlement
NEFT/994407661795/PRIYA PATEL/Subscription,UPI PENDING SETTLEMENT 148274331399,850,850,2026-03-24,2026-09-28,REF52384,REF52384,,,xyz456@ybl,Mobile Recharge,BHIM,Pending Settlement
BILL PAYMENT INTERNET REF:388473194533,BILL PAYMENT INTERNET REF:388473194533,5000,5000.05,2026-02-22,2026-02-22,REF56618,REF56618,,,user@ybl,Bill Payment,Paytm,Partial Match
UPI P2M NETFLIX 420498610501,UPI P2M NETFLIX 420498610501,50000,50000,2026-08-14,2026-08-14,REF86393,REF86393,,,user@okhdfcbank,Merchant Payment,PhonePe,Duplicate
UPI P2P ARUN NAIR 360938842943,UPI P2P ARUN NAIR 360938842943,250,250,2026-05-04,2026-05-04,REF51137,REF51137,,,merchant@razorpay,Rent Payment,BHIM,Matched
BILL PAYMENT MOBILE REF:101722680005,UPI REVERSAL 133862714269,2250,-2250,2026-04-26,2026-06-28,REF77981,REF77981,,,store@okaxis,P2M,AmazonPay,UPI Reversed
UPI P2P ARUN KUMAR 162530156477,UPI P2P ARUN KUMAR 162530156477,19999,19999,2026-12-12,2026-12-12,REF14742,REF14742,CHQ6505,CHQ6505,salary@bank,Bill Payment,Mobikwik,Matched
UPI P2M BAJAJ FINSERV 583322354059,UPI PENDING SETTLEMENT 636945097210,2500,2500,2026-10-28,2026-12-04,REF36739,REF36739,CHQ6990,CHQ6990,salary@bank,Bill Payment,PhonePe,Pending Settlement
UPI/CR/313727907093/KIRAN SINGH/P2P,UPI/CR/313727907093/KIRAN SINGH/P2P,2250,2251.0,2026-11-03,2026-11-03,REF71759,REF71759,,,user@ibl,Rent Payment,GPay,Partial Match
UPI/CR/856207561488/GEETA AGRAWAL/Bill Payment,UPI/CR/856207561488/GEETA AGRAWAL/Bill Payment,150,150,2026-08-22,2026-08-22,REF22229,REF22229,,,user@okhdfcbank,Rent Payment,GPay,Matched
BILL PAYMENT GAS REF:244868666269,BILL PAYMENT GAS REF:244868666269,499,499,2026-10-24,2026-10-24,REF27780,REF27780,,,user@axl,EMI Payment,AmazonPay,Duplicate
BILL PAYMENT LANDLINE REF:657003674200,,75000,0,2026-06-01,2026-06-01,REF55059,,,,merchant@ccavenue,Subscription,GPay,Unmatched
UPI P2M TATACLIQ 404023655422,,1200,0,2026-05-02,2026-05-02,REF82326,,CHQ5475,,user@ibl,Salary Transfer,Paytm,Unmatched
UPI P2M AIRTEL 748589689474,UPI P2M AIRTEL 748589689474,1100,1100,2026-10-18,2026-06-19,REF38893,REF38893,,,user@ybl,Insurance Premium,Paytm,Matched
NEFT/435343204016/RAHUL SHARMA/EMI Payment,NEFT/435343204016/RAHUL SHARMA/EMI Payment,7500,7500,2026-11-25,2026-11-25,REF92195,REF92195,,,user@okhdfcbank,Salary Transfer,Mobikwik,Matched
UPI/DR/529907870574/KAVITA REDDY/Subscription,UPI/DR/529907870574/KAVITA REDDY/Subscription,150,150,2026-10-01,2026-10-01,REF27662,REF27662,CHQ7347,CHQ7347,xyz456@ybl,P2M,GPay,Matched
UPI P2M AMAZON 942402453839,UPI P2M AMAZON 942402453839,2999,2994.0,2026-10-21,2026-10-21,REF98489,REF98489,,,merchant@payu,Insurance Premium,Cred,Partial Match
BILL PAYMENT ELECTRICITY REF:148513169137,,5000,0,2026-04-11,2026-04-11,REF29840,,,,user@paytm,Rent Payment,Paytm,Unmatched
RECEIVED FROM KAVITA REDDY VIA BHIM,RECEIVED FROM KAVITA REDDY VIA BHIM,100,99.99,2026-11-12,2026-11-12,REF39840,REF39840,,,abc123@paytm,Subscription,GPay,Partial Match
RECHARGE AIRTEL REF:351786772409,RECHARGE AIRTEL REF:351786772409,50000,50000,2026-05-24,2026-05-24,REF39651,REF93974,CHQ5541,CHQ5541,user@ibl,P2P,Mobikwik,Matched
INSURANCE PREMIUM BAJAJ ALLIANZ REF:635969046589,UPI PENDING SETTLEMENT 203717393552,2500,2500,2026-12-28,2026-02-14,REF49811,REF29303,,,merchant@ccavenue,Insurance Premium,AmazonPay,Pending Settlement
RECHARGE BSNL REF:670139044912,UPI PENDING SETTLEMENT 931576759017,3000,3000,2026-07-12,2026-07-26,REF70707,REF70707,,,bill@paytm,Insurance Premium,BHIM,Pending Settlement
EMI PAYMENT SBI REF:555814127101,UPI PENDING SETTLEMENT 457352442086,75000,75000,2026-12-06,2026-02-03,REF26811,REF78994,,,merchant@payu,Rent Payment,GPay,Pending Settlement
IMPS/470448511332/NEHA CHOPRA/Merchant Payment,IMPS/470448511332/NEHA CHOPRA/Merchant Payment,1300,1300,2026-07-16,2026-07-16,REF67035,REF67035,,,merchant@razorpay,Rent Payment,AmazonPay,Matched
NEFT/874472595509/AMIT KUMAR/Merchant Payment,UPI PENDING SETTLEMENT 212483399047,10000,10000,2026-12-13,2026-06-25,REF82803,REF82803,,,merchant@razorpay,P2M,Cred,Pending Settlement
PAYMENT TO CROMA VIA GPay,UPI REVERSAL 487860848957,450,-450,2026-03-19,2026-03-19,REF88315,REF88315,,,merchant@ccavenue,Bill Payment,GPay,UPI Reversed
PhonePe UPI TRANSFER DEEPA KAPOOR REF:627637607809,UPI FAILED 150465888405,1100,0,2026-10-15,2026-10-15,REF13734,REF13734,,,user@axl,Bill Payment,Paytm,UPI Failed
BHIM UPI TRANSFER NEHA CHOPRA REF:501563698625,BHIM UPI TRANSFER NEHA CHOPRA REF:501563698625,850,850,2026-01-23,2026-01-23,REF27148,REF27148,,,user@ibl,Bill Payment,BHIM,Matched
INSURANCE PREMIUM SBI LIFE REF:663583849919,,5000,0,2026-04-28,2026-08-01,REF88916,,,,user@axl,Insurance Premium,PhonePe,Unmatched
NEFT/911226458862/MOHAN LAL/Mobile Recharge,UPI REVERSAL 941736344975,1750,-1750,2026-01-08,2026-01-08,REF62781,REF62781,,,store@okaxis,Subscription,Cred,UPI Reversed
RECHARGE JIO REF:705558048233,RECHARGE JIO REF:705558048233,1999,1999,2026-03-16,2026-03-16,REF82823,REF82823,CHQ8214,CHQ8214,merchant@ccavenue,Salary Transfer,PhonePe,Matched
UPI/DR/430310087754/DEEPA KAPOOR/P2P,UPI/DR/430310087754/DEEPA KAPOOR/P2P,1999,1999,2026-06-08,2026-04-11,REF22386,REF22386,,,bill@paytm,Mobile Recharge,AmazonPay,Matched
RECEIVED FROM RAVI TEJA VIA GPay,RECEIVED FROM RAVI TEJA VIA GPay,20000,20000,2026-08-18,2026-08-18,REF99418,REF99418,,,rent@upi,Bill Payment,Mobikwik,Duplicate
BILL PAYMENT WATER REF:683899474617,BILL PAYMENT WATER REF:683899474617,3000,3000,2026-02-20,2026-04-25,REF42341,REF42341,,,shop@okicici,Bill Payment,Cred,Matched
AmazonPay UPI TRANSFER SURESH PANDIT REF:295406171723,AmazonPay UPI TRANSFER SURESH PANDIT REF:295406171723,550,550,2026-09-14,2026-09-14,REF19424,REF19424,,,user@ibl,Salary Transfer,GPay,Matched
IMPS/996679348069/NEHA CHOPRA/Mobile Recharge,UPI FAILED 226297990022,7500,0,2026-10-20,2026-10-20,REF11702,REF11702,,,user@oksbi,P2M,GPay,UPI Failed
UPI/CR/436443309407/RAHUL SHARMA/Bill Payment,UPI/CR/436443309407/RAHUL SHARMA/Bill Payment,750,750,2026-05-19,2026-05-19,REF89129,REF89129,,,xyz456@ybl,P2M,Mobikwik,Matched
EMI PAYMENT ICICI REF:378414014304,UPI PENDING SETTLEMENT 731096508354,1499,1499,2026-11-01,2026-07-15,REF59993,REF59993,,,merchant@payu,P2P,AmazonPay,Pending Settlement
UPI/CR/980661803357/RAJESH YADAV/Mobile Recharge,UPI REVERSAL 499050443108,650,-650,2026-10-19,2026-10-19,REF67518,REF67518,CHQ5373,CHQ5373,abc123@paytm,EMI Payment,Cred,UPI Reversed
IMPS/942487710024/RAHUL SHARMA/EMI Payment,,10000,0,2026-11-26,2026-07-17,REF33971,,CHQ7778,,user@federal,Subscription,AmazonPay,Unmatched
RECEIVED FROM NEHA CHOPRA VIA Mobikwik,UPI FAILED 554645454503,999,0,2026-07-16,2026-01-06,REF87484,REF87484,,,xyz456@ybl,Bill Payment,PhonePe,UPI Failed
RECHARGE BSNL REF:823671042604,,14999,0,2026-05-27,2026-05-27,REF86463,REF20263,,,user@apl,Mobile Recharge,Mobikwik,Unmatched
NEFT/451601202867/SUNIL VERMA/EMI Payment,,100,0,2026-09-24,2026-09-24,REF45768,,,,user@federal,Bill Payment,Cred,Unmatched
UPI P2P DEEPA KAPOOR 129538763284,UPI FAILED 737385660477,1999,0,2026-04-07,2026-04-07,REF79950,REF79950,,,user@oksbi,Bill Payment,BHIM,UPI Failed
NEFT/915940783790/SUNIL VERMA/Insurance Premium,UPI FAILED 382207371141,1000,0,2026-06-01,2026-06-01,REF60636,REF51186,,,merchant@razorpay,Subscription,Paytm,UPI Failed
RECHARGE BSNL REF:596210297808,,1100,0,2026-12-02,2026-04-27,REF42458,REF27890,,,salary@bank,Salary Transfer,BHIM,Unmatched
UPI P2P KAVITA REDDY 261467729024,UPI P2P KAVITA REDDY 261467729024,2250,2250,2026-09-04,2026-09-04,REF99399,REF99399,CHQ6372,CHQ6372,bill@paytm,Mobile Recharge,AmazonPay,Matched
PAYMENT TO DMART VIA PhonePe,PAYMENT TO DMART VIA PhonePe,150,150,2026-08-28,2026-08-28,REF95891,REF95891,,,salary@bank,Bill Payment,Mobikwik,Duplicate
EMI PAYMENT AXIS REF:481871060346,EMI PAYMENT AXIS REF:481871060346,2250,2250,2026-01-16,2026-01-16,REF21166,REF81008,,,user@oksbi,Merchant Payment,AmazonPay,Matched
INSURANCE PREMIUM ICICI PRUDENTIAL REF:541173798408,INSURANCE PREMIUM ICICI PRUDENTIAL REF:541173798408,4999,4999,2026-09-10,2026-09-10,REF98102,REF98102,,,user@apl,Insurance Premium,BHIM,Matched
PAYMENT TO ICICI BANK VIA GPay,UPI PENDING SETTLEMENT 681775090151,1100,1100,2026-05-02,2026-04-25,REF75006,REF75006,,,store@okaxis,Rent Payment,Cred,Pending Settlement
IMPS/112049662249/RAVI TEJA/Insurance Premium,IMPS/112049662249/RAVI TEJA/Insurance Premium,75000,75000,2026-05-20,2026-05-20,REF26947,REF26947,,,merchant@ccavenue,P2M,Mobikwik,Matched
RECHARGE VI REF:657569079373,,50000,0,2026-05-09,2026-12-19,REF15458,,,,merchant@ccavenue,P2P,PhonePe,Unmatched
BILL PAYMENT GAS REF:606950771036,UPI PENDING SETTLEMENT 766279687929,3000,3000,2026-04-27,2026-10-22,REF95062,REF95062,,,user@apl,P2P,AmazonPay,Pending Settlement
UPI/GPay/370197485661/DEEPA KAPOOR/Bill Payment,UPI/GPay/370197485661/DEEPA KAPOOR/Bill Payment,500,499.95,2026-03-22,2026-11-20,REF70674,REF70674,,,abc123@paytm,Bill Payment,GPay,Partial Match
INSURANCE PREMIUM BAJAJ ALLIANZ REF:105696664003,UPI FAILED 360131632613,500,0,2026-05-17,2026-06-10,REF26311,REF17328,CHQ1533,CHQ1533,bill@paytm,Mobile Recharge,Cred,UPI Failed
INSURANCE PREMIUM ICICI PRUDENTIAL REF:493059108818,,19999,0,2026-11-11,2026-09-06,REF41025,,,,pay@oksbi,Merchant Payment,Mobikwik,Unmatched
EMI PAYMENT SBI REF:577334432744,UPI REVERSAL 749993683861,1750,-1750,2026-11-14,2026-11-14,REF79188,REF79188,CHQ2298,CHQ2298,bill@paytm,P2M,AmazonPay,UPI Reversed
SUBSCRIPTION AMAZON PRIME REF:463442604814,,2999,0,2026-05-19,2026-05-19,REF25090,,CHQ6330,,merchant@razorpay,Mobile Recharge,Paytm,Unmatched
NEFT/357874436666/SURESH PANDIT/EMI Payment,,999,0,2026-09-03,2026-09-03,REF18126,,,,store@okaxis,Insurance Premium,Mobikwik,Unmatched
PAYMENT TO HOTSTAR VIA AmazonPay,PAYMENT TO HOTSTAR VIA AmazonPay,999,999,2026-08-05,2026-08-05,REF47808,REF47808,CHQ5068,CHQ5068,user@ybl,P2P,BHIM,Matched
NEFT/464531766541/KAVITA REDDY/Mobile Recharge,NEFT/464531766541/KAVITA REDDY/Mobile Recharge,1100,1100,2026-07-05,2026-07-05,REF35883,REF35883,,,pay@oksbi,P2M,PhonePe,Matched
BHIM UPI TRANSFER SURESH PANDIT REF:474611329079,BHIM UPI TRANSFER SURESH PANDIT REF:474611329079,2500,2500,2026-03-16,2026-03-16,REF29336,REF29336,,,user@okhdfcbank,Mobile Recharge,Mobikwik,Matched
UPI/CR/790173029843/SUNIL VERMA/P2P,UPI/CR/790173029843/SUNIL VERMA/P2P,2999,2999,2026-04-26,2026-04-26,REF47983,REF47983,,,abc123@paytm,Subscription,Mobikwik,Matched
UPI/CR/830014993686/RAJESH YADAV/Subscription,UPI/CR/830014993686/RAJESH YADAV/Subscription,450,450,2026-01-10,2026-01-10,REF86091,REF86091,,,user@ybl,Mobile Recharge,PhonePe,Matched
UPI/CR/848740055157/NEHA CHOPRA/P2M,UPI/CR/848740055157/NEHA CHOPRA/P2M,15000,15000,2026-07-18,2026-07-18,REF60294,REF97586,CHQ4974,CHQ4974,user@ybl,Rent Payment,AmazonPay,Matched
INSURANCE PREMIUM BAJAJ ALLIANZ REF:699174486599,UPI PENDING SETTLEMENT 543076400031,1000,1000,2026-02-12,2026-05-02,REF36818,REF36818,,,user@apl,Bill Payment,AmazonPay,Pending Settlement
PAYMENT TO HDFC BANK VIA AmazonPay,,14999,0,2026-04-17,2026-04-17,REF48948,REF78122,,,shop@okicici,Insurance Premium,BHIM,Unmatched
SUBSCRIPTION NETFLIX REF:400140776510,,850,0,2026-07-10,2026-07-10,REF73010,,,,user@ibl,P2P,Paytm,Unmatched
RECEIVED FROM ANITA DEVI VIA BHIM,,2999,0,2026-08-15,2026-08-15,REF49629,,,,bill@paytm,Insurance Premium,Cred,Unmatched
INSURANCE PREMIUM ICICI PRUDENTIAL REF:383252545953,INSURANCE PREMIUM ICICI PRUDENTIAL REF:383252545953,850,850,2026-05-21,2026-11-13,REF28897,REF28897,,,salary@bank,P2P,Mobikwik,Matched
BHIM UPI TRANSFER MOHAN LAL REF:515775184659,UPI FAILED 812453574029,2500,0,2026-04-22,2026-04-22,REF95187,REF95187,,,pay@oksbi,Merchant Payment,PhonePe,UPI Failed
IMPS/329642067564/NEHA CHOPRA/P2P,UPI PENDING SETTLEMENT 368441653892,499,499,2026-05-23,2026-01-09,REF78265,REF78265,CHQ9122,CHQ9122,xyz456@ybl,EMI Payment,Cred,Pending Settlement
BILL PAYMENT ELECTRICITY REF:814679957367,BILL PAYMENT ELECTRICITY REF:814679957367,850,850.1,2026-11-24,2026-11-24,REF72780,REF44598,,,shop@okicici,Bill Payment,PhonePe,Partial Match
UPI P2P DEEPA KAPOOR 217729721599,,1000,0,2026-11-17,2026-11-17,REF66530,,,,abc123@paytm,Merchant Payment,GPay,Unmatched
UPI/CR/734072774352/KIRAN SINGH/P2P,UPI/CR/734072774352/KIRAN SINGH/P2P,20000,20000,2026-04-11,2026-04-11,REF81739,REF81739,,,merchant@ccavenue,Merchant Payment,Mobikwik,Matched
Mobikwik UPI TRANSFER RAJESH YADAV REF:623681618917,Mobikwik UPI TRANSFER RAJESH YADAV REF:623681618917,10000,10000,2026-04-18,2026-09-20,REF22555,REF22555,,,user@okhdfcbank,Insurance Premium,GPay,Matched
UPI/BHIM/761970036381/SUNIL VERMA/Mobile Recharge,UPI/BHIM/761970036381/SUNIL VERMA/Mobile Recharge,200,200,2026-06-28,2026-06-28,REF27393,REF27393,,,shop@okicici,P2M,GPay,Matched
IMPS/653965362822/KAVITA REDDY/Insurance Premium,IMPS/653965362822/KAVITA REDDY/Insurance Premium,1100,1100.01,2026-02-01,2026-02-01,REF88032,REF88032,CHQ3292,CHQ3292,user@federal,Bill Payment,Mobikwik,Partial Match
NEFT/593914120239/PRIYA PATEL/P2M,,1000,0,2026-03-14,2026-03-14,REF65703,,,,user@apl,Bill Payment,BHIM,Unmatched
UPI P2M AIRTEL 494999645904,UPI P2M AIRTEL 494999645904,2500,2500,2026-07-15,2026-12-02,REF28198,REF28198,CHQ4964,CHQ4964,merchant@razorpay,Insurance Premium,Cred,Matched
UPI/DR/494965898559/GEETA AGRAWAL/Salary Transfer,UPI/DR/494965898559/GEETA AGRAWAL/Salary Transfer,5000,5000,2026-02-23,2026-10-07,REF78491,REF78491,,,merchant@payu,Bill Payment,Paytm,Matched
IMPS/982935108469/RAHUL SHARMA/EMI Payment,IMPS/982935108469/RAHUL SHARMA/EMI Payment,1000,1001.0,2026-07-11,2026-12-17,REF72007,REF72007,CHQ8247,CHQ8247,user@apl,P2P,PhonePe,Partial Match
UPI P2M AXIS BANK 390698007234,UPI P2M AXIS BANK 390698007234,100000,100000,2026-02-28,2026-02-28,REF95517,REF95517,CHQ6291,CHQ6291,user@ybl,EMI Payment,GPay,Matched
IMPS/410055241112/MEERA JOSHI/Bill Payment,IMPS/410055241112/MEERA JOSHI/Bill Payment,550,550,2026-12-10,2026-12-10,REF35363,REF10379,,,rent@upi,Mobile Recharge,GPay,Matched
NEFT/594923200141/VIKAS GUPTA/Insurance Premium,,5000,0,2026-06-23,2026-11-27,REF91579,REF39356,,,salary@bank,Insurance Premium,GPay,Unmatched
RECHARGE VI REF:696342679279,,9999,0,2026-02-16,2026-02-16,REF41031,,CHQ4915,,user@ybl,EMI Payment,Cred,Unmatched
RECHARGE JIO REF:192726891931,RECHARGE JIO REF:192726891931,499,499,2026-01-17,2026-01-17,REF88926,REF88926,CHQ5222,CHQ5222,abc123@paytm,Mobile Recharge,Mobikwik,Matched
UPI/BHIM/915954093935/RAJESH YADAV/P2P,UPI/BHIM/915954093935/RAJESH YADAV/P2P,3999,3999,2026-05-13,2026-05-13,REF33583,REF33583,CHQ8683,CHQ8683,shop@okicici,Merchant Payment,Cred,Matched
UPI/Mobikwik/222192535863/GEETA AGRAWAL/Merchant Payment,UPI PENDING SETTLEMENT 769971344289,1100,1100,2026-09-28,2026-04-14,REF12617,REF87022,CHQ1432,CHQ1432,salary@bank,Mobile Recharge,Mobikwik,Pending Settlement
RECHARGE JIO REF:175401359884,UPI FAILED 640406875338,450,0,2026-11-22,2026-11-22,REF78666,REF16521,,,salary@bank,Insurance Premium,PhonePe,UPI Failed
RECEIVED FROM SNEHA SINGH VIA Cred,UPI REVERSAL 866180691078,1300,-1300,2026-04-21,2026-04-21,REF51672,REF51672,CHQ6931,CHQ6931,salary@bank,Merchant Payment,PhonePe,UPI Reversed
RECHARGE VI REF:232475264488,RECHARGE VI REF:232475264488,5000,5000,2026-06-02,2026-06-02,REF16384,REF16384,,,user@ibl,Rent Payment,BHIM,Matched
IMPS/694265015792/VIKAS GUPTA/Insurance Premium,UPI FAILED 832819996319,75000,0,2026-08-15,2026-08-15,REF89588,REF89588,,,rent@upi,Mobile Recharge,PhonePe,UPI Failed
UPI P2P LATA MISHRA 763085520727,,7500,0,2026-01-23,2026-01-23,REF59802,,CHQ7976,,xyz456@ybl,Insurance Premium,GPay,Unmatched
Cred UPI TRANSFER DEEPA KAPOOR REF:733873899979,UPI FAILED 244011839966,2999,0,2026-04-02,2026-04-02,REF52065,REF52065,,,pay@oksbi,EMI Payment,PhonePe,UPI Failed
RECHARGE BSNL REF:294697236218,RECHARGE BSNL REF:294697236218,999,999,2026-02-04,2026-10-07,REF34418,REF34418,,,user@axl,EMI Payment,GPay,Matched
GPay UPI TRANSFER KIRAN SINGH REF:284570011174,,20000,0,2026-10-21,2026-10-21,REF46294,REF67590,,,user@ybl,EMI Payment,Paytm,Unmatched
SUBSCRIPTION SPOTIFY REF:644001273837,UPI PENDING SETTLEMENT 184592247579,150,150,2026-04-12,2026-02-23,REF42458,REF42458,,,salary@bank,Merchant Payment,BHIM,Pending Settlement
Cred UPI TRANSFER MOHAN LAL REF:663807546333,Cred UPI TRANSFER MOHAN LAL REF:663807546333,25000,25000,2026-04-07,2026-08-01,REF85578,REF85578,,,bill@paytm,Rent Payment,Paytm,Matched
UPI P2M AXIS BANK 935683082769,UPI P2M AXIS BANK 935683082769,100000,100000,2026-03-28,2026-03-28,REF73803,REF73803,CHQ8765,CHQ8765,user@ibl,Salary Transfer,PhonePe,Matched
UPI/DR/978426345773/AMIT KUMAR/Subscription,UPI/DR/978426345773/AMIT KUMAR/Subscription,19999,19999,2026-10-08,2026-10-08,REF58458,REF37543,,,bill@paytm,P2M,GPay,Matched
SUBSCRIPTION NETFLIX REF:140799975278,SUBSCRIPTION NETFLIX REF:140799975278,650,650,2026-03-10,2026-03-10,REF53820,REF53820,CHQ5650,CHQ5650,merchant@payu,P2M,Mobikwik,Matched
SUBSCRIPTION AMAZON PRIME REF:972954939495,SUBSCRIPTION AMAZON PRIME REF:972954939495,1300,1300,2026-04-22,2026-10-11,REF48679,REF48679,,,user@ibl,Insurance Premium,Cred,Matched
BILL PAYMENT ELECTRICITY REF:555484014891,BILL PAYMENT ELECTRICITY REF:555484014891,7500,7500,2026-06-05,2026-06-05,REF19772,REF19772,,,merchant@payu,P2P,PhonePe,Matched
BILL PAYMENT DTH REF:633034192195,BILL PAYMENT DTH REF:633034192195,1499,1499,2026-12-11,2026-12-11,REF45364,REF45364,,,xyz456@ybl,EMI Payment,Cred,Matched
UPI/Cred/475886469356/ARUN NAIR/EMI Payment,UPI/Cred/475886469356/ARUN NAIR/EMI Payment,550,550.01,2026-12-16,2026-12-16,REF81932,REF81932,,,salary@bank,Merchant Payment,PhonePe,Partial Match
AmazonPay UPI TRANSFER ANITA DEVI REF:228259693501,AmazonPay UPI TRANSFER ANITA DEVI REF:228259693501,75000,75000,2026-01-25,2026-01-25,REF21021,REF21021,,,xyz456@ybl,Salary Transfer,AmazonPay,Matched
UPI/CR/551694874835/VIKAS GUPTA/Merchant Payment,UPI/CR/551694874835/VIKAS GUPTA/Merchant Payment,250,250,2026-03-02,2026-03-02,REF91170,REF91170,CHQ5959,CHQ5959,bill@paytm,Rent Payment,AmazonPay,Matched
UPI P2P NEHA CHOPRA 429098610546,UPI P2P NEHA CHOPRA 429098610546,1750,1750,2026-11-11,2026-11-11,REF89517,REF89517,CHQ7821,CHQ7821,salary@bank,P2M,Paytm,Matched
UPI/PhonePe/227643520578/SNEHA SINGH/P2P,UPI/PhonePe/227643520578/SNEHA SINGH/P2P,450,450,2026-07-27,2026-07-27,REF79942,REF79942,CHQ4863,CHQ4863,user@paytm,Merchant Payment,PhonePe,Matched
INSURANCE PREMIUM SBI LIFE REF:534873161039,INSURANCE PREMIUM SBI LIFE REF:534873161039,20000,20000,2026-05-06,2026-05-06,REF41685,REF41685,,,store@okaxis,Insurance Premium,BHIM,Duplicate
EMI PAYMENT HDFC REF:779183002165,EMI PAYMENT HDFC REF:779183002165,1999,1999,2026-12-28,2026-12-28,REF75432,REF75432,,,user@federal,Merchant Payment,Mobikwik,Matched
SUBSCRIPTION APPLE ICLOUD REF:121697139853,SUBSCRIPTION APPLE ICLOUD REF:121697139853,1750,1750,2026-03-12,2026-07-24,REF46242,REF46242,,,rent@upi,Salary Transfer,Cred,Matched
UPI/Cred/580366336058/NEHA CHOPRA/Merchant Payment,UPI/Cred/580366336058/NEHA CHOPRA/Merchant Payment,999,999,2026-10-07,2026-10-07,REF59981,REF92124,,,store@okaxis,Rent Payment,Cred,Matched
UPI/DR/911679235684/PRIYA PATEL/EMI Payment,,9999,0,2026-06-19,2026-06-19,REF40836,,,,salary@bank,Salary Transfer,PhonePe,Unmatched
BILL PAYMENT ELECTRICITY REF:448713416312,UPI REVERSAL 719753185135,550,-550,2026-01-24,2026-01-24,REF83215,REF83215,,,xyz456@ybl,Bill Payment,Mobikwik,UPI Reversed
UPI P2M CROMA 557433639756,UPI P2M CROMA 557433639756,25000,25000,2026-09-09,2026-10-11,REF57054,REF57054,,,user@federal,P2M,PhonePe,Matched
RECHARGE BSNL REF:878200521258,RECHARGE BSNL REF:878200521258,1500,1500.5,2026-12-23,2026-12-23,REF23041,REF23041,,,user@apl,Subscription,PhonePe,Partial Match
UPI P2P RAHUL SHARMA 764578047788,,25000,0,2026-03-14,2026-04-27,REF73814,REF15182,CHQ8636,,merchant@payu,Bill Payment,Cred,Unmatched
UPI/CR/667536667535/SURESH PANDIT/Salary Transfer,UPI/CR/667536667535/SURESH PANDIT/Salary Transfer,1300,1299.99,2026-12-22,2026-12-22,REF51963,REF51963,CHQ2966,CHQ2966,salary@bank,Subscription,PhonePe,Partial Match
PAYMENT TO DMART VIA PhonePe,PAYMENT TO DMART VIA PhonePe,500,495.0,2026-07-24,2026-07-24,REF53821,REF53821,CHQ5250,CHQ5250,rent@upi,P2M,AmazonPay,Partial Match
IMPS/558294417560/DEEPA KAPOOR/P2P,IMPS/558294417560/DEEPA KAPOOR/P2P,100000,100000.01,2026-02-23,2026-02-23,REF43138,REF43138,,,shop@okicici,P2M,BHIM,Partial Match
PAYMENT TO NETFLIX VIA AmazonPay,UPI FAILED 381301355018,200,0,2026-05-07,2026-05-07,REF94440,REF94440,,,user@axl,Merchant Payment,GPay,UPI Failed
UPI P2P MOHAN LAL 984956469812,UPI P2P MOHAN LAL 984956469812,20000,20000,2026-06-12,2026-06-12,REF53772,REF53772,CHQ8458,CHQ8458,pay@oksbi,Merchant Payment,Cred,Matched
BILL PAYMENT INTERNET REF:753831553470,UPI REVERSAL 565965754438,2999,-2999,2026-10-18,2026-10-18,REF75118,REF75118,CHQ8437,CHQ8437,abc123@paytm,P2M,PhonePe,UPI Reversed
PAYMENT TO HDFC BANK VIA GPay,,50000,0,2026-09-16,2026-09-16,REF39468,,,,user@federal,EMI Payment,Cred,Unmatched
INSURANCE PREMIUM BAJAJ ALLIANZ REF:986952862828,,100000,0,2026-12-22,2026-12-22,REF15249,,,,pay@oksbi,EMI Payment,AmazonPay,Unmatched
IMPS/726666534817/ARUN NAIR/Subscription,IMPS/726666534817/ARUN NAIR/Subscription,100000,100000,2026-10-07,2026-10-07,REF40872,REF40872,,,user@federal,Mobile Recharge,GPay,Matched
IMPS/445816001083/RAHUL SHARMA/Insurance Premium,UPI PENDING SETTLEMENT 481802522821,2999,2999,2026-11-09,2026-06-22,REF34367,REF34367,,,user@apl,EMI Payment,Paytm,Pending Settlement
EMI PAYMENT HDFC REF:142302933603,EMI PAYMENT HDFC REF:142302933603,250,250,2026-12-02,2026-12-02,REF69707,REF12839,CHQ1149,CHQ1149,user@axl,Insurance Premium,Mobikwik,Matched
UPI/CR/292338475889/MOHAN LAL/EMI Payment,UPI PENDING SETTLEMENT 187975856874,200,200,2026-12-10,2026-09-14,REF82345,REF82345,,,shop@okicici,Merchant Payment,Mobikwik,Pending Settlement
RECHARGE AIRTEL REF:166561535337,RECHARGE AIRTEL REF:166561535337,1750,1750,2026-01-08,2026-01-08,REF41744,REF41744,,,user@axl,Mobile Recharge,PhonePe,Matched
UPI/DR/368279036854/VIKAS GUPTA/Rent Payment,UPI/DR/368279036854/VIKAS GUPTA/Rent Payment,500,499.95,2026-04-21,2026-04-21,REF17477,REF67974,,,bill@paytm,Salary Transfer,AmazonPay,Partial Match
UPI P2M AMAZON 730679358029,UPI P2M AMAZON 730679358029,999,999,2026-07-25,2026-07-25,REF47802,REF47802,,,abc123@paytm,Subscription,Mobikwik,Matched
RECEIVED FROM ANITA DEVI VIA GPay,RECEIVED FROM ANITA DEVI VIA GPay,1750,1750,2026-05-07,2026-05-07,REF30258,REF30258,,,user@axl,P2P,Mobikwik,Matched
EMI PAYMENT SBI REF:463735737025,EMI PAYMENT SBI REF:463735737025,1200,1199.99,2026-11-03,2026-11-03,REF24882,REF24882,,,user@oksbi,Bill Payment,Cred,Partial Match
GPay UPI TRANSFER VIKAS GUPTA REF:156710330810,,550,0,2026-04-18,2026-04-18,REF44801,,,,user@oksbi,Subscription,GPay,Unmatched
UPI P2P ARUN KUMAR 940387985019,UPI PENDING SETTLEMENT 538749050282,10000,10000,2026-08-25,2026-09-05,REF51514,REF51514,,,user@ybl,Rent Payment,GPay,Pending Settlement
PhonePe UPI TRANSFER ANITA DEVI REF:825214243272,PhonePe UPI TRANSFER ANITA DEVI REF:825214243272,450,450,2026-09-02,2026-09-02,REF37034,REF32465,CHQ6460,CHQ6460,user@paytm,EMI Payment,GPay,Matched
PAYMENT TO ICICI BANK VIA Cred,UPI PENDING SETTLEMENT 638985498990,2000,2000,2026-06-06,2026-10-13,REF46765,REF46765,CHQ8755,CHQ8755,user@ibl,Salary Transfer,PhonePe,Pending Settlement
UPI P2M AMAZON 985975782454,UPI P2M AMAZON 985975782454,1999,1999,2026-07-05,2026-07-05,REF98027,REF37248,,,salary@bank,Bill Payment,Mobikwik,Matched
RECEIVED FROM MOHAN LAL VIA PhonePe,RECEIVED FROM MOHAN LAL VIA PhonePe,550,550,2026-05-26,2026-05-26,REF56429,REF56429,CHQ8128,CHQ8128,user@ybl,Salary Transfer,Mobikwik,Duplicate
RECHARGE BSNL REF:997589018742,UPI PENDING SETTLEMENT 532441520936,1200,1200,2026-12-16,2026-01-07,REF48882,REF48882,,,user@apl,Salary Transfer,Paytm,Pending Settlement
BILL PAYMENT DTH REF:660911934249,BILL PAYMENT DTH REF:660911934249,1000,1000,2026-08-19,2026-08-19,REF44681,REF44681,,,user@axl,Salary Transfer,Cred,Matched
UPI P2P RAVI TEJA 785954614570,UPI P2P RAVI TEJA 785954614570,2500,2499.95,2026-08-24,2026-03-07,REF23955,REF46681,,,merchant@ccavenue,Subscription,Mobikwik,Partial Match
UPI/Cred/527245294932/GEETA AGRAWAL/P2P,UPI REVERSAL 514689535399,350,-350,2026-11-12,2026-11-12,REF23015,REF23015,,,user@oksbi,P2P,Paytm,UPI Reversed
UPI/BHIM/245189896196/ANITA DEVI/Mobile Recharge,UPI/BHIM/245189896196/ANITA DEVI/Mobile Recharge,2000,2000,2026-08-25,2026-08-25,REF65050,REF65050,,,merchant@ccavenue,EMI Payment,Cred,Matched
INSURANCE PREMIUM BAJAJ ALLIANZ REF:352337955042,INSURANCE PREMIUM BAJAJ ALLIANZ REF:352337955042,1000,1000,2026-06-04,2026-06-04,REF15382,REF15382,,,merchant@payu,P2M,Paytm,Matched
BILL PAYMENT MOBILE REF:377569306811,BILL PAYMENT MOBILE REF:377569306811,550,550,2026-06-16,2026-06-16,REF42587,REF42587,,,rent@upi,Salary Transfer,AmazonPay,Matched
RECEIVED FROM RAHUL SHARMA VIA BHIM,RECEIVED FROM RAHUL SHARMA VIA BHIM,1200,1200,2026-03-20,2026-03-20,REF72434,REF50808,CHQ5508,CHQ5508,user@ybl,Merchant Payment,Cred,Matched
BILL PAYMENT ELECTRICITY REF:767322461759,UPI REVERSAL 236378845501,5000,-5000,2026-01-18,2026-01-18,REF95879,REF95879,,,user@ibl,EMI Payment,PhonePe,UPI Reversed
BILL PAYMENT ELECTRICITY REF:455192405086,BILL PAYMENT ELECTRICITY REF:455192405086,1750,1750,2026-06-15,2026-06-15,REF91402,REF91402,,,rent@upi,Rent Payment,AmazonPay,Matched
UPI P2M JIO 103709666935,UPI P2M JIO 103709666935,500,500,2026-08-17,2026-08-17,REF91955,REF91955,,,pay@oksbi,EMI Payment,Paytm,Matched
UPI P2P SNEHA SINGH 744266079620,UPI REVERSAL 590175752941,850,-850,2026-07-20,2026-07-20,REF48177,REF48177,,,user@federal,P2M,AmazonPay,UPI Reversed
NEFT/859209223004/KAVITA REDDY/Rent Payment,UPI PENDING SETTLEMENT 762695819157,2500,2500,2026-02-16,2026-04-28,REF60602,REF60602,,,shop@okicici,Subscription,BHIM,Pending Settlement
UPI/DR/711782098573/NEHA CHOPRA/EMI Payment,UPI/DR/711782098573/NEHA CHOPRA/EMI Payment,750,750,2026-02-02,2026-02-02,REF61811,REF69995,,,shop@okicici,Mobile Recharge,GPay,Matched
Paytm UPI TRANSFER NEHA CHOPRA REF:818273795254,,50000,0,2026-10-07,2026-10-07,REF24354,,,,bill@paytm,Merchant Payment,Paytm,Unmatched
INSURANCE PREMIUM STAR HEALTH REF:698883968165,UPI PENDING SETTLEMENT 739032585425,750,750,2026-09-27,2026-03-14,REF68596,REF87265,,,user@ybl,Bill Payment,Cred,Pending Settlement
SUBSCRIPTION GOOGLE ONE REF:616079127550,UPI PENDING SETTLEMENT 656884307374,20000,20000,2026-01-01,2026-10-12,REF82426,REF82426,CHQ8501,CHQ8501,user@apl,Merchant Payment,Cred,Pending Settlement
UPI P2P RAHUL SHARMA 528532909396,UPI P2P RAHUL SHARMA 528532909396,950,950,2026-11-20,2026-11-20,REF16052,REF16052,,,user@ibl,P2M,Mobikwik,Matched
IMPS/803609335038/RAJESH YADAV/Rent Payment,UPI PENDING SETTLEMENT 648623518918,1300,1300,2026-12-26,2026-01-14,REF67827,REF67827,CHQ1452,CHQ1452,xyz456@ybl,P2M,Mobikwik,Pending Settlement
IMPS/136271598926/KIRAN SINGH/Insurance Premium,IMPS/136271598926/KIRAN SINGH/Insurance Premium,1300,1300,2026-02-22,2026-08-14,REF93483,REF93483,CHQ7251,CHQ7251,merchant@payu,P2M,Paytm,Matched
SUBSCRIPTION GOOGLE ONE REF:978276972224,SUBSCRIPTION GOOGLE ONE REF:978276972224,75000,75000,2026-09-24,2026-09-24,REF75466,REF75466,,,abc123@paytm,Bill Payment,Cred,Duplicate
UPI/CR/906276141523/RAVI TEJA/Subscription,UPI/CR/906276141523/RAVI TEJA/Subscription,2000,2000,2026-04-23,2026-04-23,REF38678,REF38678,,,merchant@payu,P2M,Paytm,Matched
UPI/DR/606867552589/SNEHA SINGH/P2P,UPI FAILED 903633319260,1750,0,2026-08-03,2026-08-03,REF57628,REF95184,CHQ5356,CHQ5356,xyz456@ybl,P2P,Paytm,UPI Failed
RECEIVED FROM AMIT KUMAR VIA Mobikwik,RECEIVED FROM AMIT KUMAR VIA Mobikwik,850,850,2026-06-27,2026-06-27,REF72106,REF72106,CHQ7305,CHQ7305,xyz456@ybl,P2P,AmazonPay,Matched
UPI/DR/836587466512/ARUN NAIR/EMI Payment,UPI/DR/836587466512/ARUN NAIR/EMI Payment,500,500,2026-05-19,2026-05-19,REF91684,REF91684,,,rent@upi,Rent Payment,BHIM,Matched
PAYMENT TO AMAZON VIA BHIM,UPI PENDING SETTLEMENT 356321236916,9999,9999,2026-03-20,2026-11-17,REF80282,REF80282,,,user@ybl,P2P,BHIM,Pending Settlement
UPI/PhonePe/556577743677/KIRAN SINGH/Merchant Payment,UPI/PhonePe/556577743677/KIRAN SINGH/Merchant Payment,7500,7499.95,2026-02-18,2026-09-09,REF34892,REF24220,CHQ4916,CHQ4916,user@paytm,Subscription,Paytm,Partial Match
RECEIVED FROM RAVI TEJA VIA PhonePe,RECEIVED FROM RAVI TEJA VIA PhonePe,750,750,2026-05-07,2026-05-07,REF64010,REF55408,,,bill@paytm,Bill Payment,Paytm,Matched
PAYMENT TO JIO VIA Cred,PAYMENT TO JIO VIA Cred,1100,1100,2026-10-14,2026-10-14,REF42432,REF42432,,,salary@bank,EMI Payment,Cred,Matched
RECEIVED FROM SUNIL VERMA VIA AmazonPay,RECEIVED FROM SUNIL VERMA VIA AmazonPay,14999,14999,2026-12-19,2026-10-10,REF24528,REF24528,CHQ8080,CHQ8080,pay@oksbi,Subscription,Cred,Duplicate
AmazonPay UPI TRANSFER VIKAS GUPTA REF:530338226205,UPI PENDING SETTLEMENT 993741702521,7500,7500,2026-07-16,2026-08-27,REF84001,REF84001,CHQ1796,CHQ1796,user@okhdfcbank,Salary Transfer,Mobikwik,Pending Settlement
EMI PAYMENT SBI REF:782886090701,EMI PAYMENT SBI REF:782886090701,19999,19999,2026-02-19,2026-02-19,REF15434,REF60160,,,user@axl,Mobile Recharge,BHIM,Matched
UPI/PhonePe/203232336307/GEETA AGRAWAL/Bill Payment,UPI REVERSAL 363380419669,2500,-2500,2026-05-07,2026-05-07,REF27232,REF27232,,,user@ibl,P2P,PhonePe,UPI Reversed
PAYMENT TO SWIGGY VIA Cred,PAYMENT TO SWIGGY VIA Cred,100000,100000,2026-04-25,2026-04-25,REF55419,REF55419,,,merchant@ccavenue,Bill Payment,PhonePe,Matched
RECHARGE VI REF:802589035742,,200,0,2026-10-01,2026-10-01,REF71349,,,,user@federal,Bill Payment,PhonePe,Unmatched
PAYMENT TO HOTSTAR VIA Paytm,PAYMENT TO HOTSTAR VIA Paytm,1300,1299.9,2026-06-16,2026-03-13,REF39522,REF39522,,,shop@okicici,Subscription,GPay,Partial Match
BILL PAYMENT INTERNET REF:736716287931,BILL PAYMENT INTERNET REF:736716287931,500,500,2026-11-04,2026-11-04,REF37222,REF37222,CHQ4646,CHQ4646,shop@okicici,Merchant Payment,BHIM,Matched
SUBSCRIPTION SPOTIFY REF:807007597892,UPI FAILED 856394945996,2000,0,2026-10-28,2026-10-28,REF89124,REF89124,CHQ4621,CHQ4621,store@okaxis,EMI Payment,AmazonPay,UPI Failed
SUBSCRIPTION NETFLIX REF:498519331004,SUBSCRIPTION NETFLIX REF:498519331004,250,250,2026-12-13,2026-12-13,REF95648,REF95648,CHQ6328,CHQ6328,user@ibl,Mobile Recharge,PhonePe,Matched
INSURANCE PREMIUM BAJAJ ALLIANZ REF:530422684018,INSURANCE PREMIUM BAJAJ ALLIANZ REF:530422684018,25000,25000,2026-03-06,2026-03-06,REF10977,REF10977,,,store@okaxis,Subscription,Cred,Matched
UPI P2P RAVI TEJA 607481355164,,10000,0,2026-04-18,2026-04-18,REF58776,,,,user@ybl,Subscription,PhonePe,Unmatched
UPI/Paytm/664110051961/SURESH PANDIT/Subscription,UPI FAILED 418864081050,3000,0,2026-09-22,2026-09-22,REF50509,REF50509,CHQ1455,CHQ1455,merchant@ccavenue,Bill Payment,PhonePe,UPI Failed
RECHARGE JIO REF:488172878153,UPI REVERSAL 933172593937,1750,-1750,2026-06-16,2026-06-04,REF36740,REF36740,,,pay@oksbi,Subscription,AmazonPay,UPI Reversed
UPI P2P ARUN NAIR 497569316302,UPI REVERSAL 801180413939,2500,-2500,2026-03-19,2026-03-19,REF61794,REF61794,CHQ9451,CHQ9451,merchant@payu,Merchant Payment,PhonePe,UPI Reversed
SUBSCRIPTION SPOTIFY REF:470507781429,SUBSCRIPTION SPOTIFY REF:470507781429,950,950,2026-01-09,2026-01-09,REF19186,REF50224,,,merchant@payu,Salary Transfer,Mobikwik,Matched
RECEIVED FROM LATA MISHRA VIA AmazonPay,,100000,0,2026-11-07,2026-11-07,REF89444,,,,user@okhdfcbank,Mobile Recharge,AmazonPay,Unmatched
UPI/Cred/385860103633/GEETA AGRAWAL/Salary Transfer,UPI/Cred/385860103633/GEETA AGRAWAL/Salary Transfer,1999,1999,2026-08-18,2026-08-18,REF37842,REF37842,,,xyz456@ybl,Insurance Premium,Cred,Matched
UPI/DR/655933272613/VIKAS GUPTA/Subscription,UPI FAILED 798211648487,1100,0,2026-11-27,2026-11-27,REF10638,REF10638,,,bill@paytm,Merchant Payment,Cred,UPI Failed
INSURANCE PREMIUM BAJAJ ALLIANZ REF:120309940568,INSURANCE PREMIUM BAJAJ ALLIANZ REF:120309940568,5000,4999.95,2026-07-13,2026-07-13,REF84129,REF84129,CHQ3397,CHQ3397,merchant@payu,Insurance Premium,PhonePe,Partial Match
NEFT/554759594838/ANITA DEVI/Mobile Recharge,UPI FAILED 486744508521,19999,0,2026-05-14,2026-10-24,REF64550,REF64550,,,xyz456@ybl,P2M,AmazonPay,UPI Failed
UPI P2M HDFC BANK 666377719210,UPI P2M HDFC BANK 666377719210,50000,50000,2026-05-20,2026-05-20,REF43399,REF43399,CHQ5027,CHQ5027,abc123@paytm,P2M,AmazonPay,Matched
Paytm UPI TRANSFER MEERA JOSHI REF:455225047170,UPI PENDING SETTLEMENT 914236902688,1999,1999,2026-04-18,2026-04-09,REF13625,REF13625,,,merchant@razorpay,Bill Payment,BHIM,Pending Settlement
GPay UPI TRANSFER NEHA CHOPRA REF:963157188351,UPI PENDING SETTLEMENT 787220124273,1200,1200,2026-09-25,2026-03-08,REF58111,REF58111,,,merchant@ccavenue,P2M,PhonePe,Pending Settlement
RECHARGE AIRTEL REF:801776086746,RECHARGE AIRTEL REF:801776086746,250,250,2026-03-08,2026-03-08,REF26016,REF73426,,,user@oksbi,Merchant Payment,AmazonPay,Matched
UPI/DR/370362093748/SNEHA SINGH/Subscription,UPI/DR/370362093748/SNEHA SINGH/Subscription,4999,4999,2026-11-25,2026-11-25,REF20378,REF37861,CHQ7163,CHQ7163,merchant@payu,Mobile Recharge,Mobikwik,Matched
IMPS/959932848036/SNEHA SINGH/EMI Payment,IMPS/959932848036/SNEHA SINGH/EMI Payment,1500,1500,2026-02-15,2026-02-15,REF92097,REF92097,,,user@paytm,Merchant Payment,BHIM,Matched
UPI/PhonePe/138251466665/PRIYA PATEL/Rent Payment,UPI/PhonePe/138251466665/PRIYA PATEL/Rent Payment,1500,1500,2026-03-27,2026-03-27,REF36856,REF36856,,,user@paytm,EMI Payment,Mobikwik,Matched
SUBSCRIPTION GOOGLE ONE REF:294195636219,UPI FAILED 221205018890,2500,0,2026-11-28,2026-11-28,REF15627,REF15627,CHQ2446,CHQ2446,abc123@paytm,Mobile Recharge,PhonePe,UPI Failed
INSURANCE PREMIUM STAR HEALTH REF:339423435972,,1500,0,2026-02-26,2026-02-26,REF66755,,CHQ8672,,shop@okicici,Merchant Payment,AmazonPay,Unmatched
UPI P2P MOHAN LAL 465483895723,UPI P2P MOHAN LAL 465483895723,3000,3000,2026-01-20,2026-01-20,REF85153,REF85153,,,user@federal,Bill Payment,Cred,Matched
NEFT/842794939339/RAJESH YADAV/Rent Payment,NEFT/842794939339/RAJESH YADAV/Rent Payment,1300,1300,2026-06-26,2026-06-26,REF51907,REF51907,,,rent@upi,Mobile Recharge,BHIM,Duplicate
PAYMENT TO AIRTEL VIA BHIM,UPI PENDING SETTLEMENT 469540435768,200,200,2026-11-15,2026-09-08,REF61472,REF61472,,,user@paytm,P2M,BHIM,Pending Settlement
PAYMENT TO STAR HEALTH VIA PhonePe,UPI PENDING SETTLEMENT 275025958136,20000,20000,2026-03-01,2026-02-27,REF57317,REF57317,,,merchant@ccavenue,Subscription,AmazonPay,Pending Settlement
INSURANCE PREMIUM LIC REF:755489108204,INSURANCE PREMIUM LIC REF:755489108204,19999,19999,2026-12-27,2026-12-27,REF45804,REF21628,CHQ8776,CHQ8776,xyz456@ybl,Mobile Recharge,AmazonPay,Matched
EMI PAYMENT HDFC REF:584720591552,EMI PAYMENT HDFC REF:584720591552,1300,1300,2026-12-22,2026-12-22,REF89189,REF89189,,,user@okhdfcbank,Bill Payment,AmazonPay,Matched
RECEIVED FROM PRIYA PATEL VIA Mobikwik,UPI PENDING SETTLEMENT 243187028460,1750,1750,2026-08-14,2026-05-19,REF19335,REF19335,,,pay@oksbi,P2P,AmazonPay,Pending Settlement
UPI/CR/565788561003/ARUN NAIR/Insurance Premium,UPI/CR/565788561003/ARUN NAIR/Insurance Premium,2999,2999,2026-01-09,2026-08-15,REF55876,REF55876,CHQ6002,CHQ6002,merchant@razorpay,EMI Payment,Mobikwik,Matched
UPI/Paytm/778859604649/ANITA DEVI/Rent Payment,UPI/Paytm/778859604649/ANITA DEVI/Rent Payment,999,999,2026-08-06,2026-08-06,REF70106,REF70106,CHQ4115,CHQ4115,pay@oksbi,P2P,PhonePe,Matched
NEFT/773517776462/RAVI TEJA/Subscription,UPI REVERSAL 741017263060,1999,-1999,2026-05-09,2026-05-09,REF27736,REF27736,,,xyz456@ybl,EMI Payment,PhonePe,UPI Reversed
PhonePe UPI TRANSFER SURESH PANDIT REF:705922994430,UPI REVERSAL 215328889891,100000,-100000,2026-01-13,2026-01-13,REF92676,REF92676,,,user@ibl,P2P,GPay,UPI Reversed
INSURANCE PREMIUM STAR HEALTH REF:199356305459,INSURANCE PREMIUM STAR HEALTH REF:199356305459,1499,1499,2026-09-14,2026-09-14,REF33848,REF33848,CHQ4194,CHQ4194,user@ibl,Mobile Recharge,Paytm,Matched
SUBSCRIPTION NETFLIX REF:912252160477,SUBSCRIPTION NETFLIX REF:912252160477,3999,3999,2026-05-10,2026-05-10,REF84400,REF84400,,,user@okhdfcbank,Rent Payment,AmazonPay,Matched
UPI/GPay/790872519775/MEERA JOSHI/EMI Payment,UPI REVERSAL 826930410336,50000,-50000,2026-08-21,2026-08-21,REF90013,REF90013,,,bill@paytm,Insurance Premium,PhonePe,UPI Reversed
SUBSCRIPTION APPLE ICLOUD REF:453064769123,SUBSCRIPTION APPLE ICLOUD REF:453064769123,100,100,2026-01-15,2026-02-26,REF51429,REF51429,CHQ5277,CHQ5277,bill@paytm,Bill Payment,Mobikwik,Matched
INSURANCE PREMIUM SBI LIFE REF:295716660337,INSURANCE PREMIUM SBI LIFE REF:295716660337,200,200,2026-12-17,2026-12-17,REF22031,REF22031,,,user@apl,Insurance Premium,AmazonPay,Matched
RECHARGE AIRTEL REF:525109330267,UPI FAILED 756549827267,4999,0,2026-07-04,2026-07-04,REF13471,REF13471,,,store@okaxis,Mobile Recharge,AmazonPay,UPI Failed
EMI PAYMENT HDFC REF:976804839493,EMI PAYMENT HDFC REF:976804839493,50000,50000,2026-08-03,2026-06-01,REF55874,REF55874,,,merchant@razorpay,Bill Payment,GPay,Matched
UPI/DR/383080324392/PRIYA PATEL/Salary Transfer,,5000,0,2026-01-18,2026-01-18,REF61263,,CHQ5329,,user@axl,Merchant Payment,Paytm,Unmatched
PAYMENT TO AXIS BANK VIA Mobikwik,PAYMENT TO AXIS BANK VIA Mobikwik,750,750,2026-05-03,2026-05-03,REF46472,REF46472,CHQ3235,CHQ3235,pay@oksbi,Bill Payment,Mobikwik,Matched
IMPS/174831807993/DEEPA KAPOOR/EMI Payment,,2250,0,2026-12-14,2026-12-14,REF37962,,CHQ9024,,merchant@payu,Salary Transfer,PhonePe,Unmatched
UPI P2P ARUN KUMAR 626128822970,UPI P2P ARUN KUMAR 626128822970,100000,100000,2026-12-21,2026-12-21,REF23068,REF23068,,,rent@upi,P2M,Paytm,Matched
NEFT/723757608389/ARUN NAIR/P2P,NEFT/723757608389/ARUN NAIR/P2P,14999,14999,2026-11-13,2026-11-13,REF65775,REF65775,CHQ7867,CHQ7867,store@okaxis,Subscription,GPay,Matched
UPI P2P PRIYA PATEL 189529712175,UPI PENDING SETTLEMENT 962757779535,100000,100000,2026-11-10,2026-03-28,REF23603,REF23603,,,user@ybl,Rent Payment,Paytm,Pending Settlement
Paytm UPI TRANSFER DEEPA KAPOOR REF:356122654446,UPI PENDING SETTLEMENT 851280610371,4999,4999,2026-06-02,2026-06-25,REF68623,REF68623,CHQ7837,CHQ7837,user@apl,Insurance Premium,Mobikwik,Pending Settlement
EMI PAYMENT AXIS REF:979392339936,EMI PAYMENT AXIS REF:979392339936,4999,4999,2026-11-02,2026-08-19,REF20786,REF32268,,,merchant@payu,Salary Transfer,Paytm,Matched
EMI PAYMENT HDFC REF:458320981396,UPI FAILED 101879721012,15000,0,2026-11-17,2026-11-17,REF54488,REF54488,,,user@okhdfcbank,EMI Payment,AmazonPay,UPI Failed
UPI/Paytm/255833733736/ARUN NAIR/Bill Payment,UPI REVERSAL 411879166224,9999,-9999,2026-08-13,2026-08-13,REF42460,REF42460,,,shop@okicici,Merchant Payment,GPay,UPI Reversed
RECEIVED FROM RAHUL SHARMA VIA Paytm,RECEIVED FROM RAHUL SHARMA VIA Paytm,7500,7500,2026-08-05,2026-08-05,REF78325,REF78325,,,merchant@ccavenue,Bill Payment,Cred,Matched
NEFT/882123893866/LATA MISHRA/Subscription,,999,0,2026-06-10,2026-06-10,REF46879,,,,shop@okicici,P2P,Cred,Unmatched
UPI/DR/764132773674/RAJESH YADAV/Rent Payment,UPI/DR/764132773674/RAJESH YADAV/Rent Payment,20000,20000,2026-07-16,2026-07-16,REF64158,REF64158,,,user@apl,Subscription,Paytm,Matched
PAYMENT TO SPOTIFY VIA AmazonPay,PAYMENT TO SPOTIFY VIA AmazonPay,25000,24999.99,2026-04-12,2026-04-12,REF24554,REF24554,,,user@federal,EMI Payment,PhonePe,Partial Match
UPI/DR/780912760178/VIKAS GUPTA/P2M,UPI/DR/780912760178/VIKAS GUPTA/P2M,150,150,2026-06-24,2026-06-24,REF13734,REF13734,,,shop@okicici,Merchant Payment,Mobikwik,Matched
UPI/DR/582692077989/KAVITA REDDY/Mobile Recharge,UPI/DR/582692077989/KAVITA REDDY/Mobile Recharge,1200,1195.0,2026-07-10,2026-10-15,REF83726,REF83726,CHQ5177,CHQ5177,user@apl,P2P,PhonePe,Partial Match
UPI/DR/724646223474/ARUN NAIR/P2P,UPI FAILED 299914398092,10000,0,2026-08-15,2026-08-15,REF24635,REF24635,,,rent@upi,Salary Transfer,GPay,UPI Failed
INSURANCE PREMIUM BAJAJ ALLIANZ REF:889532023307,UPI FAILED 942893436006,150,0,2026-07-22,2026-07-22,REF48431,REF48431,CHQ8087,CHQ8087,salary@bank,P2P,GPay,UPI Failed
UPI P2P MOHAN LAL 431442089447,UPI P2P MOHAN LAL 431442089447,999,999,2026-10-16,2026-10-16,REF73972,REF73972,,,user@axl,Subscription,BHIM,Matched
SUBSCRIPTION SPOTIFY REF:778318437895,UPI PENDING SETTLEMENT 397389176942,750,750,2026-08-16,2026-12-28,REF14253,REF14253,CHQ9114,CHQ9114,user@oksbi,Subscription,GPay,Pending Settlement
NEFT/920392770698/ARUN KUMAR/P2M,NEFT/920392770698/ARUN KUMAR/P2M,5000,5000,2026-08-12,2026-08-12,REF47824,REF47824,,,merchant@ccavenue,Merchant Payment,Mobikwik,Matched
UPI P2M HOTSTAR 853723320664,UPI FAILED 844815532698,1750,0,2026-02-23,2026-07-18,REF52611,REF52611,,,salary@bank,Mobile Recharge,GPay,UPI Failed
UPI P2M AIRTEL 924351207005,UPI FAILED 467593419180,950,0,2026-02-28,2026-02-28,REF19404,REF19404,,,merchant@razorpay,Mobile Recharge,Paytm,UPI Failed
RECEIVED FROM MOHAN LAL VIA AmazonPay,UPI PENDING SETTLEMENT 433089514290,100000,100000,2026-09-27,2026-09-16,REF60834,REF60834,,,shop@okicici,Bill Payment,GPay,Pending Settlement
INSURANCE PREMIUM BAJAJ ALLIANZ REF:161093619972,UPI FAILED 247104518209,5000,0,2026-06-27,2026-03-16,REF83845,REF83845,CHQ7913,CHQ7913,user@axl,Subscription,AmazonPay,UPI Failed
EMI PAYMENT AXIS REF:220301954376,UPI PENDING SETTLEMENT 528690581097,200,200,2026-09-12,2026-01-14,REF97471,REF97471,,,user@paytm,Subscription,PhonePe,Pending Settlement
PAYMENT TO HOTSTAR VIA BHIM,PAYMENT TO HOTSTAR VIA BHIM,100000,100000,2026-02-01,2026-02-01,REF49055,REF49055,CHQ1578,CHQ1578,pay@oksbi,Bill Payment,GPay,Matched
UPI/Mobikwik/943138750533/SURESH PANDIT/Subscription,UPI/Mobikwik/943138750533/SURESH PANDIT/Subscription,950,950,2026-02-04,2026-02-04,REF82979,REF82979,,,user@apl,Rent Payment,GPay,Matched
UPI P2M BAJAJ FINSERV 875982904426,UPI REVERSAL 611438701553,1200,-1200,2026-02-21,2026-02-21,REF31440,REF31440,,,merchant@ccavenue,Subscription,BHIM,UPI Reversed
IMPS/814649413363/LATA MISHRA/P2M,IMPS/814649413363/LATA MISHRA/P2M,4999,4999,2026-09-09,2026-09-09,REF54077,REF54077,,,user@ybl,Merchant Payment,Cred,Matched
NEFT/637836913923/DEEPA KAPOOR/Bill Payment,UPI REVERSAL 595701721643,350,-350,2026-03-28,2026-03-28,REF68748,REF86290,CHQ6407,CHQ6407,user@ybl,Bill Payment,GPay,UPI Reversed
RECEIVED FROM PRIYA PATEL VIA Cred,RECEIVED FROM PRIYA PATEL VIA Cred,1999,1999,2026-10-03,2026-10-03,REF75601,REF75601,,,bill@paytm,Bill Payment,AmazonPay,Matched
UPI/AmazonPay/108200479537/SNEHA SINGH/Insurance Premium,,1000,0,2026-04-13,2026-04-13,REF21127,,,,abc123@paytm,Merchant Payment,AmazonPay,Unmatched
UPI/Paytm/250146932042/KIRAN SINGH/Mobile Recharge,UPI PENDING SETTLEMENT 307431899183,100000,100000,2026-09-28,2026-11-28,REF44542,REF44542,,,user@federal,Insurance Premium,BHIM,Pending Settlement
UPI P2M HDFC BANK 537500148676,UPI P2M HDFC BANK 537500148676,1000,1000.5,2026-12-12,2026-12-12,REF87901,REF87901,,,merchant@ccavenue,Salary Transfer,Cred,Partial Match
SUBSCRIPTION APPLE ICLOUD REF:940887181651,UPI REVERSAL 952816955802,19999,-19999,2026-08-01,2026-08-01,REF64403,REF64403,,,user@ybl,Rent Payment,BHIM,UPI Reversed
INSURANCE PREMIUM LIC REF:247911547934,,100,0,2026-10-20,2026-08-06,REF65957,,,,user@paytm,Bill Payment,Cred,Unmatched
NEFT/378203692481/MOHAN LAL/Insurance Premium,,450,0,2026-07-22,2026-04-19,REF52726,,,,shop@okicici,Insurance Premium,BHIM,Unmatched
NEFT/999327898556/ARUN KUMAR/Subscription,NEFT/999327898556/ARUN KUMAR/Subscription,50000,50000,2026-07-18,2026-07-18,REF95695,REF95695,,,user@ybl,EMI Payment,AmazonPay,Matched
UPI P2M DMART 235436639018,UPI PENDING SETTLEMENT 458902717081,150,150,2026-05-16,2026-09-02,REF76635,REF76635,CHQ1535,CHQ1535,user@axl,Subscription,GPay,Pending Settlement
AmazonPay UPI TRANSFER RAHUL SHARMA REF:614483230556,AmazonPay UPI TRANSFER RAHUL SHARMA REF:614483230556,150,155.0,2026-05-13,2026-05-13,REF67806,REF67806,CHQ4797,CHQ4797,xyz456@ybl,Salary Transfer,PhonePe,Partial Match
BILL PAYMENT DTH REF:138523351685,BILL PAYMENT DTH REF:138523351685,499,498.95,2026-02-17,2026-02-17,REF38709,REF38709,,,rent@upi,Mobile Recharge,Cred,Partial Match
UPI/Cred/793029316751/AMIT KUMAR/P2P,UPI/Cred/793029316751/AMIT KUMAR/P2P,75000,75000.05,2026-03-22,2026-03-22,REF85682,REF85682,,,salary@bank,P2P,Cred,Partial Match
EMI PAYMENT AXIS REF:253637852024,UPI REVERSAL 322884079657,3000,-3000,2026-12-17,2026-12-17,REF85659,REF85659,CHQ2163,CHQ2163,user@paytm,Bill Payment,AmazonPay,UPI Reversed
PAYMENT TO NETFLIX VIA Cred,UPI FAILED 785621259005,950,0,2026-04-06,2026-04-06,REF84511,REF68683,,,merchant@payu,Subscription,Mobikwik,UPI Failed
RECEIVED FROM SNEHA SINGH VIA GPay,RECEIVED FROM SNEHA SINGH VIA GPay,750,750,2026-08-17,2026-08-17,REF64389,REF64389,,,store@okaxis,Insurance Premium,GPay,Matched
SUBSCRIPTION SPOTIFY REF:833635366503,UPI FAILED 651291357916,1300,0,2026-06-26,2026-04-22,REF67390,REF67390,,,user@paytm,Bill Payment,BHIM,UPI Failed
PAYMENT TO AXIS BANK VIA PhonePe,PAYMENT TO AXIS BANK VIA PhonePe,150,150,2026-06-25,2026-06-25,REF70992,REF46936,,,shop@okicici,Insurance Premium,Paytm,Matched
UPI/CR/919026142912/ARUN NAIR/Merchant Payment,UPI REVERSAL 819060250564,1999,-1999,2026-03-28,2026-03-28,REF52354,REF89107,,,user@ybl,P2M,Mobikwik,UPI Reversed
UPI/CR/998090656875/ARUN NAIR/Bill Payment,,1100,0,2026-05-24,2026-05-24,REF65110,,,,shop@okicici,Rent Payment,GPay,Unmatched
RECEIVED FROM RAJESH YADAV VIA Paytm,UPI PENDING SETTLEMENT 919250211729,999,999,2026-07-02,2026-06-13,REF42587,REF42587,CHQ5902,CHQ5902,merchant@ccavenue,Rent Payment,AmazonPay,Pending Settlement
NEFT/498941202266/ARUN NAIR/EMI Payment,NEFT/498941202266/ARUN NAIR/EMI Payment,19999,19999,2026-03-13,2026-03-13,REF35215,REF35215,,,merchant@payu,Mobile Recharge,Cred,Matched
INSURANCE PREMIUM BAJAJ ALLIANZ REF:607430388034,INSURANCE PREMIUM BAJAJ ALLIANZ REF:607430388034,25000,25005.0,2026-08-14,2026-08-14,REF33575,REF33575,CHQ4532,CHQ4532,abc123@paytm,Mobile Recharge,BHIM,Partial Match
PAYMENT TO ICICI BANK VIA Mobikwik,UPI FAILED 658944887491,50000,0,2026-02-25,2026-02-25,REF33029,REF33029,CHQ4652,CHQ4652,xyz456@ybl,Merchant Payment,Paytm,UPI Failed
Paytm UPI TRANSFER SUNIL VERMA REF:206224611063,Paytm UPI TRANSFER SUNIL VERMA REF:206224611063,1499,1499,2026-04-03,2026-04-03,REF44246,REF55502,CHQ1838,CHQ1838,user@paytm,Bill Payment,PhonePe,Matched
UPI P2M AMAZON 308197867265,,1200,0,2026-07-27,2026-07-27,REF76026,,,,merchant@ccavenue,Merchant Payment,Mobikwik,Unmatched
UPI P2P NEHA CHOPRA 675781952331,UPI P2P NEHA CHOPRA 675781952331,650,649.0,2026-01-22,2026-01-22,REF99139,REF99139,,,abc123@paytm,Rent Payment,BHIM,Partial Match
PhonePe UPI TRANSFER SURESH PANDIT REF:816363712669,PhonePe UPI TRANSFER SURESH PANDIT REF:816363712669,200,200,2026-09-10,2026-09-10,REF60783,REF60783,,,merchant@razorpay,Rent Payment,Mobikwik,Matched
IMPS/441042847237/RAVI TEJA/Insurance Premium,IMPS/441042847237/RAVI TEJA/Insurance Premium,20000,20000,2026-05-28,2026-05-28,REF95458,REF95458,CHQ1566,CHQ1566,user@oksbi,Subscription,BHIM,Matched
UPI P2M HOTSTAR 295126947769,UPI P2M HOTSTAR 295126947769,19999,19999,2026-06-15,2026-06-03,REF90651,REF90651,CHQ7199,CHQ7199,user@oksbi,P2P,AmazonPay,Matched
UPI P2M STAR HEALTH 138997438976,UPI P2M STAR HEALTH 138997438976,4999,4999,2026-01-21,2026-01-21,REF23618,REF23618,,,bill@paytm,Salary Transfer,GPay,Matched
SUBSCRIPTION GOOGLE ONE REF:249553543232,UPI PENDING SETTLEMENT 297030988370,15000,15000,2026-03-03,2026-11-09,REF66436,REF66436,,,bill@paytm,Salary Transfer,PhonePe,Pending Settlement
SUBSCRIPTION SPOTIFY REF:116473169112,SUBSCRIPTION SPOTIFY REF:116473169112,20000,20000,2026-11-22,2026-11-22,REF13346,REF66848,CHQ1498,CHQ1498,user@ibl,Rent Payment,Paytm,Matched
IMPS/317570408071/AMIT KUMAR/Salary Transfer,IMPS/317570408071/AMIT KUMAR/Salary Transfer,3000,3000,2026-10-26,2026-10-26,REF82404,REF82404,,,merchant@payu,Merchant Payment,GPay,Matched
UPI/AmazonPay/179666808218/PRIYA PATEL/EMI Payment,UPI/AmazonPay/179666808218/PRIYA PATEL/EMI Payment,100,99.5,2026-02-27,2026-02-27,REF30699,REF30699,,,user@federal,P2P,BHIM,Partial Match
SUBSCRIPTION SPOTIFY REF:405526239627,SUBSCRIPTION SPOTIFY REF:405526239627,3000,2999.95,2026-08-09,2026-08-09,REF88689,REF88689,,,user@axl,Mobile Recharge,GPay,Partial Match
INSURANCE PREMIUM SBI LIFE REF:847193160711,INSURANCE PREMIUM SBI LIFE REF:847193160711,450,450.01,2026-12-17,2026-12-17,REF12511,REF12511,,,user@axl,Rent Payment,BHIM,Partial Match
RECHARGE BSNL REF:749089996433,UPI REVERSAL 612009080080,4999,-4999,2026-01-27,2026-01-27,REF51281,REF51281,,,user@ybl,Insurance Premium,Paytm,UPI Reversed
PAYMENT TO LIC VIA GPay,PAYMENT TO LIC VIA GPay,7500,7500,2026-12-09,2026-12-09,REF56733,REF56733,,,user@ibl,Rent Payment,BHIM,Matched
INSURANCE PREMIUM LIC REF:931019320809,INSURANCE PREMIUM LIC REF:931019320809,2000,2000,2026-04-13,2026-04-13,REF59603,REF71599,CHQ5787,CHQ5787,merchant@razorpay,P2P,AmazonPay,Matched
UPI/DR/577570129345/RAVI TEJA/Merchant Payment,UPI/DR/577570129345/RAVI TEJA/Merchant Payment,10000,10000,2026-10-08,2026-10-08,REF57843,REF57843,,,user@federal,Insurance Premium,BHIM,Matched
SUBSCRIPTION NETFLIX REF:576389316414,SUBSCRIPTION NETFLIX REF:576389316414,2250,2250,2026-09-03,2026-09-03,REF70284,REF70284,,,user@okhdfcbank,Bill Payment,Paytm,Matched
UPI P2M CROMA 395864861124,UPI P2M CROMA 395864861124,20000,20000,2026-10-12,2026-10-12,REF27779,REF27779,CHQ7506,CHQ7506,abc123@paytm,Bill Payment,PhonePe,Matched
RECEIVED FROM MEERA JOSHI VIA GPay,UPI FAILED 820993704454,350,0,2026-05-24,2026-05-24,REF74152,REF74152,,,user@ibl,Salary Transfer,AmazonPay,UPI Failed
UPI P2M HOTSTAR 686086173314,UPI P2M HOTSTAR 686086173314,14999,14999,2026-07-04,2026-07-04,REF14105,REF14105,,,user@federal,Insurance Premium,PhonePe,Matched
UPI P2M BSNL 902509993441,UPI PENDING SETTLEMENT 885358336828,14999,14999,2026-11-09,2026-03-26,REF38125,REF38125,,,bill@paytm,Insurance Premium,Cred,Pending Settlement
UPI/CR/893183522636/KIRAN SINGH/EMI Payment,,20000,0,2026-05-25,2026-08-18,REF19193,,,,shop@okicici,Insurance Premium,GPay,Unmatched
UPI P2M SWIGGY 990465655822,UPI PENDING SETTLEMENT 816880706039,2999,2999,2026-10-21,2026-03-09,REF79996,REF79996,,,user@okhdfcbank,Salary Transfer,BHIM,Pending Settlement
RECEIVED FROM DEEPA KAPOOR VIA PhonePe,RECEIVED FROM DEEPA KAPOOR VIA PhonePe,1750,1750,2026-07-07,2026-07-07,REF26250,REF26250,,,pay@oksbi,P2P,BHIM,Matched
UPI P2M LIC 786126935560,UPI P2M LIC 786126935560,50000,49999.99,2026-01-26,2026-02-02,REF68269,REF68269,,,shop@okicici,Mobile Recharge,Mobikwik,Partial Match
EMI PAYMENT ICICI REF:769979898690,EMI PAYMENT ICICI REF:769979898690,1750,1750,2026-04-24,2026-04-24,REF45045,REF45045,,,merchant@razorpay,EMI Payment,GPay,Matched
BILL PAYMENT WATER REF:756785112428,BILL PAYMENT WATER REF:756785112428,2999,2998.99,2026-12-22,2026-12-22,REF41901,REF52285,CHQ8935,CHQ8935,salary@bank,Merchant Payment,Paytm,Partial Match
AmazonPay UPI TRANSFER SURESH PANDIT REF:972115200190,UPI FAILED 482929858229,75000,0,2026-04-23,2026-04-23,REF12624,REF12624,,,user@ybl,Mobile Recharge,GPay,UPI Failed
UPI/CR/849080988767/LATA MISHRA/Insurance Premium,UPI/CR/849080988767/LATA MISHRA/Insurance Premium,1300,1300,2026-10-23,2026-10-23,REF71435,REF71435,,,user@federal,P2P,BHIM,Matched
EMI PAYMENT KOTAK REF:294543246705,EMI PAYMENT KOTAK REF:294543246705,19999,19999,2026-02-16,2026-08-02,REF63372,REF63372,,,merchant@razorpay,EMI Payment,Paytm,Duplicate
UPI/CR/801781621887/KIRAN SINGH/Mobile Recharge,UPI/CR/801781621887/KIRAN SINGH/Mobile Recharge,950,950,2026-01-27,2026-03-21,REF47061,REF47061,,,user@ybl,Bill Payment,BHIM,Matched
UPI P2M PRIME VIDEO 448354057283,UPI FAILED 885179897848,2000,0,2026-03-26,2026-03-26,REF98082,REF98082,,,xyz456@ybl,EMI Payment,Paytm,UPI Failed
UPI P2P ANITA DEVI 908460212842,UPI REVERSAL 703298430223,15000,-15000,2026-12-06,2026-12-06,REF75611,REF75611,CHQ2200,CHQ2200,user@okhdfcbank,Bill Payment,AmazonPay,UPI Reversed
UPI P2P MEERA JOSHI 346759116924,UPI P2P MEERA JOSHI 346759116924,350,350,2026-06-05,2026-06-05,REF63577,REF63577,,,abc123@paytm,EMI Payment,BHIM,Matched
UPI/Mobikwik/140258796780/NEHA CHOPRA/Mobile Recharge,UPI/Mobikwik/140258796780/NEHA CHOPRA/Mobile Recharge,4999,4999,2026-10-27,2026-06-18,REF81586,REF81586,,,xyz456@ybl,Salary Transfer,PhonePe,Matched
IMPS/573793482710/MOHAN LAL/EMI Payment,IMPS/573793482710/MOHAN LAL/EMI Payment,2250,2250,2026-10-28,2026-04-16,REF68554,REF68554,,,bill@paytm,Mobile Recharge,AmazonPay,Duplicate
UPI/CR/598957767917/SUNIL VERMA/P2P,UPI/CR/598957767917/SUNIL VERMA/P2P,1500,1500,2026-04-09,2026-04-09,REF64640,REF64640,CHQ7499,CHQ7499,user@federal,Merchant Payment,Cred,Matched
UPI P2M BIGBASKET 468379436586,UPI P2M BIGBASKET 468379436586,100,100.05,2026-02-09,2026-02-09,REF79209,REF79209,,,user@ibl,P2P,Mobikwik,Partial Match
Cred UPI TRANSFER KAVITA REDDY REF:377705266601,Cred UPI TRANSFER KAVITA REDDY REF:377705266601,499,499.01,2026-10-08,2026-10-08,REF11086,REF11086,CHQ9539,CHQ9539,user@paytm,EMI Payment,Mobikwik,Partial Match
RECEIVED FROM SNEHA SINGH VIA PhonePe,UPI REVERSAL 343568470515,1500,-1500,2026-12-24,2026-12-24,REF16320,REF16320,,,shop@okicici,Salary Transfer,AmazonPay,UPI Reversed
UPI/Cred/220093429549/SNEHA SINGH/Subscription,UPI/Cred/220093429549/SNEHA SINGH/Subscription,19999,19999,2026-02-06,2026-02-06,REF48091,REF43853,CHQ8340,CHQ8340,user@oksbi,Merchant Payment,Cred,Matched
SUBSCRIPTION AMAZON PRIME REF:719964426167,UPI REVERSAL 739357333670,9999,-9999,2026-02-28,2026-02-28,REF32565,REF32565,,,user@okhdfcbank,Mobile Recharge,Cred,UPI Reversed
UPI P2M HDFC LIFE 855779460883,,75000,0,2026-10-20,2026-10-20,REF55267,,CHQ5967,,xyz456@ybl,Mobile Recharge,Cred,Unmatched
NEFT/144460254248/VIKAS GUPTA/Salary Transfer,NEFT/144460254248/VIKAS GUPTA/Salary Transfer,200,200,2026-08-05,2026-08-05,REF45548,REF45548,CHQ9015,CHQ9015,merchant@payu,Subscription,GPay,Matched
BILL PAYMENT INTERNET REF:726491448016,BILL PAYMENT INTERNET REF:726491448016,7500,7500,2026-10-08,2026-10-08,REF50932,REF50932,CHQ1592,CHQ1592,user@ibl,Merchant Payment,Cred,Duplicate
RECEIVED FROM KIRAN SINGH VIA AmazonPay,UPI FAILED 557834503795,14999,0,2026-04-06,2026-04-06,REF58556,REF70094,,,merchant@payu,Merchant Payment,PhonePe,UPI Failed
IMPS/985119348726/ARUN NAIR/P2M,,2999,0,2026-12-25,2026-01-03,REF14288,REF27590,,,store@okaxis,Insurance Premium,GPay,Unmatched
UPI/DR/243539932086/KIRAN SINGH/Subscription,UPI REVERSAL 807977854300,15000,-15000,2026-06-22,2026-06-22,REF37990,REF37990,,,user@okhdfcbank,P2P,Cred,UPI Reversed
IMPS/871960052939/GEETA AGRAWAL/Subscription,IMPS/871960052939/GEETA AGRAWAL/Subscription,19999,19999,2026-08-24,2026-08-24,REF43686,REF43686,,,user@ybl,P2M,GPay,Matched
UPI/DR/101268198343/NEHA CHOPRA/Insurance Premium,UPI REVERSAL 965331447693,1000,-1000,2026-11-18,2026-11-18,REF68584,REF68584,,,user@apl,Bill Payment,Mobikwik,UPI Reversed
INSURANCE PREMIUM SBI LIFE REF:255832156573,UPI PENDING SETTLEMENT 496220414404,499,499,2026-08-15,2026-08-22,REF33784,REF33784,,,user@oksbi,Rent Payment,AmazonPay,Pending Settlement
UPI/GPay/207774621399/KAVITA REDDY/Bill Payment,UPI/GPay/207774621399/KAVITA REDDY/Bill Payment,4999,4999,2026-07-23,2026-07-23,REF80022,REF49024,,,user@paytm,Mobile Recharge,BHIM,Duplicate
SUBSCRIPTION APPLE ICLOUD REF:862897235303,SUBSCRIPTION APPLE ICLOUD REF:862897235303,500,500,2026-07-19,2026-07-19,REF42039,REF42039,,,merchant@razorpay,P2P,PhonePe,Matched
INSURANCE PREMIUM STAR HEALTH REF:440664919605,UPI PENDING SETTLEMENT 726041795857,1499,1499,2026-11-26,2026-09-26,REF18945,REF18945,,,user@okhdfcbank,Bill Payment,Mobikwik,Pending Settlement
GPay UPI TRANSFER VIKAS GUPTA REF:420914144045,UPI FAILED 407600286803,15000,0,2026-11-11,2026-11-11,REF92623,REF92623,,,salary@bank,Subscription,PhonePe,UPI Failed
IMPS/743308524106/KAVITA REDDY/Salary Transfer,,19999,0,2026-11-05,2026-11-05,REF27713,,,,user@paytm,P2P,GPay,Unmatched
UPI/BHIM/999815447177/ARUN KUMAR/Merchant Payment,UPI/BHIM/999815447177/ARUN KUMAR/Merchant Payment,4999,5000.0,2026-06-04,2026-06-04,REF43208,REF43208,CHQ1700,CHQ1700,user@paytm,Rent Payment,GPay,Partial Match
NEFT/664157001334/SUNIL VERMA/Merchant Payment,NEFT/664157001334/SUNIL VERMA/Merchant Payment,2000,2000,2026-10-10,2026-02-15,REF77669,REF77669,,,user@oksbi,Salary Transfer,BHIM,Matched
UPI P2P RAJESH YADAV 297843141324,UPI P2P RAJESH YADAV 297843141324,2250,2250,2026-08-15,2026-08-15,REF37875,REF37875,,,xyz456@ybl,EMI Payment,AmazonPay,Matched
UPI P2P KAVITA REDDY 323544836524,UPI P2P KAVITA REDDY 323544836524,2250,2250,2026-08-03,2026-07-03,REF92516,REF13911,CHQ3987,CHQ3987,salary@bank,Salary Transfer,GPay,Duplicate
NEFT/533776444481/ARUN KUMAR/Mobile Recharge,,3000,0,2026-05-25,2026-05-25,REF40181,,,,user@apl,P2P,PhonePe,Unmatched
EMI PAYMENT SBI REF:526048839873,EMI PAYMENT SBI REF:526048839873,100,100,2026-08-18,2026-08-18,REF22270,REF22270,CHQ9179,CHQ9179,user@axl,Insurance Premium,Mobikwik,Matched
SUBSCRIPTION APPLE ICLOUD REF:922122019043,SUBSCRIPTION APPLE ICLOUD REF:922122019043,1200,1200,2026-10-13,2026-10-13,REF33075,REF33075,CHQ8231,CHQ8231,user@ibl,Bill Payment,AmazonPay,Matched
UPI/DR/450396611286/AMIT KUMAR/Bill Payment,UPI/DR/450396611286/AMIT KUMAR/Bill Payment,2500,2500,2026-12-04,2026-12-04,REF17053,REF17053,,,store@okaxis,Rent Payment,BHIM,Duplicate
EMI PAYMENT KOTAK REF:162912570713,EMI PAYMENT KOTAK REF:162912570713,950,950,2026-06-06,2026-06-06,REF73272,REF73272,CHQ3673,CHQ3673,salary@bank,Rent Payment,BHIM,Duplicate
PAYMENT TO BSNL VIA AmazonPay,,4999,0,2026-10-13,2026-10-13,REF89820,,CHQ2574,,merchant@payu,Insurance Premium,GPay,Unmatched
UPI/BHIM/373047737740/RAJESH YADAV/Rent Payment,UPI/BHIM/373047737740/RAJESH YADAV/Rent Payment,200,200,2026-03-03,2026-03-03,REF42730,REF42730,,,user@okhdfcbank,EMI Payment,BHIM,Matched
SUBSCRIPTION APPLE ICLOUD REF:912330390161,,2250,0,2026-07-22,2026-07-22,REF57787,,,,abc123@paytm,EMI Payment,PhonePe,Unmatched
UPI P2P RAJESH YADAV 639260511880,UPI REVERSAL 648091369340,20000,-20000,2026-06-05,2026-06-05,REF81194,REF81194,CHQ9636,CHQ9636,merchant@ccavenue,EMI Payment,Mobikwik,UPI Reversed
BILL PAYMENT MOBILE REF:428178196527,UPI PENDING SETTLEMENT 675082661617,550,550,2026-06-02,2026-02-18,REF69618,REF69618,,,abc123@paytm,P2P,AmazonPay,Pending Settlement
INSURANCE PREMIUM LIC REF:626304613167,,1499,0,2026-01-04,2026-07-16,REF10197,,,,pay@oksbi,Mobile Recharge,Paytm,Unmatched
UPI/CR/334454843141/NEHA CHOPRA/Bill Payment,,20000,0,2026-04-08,2026-04-08,REF49367,,CHQ8252,,user@apl,Bill Payment,BHIM,Unmatched
RECHARGE JIO REF:268138937419,UPI FAILED 152884888362,75000,0,2026-04-18,2026-04-18,REF93731,REF93731,,,user@axl,P2P,Paytm,UPI Failed
UPI/DR/620775515520/VIKAS GUPTA/Salary Transfer,UPI PENDING SETTLEMENT 118801860095,4999,4999,2026-08-15,2026-10-04,REF40964,REF40964,CHQ7712,CHQ7712,rent@upi,P2M,BHIM,Pending Settlement
PAYMENT TO HOTSTAR VIA PhonePe,PAYMENT TO HOTSTAR VIA PhonePe,100000,100000.1,2026-09-24,2026-09-24,REF88066,REF88066,,,rent@upi,Mobile Recharge,Paytm,Partial Match
EMI PAYMENT SBI REF:760234282824,EMI PAYMENT SBI REF:760234282824,2250,2250,2026-08-16,2026-08-16,REF46394,REF46394,,,user@apl,Rent Payment,Paytm,Matched
PAYMENT TO HDFC BANK VIA Mobikwik,,499,0,2026-10-28,2026-10-28,REF97662,REF26624,,,user@ybl,P2P,GPay,Unmatched
UPI/DR/414905666991/DEEPA KAPOOR/EMI Payment,UPI/DR/414905666991/DEEPA KAPOOR/EMI Payment,3999,3999,2026-02-19,2026-02-19,REF39375,REF48069,,,pay@oksbi,P2M,PhonePe,Matched
IMPS/950641142062/MEERA JOSHI/Bill Payment,IMPS/950641142062/MEERA JOSHI/Bill Payment,1999,1999,2026-01-19,2026-01-19,REF61898,REF61898,CHQ3562,CHQ3562,user@oksbi,Salary Transfer,BHIM,Matched
RECEIVED FROM LATA MISHRA VIA Cred,UPI PENDING SETTLEMENT 806870203014,20000,20000,2026-01-19,2026-09-24,REF71454,REF71454,,,xyz456@ybl,Subscription,GPay,Pending Settlement
BILL PAYMENT WATER REF:651897242972,UPI FAILED 188846847398,9999,0,2026-07-06,2026-07-06,REF89927,REF89927,CHQ1445,CHQ1445,user@apl,Merchant Payment,Cred,UPI Failed
UPI P2M HOTSTAR 260441477200,UPI PENDING SETTLEMENT 602801890314,1000,1000,2026-12-12,2026-08-11,REF65752,REF65752,,,store@okaxis,Merchant Payment,Paytm,Pending Settlement
UPI P2P SURESH PANDIT 201162009499,UPI P2P SURESH PANDIT 201162009499,350,350.01,2026-12-11,2026-12-11,REF36277,REF36277,,,pay@oksbi,Merchant Payment,BHIM,Partial Match
RECHARGE BSNL REF:135952990547,,1300,0,2026-03-03,2026-03-03,REF26841,,,,rent@upi,Insurance Premium,Mobikwik,Unmatched
INSURANCE PREMIUM ICICI PRUDENTIAL REF:629067649036,INSURANCE PREMIUM ICICI PRUDENTIAL REF:629067649036,3000,3000,2026-05-03,2026-05-03,REF39189,REF39189,,,shop@okicici,Bill Payment,AmazonPay,Matched
RECEIVED FROM RAJESH YADAV VIA Paytm,RECEIVED FROM RAJESH YADAV VIA Paytm,3000,3000,2026-04-18,2026-04-18,REF61729,REF61729,,,xyz456@ybl,Insurance Premium,BHIM,Matched
INSURANCE PREMIUM ICICI PRUDENTIAL REF:719978082636,INSURANCE PREMIUM ICICI PRUDENTIAL REF:719978082636,2250,2250,2026-11-05,2026-11-05,REF56372,REF56372,CHQ5811,CHQ5811,rent@upi,Salary Transfer,Cred,Matched
UPI/CR/787305538681/ARUN NAIR/Merchant Payment,,550,0,2026-08-21,2026-08-21,REF29526,,,,user@oksbi,P2P,Mobikwik,Unmatched
UPI P2P KIRAN SINGH 967837944454,UPI P2P KIRAN SINGH 967837944454,1000,1000,2026-06-21,2026-06-21,REF58067,REF21708,,,user@axl,P2P,Cred,Matched
BILL PAYMENT WATER REF:493652671244,BILL PAYMENT WATER REF:493652671244,200,200,2026-07-28,2026-07-28,REF84800,REF84800,,,user@axl,Salary Transfer,Mobikwik,Matched
IMPS/578167443135/PRIYA PATEL/Subscription,IMPS/578167443135/PRIYA PATEL/Subscription,499,499,2026-03-28,2026-03-28,REF31593,REF31593,,,user@oksbi,Insurance Premium,GPay,Matched
IMPS/483264466743/ANITA DEVI/Salary Transfer,,250,0,2026-01-24,2026-12-18,REF14569,,,,user@paytm,Mobile Recharge,Cred,Unmatched
INSURANCE PREMIUM BAJAJ ALLIANZ REF:704406149926,UPI PENDING SETTLEMENT 329556626514,1500,1500,2026-12-15,2026-02-16,REF16675,REF87330,,,user@oksbi,Subscription,BHIM,Pending Settlement
INSURANCE PREMIUM SBI LIFE REF:214078413973,UPI PENDING SETTLEMENT 384865917711,1200,1200,2026-06-02,2026-07-13,REF23257,REF58456,,,user@oksbi,Merchant Payment,Mobikwik,Pending Settlement
UPI P2M BSNL 237902831420,UPI P2M BSNL 237902831420,100000,100000,2026-08-09,2026-08-09,REF57691,REF57691,,,bill@paytm,Salary Transfer,Mobikwik,Matched
PAYMENT TO HDFC LIFE VIA BHIM,,1000,0,2026-05-27,2026-05-27,REF43092,REF53642,,,user@ibl,Mobile Recharge,Mobikwik,Unmatched
UPI/Cred/385315280298/RAVI TEJA/Merchant Payment,UPI/Cred/385315280298/RAVI TEJA/Merchant Payment,1000,1000,2026-11-22,2026-11-22,REF85151,REF70674,CHQ2876,CHQ2876,user@ibl,Salary Transfer,AmazonPay,Matched
UPI P2M DMART 122054815891,,5000,0,2026-08-22,2026-08-22,REF64643,REF46872,,,user@oksbi,Mobile Recharge,BHIM,Unmatched
EMI PAYMENT SBI REF:400190497307,EMI PAYMENT SBI REF:400190497307,450,450,2026-06-13,2026-12-05,REF21313,REF21313,,,user@okhdfcbank,Bill Payment,AmazonPay,Matched
UPI/CR/859621181799/DEEPA KAPOOR/EMI Payment,UPI/CR/859621181799/DEEPA KAPOOR/EMI Payment,350,350,2026-01-12,2026-01-12,REF62686,REF62686,CHQ9246,CHQ9246,user@ibl,Rent Payment,PhonePe,Matched
PAYMENT TO DMART VIA PhonePe,UPI REVERSAL 273816734873,1200,-1200,2026-12-26,2026-12-26,REF42536,REF42536,,,shop@okicici,Merchant Payment,BHIM,UPI Reversed
SUBSCRIPTION NETFLIX REF:582881217143,,1300,0,2026-11-23,2026-11-23,REF70005,REF47949,CHQ3474,,merchant@ccavenue,P2M,PhonePe,Unmatched
UPI P2P RAVI TEJA 273924291255,,1300,0,2026-11-17,2026-11-17,REF37425,,CHQ1520,,merchant@ccavenue,P2M,BHIM,Unmatched
UPI/DR/367754890132/KAVITA REDDY/Rent Payment,,1200,0,2026-09-01,2026-09-01,REF23815,,,,merchant@payu,Bill Payment,BHIM,Unmatched
UPI/DR/232580121703/ARUN KUMAR/Salary Transfer,UPI/DR/232580121703/ARUN KUMAR/Salary Transfer,450,450,2026-05-25,2026-05-25,REF97575,REF97575,CHQ8930,CHQ8930,pay@oksbi,Bill Payment,Paytm,Matched
RECHARGE JIO REF:737018901486,RECHARGE JIO REF:737018901486,450,450.05,2026-01-10,2026-01-10,REF62058,REF95592,,,merchant@razorpay,Mobile Recharge,Mobikwik,Partial Match
RECEIVED FROM VIKAS GUPTA VIA Cred,UPI PENDING SETTLEMENT 420101190320,350,350,2026-01-14,2026-01-03,REF26432,REF26432,,,salary@bank,Insurance Premium,Cred,Pending Settlement
UPI/AmazonPay/777355413013/PRIYA PATEL/Insurance Premium,UPI/AmazonPay/777355413013/PRIYA PATEL/Insurance Premium,850,850,2026-07-12,2026-07-12,REF16503,REF16503,CHQ4513,CHQ4513,xyz456@ybl,Rent Payment,Mobikwik,Matched
UPI/PhonePe/418315963406/MEERA JOSHI/P2P,UPI REVERSAL 126435754857,4999,-4999,2026-01-07,2026-01-07,REF91149,REF54733,,,xyz456@ybl,Merchant Payment,BHIM,UPI Reversed
PAYMENT TO NETFLIX VIA AmazonPay,PAYMENT TO NETFLIX VIA AmazonPay,3000,2999.9,2026-08-08,2026-08-08,REF79854,REF79854,,,merchant@ccavenue,Merchant Payment,PhonePe,Partial Match
BILL PAYMENT LANDLINE REF:291894850393,UPI FAILED 965014223351,75000,0,2026-04-21,2026-04-21,REF21182,REF21182,,,store@okaxis,Rent Payment,GPay,UPI Failed
RECHARGE JIO REF:730630764971,RECHARGE JIO REF:730630764971,550,550,2026-11-21,2026-09-08,REF57907,REF57907,,,rent@upi,Insurance Premium,Paytm,Matched
RECHARGE JIO REF:648646354682,RECHARGE JIO REF:648646354682,15000,15000,2026-06-19,2026-06-19,REF75578,REF75578,,,abc123@paytm,Subscription,AmazonPay,Matched
UPI/DR/152035812901/AMIT KUMAR/Salary Transfer,,100,0,2026-07-06,2026-07-06,REF32826,,CHQ7278,,user@okhdfcbank,Subscription,Cred,Unmatched
EMI PAYMENT HDFC REF:539745935791,EMI PAYMENT HDFC REF:539745935791,100,100,2026-02-16,2026-02-16,REF21234,REF21234,,,user@axl,EMI Payment,BHIM,Matched
NEFT/465270652696/KIRAN SINGH/Rent Payment,UPI PENDING SETTLEMENT 981143884246,950,950,2026-08-26,2026-07-08,REF40507,REF40507,,,pay@oksbi,Subscription,PhonePe,Pending Settlement
NEFT/362462992062/ANITA DEVI/Subscription,NEFT/362462992062/ANITA DEVI/Subscription,150,150,2026-12-14,2026-06-15,REF12844,REF12844,,,store@okaxis,Insurance Premium,Paytm,Matched
NEFT/149735620319/AMIT KUMAR/Bill Payment,NEFT/149735620319/AMIT KUMAR/Bill Payment,499,499,2026-12-26,2026-12-26,REF98826,REF98826,CHQ3674,CHQ3674,bill@paytm,Insurance Premium,AmazonPay,Matched
INSURANCE PREMIUM LIC REF:755086053630,UPI FAILED 870056551984,25000,0,2026-03-24,2026-05-14,REF44484,REF50862,,,store@okaxis,Bill Payment,GPay,UPI Failed
INSURANCE PREMIUM BAJAJ ALLIANZ REF:586207010727,UPI PENDING SETTLEMENT 913791445147,100000,100000,2026-06-21,2026-11-26,REF17012,REF17012,,,user@okhdfcbank,Insurance Premium,BHIM,Pending Settlement
UPI/CR/132046926072/SNEHA SINGH/P2M,UPI/CR/132046926072/SNEHA SINGH/P2M,15000,15000,2026-02-22,2026-02-22,REF78465,REF78465,,,user@paytm,Bill Payment,Paytm,Duplicate
UPI P2M SWIGGY 567458149999,,500,0,2026-12-28,2026-12-28,REF67368,REF48129,,,shop@okicici,Mobile Recharge,PhonePe,Unmatched
SUBSCRIPTION GOOGLE ONE REF:431453483567,SUBSCRIPTION GOOGLE ONE REF:431453483567,1499,1499,2026-03-05,2026-05-05,REF39992,REF39992,CHQ2023,CHQ2023,user@okhdfcbank,P2M,BHIM,Matched
NEFT/161848952311/ARUN KUMAR/EMI Payment,UPI PENDING SETTLEMENT 565087510002,850,850,2026-06-05,2026-02-14,REF18471,REF18471,CHQ9114,CHQ9114,user@ibl,Salary Transfer,Mobikwik,Pending Settlement
UPI P2M ZOMATO 954843372859,UPI P2M ZOMATO 954843372859,20000,20000,2026-11-04,2026-11-04,REF99600,REF99600,,,user@ybl,Insurance Premium,AmazonPay,Matched
RECHARGE JIO REF:923278661069,,1200,0,2026-12-22,2026-12-22,REF52298,REF93719,,,user@axl,Insurance Premium,PhonePe,Unmatched
SUBSCRIPTION NETFLIX REF:508979226321,SUBSCRIPTION NETFLIX REF:508979226321,550,550,2026-03-27,2026-03-27,REF57554,REF57554,CHQ2253,CHQ2253,pay@oksbi,EMI Payment,GPay,Matched
UPI/DR/721890488720/RAJESH YADAV/P2M,UPI/DR/721890488720/RAJESH YADAV/P2M,1300,1300,2026-05-21,2026-05-21,REF12339,REF12339,CHQ6873,CHQ6873,abc123@paytm,P2P,AmazonPay,Matched
INSURANCE PREMIUM STAR HEALTH REF:269954077778,INSURANCE PREMIUM STAR HEALTH REF:269954077778,9999,9999,2026-10-21,2026-10-21,REF32532,REF32532,,,user@okhdfcbank,Salary Transfer,Paytm,Matched
UPI/DR/859403896069/MOHAN LAL/Salary Transfer,UPI/DR/859403896069/MOHAN LAL/Salary Transfer,7500,7500,2026-02-25,2026-02-25,REF26087,REF26087,,,salary@bank,EMI Payment,AmazonPay,Duplicate
RECEIVED FROM ANITA DEVI VIA PhonePe,RECEIVED FROM ANITA DEVI VIA PhonePe,100,100,2026-12-23,2026-12-23,REF38074,REF38074,,,shop@okicici,P2M,BHIM,Matched
PAYMENT TO TATACLIQ VIA Mobikwik,PAYMENT TO TATACLIQ VIA Mobikwik,150,150,2026-11-16,2026-02-22,REF40477,REF33579,,,user@axl,Merchant Payment,GPay,Matched
UPI/GPay/581185312942/LATA MISHRA/EMI Payment,UPI FAILED 829540696007,14999,0,2026-05-05,2026-05-05,REF54876,REF54876,,,user@federal,Bill Payment,Mobikwik,UPI Failed
EMI PAYMENT SBI REF:103895449784,UPI PENDING SETTLEMENT 265157948818,5000,5000,2026-08-07,2026-04-17,REF70336,REF70336,,,user@okhdfcbank,Merchant Payment,AmazonPay,Pending Settlement
IMPS/213046200182/MEERA JOSHI/P2P,IMPS/213046200182/MEERA JOSHI/P2P,550,550,2026-11-02,2026-05-23,REF33346,REF46558,CHQ7635,CHQ7635,user@oksbi,Merchant Payment,PhonePe,Matched
SUBSCRIPTION AMAZON PRIME REF:298110099692,SUBSCRIPTION AMAZON PRIME REF:298110099692,100000,100000,2026-04-19,2026-04-19,REF23739,REF23739,,,abc123@paytm,Rent Payment,BHIM,Matched
IMPS/780665235733/MEERA JOSHI/Rent Payment,UPI PENDING SETTLEMENT 508312259834,100,100,2026-10-26,2026-09-10,REF88126,REF88126,,,user@ibl,Salary Transfer,AmazonPay,Pending Settlement
EMI PAYMENT HDFC REF:374036447075,UPI FAILED 377760445714,1200,0,2026-04-26,2026-04-26,REF37376,REF37376,,,user@axl,EMI Payment,Paytm,UPI Failed
PAYMENT TO CROMA VIA Paytm,PAYMENT TO CROMA VIA Paytm,2999,2999,2026-12-04,2026-12-04,REF97442,REF97442,,,merchant@payu,Salary Transfer,Cred,Matched
RECEIVED FROM PRIYA PATEL VIA BHIM,RECEIVED FROM PRIYA PATEL VIA BHIM,499,499.1,2026-12-12,2026-12-12,REF38728,REF38728,,,user@apl,Bill Payment,Cred,Partial Match
EMI PAYMENT KOTAK REF:516681135303,EMI PAYMENT KOTAK REF:516681135303,750,750,2026-12-14,2026-12-14,REF22228,REF22228,CHQ6445,CHQ6445,user@apl,Insurance Premium,PhonePe,Matched
RECHARGE JIO REF:379990262099,UPI REVERSAL 691892665891,19999,-19999,2026-11-07,2026-01-10,REF13602,REF13602,,,abc123@paytm,Rent Payment,PhonePe,UPI Reversed
UPI/Cred/206542895540/SUNIL VERMA/Mobile Recharge,UPI/Cred/206542895540/SUNIL VERMA/Mobile Recharge,2250,2250,2026-04-05,2026-04-05,REF57210,REF57210,CHQ6263,CHQ6263,user@federal,Merchant Payment,AmazonPay,Matched
UPI/DR/887419068848/MEERA JOSHI/P2M,UPI REVERSAL 357041363418,14999,-14999,2026-06-16,2026-06-01,REF81923,REF81923,CHQ1371,CHQ1371,rent@upi,P2M,AmazonPay,UPI Reversed
EMI PAYMENT SBI REF:558916541311,UPI FAILED 497867913047,75000,0,2026-03-02,2026-11-11,REF51234,REF58484,,,shop@okicici,Insurance Premium,Mobikwik,UPI Failed
UPI/DR/965710687279/ANITA DEVI/Insurance Premium,UPI PENDING SETTLEMENT 138109790089,750,750,2026-04-09,2026-06-24,REF92270,REF92270,,,pay@oksbi,P2P,AmazonPay,Pending Settlement
NEFT/966653224041/DEEPA KAPOOR/Mobile Recharge,NEFT/966653224041/DEEPA KAPOOR/Mobile Recharge,250,250,2026-01-10,2026-01-10,REF64046,REF64046,,,xyz456@ybl,Rent Payment,Mobikwik,Matched
SUBSCRIPTION APPLE ICLOUD REF:692567058030,SUBSCRIPTION APPLE ICLOUD REF:692567058030,1100,1100,2026-03-11,2026-03-11,REF68128,REF68128,,,user@ybl,Insurance Premium,AmazonPay,Matched
UPI/CR/222437245868/SNEHA SINGH/EMI Payment,UPI/CR/222437245868/SNEHA SINGH/EMI Payment,350,350,2026-10-01,2026-10-01,REF50406,REF50406,,,user@okhdfcbank,Insurance Premium,Paytm,Matched
UPI P2M DMART 403584449045,UPI P2M DMART 403584449045,1500,1500,2026-10-15,2026-10-15,REF62691,REF62691,,,xyz456@ybl,P2M,BHIM,Matched
INSURANCE PREMIUM ICICI PRUDENTIAL REF:406199059775,,1999,0,2026-04-06,2026-11-05,REF76648,REF41729,CHQ2102,,user@ibl,Mobile Recharge,Mobikwik,Unmatched
SUBSCRIPTION AMAZON PRIME REF:274849153810,,3999,0,2026-11-10,2026-11-10,REF60395,,,,xyz456@ybl,Bill Payment,Mobikwik,Unmatched
BILL PAYMENT MOBILE REF:421043548549,UPI FAILED 594805048132,950,0,2026-05-28,2026-05-28,REF84995,REF84995,,,user@ibl,Merchant Payment,Paytm,UPI Failed
UPI/CR/692082728756/SNEHA SINGH/Rent Payment,UPI/CR/692082728756/SNEHA SINGH/Rent Payment,1750,1750,2026-07-14,2026-07-14,REF62465,REF62465,CHQ2337,CHQ2337,abc123@paytm,Merchant Payment,BHIM,Matched
UPI/BHIM/732831268513/SNEHA SINGH/Salary Transfer,UPI/BHIM/732831268513/SNEHA SINGH/Salary Transfer,150,155.0,2026-10-04,2026-10-04,REF13428,REF13428,,,salary@bank,Subscription,BHIM,Partial Match
NEFT/408617972772/LATA MISHRA/P2P,NEFT/408617972772/LATA MISHRA/P2P,550,550,2026-12-01,2026-12-01,REF21213,REF43560,,,user@ybl,Salary Transfer,Cred,Matched
RECEIVED FROM ARUN NAIR VIA Cred,UPI FAILED 841967780833,450,0,2026-06-24,2026-06-24,REF54148,REF54148,CHQ8756,CHQ8756,user@federal,Mobile Recharge,PhonePe,UPI Failed
INSURANCE PREMIUM STAR HEALTH REF:469293504640,INSURANCE PREMIUM STAR HEALTH REF:469293504640,2000,2000,2026-09-21,2026-09-21,REF28731,REF28731,,,rent@upi,Insurance Premium,GPay,Matched
RECEIVED FROM GEETA AGRAWAL VIA BHIM,UPI PENDING SETTLEMENT 760438298001,1100,1100,2026-11-10,2026-05-07,REF44629,REF44629,,,pay@oksbi,Salary Transfer,Mobikwik,Pending Settlement
UPI/CR/488403994692/LATA MISHRA/Rent Payment,UPI/CR/488403994692/LATA MISHRA/Rent Payment,950,950,2026-05-19,2026-07-19,REF18471,REF18471,,,user@federal,P2P,Mobikwik,Matched
PAYMENT TO HOTSTAR VIA GPay,PAYMENT TO HOTSTAR VIA GPay,14999,14998.0,2026-08-17,2026-08-17,REF18123,REF18123,,,user@ybl,P2P,AmazonPay,Partial Match
IMPS/438226658265/VIKAS GUPTA/Insurance Premium,IMPS/438226658265/VIKAS GUPTA/Insurance Premium,5000,5000,2026-05-20,2026-05-20,REF46884,REF46884,,,salary@bank,EMI Payment,AmazonPay,Matched
UPI/CR/862978869954/KIRAN SINGH/P2P,UPI FAILED 494771243994,2999,0,2026-08-20,2026-08-20,REF22377,REF22377,,,user@okhdfcbank,Merchant Payment,GPay,UPI Failed
RECHARGE VI REF:719465230138,RECHARGE VI REF:719465230138,3999,3999.05,2026-05-27,2026-12-10,REF34757,REF34757,,,merchant@payu,Rent Payment,AmazonPay,Partial Match
IMPS/892309989265/KAVITA REDDY/EMI Payment,IMPS/892309989265/KAVITA REDDY/EMI Payment,2250,2250,2026-03-22,2026-03-22,REF20396,REF62563,CHQ4348,CHQ4348,user@ybl,EMI Payment,Paytm,Matched
UPI P2M AXIS BANK 780509712116,UPI P2M AXIS BANK 780509712116,850,850,2026-09-23,2026-09-23,REF70472,REF70472,CHQ8985,CHQ8985,bill@paytm,Rent Payment,AmazonPay,Matched
RECHARGE VI REF:188452760685,RECHARGE VI REF:188452760685,650,650.5,2026-10-03,2026-03-20,REF16816,REF16816,,,xyz456@ybl,Salary Transfer,Mobikwik,Partial Match
UPI/PhonePe/923924409546/ARUN NAIR/P2M,UPI/PhonePe/923924409546/ARUN NAIR/P2M,75000,75000,2026-01-09,2026-01-09,REF20157,REF20157,CHQ1130,CHQ1130,user@okhdfcbank,Merchant Payment,AmazonPay,Matched
NEFT/964359385856/PRIYA PATEL/EMI Payment,NEFT/964359385856/PRIYA PATEL/EMI Payment,850,849.99,2026-04-26,2026-11-03,REF56871,REF56871,,,user@paytm,P2M,Cred,Partial Match
NEFT/535378165550/AMIT KUMAR/P2P,NEFT/535378165550/AMIT KUMAR/P2P,3999,3999,2026-04-03,2026-01-06,REF69114,REF75492,,,user@oksbi,Insurance Premium,PhonePe,Matched
IMPS/756416249766/AMIT KUMAR/Mobile Recharge,,2999,0,2026-10-28,2026-01-01,REF30717,REF98770,CHQ3609,,shop@okicici,P2M,PhonePe,Unmatched
UPI P2P PRIYA PATEL 751514160816,,1999,0,2026-12-02,2026-12-02,REF46273,,CHQ2367,,user@paytm,P2P,Paytm,Unmatched
UPI/CR/447437879113/AMIT KUMAR/Salary Transfer,UPI/CR/447437879113/AMIT KUMAR/Salary Transfer,850,850,2026-10-25,2026-08-16,REF34974,REF34974,CHQ5489,CHQ5489,shop@okicici,Subscription,GPay,Matched
NEFT/653676121445/VIKAS GUPTA/EMI Payment,NEFT/653676121445/VIKAS GUPTA/EMI Payment,850,850.1,2026-05-25,2026-05-25,REF17457,REF17457,,,pay@oksbi,EMI Payment,Mobikwik,Partial Match
UPI/CR/670108504646/LATA MISHRA/P2M,UPI/CR/670108504646/LATA MISHRA/P2M,550,550,2026-09-01,2026-06-16,REF19914,REF19914,,,user@ybl,Rent Payment,PhonePe,Matched
SUBSCRIPTION AMAZON PRIME REF:518967196183,,25000,0,2026-03-24,2026-03-24,REF63006,,,,user@ybl,EMI Payment,Mobikwik,Unmatched
UPI P2P RAVI TEJA 236662163192,UPI P2P RAVI TEJA 236662163192,250,250,2026-05-05,2026-05-05,REF43395,REF43395,,,user@oksbi,Mobile Recharge,PhonePe,Matched
INSURANCE PREMIUM ICICI PRUDENTIAL REF:585355261581,INSURANCE PREMIUM ICICI PRUDENTIAL REF:585355261581,1100,1100,2026-06-19,2026-06-19,REF71919,REF88114,,,store@okaxis,Subscription,BHIM,Duplicate
BILL PAYMENT ELECTRICITY REF:443800842832,BILL PAYMENT ELECTRICITY REF:443800842832,1750,1749.99,2026-06-25,2026-06-25,REF24533,REF72030,CHQ9796,CHQ9796,merchant@payu,Rent Payment,Paytm,Partial Match
UPI P2P GEETA AGRAWAL 578702252092,UPI PENDING SETTLEMENT 427416337029,9999,9999,2026-12-06,2026-10-28,REF33183,REF33183,,,salary@bank,Merchant Payment,GPay,Pending Settlement
PAYMENT TO HDFC BANK VIA PhonePe,PAYMENT TO HDFC BANK VIA PhonePe,3999,3999,2026-02-06,2026-02-06,REF15890,REF15890,,,user@axl,Insurance Premium,Cred,Matched
UPI P2M SWIGGY 909991736919,UPI P2M SWIGGY 909991736919,10000,10000,2026-07-04,2026-07-04,REF11908,REF11908,CHQ9842,CHQ9842,user@ybl,P2M,Mobikwik,Duplicate
BILL PAYMENT WATER REF:886702298518,,150,0,2026-02-13,2026-02-13,REF67424,,CHQ2259,,salary@bank,Subscription,Mobikwik,Unmatched
RECEIVED FROM RAJESH YADAV VIA Mobikwik,UPI PENDING SETTLEMENT 496322006131,500,500,2026-10-05,2026-01-13,REF33303,REF33303,,,user@ibl,P2P,AmazonPay,Pending Settlement
EMI PAYMENT HDFC REF:610806681481,,19999,0,2026-01-14,2026-01-14,REF61053,,,,user@apl,Salary Transfer,PhonePe,Unmatched
EMI PAYMENT KOTAK REF:400672689453,UPI PENDING SETTLEMENT 369222472868,19999,19999,2026-08-02,2026-08-12,REF60307,REF60307,,,user@axl,Insurance Premium,AmazonPay,Pending Settlement
BILL PAYMENT GAS REF:921691157332,UPI PENDING SETTLEMENT 154837891810,1100,1100,2026-05-12,2026-02-20,REF24887,REF24887,CHQ1071,CHQ1071,rent@upi,EMI Payment,BHIM,Pending Settlement
PAYMENT TO RELIANCE RETAIL VIA BHIM,PAYMENT TO RELIANCE RETAIL VIA BHIM,999,999,2026-06-26,2026-06-26,REF10349,REF10349,,,user@paytm,EMI Payment,Cred,Matched
RECEIVED FROM ARUN NAIR VIA PhonePe,RECEIVED FROM ARUN NAIR VIA PhonePe,1300,1300,2026-09-17,2026-09-17,REF72125,REF55288,,,abc123@paytm,P2M,PhonePe,Matched
AmazonPay UPI TRANSFER SUNIL VERMA REF:863414004030,UPI PENDING SETTLEMENT 908634316669,200,200,2026-12-27,2026-06-03,REF10424,REF10424,,,merchant@ccavenue,Bill Payment,Mobikwik,Pending Settlement
PAYMENT TO HDFC BANK VIA AmazonPay,PAYMENT TO HDFC BANK VIA AmazonPay,14999,14998.95,2026-04-02,2026-04-02,REF84363,REF84363,CHQ7056,CHQ7056,user@ybl,EMI Payment,BHIM,Partial Match
EMI PAYMENT HDFC REF:581231186419,EMI PAYMENT HDFC REF:581231186419,2000,2000,2026-11-11,2026-07-19,REF80150,REF80150,CHQ2138,CHQ2138,user@axl,Bill Payment,BHIM,Matched
UPI P2M STAR HEALTH 844532342015,UPI P2M STAR HEALTH 844532342015,1500,1500,2026-06-02,2026-06-02,REF81178,REF48475,,,user@apl,P2M,AmazonPay,Matched
RECEIVED FROM GEETA AGRAWAL VIA Mobikwik,,10000,0,2026-04-27,2026-04-27,REF39100,,,,user@oksbi,Salary Transfer,BHIM,Unmatched
UPI/Paytm/127163073381/LATA MISHRA/P2P,UPI/Paytm/127163073381/LATA MISHRA/P2P,650,650,2026-07-17,2026-07-17,REF49742,REF95500,,,user@ybl,Merchant Payment,BHIM,Matched
SUBSCRIPTION SPOTIFY REF:767894212889,SUBSCRIPTION SPOTIFY REF:767894212889,500,500,2026-09-25,2026-01-19,REF78925,REF78925,CHQ3412,CHQ3412,store@okaxis,P2P,GPay,Matched
Cred UPI TRANSFER LATA MISHRA REF:287011498026,UPI FAILED 820678649833,100,0,2026-10-17,2026-10-17,REF96537,REF64267,,,xyz456@ybl,Insurance Premium,AmazonPay,UPI Failed
BILL PAYMENT ELECTRICITY REF:654797534099,UPI PENDING SETTLEMENT 504428854545,750,750,2026-03-16,2026-03-18,REF87069,REF87069,,,bill@paytm,P2P,BHIM,Pending Settlement
UPI/CR/596831574432/VIKAS GUPTA/P2M,,100,0,2026-04-04,2026-04-04,REF15411,,,,user@paytm,Salary Transfer,AmazonPay,Unmatched
UPI P2P RAVI TEJA 898370129541,UPI PENDING SETTLEMENT 911387981884,950,950,2026-06-18,2026-11-05,REF59433,REF59433,CHQ8501,CHQ8501,merchant@ccavenue,P2M,Cred,Pending Settlement
SUBSCRIPTION GOOGLE ONE REF:563983394612,UPI PENDING SETTLEMENT 334946342769,1499,1499,2026-08-24,2026-06-23,REF82847,REF82847,,,user@apl,Insurance Premium,GPay,Pending Settlement
SUBSCRIPTION APPLE ICLOUD REF:682079241870,SUBSCRIPTION APPLE ICLOUD REF:682079241870,7500,7500,2026-12-03,2026-12-03,REF47185,REF97641,CHQ2956,CHQ2956,merchant@razorpay,Mobile Recharge,BHIM,Matched
NEFT/894420678409/RAJESH YADAV/Rent Payment,UPI FAILED 441569630657,14999,0,2026-08-14,2026-08-14,REF66977,REF67741,,,xyz456@ybl,Mobile Recharge,GPay,UPI Failed
UPI P2P MOHAN LAL 591525583245,UPI P2P MOHAN LAL 591525583245,19999,19998.9,2026-03-11,2026-03-11,REF55036,REF55036,,,shop@okicici,Subscription,BHIM,Partial Match
UPI/Cred/768179030699/ANITA DEVI/Subscription,UPI/Cred/768179030699/ANITA DEVI/Subscription,200,200,2026-02-11,2026-02-11,REF44050,REF44050,,,user@apl,Rent Payment,BHIM,Matched
RECEIVED FROM VIKAS GUPTA VIA Mobikwik,UPI REVERSAL 553389617593,25000,-25000,2026-07-21,2026-07-21,REF75666,REF21387,CHQ4059,CHQ4059,abc123@paytm,Subscription,Paytm,UPI Reversed
BILL PAYMENT LANDLINE REF:158216742127,,2250,0,2026-04-21,2026-04-21,REF57924,,,,user@okhdfcbank,Merchant Payment,Mobikwik,Unmatched
RECHARGE AIRTEL REF:797461289903,,9999,0,2026-02-14,2026-05-11,REF61410,,,,user@axl,Bill Payment,GPay,Unmatched
PAYMENT TO AXIS BANK VIA Cred,PAYMENT TO AXIS BANK VIA Cred,5000,5000,2026-12-05,2026-12-05,REF54548,REF54548,,,store@okaxis,Bill Payment,GPay,Matched
IMPS/216642059896/DEEPA KAPOOR/Salary Transfer,,850,0,2026-02-28,2026-01-21,REF25459,,CHQ2527,,merchant@razorpay,EMI Payment,GPay,Unmatched
UPI P2M TATACLIQ 294432029086,UPI PENDING SETTLEMENT 451531764022,2000,2000,2026-07-22,2026-04-10,REF99891,REF99891,CHQ1997,CHQ1997,user@ibl,P2M,GPay,Pending Settlement
UPI/DR/659019896430/DEEPA KAPOOR/Rent Payment,UPI PENDING SETTLEMENT 305036479614,19999,19999,2026-09-16,2026-01-09,REF51474,REF51474,,,user@federal,Merchant Payment,Mobikwik,Pending Settlement
SUBSCRIPTION SPOTIFY REF:284326753044,UPI PENDING SETTLEMENT 350341902485,1750,1750,2026-12-09,2026-04-25,REF48654,REF48654,,,user@axl,EMI Payment,Cred,Pending Settlement
UPI P2M VODAFONE 649391512675,,2500,0,2026-12-26,2026-12-26,REF76838,,,,user@paytm,Subscription,BHIM,Unmatched
EMI PAYMENT KOTAK REF:121794711810,UPI FAILED 237959081930,20000,0,2026-02-13,2026-02-13,REF93368,REF93368,,,bill@paytm,EMI Payment,AmazonPay,UPI Failed
EMI PAYMENT KOTAK REF:300860610433,,3999,0,2026-02-12,2026-07-12,REF79309,,CHQ4745,,user@oksbi,Merchant Payment,Mobikwik,Unmatched
IMPS/391710420852/SURESH PANDIT/Rent Payment,IMPS/391710420852/SURESH PANDIT/Rent Payment,20000,20000,2026-10-11,2026-09-24,REF89999,REF89999,,,user@ibl,EMI Payment,AmazonPay,Matched
PAYMENT TO RELIANCE RETAIL VIA GPay,PAYMENT TO RELIANCE RETAIL VIA GPay,19999,19999,2026-03-04,2026-03-04,REF96508,REF96508,,,pay@oksbi,Rent Payment,AmazonPay,Matched
EMI PAYMENT AXIS REF:797779282834,UPI FAILED 295011547737,2000,0,2026-07-22,2026-04-05,REF38483,REF96084,,,shop@okicici,EMI Payment,BHIM,UPI Failed
EMI PAYMENT KOTAK REF:767850373592,EMI PAYMENT KOTAK REF:767850373592,1499,1499,2026-08-16,2026-08-16,REF96974,REF96974,,,salary@bank,Salary Transfer,BHIM,Matched
IMPS/720145186916/KAVITA REDDY/Mobile Recharge,IMPS/720145186916/KAVITA REDDY/Mobile Recharge,1300,1299.5,2026-12-19,2026-12-19,REF30134,REF30134,,,shop@okicici,EMI Payment,GPay,Partial Match
SUBSCRIPTION GOOGLE ONE REF:446076823251,SUBSCRIPTION GOOGLE ONE REF:446076823251,15000,15000,2026-04-07,2026-04-07,REF19263,REF19263,CHQ8306,CHQ8306,user@okhdfcbank,Bill Payment,Cred,Matched
PAYMENT TO PRIME VIDEO VIA Paytm,PAYMENT TO PRIME VIDEO VIA Paytm,3000,3000,2026-08-17,2026-08-17,REF65594,REF65594,,,bill@paytm,Insurance Premium,GPay,Matched
UPI P2P MEERA JOSHI 796302780550,UPI P2P MEERA JOSHI 796302780550,100,99.0,2026-06-07,2026-06-07,REF75004,REF75004,CHQ7276,CHQ7276,salary@bank,Merchant Payment,Cred,Partial Match
PAYMENT TO PRIME VIDEO VIA AmazonPay,PAYMENT TO PRIME VIDEO VIA AmazonPay,450,450,2026-03-22,2026-03-22,REF44098,REF44098,CHQ4381,CHQ4381,user@paytm,Insurance Premium,Paytm,Duplicate
IMPS/206227009086/SUNIL VERMA/Mobile Recharge,,3999,0,2026-11-13,2026-11-13,REF33043,,,,user@paytm,Salary Transfer,Cred,Unmatched
EMI PAYMENT HDFC REF:591744386083,EMI PAYMENT HDFC REF:591744386083,150,149.99,2026-11-04,2026-02-21,REF80993,REF80993,,,rent@upi,Subscription,BHIM,Partial Match
UPI/DR/488595163326/KIRAN SINGH/EMI Payment,UPI/DR/488595163326/KIRAN SINGH/EMI Payment,850,850,2026-12-15,2026-12-15,REF99954,REF99954,,,user@federal,P2P,Cred,Matched
NEFT/104272659048/ANITA DEVI/EMI Payment,NEFT/104272659048/ANITA DEVI/EMI Payment,550,550,2026-07-28,2026-07-28,REF94200,REF94200,CHQ7468,CHQ7468,merchant@ccavenue,Merchant Payment,AmazonPay,Matched
PAYMENT TO AMAZON VIA BHIM,UPI FAILED 872066571829,20000,0,2026-01-20,2026-01-20,REF48923,REF48923,CHQ7983,CHQ7983,pay@oksbi,P2P,Mobikwik,UPI Failed
UPI/CR/515914733755/MEERA JOSHI/P2P,,9999,0,2026-01-16,2026-01-16,REF79230,REF64769,,,merchant@ccavenue,P2P,AmazonPay,Unmatched
UPI P2M FLIPKART 487025654584,UPI P2M FLIPKART 487025654584,1750,1749.99,2026-01-11,2026-01-11,REF85521,REF85521,,,pay@oksbi,Insurance Premium,AmazonPay,Partial Match
IMPS/753281315195/GEETA AGRAWAL/Salary Transfer,,50000,0,2026-10-14,2026-04-01,REF19073,,CHQ3450,,bill@paytm,Insurance Premium,AmazonPay,Unmatched
SUBSCRIPTION SPOTIFY REF:595935970507,,850,0,2026-09-24,2026-09-24,REF61342,,,,user@ibl,Rent Payment,PhonePe,Unmatched
IMPS/722923823186/ARUN NAIR/EMI Payment,UPI PENDING SETTLEMENT 518018557152,10000,10000,2026-07-15,2026-05-01,REF29842,REF29842,CHQ2439,CHQ2439,rent@upi,Merchant Payment,AmazonPay,Pending Settlement
NEFT/436749980701/MEERA JOSHI/Subscription,NEFT/436749980701/MEERA JOSHI/Subscription,19999,19999,2026-03-22,2026-03-22,REF38392,REF38392,,,user@apl,Insurance Premium,AmazonPay,Matched
IMPS/171344788844/RAVI TEJA/Bill Payment,IMPS/171344788844/RAVI TEJA/Bill Payment,1300,1300,2026-10-02,2026-10-02,REF49828,REF49828,,,user@ybl,EMI Payment,Cred,Matched
UPI/CR/208785549229/MEERA JOSHI/Insurance Premium,UPI/CR/208785549229/MEERA JOSHI/Insurance Premium,3000,3000.01,2026-07-26,2026-07-26,REF80111,REF16551,,,bill@paytm,P2M,Mobikwik,Partial Match
RECHARGE VI REF:568498126083,RECHARGE VI REF:568498126083,950,950,2026-08-02,2026-08-02,REF83022,REF83022,CHQ6608,CHQ6608,abc123@paytm,Rent Payment,PhonePe,Matched
BILL PAYMENT LANDLINE REF:379222907010,BILL PAYMENT LANDLINE REF:379222907010,100,100,2026-01-08,2026-01-08,REF17696,REF17696,,,bill@paytm,Subscription,GPay,Matched
Paytm UPI TRANSFER VIKAS GUPTA REF:768118180477,,14999,0,2026-05-19,2026-05-19,REF55381,,CHQ4471,,salary@bank,P2P,GPay,Unmatched
RECHARGE BSNL REF:992757065313,RECHARGE BSNL REF:992757065313,1999,1999,2026-06-19,2026-06-19,REF50100,REF50100,CHQ3710,CHQ3710,abc123@paytm,EMI Payment,Paytm,Matched
NEFT/689510323136/MEERA JOSHI/P2P,NEFT/689510323136/MEERA JOSHI/P2P,850,850,2026-10-09,2026-04-20,REF23061,REF23061,,,rent@upi,EMI Payment,Paytm,Matched
IMPS/327354497702/RAHUL SHARMA/Bill Payment,IMPS/327354497702/RAHUL SHARMA/Bill Payment,150,145.0,2026-03-27,2026-03-27,REF51913,REF51913,,,merchant@razorpay,P2M,Cred,Partial Match
UPI P2P GEETA AGRAWAL 915174831339,UPI P2P GEETA AGRAWAL 915174831339,550,550,2026-01-01,2026-01-01,REF65091,REF65091,CHQ6336,CHQ6336,user@ybl,Mobile Recharge,Mobikwik,Matched
AmazonPay UPI TRANSFER NEHA CHOPRA REF:421660047198,,5000,0,2026-10-07,2026-10-07,REF69219,,,,abc123@paytm,Rent Payment,BHIM,Unmatched
UPI P2M HDFC BANK 675609238265,UPI REVERSAL 316337899380,1750,-1750,2026-06-28,2026-12-01,REF12632,REF93350,,,merchant@ccavenue,Mobile Recharge,Mobikwik,UPI Reversed
INSURANCE PREMIUM STAR HEALTH REF:417288181877,INSURANCE PREMIUM STAR HEALTH REF:417288181877,20000,20000,2026-08-19,2026-08-19,REF87050,REF87050,,,user@federal,Bill Payment,AmazonPay,Matched
INSURANCE PREMIUM ICICI PRUDENTIAL REF:703800780364,INSURANCE PREMIUM ICICI PRUDENTIAL REF:703800780364,550,550,2026-04-25,2026-04-25,REF94562,REF94562,,,user@axl,EMI Payment,GPay,Matched
UPI P2P VIKAS GUPTA 524887205461,UPI P2P VIKAS GUPTA 524887205461,2000,2000,2026-10-19,2026-10-19,REF60678,REF60678,,,rent@upi,Subscription,GPay,Matched
UPI P2M TATACLIQ 750989486641,UPI PENDING SETTLEMENT 669436275745,14999,14999,2026-03-03,2026-12-13,REF59955,REF59955,,,pay@oksbi,Rent Payment,Paytm,Pending Settlement
EMI PAYMENT ICICI REF:219394793539,UPI REVERSAL 429052481227,150,-150,2026-11-02,2026-11-02,REF99991,REF99991,,,merchant@payu,Rent Payment,AmazonPay,UPI Reversed
Mobikwik UPI TRANSFER RAVI TEJA REF:974777945309,,1750,0,2026-02-10,2026-02-10,REF88097,,CHQ4347,,shop@okicici,Rent Payment,GPay,Unmatched
UPI P2P SUNIL VERMA 714101121612,,5000,0,2026-07-28,2026-07-28,REF74795,,CHQ7826,,user@apl,P2M,Cred,Unmatched
BILL PAYMENT ELECTRICITY REF:658011750155,UPI FAILED 235529084482,350,0,2026-07-17,2026-02-26,REF44265,REF44265,,,bill@paytm,Insurance Premium,Paytm,UPI Failed
BHIM UPI TRANSFER SNEHA SINGH REF:882077020526,,10000,0,2026-01-05,2026-01-05,REF99920,,,,user@oksbi,Insurance Premium,Mobikwik,Unmatched
NEFT/873857474000/LATA MISHRA/Rent Payment,NEFT/873857474000/LATA MISHRA/Rent Payment,14999,14998.9,2026-03-01,2026-03-01,REF64330,REF64330,,,store@okaxis,Merchant Payment,BHIM,Partial Match
INSURANCE PREMIUM BAJAJ ALLIANZ REF:214101941752,INSURANCE PREMIUM BAJAJ ALLIANZ REF:214101941752,150,150,2026-02-08,2026-02-08,REF62029,REF62029,CHQ3783,CHQ3783,user@paytm,P2M,PhonePe,Matched
UPI/DR/130823378245/KIRAN SINGH/P2P,UPI REVERSAL 643164861932,1000,-1000,2026-12-08,2026-12-08,REF62819,REF62819,,,user@ybl,Mobile Recharge,Paytm,UPI Reversed
SUBSCRIPTION NETFLIX REF:106663242418,SUBSCRIPTION NETFLIX REF:106663242418,950,950,2026-03-11,2026-03-11,REF18943,REF85522,,,user@oksbi,Insurance Premium,PhonePe,Matched
INSURANCE PREMIUM STAR HEALTH REF:831704312668,INSURANCE PREMIUM STAR HEALTH REF:831704312668,500,500,2026-10-27,2026-10-27,REF29638,REF29638,,,merchant@ccavenue,EMI Payment,AmazonPay,Matched
UPI P2M FLIPKART 471149054239,UPI FAILED 657802833799,7500,0,2026-04-20,2026-04-20,REF23261,REF23261,,,rent@upi,Mobile Recharge,GPay,UPI Failed
BILL PAYMENT DTH REF:634195980018,BILL PAYMENT DTH REF:634195980018,550,550,2026-01-27,2026-01-27,REF12331,REF12331,,,abc123@paytm,EMI Payment,AmazonPay,Matched
SUBSCRIPTION APPLE ICLOUD REF:526449251564,UPI REVERSAL 673807832148,3000,-3000,2026-01-04,2026-01-04,REF59191,REF59191,CHQ2722,CHQ2722,xyz456@ybl,P2P,Mobikwik,UPI Reversed
RECHARGE BSNL REF:943903538014,UPI FAILED 261756528314,200,0,2026-05-13,2026-11-10,REF22339,REF22339,CHQ3613,CHQ3613,merchant@ccavenue,Salary Transfer,Cred,UPI Failed
UPI P2M BIGBASKET 712618923900,,15000,0,2026-07-26,2026-07-26,REF98293,,,,user@axl,P2M,Paytm,Unmatched
UPI/Paytm/618601026694/SURESH PANDIT/Bill Payment,UPI/Paytm/618601026694/SURESH PANDIT/Bill Payment,450,450,2026-01-18,2026-07-24,REF16674,REF16674,,,salary@bank,EMI Payment,Paytm,Matched
UPI P2P VIKAS GUPTA 383113031767,,3999,0,2026-09-06,2026-09-06,REF44219,,,,shop@okicici,Mobile Recharge,BHIM,Unmatched
RECHARGE AIRTEL REF:560412378844,RECHARGE AIRTEL REF:560412378844,550,550,2026-03-11,2026-03-11,REF52336,REF52336,CHQ4312,CHQ4312,user@ibl,P2M,BHIM,Matched
UPI/BHIM/132409778526/KAVITA REDDY/EMI Payment,,1300,0,2026-10-02,2026-10-02,REF56005,,CHQ5393,,store@okaxis,Bill Payment,AmazonPay,Unmatched
EMI PAYMENT AXIS REF:773656274042,EMI PAYMENT AXIS REF:773656274042,1200,1200,2026-03-26,2026-03-26,REF17983,REF17983,CHQ7271,CHQ7271,shop@okicici,Insurance Premium,BHIM,Matched
RECEIVED FROM MOHAN LAL VIA AmazonPay,RECEIVED FROM MOHAN LAL VIA AmazonPay,3999,3999,2026-10-19,2026-10-19,REF30347,REF86037,,,merchant@payu,Rent Payment,BHIM,Matched
UPI/AmazonPay/480194658457/SUNIL VERMA/Merchant Payment,UPI/AmazonPay/480194658457/SUNIL VERMA/Merchant Payment,5000,5000,2026-11-28,2026-11-28,REF80976,REF25443,CHQ6527,CHQ6527,user@oksbi,Salary Transfer,Mobikwik,Matched
UPI/DR/485597663814/ANITA DEVI/P2P,UPI/DR/485597663814/ANITA DEVI/P2P,499,499,2026-04-01,2026-04-01,REF97915,REF39752,,,bill@paytm,Mobile Recharge,GPay,Duplicate
UPI P2M BIGBASKET 622428425732,UPI P2M BIGBASKET 622428425732,499,499,2026-02-19,2026-02-19,REF70056,REF70056,,,user@axl,EMI Payment,Cred,Matched
RECHARGE VI REF:750414786760,RECHARGE VI REF:750414786760,19999,19999,2026-06-24,2026-06-24,REF58845,REF58845,,,store@okaxis,Salary Transfer,PhonePe,Matched
UPI/PhonePe/549841396780/LATA MISHRA/Mobile Recharge,UPI FAILED 939260230632,1000,0,2026-10-22,2026-10-22,REF15280,REF15280,,,user@oksbi,Mobile Recharge,GPay,UPI Failed
NEFT/122296005350/RAVI TEJA/Bill Payment,UPI REVERSAL 990579604156,1000,-1000,2026-11-21,2026-11-21,REF66551,REF66551,,,user@oksbi,Insurance Premium,Mobikwik,UPI Reversed
BILL PAYMENT INTERNET REF:303014626445,BILL PAYMENT INTERNET REF:303014626445,750,750,2026-09-09,2026-08-23,REF35267,REF35267,,,user@oksbi,Subscription,Cred,Matched
UPI P2M PRIME VIDEO 169253492366,UPI FAILED 456328401056,2250,0,2026-04-24,2026-08-07,REF55063,REF64730,,,user@okhdfcbank,P2M,Mobikwik,UPI Failed
RECEIVED FROM ANITA DEVI VIA BHIM,RECEIVED FROM ANITA DEVI VIA BHIM,7500,7500,2026-01-04,2026-01-04,REF49087,REF49087,,,user@oksbi,Subscription,Paytm,Matched
UPI/DR/682050026478/PRIYA PATEL/Salary Transfer,UPI PENDING SETTLEMENT 325345287847,5000,5000,2026-09-17,2026-09-15,REF32344,REF32344,,,merchant@ccavenue,Subscription,Mobikwik,Pending Settlement
NEFT/312875649063/AMIT KUMAR/Merchant Payment,NEFT/312875649063/AMIT KUMAR/Merchant Payment,100000,100000,2026-06-01,2026-06-01,REF95188,REF95188,,,user@apl,Mobile Recharge,AmazonPay,Matched
UPI/CR/415258506717/GEETA AGRAWAL/Insurance Premium,UPI/CR/415258506717/GEETA AGRAWAL/Insurance Premium,10000,10000,2026-04-24,2026-04-24,REF72267,REF31150,,,rent@upi,P2M,AmazonPay,Matched
UPI P2P DEEPA KAPOOR 331490461172,UPI P2P DEEPA KAPOOR 331490461172,850,850,2026-08-03,2026-08-03,REF63489,REF63489,,,user@okhdfcbank,Insurance Premium,Mobikwik,Matched
UPI P2M SBI 267561016569,,750,0,2026-01-11,2026-01-11,REF13969,,,,user@okhdfcbank,Merchant Payment,AmazonPay,Unmatched
IMPS/771922849541/NEHA CHOPRA/Salary Transfer,,1499,0,2026-02-09,2026-02-09,REF65797,,,,shop@okicici,Salary Transfer,AmazonPay,Unmatched
IMPS/292312669359/ANITA DEVI/Rent Payment,UPI REVERSAL 168845570746,3000,-3000,2026-04-02,2026-04-02,REF60961,REF60961,,,pay@oksbi,P2P,GPay,UPI Reversed
UPI/CR/266854160344/RAHUL SHARMA/P2M,UPI/CR/266854160344/RAHUL SHARMA/P2M,950,950,2026-03-10,2026-03-10,REF81892,REF81892,,,merchant@ccavenue,Insurance Premium,AmazonPay,Matched
RECEIVED FROM AMIT KUMAR VIA Mobikwik,UPI FAILED 365024812919,14999,0,2026-11-22,2026-11-22,REF53492,REF53492,,,salary@bank,P2P,BHIM,UPI Failed
PAYMENT TO TATACLIQ VIA Cred,PAYMENT TO TATACLIQ VIA Cred,550,550,2026-07-25,2026-07-25,REF21222,REF21222,CHQ9309,CHQ9309,pay@oksbi,Insurance Premium,BHIM,Matched
INSURANCE PREMIUM BAJAJ ALLIANZ REF:497390047509,UPI REVERSAL 306872239307,7500,-7500,2026-08-10,2026-07-02,REF50901,REF50901,,,user@axl,Merchant Payment,Paytm,UPI Reversed
UPI/DR/483035556341/MOHAN LAL/Insurance Premium,UPI/DR/483035556341/MOHAN LAL/Insurance Premium,4999,4999,2026-09-18,2026-08-24,REF19387,REF19387,CHQ2776,CHQ2776,shop@okicici,Bill Payment,Mobikwik,Matched
NEFT/344824105096/KAVITA REDDY/Mobile Recharge,NEFT/344824105096/KAVITA REDDY/Mobile Recharge,100,100,2026-09-24,2026-09-24,REF59194,REF11989,,,user@oksbi,Salary Transfer,Mobikwik,Matched
INSURANCE PREMIUM SBI LIFE REF:104211844236,UPI FAILED 745821957200,100000,0,2026-01-06,2026-01-06,REF98637,REF98637,,,user@ybl,P2M,BHIM,UPI Failed
UPI P2P RAVI TEJA 449459532086,UPI P2P RAVI TEJA 449459532086,350,350,2026-07-02,2026-07-02,REF54221,REF54221,CHQ8845,CHQ8845,user@axl,P2M,GPay,Matched
UPI/DR/133409740289/GEETA AGRAWAL/P2M,UPI FAILED 511000964708,650,0,2026-07-01,2026-07-01,REF31564,REF31564,,,salary@bank,P2M,AmazonPay,UPI Failed
IMPS/934212112826/SURESH PANDIT/EMI Payment,IMPS/934212112826/SURESH PANDIT/EMI Payment,650,650,2026-09-07,2026-09-07,REF45169,REF45169,CHQ3959,CHQ3959,user@apl,Rent Payment,AmazonPay,Matched
BILL PAYMENT DTH REF:767052640461,BILL PAYMENT DTH REF:767052640461,2999,2999,2026-01-10,2026-01-10,REF24153,REF24153,,,user@apl,Mobile Recharge,AmazonPay,Matched
UPI P2P KIRAN SINGH 250776107109,,10000,0,2026-01-20,2026-02-22,REF94746,,,,merchant@payu,P2M,Mobikwik,Unmatched
RECHARGE JIO REF:455249538265,RECHARGE JIO REF:455249538265,650,650,2026-09-16,2026-09-16,REF27186,REF27186,CHQ1940,CHQ1940,shop@okicici,EMI Payment,BHIM,Matched
IMPS/866402813852/SNEHA SINGH/P2M,IMPS/866402813852/SNEHA SINGH/P2M,650,650,2026-08-20,2026-08-20,REF57352,REF57352,CHQ4305,CHQ4305,merchant@razorpay,Mobile Recharge,Mobikwik,Duplicate
PAYMENT TO VODAFONE VIA Paytm,UPI FAILED 280056116721,9999,0,2026-05-11,2026-05-11,REF44599,REF44599,,,user@ibl,Mobile Recharge,PhonePe,UPI Failed
SUBSCRIPTION SPOTIFY REF:252592980928,UPI FAILED 666970712534,50000,0,2026-09-17,2026-09-17,REF65893,REF65893,CHQ7403,CHQ7403,user@apl,Salary Transfer,GPay,UPI Failed
NEFT/693230340215/KIRAN SINGH/Salary Transfer,UPI PENDING SETTLEMENT 252268321704,25000,25000,2026-08-09,2026-06-10,REF34413,REF34413,,,pay@oksbi,Rent Payment,BHIM,Pending Settlement
Paytm UPI TRANSFER NEHA CHOPRA REF:376312622968,Paytm UPI TRANSFER NEHA CHOPRA REF:376312622968,14999,14999,2026-02-09,2026-02-09,REF60047,REF60047,CHQ4919,CHQ4919,rent@upi,P2P,PhonePe,Matched
RECEIVED FROM ARUN KUMAR VIA Cred,RECEIVED FROM ARUN KUMAR VIA Cred,2250,2250,2026-06-01,2026-06-01,REF23934,REF23934,,,merchant@payu,EMI Payment,BHIM,Matched
PAYMENT TO CROMA VIA GPay,UPI PENDING SETTLEMENT 174780372535,5000,5000,2026-07-14,2026-07-08,REF67624,REF67624,CHQ9642,CHQ9642,xyz456@ybl,Bill Payment,Mobikwik,Pending Settlement
IMPS/255468723926/KAVITA REDDY/Salary Transfer,,25000,0,2026-07-13,2026-07-13,REF58007,,CHQ5535,,user@federal,Bill Payment,BHIM,Unmatched
EMI PAYMENT HDFC REF:998715223958,EMI PAYMENT HDFC REF:998715223958,1999,1999,2026-11-02,2026-09-06,REF19995,REF19995,CHQ9700,CHQ9700,rent@upi,P2P,GPay,Matched
Paytm UPI TRANSFER ARUN NAIR REF:486627713259,Paytm UPI TRANSFER ARUN NAIR REF:486627713259,9999,9998.95,2026-01-02,2026-03-26,REF20437,REF20437,,,user@axl,P2P,Paytm,Partial Match
UPI/CR/447582477802/ARUN NAIR/Merchant Payment,UPI/CR/447582477802/ARUN NAIR/Merchant Payment,2250,2250,2026-08-27,2026-08-27,REF84792,REF39648,CHQ4233,CHQ4233,user@federal,Subscription,Mobikwik,Duplicate
INSURANCE PREMIUM LIC REF:122139217106,UPI FAILED 411017557198,5000,0,2026-10-27,2026-10-27,REF57710,REF57710,,,rent@upi,Mobile Recharge,GPay,UPI Failed
INSURANCE PREMIUM ICICI PRUDENTIAL REF:636833484457,UPI FAILED 979004098447,75000,0,2026-07-24,2026-07-24,REF18329,REF18329,,,rent@upi,Mobile Recharge,Cred,UPI Failed
PAYMENT TO BAJAJ FINSERV VIA GPay,UPI PENDING SETTLEMENT 803581376749,1500,1500,2026-05-22,2026-05-27,REF37545,REF37545,CHQ4473,CHQ4473,shop@okicici,Merchant Payment,Mobikwik,Pending Settlement
BILL PAYMENT MOBILE REF:567565167407,UPI PENDING SETTLEMENT 399241797197,750,750,2026-04-24,2026-10-03,REF43726,REF43726,CHQ8589,CHQ8589,user@paytm,EMI Payment,Cred,Pending Settlement
INSURANCE PREMIUM SBI LIFE REF:254484544816,INSURANCE PREMIUM SBI LIFE REF:254484544816,850,850,2026-10-01,2026-10-01,REF96752,REF96752,,,abc123@paytm,Salary Transfer,BHIM,Duplicate
PAYMENT TO ZOMATO VIA Paytm,PAYMENT TO ZOMATO VIA Paytm,25000,25000,2026-05-27,2026-05-27,REF26739,REF26739,,,user@paytm,P2P,AmazonPay,Matched
EMI PAYMENT SBI REF:907071661766,UPI PENDING SETTLEMENT 796951072422,7500,7500,2026-10-01,2026-12-20,REF14973,REF14973,,,merchant@payu,Subscription,PhonePe,Pending Settlement
UPI P2P MOHAN LAL 502358362849,UPI P2P MOHAN LAL 502358362849,1300,1300,2026-09-23,2026-09-23,REF38788,REF38788,CHQ4759,CHQ4759,user@axl,Bill Payment,GPay,Matched
BILL PAYMENT DTH REF:187407324149,BILL PAYMENT DTH REF:187407324149,3999,3999,2026-06-16,2026-06-16,REF33607,REF33607,CHQ9351,CHQ9351,merchant@ccavenue,P2P,Cred,Matched
RECEIVED FROM GEETA AGRAWAL VIA Cred,RECEIVED FROM GEETA AGRAWAL VIA Cred,350,350,2026-07-06,2026-07-06,REF97728,REF97728,,,user@paytm,Bill Payment,PhonePe,Duplicate
RECEIVED FROM RAVI TEJA VIA BHIM,,499,0,2026-06-22,2026-01-15,REF26629,,,,user@axl,Bill Payment,AmazonPay,Unmatched
UPI P2M VODAFONE 387014980259,UPI P2M VODAFONE 387014980259,50000,50000,2026-01-22,2026-01-22,REF72608,REF72608,,,rent@upi,Salary Transfer,Cred,Matched
UPI/CR/297858695675/RAJESH YADAV/Salary Transfer,UPI REVERSAL 827632352017,2000,-2000,2026-07-03,2026-07-03,REF93705,REF93705,CHQ7427,CHQ7427,user@paytm,Insurance Premium,Cred,UPI Reversed
UPI P2P DEEPA KAPOOR 586117071355,UPI FAILED 679244170031,100,0,2026-02-24,2026-02-24,REF60627,REF60627,,,merchant@payu,Salary Transfer,GPay,UPI Failed
PAYMENT TO DMART VIA GPay,PAYMENT TO DMART VIA GPay,20000,20000,2026-02-13,2026-07-27,REF74321,REF74321,,,user@ibl,Mobile Recharge,BHIM,Matched
UPI P2M JIO 967790601149,UPI P2M JIO 967790601149,1500,1500,2026-09-04,2026-09-04,REF15158,REF15158,,,bill@paytm,Mobile Recharge,BHIM,Matched
RECHARGE VI REF:892563473332,UPI FAILED 595487442772,350,0,2026-09-21,2026-12-08,REF58544,REF58544,,,xyz456@ybl,Insurance Premium,Mobikwik,UPI Failed
BILL PAYMENT MOBILE REF:927163758633,UPI REVERSAL 947041477042,75000,-75000,2026-09-23,2026-09-23,REF62719,REF62719,,,user@federal,Bill Payment,PhonePe,UPI Reversed
IMPS/387869343349/ANITA DEVI/Insurance Premium,IMPS/387869343349/ANITA DEVI/Insurance Premium,850,850,2026-08-12,2026-08-12,REF54243,REF54243,,,shop@okicici,Mobile Recharge,Mobikwik,Matched
UPI P2M ZOMATO 680726045772,UPI REVERSAL 529418759917,999,-999,2026-03-03,2026-03-03,REF72219,REF99804,CHQ3871,CHQ3871,user@paytm,Rent Payment,Mobikwik,UPI Reversed
EMI PAYMENT ICICI REF:924401766983,UPI PENDING SETTLEMENT 357181533337,550,550,2026-09-01,2026-01-13,REF49660,REF99314,,,store@okaxis,Insurance Premium,PhonePe,Pending Settlement
UPI/AmazonPay/217876331533/SNEHA SINGH/Rent Payment,UPI/AmazonPay/217876331533/SNEHA SINGH/Rent Payment,550,550,2026-03-03,2026-03-03,REF53755,REF53755,,,store@okaxis,P2M,GPay,Matched
EMI PAYMENT SBI REF:685811790622,EMI PAYMENT SBI REF:685811790622,9999,9999,2026-05-14,2026-05-14,REF81992,REF81992,,,merchant@payu,EMI Payment,PhonePe,Matched
PAYMENT TO AXIS BANK VIA Cred,PAYMENT TO AXIS BANK VIA Cred,1000,1000,2026-07-21,2026-11-08,REF60560,REF60560,,,pay@oksbi,P2P,GPay,Matched
SUBSCRIPTION APPLE ICLOUD REF:489188610533,SUBSCRIPTION APPLE ICLOUD REF:489188610533,15000,15000,2026-01-21,2026-01-21,REF50233,REF50233,,,salary@bank,Subscription,GPay,Matched
UPI P2P MEERA JOSHI 768479197505,UPI REVERSAL 867595006924,1100,-1100,2026-03-18,2026-03-18,REF76696,REF76696,,,merchant@ccavenue,P2P,AmazonPay,UPI Reversed
UPI P2P SUNIL VERMA 194238654575,,1499,0,2026-01-23,2026-04-10,REF78459,,,,pay@oksbi,Merchant Payment,Paytm,Unmatched
NEFT/873498252281/MOHAN LAL/Rent Payment,UPI PENDING SETTLEMENT 321793315570,950,950,2026-05-16,2026-03-13,REF49507,REF49507,,,bill@paytm,Insurance Premium,GPay,Pending Settlement
BILL PAYMENT LANDLINE REF:740689927043,UPI FAILED 625867541179,450,0,2026-05-17,2026-05-17,REF30232,REF39261,,,merchant@payu,EMI Payment,AmazonPay,UPI Failed
BILL PAYMENT WATER REF:717794031546,BILL PAYMENT WATER REF:717794031546,1750,1750,2026-07-11,2026-07-11,REF33868,REF33868,CHQ3114,CHQ3114,xyz456@ybl,Rent Payment,Mobikwik,Matched
EMI PAYMENT ICICI REF:551464731107,EMI PAYMENT ICICI REF:551464731107,19999,19999,2026-09-10,2026-09-10,REF52952,REF52952,,,user@federal,P2P,Cred,Matched
EMI PAYMENT SBI REF:584835721433,EMI PAYMENT SBI REF:584835721433,1500,1500,2026-04-18,2026-04-18,REF97358,REF97358,,,pay@oksbi,Rent Payment,Mobikwik,Matched
UPI P2P VIKAS GUPTA 416138144419,UPI P2P VIKAS GUPTA 416138144419,7500,7500,2026-06-26,2026-06-26,REF42547,REF42547,,,abc123@paytm,Mobile Recharge,BHIM,Matched
NEFT/212093090605/PRIYA PATEL/Mobile Recharge,NEFT/212093090605/PRIYA PATEL/Mobile Recharge,19999,19999,2026-03-27,2026-06-17,REF85625,REF85625,,,user@ibl,Mobile Recharge,AmazonPay,Matched
SUBSCRIPTION GOOGLE ONE REF:838769568719,UPI PENDING SETTLEMENT 205616010076,999,999,2026-06-07,2026-11-15,REF88849,REF88849,,,user@ibl,P2P,AmazonPay,Pending Settlement
IMPS/972002038166/ANITA DEVI/P2P,IMPS/972002038166/ANITA DEVI/P2P,14999,14999,2026-07-11,2026-07-11,REF82856,REF82856,CHQ1539,CHQ1539,store@okaxis,Subscription,Paytm,Matched
RECHARGE BSNL REF:801866231339,RECHARGE BSNL REF:801866231339,5000,5000,2026-07-02,2026-07-02,REF11753,REF11753,,,user@oksbi,Rent Payment,Mobikwik,Matched
UPI/DR/864533929296/MEERA JOSHI/Insurance Premium,UPI FAILED 109408698011,19999,0,2026-03-26,2026-03-26,REF95936,REF95936,CHQ3532,CHQ3532,rent@upi,P2M,Mobikwik,UPI Failed
SUBSCRIPTION AMAZON PRIME REF:324052564336,,750,0,2026-10-18,2026-08-24,REF17799,REF98993,,,merchant@razorpay,Salary Transfer,Cred,Unmatched
RECHARGE VI REF:755818034871,RECHARGE VI REF:755818034871,650,650,2026-04-18,2026-04-18,REF86365,REF86365,CHQ9857,CHQ9857,user@federal,EMI Payment,AmazonPay,Matched
Mobikwik UPI TRANSFER DEEPA KAPOOR REF:946713269717,Mobikwik UPI TRANSFER DEEPA KAPOOR REF:946713269717,15000,15000,2026-05-13,2026-05-13,REF95825,REF95825,,,shop@okicici,P2M,Cred,Matched
UPI P2P RAJESH YADAV 713794937244,UPI FAILED 568428393094,9999,0,2026-11-25,2026-11-25,REF17484,REF17484,CHQ5876,CHQ5876,merchant@payu,P2P,PhonePe,UPI Failed
EMI PAYMENT KOTAK REF:662281828424,,1500,0,2026-08-21,2026-08-21,REF31199,,,,rent@upi,Insurance Premium,Paytm,Unmatched
UPI/DR/150859574092/KIRAN SINGH/Rent Payment,UPI FAILED 599743036319,200,0,2026-01-18,2026-01-18,REF93589,REF20529,,,pay@oksbi,Mobile Recharge,Mobikwik,UPI Failed
EMI PAYMENT AXIS REF:832968793680,EMI PAYMENT AXIS REF:832968793680,999,999,2026-01-23,2026-01-23,REF81727,REF11738,,,user@federal,Rent Payment,GPay,Matched
IMPS/397007061353/ARUN KUMAR/Mobile Recharge,IMPS/397007061353/ARUN KUMAR/Mobile Recharge,450,450,2026-02-19,2026-05-23,REF15214,REF15214,,,user@ibl,Subscription,GPay,Matched
UPI P2P KAVITA REDDY 857945927040,UPI FAILED 763729631787,1999,0,2026-04-11,2026-04-11,REF67602,REF67602,,,user@ybl,P2P,Cred,UPI Failed
UPI P2M BSNL 393130855983,UPI REVERSAL 599694724412,7500,-7500,2026-01-11,2026-07-18,REF83881,REF83881,,,merchant@payu,Rent Payment,Mobikwik,UPI Reversed
UPI P2P DEEPA KAPOOR 598033884055,,550,0,2026-01-24,2026-01-24,REF65862,REF75662,CHQ5380,,merchant@payu,Subscription,Paytm,Unmatched
RECEIVED FROM MEERA JOSHI VIA PhonePe,RECEIVED FROM MEERA JOSHI VIA PhonePe,20000,20000,2026-04-10,2026-04-10,REF68290,REF68290,,,bill@paytm,Mobile Recharge,Paytm,Duplicate
NEFT/232363417208/PRIYA PATEL/Subscription,,9999,0,2026-06-21,2026-06-21,REF23881,,CHQ9561,,user@oksbi,Bill Payment,AmazonPay,Unmatched
RECHARGE AIRTEL REF:503188704900,UPI FAILED 892258335224,2500,0,2026-05-03,2026-05-03,REF90740,REF90740,,,user@oksbi,Subscription,BHIM,UPI Failed
PAYMENT TO HDFC BANK VIA AmazonPay,UPI REVERSAL 948571471291,1300,-1300,2026-02-09,2026-02-09,REF39275,REF39275,,,merchant@ccavenue,Mobile Recharge,Mobikwik,UPI Reversed
SUBSCRIPTION GOOGLE ONE REF:671009436198,,1750,0,2026-07-10,2026-07-10,REF51469,,,,user@okhdfcbank,Salary Transfer,BHIM,Unmatched
UPI/Mobikwik/176131018364/PRIYA PATEL/P2P,UPI FAILED 428522444001,950,0,2026-01-12,2026-09-25,REF51753,REF51753,,,user@axl,EMI Payment,AmazonPay,UPI Failed
EMI PAYMENT HDFC REF:565754092255,EMI PAYMENT HDFC REF:565754092255,15000,15000,2026-01-16,2026-01-16,REF77951,REF24312,,,user@apl,EMI Payment,AmazonPay,Matched
UPI/CR/908188502785/SUNIL VERMA/Merchant Payment,UPI PENDING SETTLEMENT 215607906382,5000,5000,2026-05-12,2026-07-06,REF51845,REF70978,CHQ2270,CHQ2270,merchant@ccavenue,EMI Payment,GPay,Pending Settlement
NEFT/240002744921/RAJESH YADAV/P2P,UPI PENDING SETTLEMENT 520744836202,19999,19999,2026-01-05,2026-01-25,REF78768,REF78768,CHQ1728,CHQ1728,user@apl,Mobile Recharge,Paytm,Pending Settlement
NEFT/558185923479/MOHAN LAL/EMI Payment,NEFT/558185923479/MOHAN LAL/EMI Payment,4999,4999,2026-09-22,2026-09-22,REF74922,REF74922,,,abc123@paytm,P2M,Paytm,Matched
SUBSCRIPTION NETFLIX REF:206826524973,UPI REVERSAL 257845050772,550,-550,2026-03-13,2026-03-13,REF16722,REF42219,,,pay@oksbi,Merchant Payment,PhonePe,UPI Reversed
INSURANCE PREMIUM ICICI PRUDENTIAL REF:982015317657,INSURANCE PREMIUM ICICI PRUDENTIAL REF:982015317657,1499,1499,2026-10-05,2026-10-05,REF72032,REF72032,,,user@ybl,Rent Payment,BHIM,Matched
UPI P2P ARUN NAIR 715979184251,UPI P2P ARUN NAIR 715979184251,750,750,2026-09-25,2026-09-25,REF30164,REF90284,,,store@okaxis,Mobile Recharge,AmazonPay,Matched
Cred UPI TRANSFER DEEPA KAPOOR REF:145357200328,Cred UPI TRANSFER DEEPA KAPOOR REF:145357200328,2000,2005.0,2026-07-21,2026-07-21,REF60897,REF60897,,,abc123@paytm,P2P,GPay,Partial Match
UPI P2P DEEPA KAPOOR 465138875250,,1999,0,2026-07-28,2026-07-28,REF87430,,,,merchant@razorpay,Merchant Payment,PhonePe,Unmatched
UPI/PhonePe/375058857639/PRIYA PATEL/P2M,UPI/PhonePe/375058857639/PRIYA PATEL/P2M,2250,2250,2026-02-24,2026-02-24,REF42276,REF42276,,,user@okhdfcbank,Mobile Recharge,Cred,Matched
UPI/DR/701956787404/MOHAN LAL/Merchant Payment,UPI/DR/701956787404/MOHAN LAL/Merchant Payment,2000,2000,2026-11-10,2026-11-10,REF53238,REF53238,,,merchant@razorpay,Merchant Payment,Paytm,Matched
UPI/GPay/856908274447/RAHUL SHARMA/Bill Payment,UPI/GPay/856908274447/RAHUL SHARMA/Bill Payment,25000,25000,2026-11-08,2026-11-08,REF53635,REF53635,,,user@oksbi,Bill Payment,Paytm,Matched
UPI/PhonePe/454782191868/LATA MISHRA/Salary Transfer,UPI/PhonePe/454782191868/LATA MISHRA/Salary Transfer,650,650,2026-05-02,2026-04-13,REF80432,REF80432,CHQ8443,CHQ8443,user@okhdfcbank,Mobile Recharge,GPay,Matched
UPI/DR/613858213838/PRIYA PATEL/Bill Payment,UPI FAILED 279203360278,1500,0,2026-12-11,2026-12-11,REF65452,REF65452,,,merchant@ccavenue,Subscription,PhonePe,UPI Failed
NEFT/990437993465/KIRAN SINGH/Insurance Premium,UPI FAILED 282244811190,100000,0,2026-04-17,2026-04-17,REF30473,REF30473,,,merchant@payu,Rent Payment,Mobikwik,UPI Failed
RECEIVED FROM AMIT KUMAR VIA PhonePe,RECEIVED FROM AMIT KUMAR VIA PhonePe,499,499,2026-11-01,2026-11-04,REF86140,REF15553,CHQ5772,CHQ5772,user@ibl,Mobile Recharge,GPay,Matched
UPI P2P VIKAS GUPTA 280064107433,UPI P2P VIKAS GUPTA 280064107433,15000,15000,2026-10-23,2026-10-23,REF39713,REF39713,CHQ6709,CHQ6709,merchant@payu,Salary Transfer,Cred,Matched
BILL PAYMENT DTH REF:606610528303,BILL PAYMENT DTH REF:606610528303,999,999,2026-11-19,2026-11-19,REF57868,REF57868,CHQ2305,CHQ2305,user@paytm,EMI Payment,PhonePe,Matched
Paytm UPI TRANSFER NEHA CHOPRA REF:918788303483,Paytm UPI TRANSFER NEHA CHOPRA REF:918788303483,2000,2000.01,2026-04-06,2026-04-06,REF99247,REF99247,,,user@okhdfcbank,Rent Payment,BHIM,Partial Match
NEFT/530776531182/SURESH PANDIT/EMI Payment,UPI FAILED 144508993984,20000,0,2026-12-12,2026-12-12,REF94714,REF94714,,,salary@bank,Merchant Payment,Cred,UPI Failed
PAYMENT TO BAJAJ FINSERV VIA Cred,PAYMENT TO BAJAJ FINSERV VIA Cred,550,549.9,2026-06-24,2026-06-24,REF63802,REF63802,,,store@okaxis,Subscription,Cred,Partial Match
EMI PAYMENT ICICI REF:911960794055,,75000,0,2026-06-25,2026-06-25,REF36031,,CHQ3553,,user@apl,Merchant Payment,BHIM,Unmatched
NEFT/344763935841/RAJESH YADAV/EMI Payment,UPI FAILED 372874289631,9999,0,2026-02-11,2026-02-11,REF98581,REF98581,CHQ7738,CHQ7738,abc123@paytm,Bill Payment,Cred,UPI Failed
UPI/CR/276893962392/ANITA DEVI/Insurance Premium,UPI PENDING SETTLEMENT 277304024356,1300,1300,2026-11-21,2026-01-15,REF97554,REF97554,,,user@paytm,Insurance Premium,AmazonPay,Pending Settlement
UPI/DR/176157229806/PRIYA PATEL/Mobile Recharge,UPI/DR/176157229806/PRIYA PATEL/Mobile Recharge,19999,19999,2026-05-05,2026-05-05,REF23734,REF23734,,,salary@bank,P2P,GPay,Matched
PhonePe UPI TRANSFER ANITA DEVI REF:821789203670,PhonePe UPI TRANSFER ANITA DEVI REF:821789203670,3999,3999,2026-10-07,2026-02-05,REF12133,REF12133,CHQ7787,CHQ7787,user@okhdfcbank,P2P,BHIM,Matched
RECHARGE VI REF:852798233187,RECHARGE VI REF:852798233187,1750,1750,2026-09-11,2026-09-11,REF15098,REF15098,,,abc123@paytm,P2M,Paytm,Matched
RECEIVED FROM AMIT KUMAR VIA AmazonPay,RECEIVED FROM AMIT KUMAR VIA AmazonPay,500,500,2026-11-05,2026-11-05,REF18524,REF18524,,,user@oksbi,EMI Payment,GPay,Matched
INSURANCE PREMIUM LIC REF:579788017105,INSURANCE PREMIUM LIC REF:579788017105,850,850,2026-02-21,2026-08-06,REF65294,REF65294,CHQ1170,CHQ1170,user@federal,EMI Payment,PhonePe,Matched
SUBSCRIPTION SPOTIFY REF:645615608473,SUBSCRIPTION SPOTIFY REF:645615608473,100000,100000,2026-06-27,2026-06-27,REF33173,REF33173,,,user@ybl,Salary Transfer,BHIM,Matched
UPI/GPay/943177675885/GEETA AGRAWAL/P2P,UPI REVERSAL 756319696655,1200,-1200,2026-12-27,2026-12-27,REF45243,REF45243,CHQ1421,CHQ1421,merchant@payu,Salary Transfer,BHIM,UPI Reversed
UPI/CR/971852335658/VIKAS GUPTA/Insurance Premium,UPI PENDING SETTLEMENT 427240937597,25000,25000,2026-10-05,2026-12-11,REF56654,REF29483,,,user@ibl,Merchant Payment,BHIM,Pending Settlement
INSURANCE PREMIUM LIC REF:575495108377,INSURANCE PREMIUM LIC REF:575495108377,3999,3999,2026-11-24,2026-11-24,REF27782,REF27782,,,merchant@ccavenue,P2P,Cred,Matched
PAYMENT TO JIO VIA BHIM,,2000,0,2026-05-02,2026-05-02,REF75970,,,,user@apl,Bill Payment,Cred,Unmatched
UPI P2P NEHA CHOPRA 733311848029,UPI P2P NEHA CHOPRA 733311848029,3000,3001.0,2026-01-03,2026-01-03,REF68486,REF68486,CHQ3474,CHQ3474,xyz456@ybl,Subscription,GPay,Partial Match
RECEIVED FROM SNEHA SINGH VIA Paytm,RECEIVED FROM SNEHA SINGH VIA Paytm,2250,2250,2026-07-16,2026-07-16,REF38357,REF38357,CHQ1338,CHQ1338,merchant@ccavenue,Bill Payment,Mobikwik,Duplicate
BILL PAYMENT INTERNET REF:482123989386,UPI FAILED 843238368023,1499,0,2026-11-01,2026-11-01,REF95014,REF95014,,,user@ybl,Subscription,Cred,UPI Failed
UPI P2P PRIYA PATEL 860415181072,UPI FAILED 170513828696,75000,0,2026-02-28,2026-02-28,REF26620,REF26620,,,merchant@payu,Salary Transfer,Cred,UPI Failed
Mobikwik UPI TRANSFER KIRAN SINGH REF:581218052189,Mobikwik UPI TRANSFER KIRAN SINGH REF:581218052189,1499,1499.01,2026-05-20,2026-05-20,REF11880,REF11880,,,user@okhdfcbank,P2M,Mobikwik,Partial Match
PAYMENT TO DMART VIA Mobikwik,,450,0,2026-11-22,2026-11-22,REF27337,,CHQ6279,,rent@upi,Subscription,GPay,Unmatched
BHIM UPI TRANSFER KAVITA REDDY REF:332181155506,UPI PENDING SETTLEMENT 867344836689,10000,10000,2026-06-03,2026-08-01,REF51350,REF51350,,,bill@paytm,P2M,PhonePe,Pending Settlement
RECEIVED FROM RAHUL SHARMA VIA GPay,RECEIVED FROM RAHUL SHARMA VIA GPay,999,999,2026-03-28,2026-03-28,REF41369,REF41369,,,user@paytm,Salary Transfer,Cred,Matched
GPay UPI TRANSFER NEHA CHOPRA REF:479950150816,UPI FAILED 959952890669,25000,0,2026-05-09,2026-05-09,REF88541,REF88541,,,xyz456@ybl,P2M,BHIM,UPI Failed
UPI/BHIM/856451707166/SURESH PANDIT/P2M,UPI PENDING SETTLEMENT 554386933394,650,650,2026-01-24,2026-06-24,REF33603,REF33603,,,user@okhdfcbank,Rent Payment,AmazonPay,Pending Settlement
RECEIVED FROM MOHAN LAL VIA PhonePe,RECEIVED FROM MOHAN LAL VIA PhonePe,7500,7500,2026-10-03,2026-10-03,REF79761,REF79761,,,store@okaxis,Subscription,GPay,Matched
NEFT/380477088202/SURESH PANDIT/P2P,NEFT/380477088202/SURESH PANDIT/P2P,15000,14999.5,2026-12-15,2026-12-15,REF89016,REF89016,,,user@ibl,Merchant Payment,Cred,Partial Match
UPI/DR/414213141089/KIRAN SINGH/EMI Payment,UPI FAILED 571648636804,150,0,2026-02-26,2026-02-26,REF30925,REF30925,,,bill@paytm,Salary Transfer,BHIM,UPI Failed
UPI/DR/571983233679/ARUN NAIR/Merchant Payment,UPI/DR/571983233679/ARUN NAIR/Merchant Payment,550,550,2026-09-05,2026-09-05,REF85580,REF42839,,,user@ybl,Mobile Recharge,Cred,Matched
UPI P2P NEHA CHOPRA 855990533885,UPI P2P NEHA CHOPRA 855990533885,200,200,2026-09-04,2026-03-20,REF43749,REF43749,,,xyz456@ybl,EMI Payment,PhonePe,Matched
RECEIVED FROM RAJESH YADAV VIA BHIM,RECEIVED FROM RAJESH YADAV VIA BHIM,499,499,2026-09-14,2026-09-14,REF12998,REF12998,,,user@apl,Bill Payment,Paytm,Matched
UPI/CR/766490227014/VIKAS GUPTA/Mobile Recharge,UPI/CR/766490227014/VIKAS GUPTA/Mobile Recharge,7500,7505.0,2026-08-18,2026-08-18,REF78272,REF78272,,,merchant@razorpay,EMI Payment,GPay,Partial Match
INSURANCE PREMIUM STAR HEALTH REF:341843216747,,1100,0,2026-08-15,2026-08-15,REF53639,,,,user@federal,Insurance Premium,Mobikwik,Unmatched
BILL PAYMENT INTERNET REF:524421891581,UPI PENDING SETTLEMENT 580310380470,2250,2250,2026-05-03,2026-12-08,REF56699,REF56699,CHQ2526,CHQ2526,shop@okicici,P2M,Cred,Pending Settlement
INSURANCE PREMIUM BAJAJ ALLIANZ REF:975182665350,INSURANCE PREMIUM BAJAJ ALLIANZ REF:975182665350,1300,1300,2026-11-12,2026-11-12,REF74940,REF74940,,,user@ibl,Subscription,GPay,Matched
BILL PAYMENT ELECTRICITY REF:942908446854,BILL PAYMENT ELECTRICITY REF:942908446854,999,999,2026-04-28,2026-03-15,REF98717,REF98717,,,bill@paytm,Bill Payment,Cred,Matched
RECEIVED FROM LATA MISHRA VIA GPay,RECEIVED FROM LATA MISHRA VIA GPay,450,449.99,2026-02-07,2026-02-07,REF69205,REF69205,,,shop@okicici,EMI Payment,Mobikwik,Partial Match
EMI PAYMENT SBI REF:299036663846,EMI PAYMENT SBI REF:299036663846,25000,24999.0,2026-01-08,2026-01-08,REF49970,REF49970,,,abc123@paytm,EMI Payment,PhonePe,Partial Match
NEFT/298296537404/SUNIL VERMA/EMI Payment,NEFT/298296537404/SUNIL VERMA/EMI Payment,999,999,2026-12-23,2026-12-23,REF36330,REF11464,,,rent@upi,Insurance Premium,BHIM,Matched
RECHARGE BSNL REF:282994300499,RECHARGE BSNL REF:282994300499,1499,1498.95,2026-04-09,2026-04-09,REF95385,REF95385,CHQ5366,CHQ5366,store@okaxis,Bill Payment,AmazonPay,Partial Match
NEFT/981227385477/VIKAS GUPTA/Mobile Recharge,NEFT/981227385477/VIKAS GUPTA/Mobile Recharge,999,999,2026-09-13,2026-09-13,REF92291,REF93397,,,rent@upi,Insurance Premium,BHIM,Matched
INSURANCE PREMIUM STAR HEALTH REF:382783673069,INSURANCE PREMIUM STAR HEALTH REF:382783673069,1750,1750,2026-04-16,2026-04-16,REF80387,REF26068,,,xyz456@ybl,Merchant Payment,GPay,Matched
IMPS/358066560125/RAJESH YADAV/P2P,IMPS/358066560125/RAJESH YADAV/P2P,850,850.1,2026-07-14,2026-07-14,REF25766,REF25766,,,salary@bank,Subscription,BHIM,Partial Match
UPI P2M NETFLIX 184767839173,UPI P2M NETFLIX 184767839173,850,850,2026-11-18,2026-11-18,REF65523,REF69748,,,store@okaxis,P2M,Cred,Duplicate
BILL PAYMENT WATER REF:493293512650,BILL PAYMENT WATER REF:493293512650,9999,9999,2026-09-02,2026-09-02,REF13393,REF13393,CHQ4098,CHQ4098,store@okaxis,Bill Payment,Paytm,Matched
UPI/Paytm/417808798957/AMIT KUMAR/Rent Payment,UPI/Paytm/417808798957/AMIT KUMAR/Rent Payment,3999,3999,2026-06-03,2026-06-03,REF68276,REF68276,,,user@paytm,Subscription,BHIM,Matched
UPI P2M DMART 834332649009,,7500,0,2026-04-13,2026-04-13,REF48795,,,,user@apl,EMI Payment,PhonePe,Unmatched
INSURANCE PREMIUM ICICI PRUDENTIAL REF:923507278579,INSURANCE PREMIUM ICICI PRUDENTIAL REF:923507278579,750,750,2026-05-19,2026-05-19,REF87170,REF87170,,,store@okaxis,Insurance Premium,GPay,Matched
SUBSCRIPTION APPLE ICLOUD REF:627442163787,SUBSCRIPTION APPLE ICLOUD REF:627442163787,750,750,2026-05-26,2026-05-26,REF38364,REF38364,,,merchant@ccavenue,Subscription,Mobikwik,Matched
RECEIVED FROM MEERA JOSHI VIA PhonePe,,999,0,2026-02-01,2026-02-01,REF96729,REF27339,,,store@okaxis,Bill Payment,AmazonPay,Unmatched
UPI/DR/962041598811/RAHUL SHARMA/Merchant Payment,UPI/DR/962041598811/RAHUL SHARMA/Merchant Payment,14999,14999,2026-03-09,2026-03-09,REF68575,REF68575,,,user@federal,P2P,BHIM,Matched
PAYMENT TO BSNL VIA BHIM,UPI FAILED 745069597768,10000,0,2026-09-05,2026-01-04,REF87600,REF87600,,,abc123@paytm,P2P,Mobikwik,UPI Failed
EMI PAYMENT HDFC REF:784478422858,UPI REVERSAL 460658800423,20000,-20000,2026-01-10,2026-01-10,REF14037,REF14037,,,shop@okicici,Rent Payment,GPay,UPI Reversed
SUBSCRIPTION GOOGLE ONE REF:322345262750,SUBSCRIPTION GOOGLE ONE REF:322345262750,1200,1200,2026-12-04,2026-12-04,REF25691,REF25691,CHQ6636,CHQ6636,merchant@razorpay,Salary Transfer,GPay,Matched
PAYMENT TO SBI VIA Mobikwik,PAYMENT TO SBI VIA Mobikwik,750,745.0,2026-08-21,2026-08-21,REF64564,REF64564,,,abc123@paytm,Salary Transfer,Paytm,Partial Match
IMPS/537168298066/RAHUL SHARMA/Rent Payment,,950,0,2026-01-20,2026-01-20,REF60462,,,,merchant@ccavenue,Mobile Recharge,AmazonPay,Unmatched
UPI/Paytm/100252636061/PRIYA PATEL/Bill Payment,,5000,0,2026-06-14,2026-06-14,REF32647,,CHQ9958,,rent@upi,P2P,Mobikwik,Unmatched
Cred UPI TRANSFER SUNIL VERMA REF:149372605602,Cred UPI TRANSFER SUNIL VERMA REF:149372605602,10000,10000.1,2026-03-23,2026-03-23,REF47069,REF47069,,,user@axl,P2M,GPay,Partial Match
GPay UPI TRANSFER SNEHA SINGH REF:504606756996,UPI PENDING SETTLEMENT 269051075224,499,499,2026-08-22,2026-02-17,REF13480,REF53551,,,xyz456@ybl,Rent Payment,Cred,Pending Settlement
SUBSCRIPTION APPLE ICLOUD REF:310434133043,SUBSCRIPTION APPLE ICLOUD REF:310434133043,19999,19999,2026-06-16,2026-06-16,REF77360,REF77360,CHQ9918,CHQ9918,merchant@ccavenue,Insurance Premium,BHIM,Matched
UPI/CR/156493441562/NEHA CHOPRA/Mobile Recharge,UPI/CR/156493441562/NEHA CHOPRA/Mobile Recharge,25000,25000,2026-09-15,2026-12-19,REF82249,REF82249,,,abc123@paytm,P2M,Paytm,Matched
UPI/DR/180503251799/NEHA CHOPRA/Subscription,UPI/DR/180503251799/NEHA CHOPRA/Subscription,50000,50000,2026-09-27,2026-09-27,REF56899,REF56899,,,merchant@razorpay,Bill Payment,Cred,Matched
INSURANCE PREMIUM SBI LIFE REF:109034597021,INSURANCE PREMIUM SBI LIFE REF:109034597021,550,550,2026-07-03,2026-12-25,REF45594,REF96922,,,salary@bank,Rent Payment,BHIM,Matched
INSURANCE PREMIUM STAR HEALTH REF:163738803257,INSURANCE PREMIUM STAR HEALTH REF:163738803257,1500,1500,2026-02-04,2026-02-04,REF50357,REF50357,,,user@ybl,Salary Transfer,BHIM,Matched
INSURANCE PREMIUM BAJAJ ALLIANZ REF:249280750660,INSURANCE PREMIUM BAJAJ ALLIANZ REF:249280750660,19999,19994.0,2026-01-01,2026-01-01,REF20094,REF20094,,,user@oksbi,Subscription,BHIM,Partial Match
UPI P2M RELIANCE RETAIL 788778230581,UPI FAILED 288510102944,1200,0,2026-05-08,2026-05-08,REF50276,REF50276,,,pay@oksbi,Mobile Recharge,Cred,UPI Failed
UPI/DR/663498480708/KIRAN SINGH/EMI Payment,UPI FAILED 638784802784,750,0,2026-07-18,2026-07-18,REF40334,REF40334,,,bill@paytm,Insurance Premium,PhonePe,UPI Failed
INSURANCE PREMIUM ICICI PRUDENTIAL REF:512050274824,,1000,0,2026-09-10,2026-09-10,REF87719,REF58241,,,shop@okicici,Mobile Recharge,PhonePe,Unmatched
UPI/Paytm/203670751923/VIKAS GUPTA/Merchant Payment,UPI FAILED 779270192095,1999,0,2026-01-22,2026-03-13,REF31247,REF31247,,,user@federal,P2M,Cred,UPI Failed
SUBSCRIPTION NETFLIX REF:260042058787,UPI FAILED 405537505372,2000,0,2026-12-12,2026-12-12,REF39771,REF38784,,,user@oksbi,P2M,PhonePe,UPI Failed
UPI P2M JIO 303183866892,UPI P2M JIO 303183866892,2000,2000,2026-12-05,2026-12-05,REF72707,REF26631,CHQ1385,CHQ1385,user@axl,Salary Transfer,BHIM,Matched
INSURANCE PREMIUM ICICI PRUDENTIAL REF:622484927557,INSURANCE PREMIUM ICICI PRUDENTIAL REF:622484927557,750,750,2026-04-12,2026-04-12,REF12020,REF12020,CHQ8118,CHQ8118,xyz456@ybl,Insurance Premium,PhonePe,Matched
SUBSCRIPTION NETFLIX REF:307888779172,UPI REVERSAL 304590757681,499,-499,2026-06-02,2026-06-02,REF96266,REF96266,CHQ6835,CHQ6835,merchant@razorpay,Insurance Premium,Mobikwik,UPI Reversed
UPI/DR/412382514654/VIKAS GUPTA/Bill Payment,UPI/DR/412382514654/VIKAS GUPTA/Bill Payment,100000,100000.01,2026-04-07,2026-08-10,REF24641,REF91455,,,user@axl,Subscription,AmazonPay,Partial Match
PAYMENT TO SPOTIFY VIA GPay,,2000,0,2026-04-19,2026-04-19,REF17868,,CHQ9105,,bill@paytm,Subscription,GPay,Unmatched
NEFT/328192589864/KAVITA REDDY/Rent Payment,NEFT/328192589864/KAVITA REDDY/Rent Payment,1300,1300,2026-02-26,2026-02-26,REF46851,REF46851,,,user@paytm,Rent Payment,Cred,Matched
BILL PAYMENT WATER REF:605490646315,BILL PAYMENT WATER REF:605490646315,25000,25000,2026-09-20,2026-09-20,REF43487,REF43487,,,merchant@ccavenue,Subscription,BHIM,Matched
UPI/DR/440533321178/NEHA CHOPRA/Rent Payment,,3000,0,2026-12-16,2026-12-16,REF67741,,,,user@axl,Salary Transfer,BHIM,Unmatched
RECEIVED FROM DEEPA KAPOOR VIA Cred,,499,0,2026-06-28,2026-06-28,REF47342,,,,abc123@paytm,EMI Payment,Cred,Unmatched
PAYMENT TO STAR HEALTH VIA GPay,,10000,0,2026-01-01,2026-02-05,REF19337,,,,pay@oksbi,Merchant Payment,Paytm,Unmatched
UPI/CR/300310035405/NEHA CHOPRA/Merchant Payment,UPI FAILED 797024735033,19999,0,2026-03-11,2026-03-11,REF23710,REF23710,,,merchant@razorpay,Subscription,Paytm,UPI Failed
EMI PAYMENT ICICI REF:924114752230,UPI PENDING SETTLEMENT 544833354168,2000,2000,2026-01-09,2026-01-15,REF19547,REF19547,,,user@ybl,P2M,Cred,Pending Settlement
PAYMENT TO CROMA VIA BHIM,PAYMENT TO CROMA VIA BHIM,3000,3000,2026-02-24,2026-04-26,REF85097,REF85097,,,merchant@payu,P2P,Paytm,Matched
UPI P2M PRIME VIDEO 481085096746,UPI P2M PRIME VIDEO 481085096746,2000,1999.9,2026-04-13,2026-04-13,REF42773,REF42773,,,user@ybl,Merchant Payment,GPay,Partial Match
UPI P2M AIRTEL 544493358966,,150,0,2026-02-20,2026-07-01,REF59323,,,,user@federal,Rent Payment,BHIM,Unmatched
UPI/CR/400430041282/SUNIL VERMA/Insurance Premium,UPI/CR/400430041282/SUNIL VERMA/Insurance Premium,250,250,2026-08-15,2026-08-15,REF32068,REF32068,,,user@federal,Rent Payment,AmazonPay,Matched
UPI P2M SWIGGY 281647297835,UPI P2M SWIGGY 281647297835,1499,1499,2026-01-04,2026-01-04,REF23609,REF23609,,,merchant@payu,Salary Transfer,PhonePe,Matched
RECEIVED FROM ANITA DEVI VIA BHIM,UPI PENDING SETTLEMENT 702492244315,850,850,2026-11-08,2026-11-20,REF92468,REF92468,,,user@ybl,Mobile Recharge,Mobikwik,Pending Settlement
INSURANCE PREMIUM STAR HEALTH REF:287745511543,INSURANCE PREMIUM STAR HEALTH REF:287745511543,20000,20000,2026-04-22,2026-04-22,REF87067,REF87067,,,user@axl,Subscription,GPay,Matched
BHIM UPI TRANSFER LATA MISHRA REF:919605440641,BHIM UPI TRANSFER LATA MISHRA REF:919605440641,75000,75000.05,2026-02-19,2026-02-19,REF15832,REF15832,CHQ5344,CHQ5344,shop@okicici,Insurance Premium,GPay,Partial Match
IMPS/552351911590/SURESH PANDIT/Mobile Recharge,IMPS/552351911590/SURESH PANDIT/Mobile Recharge,75000,75000,2026-09-25,2026-09-25,REF56829,REF56829,CHQ2393,CHQ2393,xyz456@ybl,EMI Payment,Mobikwik,Matched
IMPS/839533820626/ARUN KUMAR/P2M,IMPS/839533820626/ARUN KUMAR/P2M,450,450,2026-10-23,2026-02-13,REF32461,REF32461,,,user@axl,Merchant Payment,Mobikwik,Matched
INSURANCE PREMIUM STAR HEALTH REF:769362434464,INSURANCE PREMIUM STAR HEALTH REF:769362434464,1000,1000,2026-08-13,2026-08-13,REF59069,REF59069,,,abc123@paytm,Rent Payment,Mobikwik,Matched
RECHARGE VI REF:361462965930,,7500,0,2026-12-27,2026-02-12,REF35494,,,,salary@bank,Merchant Payment,Mobikwik,Unmatched
RECEIVED FROM RAVI TEJA VIA BHIM,RECEIVED FROM RAVI TEJA VIA BHIM,200,200,2026-01-06,2026-01-06,REF28759,REF28759,,,shop@okicici,P2P,Paytm,Matched
UPI/DR/270161415390/NEHA CHOPRA/P2M,,75000,0,2026-08-27,2026-08-27,REF33140,,,,merchant@razorpay,Subscription,Cred,Unmatched
Cred UPI TRANSFER LATA MISHRA REF:458932898400,UPI REVERSAL 291002903559,999,-999,2026-04-05,2026-04-05,REF50550,REF50550,,,abc123@paytm,Salary Transfer,AmazonPay,UPI Reversed
INSURANCE PREMIUM ICICI PRUDENTIAL REF:558131602976,INSURANCE PREMIUM ICICI PRUDENTIAL REF:558131602976,14999,14999,2026-04-08,2026-04-08,REF61647,REF61647,CHQ8169,CHQ8169,user@axl,EMI Payment,Mobikwik,Matched
PAYMENT TO VODAFONE VIA PhonePe,PAYMENT TO VODAFONE VIA PhonePe,1200,1200,2026-06-12,2026-06-12,REF41209,REF41209,,,salary@bank,Bill Payment,Mobikwik,Matched
Cred UPI TRANSFER AMIT KUMAR REF:376778815517,Cred UPI TRANSFER AMIT KUMAR REF:376778815517,850,850,2026-03-25,2026-03-25,REF48819,REF39456,CHQ6324,CHQ6324,shop@okicici,Subscription,Mobikwik,Duplicate
SUBSCRIPTION AMAZON PRIME REF:477743971596,UPI REVERSAL 269451382648,999,-999,2026-02-07,2026-02-07,REF27643,REF27643,,,salary@bank,P2M,AmazonPay,UPI Reversed
UPI P2M ICICI BANK 950636393283,UPI P2M ICICI BANK 950636393283,550,550,2026-06-20,2026-06-20,REF91089,REF88242,CHQ2232,CHQ2232,shop@okicici,Salary Transfer,BHIM,Matched
SUBSCRIPTION AMAZON PRIME REF:251113201486,,1300,0,2026-11-01,2026-05-20,REF45248,,,,user@oksbi,Subscription,PhonePe,Unmatched
UPI/CR/613237645634/SUNIL VERMA/Merchant Payment,,4999,0,2026-08-07,2026-08-07,REF77267,,,,salary@bank,P2P,PhonePe,Unmatched
IMPS/598662698237/PRIYA PATEL/Salary Transfer,IMPS/598662698237/PRIYA PATEL/Salary Transfer,100,100,2026-09-24,2026-09-24,REF36973,REF36973,,,user@federal,Bill Payment,Cred,Matched
UPI/CR/340368994365/GEETA AGRAWAL/Mobile Recharge,UPI PENDING SETTLEMENT 485514977179,19999,19999,2026-02-13,2026-05-15,REF40177,REF40177,CHQ4204,CHQ4204,user@ibl,Bill Payment,PhonePe,Pending Settlement
BILL PAYMENT DTH REF:284251762225,UPI PENDING SETTLEMENT 947573106368,850,850,2026-09-05,2026-05-12,REF84660,REF84660,CHQ5173,CHQ5173,store@okaxis,P2M,Cred,Pending Settlement
BHIM UPI TRANSFER RAVI TEJA REF:855717332662,UPI FAILED 337083519087,150,0,2026-04-24,2026-04-24,REF64818,REF66835,,,user@apl,Subscription,BHIM,UPI Failed
RECHARGE BSNL REF:187557331233,UPI REVERSAL 386477733528,20000,-20000,2026-07-16,2026-07-16,REF20253,REF20253,,,abc123@paytm,Bill Payment,Mobikwik,UPI Reversed
UPI/CR/969530859400/ARUN KUMAR/Subscription,UPI/CR/969530859400/ARUN KUMAR/Subscription,1300,1300,2026-03-28,2026-03-28,REF16897,REF16897,,,merchant@ccavenue,P2M,AmazonPay,Matched
UPI/CR/515086522765/NEHA CHOPRA/Rent Payment,UPI/CR/515086522765/NEHA CHOPRA/Rent Payment,1500,1499.9,2026-10-27,2026-06-26,REF28850,REF69382,,,user@paytm,Mobile Recharge,BHIM,Partial Match
UPI P2M FLIPKART 422604418960,UPI P2M FLIPKART 422604418960,350,349.0,2026-05-12,2026-05-12,REF67672,REF67672,,,merchant@razorpay,EMI Payment,Cred,Partial Match
AmazonPay UPI TRANSFER PRIYA PATEL REF:531011281576,AmazonPay UPI TRANSFER PRIYA PATEL REF:531011281576,5000,5001.0,2026-04-04,2026-04-04,REF37541,REF37541,,,user@axl,Bill Payment,Paytm,Partial Match
BILL PAYMENT INTERNET REF:502314499999,,3999,0,2026-03-05,2026-03-05,REF53791,,CHQ5419,,merchant@ccavenue,Subscription,BHIM,Unmatched
PAYMENT TO HOTSTAR VIA Mobikwik,PAYMENT TO HOTSTAR VIA Mobikwik,9999,9999,2026-05-12,2026-05-12,REF16246,REF16246,,,bill@paytm,Merchant Payment,AmazonPay,Matched
UPI P2M STAR HEALTH 960004802806,UPI P2M STAR HEALTH 960004802806,1300,1300,2026-10-07,2026-10-07,REF90772,REF90772,,,salary@bank,P2M,Paytm,Matched
UPI/CR/376407873372/PRIYA PATEL/Subscription,UPI/CR/376407873372/PRIYA PATEL/Subscription,499,499,2026-05-02,2026-05-02,REF50532,REF50532,,,pay@oksbi,Insurance Premium,Mobikwik,Matched
UPI P2P PRIYA PATEL 574430177243,UPI P2P PRIYA PATEL 574430177243,100,100,2026-10-01,2026-02-20,REF61803,REF61803,CHQ6793,CHQ6793,user@axl,P2P,BHIM,Matched
EMI PAYMENT HDFC REF:353258239245,EMI PAYMENT HDFC REF:353258239245,999,999,2026-03-19,2026-03-19,REF29863,REF29863,,,user@okhdfcbank,Bill Payment,AmazonPay,Matched
UPI/GPay/858427413387/AMIT KUMAR/Mobile Recharge,UPI/GPay/858427413387/AMIT KUMAR/Mobile Recharge,3999,3999,2026-01-23,2026-01-23,REF55539,REF55539,CHQ6275,CHQ6275,merchant@ccavenue,Salary Transfer,GPay,Matched
INSURANCE PREMIUM SBI LIFE REF:480081136103,INSURANCE PREMIUM SBI LIFE REF:480081136103,10000,10000,2026-04-25,2026-04-25,REF93171,REF64313,,,salary@bank,P2P,PhonePe,Matched
RECEIVED FROM PRIYA PATEL VIA GPay,UPI REVERSAL 500296734824,25000,-25000,2026-11-28,2026-11-28,REF44464,REF44464,CHQ1672,CHQ1672,user@axl,P2M,BHIM,UPI Reversed
SUBSCRIPTION NETFLIX REF:790991968841,UPI REVERSAL 524346378855,2500,-2500,2026-02-21,2026-11-07,REF79640,REF79640,,,salary@bank,Merchant Payment,PhonePe,UPI Reversed
INSURANCE PREMIUM SBI LIFE REF:608421946416,INSURANCE PREMIUM SBI LIFE REF:608421946416,2999,2999,2026-04-13,2026-04-13,REF85653,REF98571,,,abc123@paytm,Insurance Premium,AmazonPay,Matched
IMPS/494202136871/SUNIL VERMA/P2M,IMPS/494202136871/SUNIL VERMA/P2M,5000,5000,2026-09-13,2026-09-13,REF42638,REF42638,,,user@axl,P2P,Cred,Duplicate
RECEIVED FROM ARUN KUMAR VIA GPay,RECEIVED FROM ARUN KUMAR VIA GPay,100,100,2026-10-02,2026-10-02,REF88840,REF88840,,,abc123@paytm,Insurance Premium,PhonePe,Matched
UPI P2M ICICI BANK 364637475269,,10000,0,2026-09-06,2026-05-18,REF68280,REF38364,,,user@ybl,Merchant Payment,Cred,Unmatched
UPI P2M CROMA 672910885479,UPI P2M CROMA 672910885479,750,750,2026-01-22,2026-01-22,REF24667,REF24667,CHQ6966,CHQ6966,user@axl,Rent Payment,Mobikwik,Matched
GPay UPI TRANSFER PRIYA PATEL REF:104901435212,GPay UPI TRANSFER PRIYA PATEL REF:104901435212,3000,3000,2026-02-24,2026-02-24,REF95422,REF95422,,,merchant@razorpay,EMI Payment,Mobikwik,Matched
INSURANCE PREMIUM LIC REF:755528482377,INSURANCE PREMIUM LIC REF:755528482377,15000,15000,2026-11-16,2026-10-15,REF27201,REF27201,,,merchant@payu,Salary Transfer,Paytm,Matched
PAYMENT TO JIO VIA GPay,PAYMENT TO JIO VIA GPay,200,200.5,2026-03-06,2026-03-06,REF55737,REF55737,,,merchant@payu,P2M,PhonePe,Partial Match
UPI P2M HOTSTAR 208063005079,,850,0,2026-03-03,2026-03-03,REF86028,REF14309,CHQ6343,,salary@bank,Mobile Recharge,Mobikwik,Unmatched
EMI PAYMENT AXIS REF:646743115804,EMI PAYMENT AXIS REF:646743115804,75000,75000,2026-09-12,2026-09-12,REF81224,REF81224,,,shop@okicici,Salary Transfer,Paytm,Matched
UPI P2P ARUN NAIR 648368468223,UPI P2P ARUN NAIR 648368468223,9999,9999,2026-12-25,2026-12-25,REF86162,REF86162,,,user@oksbi,EMI Payment,AmazonPay,Duplicate
UPI P2P RAVI TEJA 252970607411,UPI FAILED 700133550574,14999,0,2026-08-20,2026-08-20,REF56807,REF56807,,,xyz456@ybl,Subscription,Mobikwik,UPI Failed
BILL PAYMENT ELECTRICITY REF:342192090826,BILL PAYMENT ELECTRICITY REF:342192090826,100,100,2026-11-21,2026-11-21,REF31333,REF31333,,,merchant@payu,P2M,PhonePe,Matched
RECHARGE JIO REF:715143311209,RECHARGE JIO REF:715143311209,20000,20001.0,2026-06-24,2026-11-03,REF22572,REF22572,CHQ5811,CHQ5811,user@federal,P2M,PhonePe,Partial Match
UPI P2P MEERA JOSHI 504911471431,UPI REVERSAL 928255807978,3999,-3999,2026-10-21,2026-10-21,REF89029,REF89029,,,user@apl,EMI Payment,Mobikwik,UPI Reversed
BHIM UPI TRANSFER NEHA CHOPRA REF:472426523821,UPI FAILED 734598873554,750,0,2026-09-03,2026-09-03,REF75082,REF75082,,,user@oksbi,P2M,Paytm,UPI Failed
UPI P2M HDFC BANK 328658975896,UPI P2M HDFC BANK 328658975896,150,150,2026-10-25,2026-10-25,REF61053,REF61053,,,user@ibl,P2P,GPay,Duplicate
UPI P2P RAJESH YADAV 639520939343,UPI P2P RAJESH YADAV 639520939343,200,201.0,2026-12-10,2026-12-10,REF31352,REF77328,,,shop@okicici,EMI Payment,Paytm,Partial Match
RECHARGE VI REF:703293500594,UPI FAILED 935146694322,500,0,2026-10-07,2026-10-07,REF70031,REF70031,,,store@okaxis,Salary Transfer,BHIM,UPI Failed
UPI/DR/541014813927/AMIT KUMAR/Bill Payment,UPI REVERSAL 954605142402,25000,-25000,2026-09-07,2026-09-07,REF59791,REF59791,CHQ6130,CHQ6130,abc123@paytm,Rent Payment,PhonePe,UPI Reversed
SUBSCRIPTION NETFLIX REF:860473732455,,25000,0,2026-10-01,2026-10-01,REF67011,,CHQ9580,,user@oksbi,P2P,GPay,Unmatched
IMPS/994874123822/RAHUL SHARMA/Mobile Recharge,IMPS/994874123822/RAHUL SHARMA/Mobile Recharge,350,350,2026-08-07,2026-08-07,REF44199,REF83723,,,shop@okicici,Bill Payment,PhonePe,Matched
Cred UPI TRANSFER AMIT KUMAR REF:666362676925,,2999,0,2026-09-03,2026-09-03,REF92559,,CHQ2432,,pay@oksbi,Salary Transfer,Paytm,Unmatched
INSURANCE PREMIUM STAR HEALTH REF:328319757145,INSURANCE PREMIUM STAR HEALTH REF:328319757145,2500,2500,2026-08-17,2026-08-17,REF73590,REF73590,CHQ7819,CHQ7819,pay@oksbi,Salary Transfer,Cred,Duplicate
RECEIVED FROM RAJESH YADAV VIA GPay,RECEIVED FROM RAJESH YADAV VIA GPay,1499,1499,2026-05-22,2026-05-22,REF41355,REF41355,CHQ2838,CHQ2838,rent@upi,P2M,BHIM,Matched
Cred UPI TRANSFER KAVITA REDDY REF:621208272563,Cred UPI TRANSFER KAVITA REDDY REF:621208272563,999,999,2026-05-06,2026-05-06,REF27447,REF27447,,,user@oksbi,Rent Payment,Mobikwik,Duplicate
RECHARGE AIRTEL REF:965980589037,RECHARGE AIRTEL REF:965980589037,350,349.9,2026-12-22,2026-12-22,REF71996,REF71996,,,abc123@paytm,Rent Payment,GPay,Partial Match
RECEIVED FROM ANITA DEVI VIA Paytm,RECEIVED FROM ANITA DEVI VIA Paytm,75000,75000,2026-07-06,2026-07-06,REF20660,REF11139,,,shop@okicici,Merchant Payment,GPay,Matched
UPI/CR/245270597354/RAHUL SHARMA/Subscription,,2500,0,2026-10-05,2026-10-05,REF25239,REF53607,CHQ5017,,user@oksbi,P2M,PhonePe,Unmatched
INSURANCE PREMIUM BAJAJ ALLIANZ REF:514918501320,INSURANCE PREMIUM BAJAJ ALLIANZ REF:514918501320,999,999,2026-10-19,2026-10-19,REF43630,REF43630,,,user@ibl,Salary Transfer,BHIM,Matched
NEFT/822184694756/LATA MISHRA/Mobile Recharge,NEFT/822184694756/LATA MISHRA/Mobile Recharge,15000,15000,2026-10-09,2026-10-09,REF86913,REF86913,,,user@oksbi,Mobile Recharge,Paytm,Matched
UPI P2M BSNL 983447995580,UPI P2M BSNL 983447995580,999,999,2026-09-18,2026-09-20,REF97338,REF97338,CHQ5882,CHQ5882,user@apl,P2P,Paytm,Matched
UPI/CR/424519590925/AMIT KUMAR/Bill Payment,UPI/CR/424519590925/AMIT KUMAR/Bill Payment,1499,1499,2026-04-20,2026-12-25,REF38135,REF38135,,,store@okaxis,P2M,Paytm,Matched
UPI/Mobikwik/379873939254/ARUN NAIR/P2P,UPI/Mobikwik/379873939254/ARUN NAIR/P2P,5000,5000,2026-05-16,2026-01-15,REF28015,REF69678,,,user@axl,P2M,AmazonPay,Matched
IMPS/627521195475/GEETA AGRAWAL/Bill Payment,,15000,0,2026-06-06,2026-06-06,REF22710,,CHQ9699,,store@okaxis,EMI Payment,Paytm,Unmatched
RECEIVED FROM ANITA DEVI VIA GPay,UPI REVERSAL 738614701698,2999,-2999,2026-09-12,2026-09-12,REF76505,REF76505,,,user@okhdfcbank,Rent Payment,GPay,UPI Reversed
EMI PAYMENT ICICI REF:765523452466,UPI PENDING SETTLEMENT 748188888985,100,100,2026-07-09,2026-12-21,REF34864,REF51832,,,user@axl,Bill Payment,PhonePe,Pending Settlement
BILL PAYMENT WATER REF:883632860672,BILL PAYMENT WATER REF:883632860672,2500,2500,2026-05-25,2026-05-25,REF35686,REF90335,CHQ1523,CHQ1523,store@okaxis,Bill Payment,GPay,Matched
IMPS/422697116847/RAVI TEJA/Insurance Premium,IMPS/422697116847/RAVI TEJA/Insurance Premium,999,999,2026-04-27,2026-04-27,REF85082,REF85082,CHQ8961,CHQ8961,merchant@payu,EMI Payment,BHIM,Matched
RECEIVED FROM GEETA AGRAWAL VIA PhonePe,UPI FAILED 142947847684,50000,0,2026-05-21,2026-05-21,REF91721,REF91721,,,user@okhdfcbank,EMI Payment,PhonePe,UPI Failed
RECEIVED FROM AMIT KUMAR VIA AmazonPay,RECEIVED FROM AMIT KUMAR VIA AmazonPay,500,500.1,2026-02-18,2026-02-18,REF16332,REF28864,,,xyz456@ybl,P2P,GPay,Partial Match
UPI/Paytm/204033866023/ARUN NAIR/P2M,UPI REVERSAL 957213566509,950,-950,2026-09-12,2026-04-18,REF71797,REF72231,CHQ4918,CHQ4918,user@ibl,Insurance Premium,Cred,UPI Reversed
UPI/CR/863409334278/SUNIL VERMA/Subscription,UPI/CR/863409334278/SUNIL VERMA/Subscription,4999,4999.05,2026-02-18,2026-02-18,REF30832,REF53280,,,user@okhdfcbank,Merchant Payment,AmazonPay,Partial Match
INSURANCE PREMIUM ICICI PRUDENTIAL REF:916178157306,UPI REVERSAL 292984401397,650,-650,2026-08-22,2026-08-22,REF48642,REF48642,,,merchant@razorpay,Salary Transfer,PhonePe,UPI Reversed
RECHARGE BSNL REF:984290357038,RECHARGE BSNL REF:984290357038,100000,100000,2026-06-12,2026-06-12,REF88009,REF88009,CHQ1877,CHQ1877,abc123@paytm,Mobile Recharge,PhonePe,Matched
IMPS/273692635871/GEETA AGRAWAL/Subscription,IMPS/273692635871/GEETA AGRAWAL/Subscription,650,649.0,2026-02-16,2026-02-16,REF49863,REF49863,,,user@federal,Merchant Payment,Mobikwik,Partial Match
SUBSCRIPTION AMAZON PRIME REF:287934088267,SUBSCRIPTION AMAZON PRIME REF:287934088267,650,650,2026-05-08,2026-01-23,REF73214,REF95852,,,merchant@ccavenue,Mobile Recharge,Mobikwik,Matched
RECEIVED FROM MEERA JOSHI VIA GPay,RECEIVED FROM MEERA JOSHI VIA GPay,9999,10004.0,2026-06-06,2026-06-06,REF22048,REF22048,,,user@paytm,P2M,Paytm,Partial Match
SUBSCRIPTION APPLE ICLOUD REF:333049708014,SUBSCRIPTION APPLE ICLOUD REF:333049708014,20000,20000,2026-06-17,2026-07-09,REF58395,REF58395,CHQ9235,CHQ9235,user@federal,Mobile Recharge,Cred,Matched
UPI P2P KIRAN SINGH 773302816070,UPI FAILED 521821606864,19999,0,2026-10-21,2026-10-21,REF17579,REF17579,CHQ5968,CHQ5968,user@federal,Subscription,AmazonPay,UPI Failed
PAYMENT TO LIC VIA BHIM,PAYMENT TO LIC VIA BHIM,15000,15000,2026-01-25,2026-01-25,REF77054,REF77054,,,xyz456@ybl,Insurance Premium,AmazonPay,Matched
INSURANCE PREMIUM STAR HEALTH REF:756641139768,UPI REVERSAL 270052411680,750,-750,2026-11-23,2026-11-23,REF94215,REF94215,,,store@okaxis,P2M,GPay,UPI Reversed
SUBSCRIPTION NETFLIX REF:899494827579,SUBSCRIPTION NETFLIX REF:899494827579,500,500,2026-06-07,2026-06-07,REF33741,REF33741,,,user@apl,P2P,GPay,Duplicate
EMI PAYMENT ICICI REF:402397266479,EMI PAYMENT ICICI REF:402397266479,1100,1100,2026-08-11,2026-08-11,REF79544,REF79544,CHQ7350,CHQ7350,merchant@razorpay,Rent Payment,AmazonPay,Matched
UPI/CR/202908627600/AMIT KUMAR/Bill Payment,UPI/CR/202908627600/AMIT KUMAR/Bill Payment,1200,1200,2026-09-09,2026-09-09,REF64015,REF64015,CHQ1935,CHQ1935,user@apl,Insurance Premium,PhonePe,Matched
UPI/CR/559452847861/VIKAS GUPTA/Merchant Payment,UPI PENDING SETTLEMENT 996152729669,250,250,2026-01-13,2026-08-16,REF93527,REF93527,,,store@okaxis,P2P,GPay,Pending Settlement
UPI/GPay/793080563020/AMIT KUMAR/Subscription,,250,0,2026-01-16,2026-01-16,REF18173,,CHQ2642,,merchant@razorpay,Merchant Payment,Cred,Unmatched
SUBSCRIPTION NETFLIX REF:715880123948,SUBSCRIPTION NETFLIX REF:715880123948,7500,7500,2026-05-24,2026-07-20,REF87073,REF87073,,,bill@paytm,Insurance Premium,Mobikwik,Matched
RECHARGE JIO REF:224471299525,RECHARGE JIO REF:224471299525,1500,1500,2026-10-13,2026-10-13,REF43723,REF43723,CHQ6396,CHQ6396,shop@okicici,Insurance Premium,PhonePe,Matched
INSURANCE PREMIUM ICICI PRUDENTIAL REF:636331215042,INSURANCE PREMIUM ICICI PRUDENTIAL REF:636331215042,250,250,2026-03-23,2026-03-23,REF46099,REF20961,CHQ3567,CHQ3567,merchant@razorpay,EMI Payment,Mobikwik,Matched
BILL PAYMENT ELECTRICITY REF:153793926768,BILL PAYMENT ELECTRICITY REF:153793926768,2000,1999.95,2026-07-07,2026-07-07,REF42126,REF42126,CHQ3939,CHQ3939,user@axl,Rent Payment,BHIM,Partial Match
UPI/CR/855243646005/VIKAS GUPTA/Subscription,,1200,0,2026-09-14,2026-09-14,REF68931,,,,user@ibl,Mobile Recharge,AmazonPay,Unmatched
UPI/PhonePe/918235424000/RAHUL SHARMA/Salary Transfer,UPI/PhonePe/918235424000/RAHUL SHARMA/Salary Transfer,15000,15000,2026-01-23,2026-01-23,REF85839,REF85839,CHQ7838,CHQ7838,shop@okicici,Merchant Payment,AmazonPay,Duplicate
BILL PAYMENT LANDLINE REF:880790854782,BILL PAYMENT LANDLINE REF:880790854782,950,950,2026-05-27,2026-05-27,REF88034,REF88034,,,user@federal,Rent Payment,Mobikwik,Matched
NEFT/550581955450/SURESH PANDIT/Bill Payment,NEFT/550581955450/SURESH PANDIT/Bill Payment,25000,25000,2026-03-15,2026-03-15,REF75796,REF75796,CHQ4471,CHQ4471,store@okaxis,Bill Payment,PhonePe,Matched
EMI PAYMENT SBI REF:985508541329,UPI PENDING SETTLEMENT 809851308700,9999,9999,2026-05-14,2026-01-07,REF50023,REF13941,,,merchant@razorpay,P2M,Mobikwik,Pending Settlement
UPI P2M DMART 458267775613,UPI P2M DMART 458267775613,350,350,2026-12-08,2026-12-08,REF38621,REF38621,,,merchant@razorpay,Rent Payment,AmazonPay,Matched
EMI PAYMENT KOTAK REF:995137297166,UPI PENDING SETTLEMENT 536535448745,100,100,2026-02-07,2026-11-15,REF40508,REF40508,CHQ8646,CHQ8646,pay@oksbi,P2P,GPay,Pending Settlement
INSURANCE PREMIUM LIC REF:224936930403,UPI PENDING SETTLEMENT 491328019728,20000,20000,2026-10-09,2026-09-15,REF31031,REF63085,,,salary@bank,P2M,BHIM,Pending Settlement
AmazonPay UPI TRANSFER SURESH PANDIT REF:502170378588,AmazonPay UPI TRANSFER SURESH PANDIT REF:502170378588,2999,2999,2026-02-02,2026-02-02,REF13988,REF48653,,,user@ybl,Merchant Payment,BHIM,Matched
UPI/Paytm/116106191590/MOHAN LAL/Merchant Payment,,19999,0,2026-09-06,2026-09-06,REF60154,REF68361,CHQ3702,,user@apl,P2M,GPay,Unmatched
UPI/CR/167631148053/ARUN NAIR/Insurance Premium,UPI/CR/167631148053/ARUN NAIR/Insurance Premium,1100,1100,2026-12-10,2026-12-10,REF27567,REF27567,,,user@ibl,Subscription,GPay,Matched
IMPS/905333048466/AMIT KUMAR/Mobile Recharge,IMPS/905333048466/AMIT KUMAR/Mobile Recharge,450,450,2026-09-10,2026-09-10,REF96067,REF96067,,,user@axl,Insurance Premium,Paytm,Matched
RECEIVED FROM LATA MISHRA VIA Mobikwik,RECEIVED FROM LATA MISHRA VIA Mobikwik,350,350,2026-06-23,2026-06-23,REF48679,REF48679,,,user@oksbi,P2P,GPay,Matched
BILL PAYMENT INTERNET REF:772555591836,BILL PAYMENT INTERNET REF:772555591836,10000,10000,2026-10-24,2026-10-24,REF95053,REF95053,,,rent@upi,Subscription,BHIM,Matched
SUBSCRIPTION NETFLIX REF:754686659934,UPI PENDING SETTLEMENT 803800638388,450,450,2026-04-20,2026-06-13,REF53866,REF53866,CHQ4003,CHQ4003,pay@oksbi,Bill Payment,GPay,Pending Settlement
UPI P2P LATA MISHRA 439981528587,UPI P2P LATA MISHRA 439981528587,1500,1500,2026-08-08,2026-08-08,REF97429,REF97429,,,user@axl,Salary Transfer,Cred,Matched
UPI P2P KAVITA REDDY 469738889145,UPI P2P KAVITA REDDY 469738889145,750,750,2026-04-11,2026-04-11,REF99665,REF99665,CHQ4534,CHQ4534,bill@paytm,Salary Transfer,GPay,Matched
INSURANCE PREMIUM BAJAJ ALLIANZ REF:960495902700,UPI PENDING SETTLEMENT 942167692569,50000,50000,2026-04-22,2026-03-01,REF36489,REF36489,CHQ8052,CHQ8052,rent@upi,Subscription,Cred,Pending Settlement
SUBSCRIPTION AMAZON PRIME REF:622713293316,,850,0,2026-11-15,2026-12-12,REF27926,,,,user@ybl,Subscription,BHIM,Unmatched
UPI/CR/240194820038/ARUN NAIR/Salary Transfer,UPI FAILED 194082303666,75000,0,2026-10-08,2026-10-08,REF36930,REF36930,,,rent@upi,EMI Payment,Paytm,UPI Failed
UPI/BHIM/922000220814/RAVI TEJA/P2P,UPI PENDING SETTLEMENT 288407197350,15000,15000,2026-11-12,2026-03-20,REF26043,REF26043,,,abc123@paytm,Subscription,GPay,Pending Settlement
INSURANCE PREMIUM ICICI PRUDENTIAL REF:909344561195,INSURANCE PREMIUM ICICI PRUDENTIAL REF:909344561195,7500,7500,2026-01-01,2026-01-01,REF70844,REF70844,,,store@okaxis,Insurance Premium,BHIM,Matched
UPI/CR/923950063714/SNEHA SINGH/Subscription,UPI PENDING SETTLEMENT 909415615245,20000,20000,2026-12-14,2026-06-15,REF35801,REF35801,,,xyz456@ybl,P2P,BHIM,Pending Settlement
UPI/BHIM/473088194161/MOHAN LAL/P2P,UPI PENDING SETTLEMENT 559764450870,550,550,2026-12-05,2026-09-20,REF65907,REF65907,,,merchant@ccavenue,Merchant Payment,BHIM,Pending Settlement
NEFT/398484990477/AMIT KUMAR/Mobile Recharge,NEFT/398484990477/AMIT KUMAR/Mobile Recharge,1499,1498.5,2026-05-17,2026-09-22,REF37571,REF37571,,,merchant@razorpay,P2P,AmazonPay,Partial Match
UPI P2M ICICI BANK 338938390344,,1200,0,2026-09-19,2026-09-19,REF85458,REF80029,CHQ2733,,merchant@razorpay,P2M,BHIM,Unmatched
UPI/CR/679166301071/SURESH PANDIT/P2P,UPI/CR/679166301071/SURESH PANDIT/P2P,1300,1300,2026-11-27,2026-11-27,REF51865,REF51865,CHQ3066,CHQ3066,user@okhdfcbank,EMI Payment,PhonePe,Matched
Paytm UPI TRANSFER MOHAN LAL REF:285649298626,UPI REVERSAL 362490022555,1000,-1000,2026-10-25,2026-10-25,REF70409,REF70409,CHQ5030,CHQ5030,pay@oksbi,Subscription,Mobikwik,UPI Reversed
EMI PAYMENT AXIS REF:475142332377,EMI PAYMENT AXIS REF:475142332377,1100,1100,2026-11-25,2026-11-25,REF54244,REF54244,,,merchant@payu,Insurance Premium,GPay,Matched
NEFT/862506167222/ANITA DEVI/Bill Payment,NEFT/862506167222/ANITA DEVI/Bill Payment,7500,7500.5,2026-04-10,2026-04-10,REF62723,REF64502,,,bill@paytm,Insurance Premium,Paytm,Partial Match
BILL PAYMENT GAS REF:425321874364,,2999,0,2026-11-06,2026-11-06,REF23858,REF76860,CHQ6405,,pay@oksbi,Insurance Premium,Paytm,Unmatched
INSURANCE PREMIUM LIC REF:485597838547,INSURANCE PREMIUM LIC REF:485597838547,950,949.5,2026-06-23,2026-06-23,REF64804,REF64804,,,user@axl,Insurance Premium,BHIM,Partial Match
NEFT/280761337991/RAVI TEJA/Bill Payment,NEFT/280761337991/RAVI TEJA/Bill Payment,1750,1750,2026-03-20,2026-03-20,REF91365,REF58062,CHQ7907,CHQ7907,merchant@payu,P2P,BHIM,Matched
BILL PAYMENT WATER REF:356009618633,BILL PAYMENT WATER REF:356009618633,25000,24999.0,2026-04-19,2026-04-22,REF71488,REF17204,CHQ2834,CHQ2834,user@ibl,P2P,AmazonPay,Partial Match
UPI P2P LATA MISHRA 932094342396,UPI P2P LATA MISHRA 932094342396,1000,1000.1,2026-11-01,2026-11-01,REF67297,REF67297,,,bill@paytm,Mobile Recharge,BHIM,Partial Match
RECEIVED FROM ARUN KUMAR VIA AmazonPay,,1750,0,2026-12-19,2026-12-19,REF72533,,,,store@okaxis,Salary Transfer,Mobikwik,Unmatched
UPI/CR/158463676226/KIRAN SINGH/Salary Transfer,UPI/CR/158463676226/KIRAN SINGH/Salary Transfer,10000,10000,2026-03-25,2026-03-25,REF74641,REF61443,,,shop@okicici,Rent Payment,Cred,Matched
PhonePe UPI TRANSFER RAHUL SHARMA REF:432968001040,UPI PENDING SETTLEMENT 287925890551,150,150,2026-03-09,2026-01-24,REF22292,REF22292,,,user@oksbi,Bill Payment,PhonePe,Pending Settlement
RECHARGE BSNL REF:411655075395,RECHARGE BSNL REF:411655075395,1999,1999,2026-05-26,2026-05-26,REF92917,REF92917,,,pay@oksbi,P2P,Paytm,Matched
IMPS/694527235321/AMIT KUMAR/Salary Transfer,IMPS/694527235321/AMIT KUMAR/Salary Transfer,1500,1505.0,2026-11-28,2026-11-28,REF35711,REF35711,,,user@ibl,Bill Payment,Mobikwik,Partial Match
SUBSCRIPTION AMAZON PRIME REF:789394262308,SUBSCRIPTION AMAZON PRIME REF:789394262308,500,500,2026-01-17,2026-01-17,REF53485,REF53485,,,user@paytm,Merchant Payment,Paytm,Matched
BILL PAYMENT LANDLINE REF:136297470346,BILL PAYMENT LANDLINE REF:136297470346,100000,100000,2026-11-05,2026-11-05,REF50805,REF67649,,,bill@paytm,Salary Transfer,BHIM,Matched
UPI P2M BAJAJ FINSERV 933545163682,UPI P2M BAJAJ FINSERV 933545163682,1200,1200,2026-08-05,2026-08-05,REF74976,REF74976,CHQ9879,CHQ9879,user@federal,P2M,BHIM,Duplicate
UPI/DR/853725256812/KIRAN SINGH/Merchant Payment,UPI/DR/853725256812/KIRAN SINGH/Merchant Payment,1000,1000.01,2026-10-14,2026-10-14,REF94393,REF94393,CHQ6226,CHQ6226,user@ibl,EMI Payment,BHIM,Partial Match
UPI P2M RELIANCE RETAIL 687079590054,UPI P2M RELIANCE RETAIL 687079590054,1200,1200,2026-11-15,2026-11-15,REF26118,REF26118,,,merchant@ccavenue,Salary Transfer,Mobikwik,Matched
UPI P2M AXIS BANK 919141800984,UPI P2M AXIS BANK 919141800984,3000,3000,2026-12-09,2026-05-07,REF50119,REF50119,,,user@paytm,P2P,PhonePe,Matched
PAYMENT TO AIRTEL VIA Paytm,UPI FAILED 634771543100,1999,0,2026-11-24,2026-11-24,REF49849,REF49849,,,merchant@ccavenue,Merchant Payment,GPay,UPI Failed
BHIM UPI TRANSFER MOHAN LAL REF:280995161098,BHIM UPI TRANSFER MOHAN LAL REF:280995161098,499,499,2026-09-12,2026-06-07,REF47610,REF47610,,,user@paytm,Salary Transfer,PhonePe,Matched
UPI P2M CROMA 324574689621,UPI P2M CROMA 324574689621,25000,25000,2026-02-05,2026-02-05,REF31446,REF31446,,,abc123@paytm,P2P,AmazonPay,Matched
INSURANCE PREMIUM SBI LIFE REF:505080699979,INSURANCE PREMIUM SBI LIFE REF:505080699979,25000,25000,2026-08-15,2026-08-15,REF66160,REF29951,,,bill@paytm,P2P,BHIM,Matched
UPI/DR/254829090225/SUNIL VERMA/Rent Payment,UPI PENDING SETTLEMENT 368878032730,4999,4999,2026-04-20,2026-11-28,REF89036,REF89036,CHQ8837,CHQ8837,user@apl,Salary Transfer,Mobikwik,Pending Settlement
RECEIVED FROM RAJESH YADAV VIA AmazonPay,RECEIVED FROM RAJESH YADAV VIA AmazonPay,1499,1499,2026-03-12,2026-03-12,REF77203,REF77203,,,shop@okicici,Rent Payment,GPay,Matched
UPI P2M FLIPKART 299065689476,UPI PENDING SETTLEMENT 736144812753,499,499,2026-04-24,2026-05-20,REF92811,REF92811,,,xyz456@ybl,P2P,Cred,Pending Settlement
IMPS/421818311952/ARUN KUMAR/P2P,IMPS/421818311952/ARUN KUMAR/P2P,950,950,2026-11-21,2026-11-21,REF66874,REF66874,,,xyz456@ybl,Insurance Premium,BHIM,Matched
PAYMENT TO BAJAJ FINSERV VIA Cred,PAYMENT TO BAJAJ FINSERV VIA Cred,750,750.5,2026-10-02,2026-10-19,REF57039,REF75716,,,user@apl,Bill Payment,GPay,Partial Match
SUBSCRIPTION NETFLIX REF:407029635494,SUBSCRIPTION NETFLIX REF:407029635494,50000,50000,2026-09-23,2026-09-23,REF71896,REF71896,,,rent@upi,Mobile Recharge,Mobikwik,Matched
AmazonPay UPI TRANSFER RAJESH YADAV REF:930684714979,UPI FAILED 939562166546,5000,0,2026-05-15,2026-05-15,REF62816,REF62816,CHQ6705,CHQ6705,bill@paytm,EMI Payment,GPay,UPI Failed
UPI/Cred/876001364195/RAVI TEJA/EMI Payment,UPI/Cred/876001364195/RAVI TEJA/EMI Payment,4999,4999,2026-09-14,2026-11-26,REF66844,REF66844,CHQ3638,CHQ3638,user@federal,P2P,Paytm,Matched
NEFT/132711942486/SURESH PANDIT/EMI Payment,NEFT/132711942486/SURESH PANDIT/EMI Payment,15000,15000,2026-05-26,2026-05-26,REF52151,REF52151,,,salary@bank,Subscription,GPay,Matched
PAYMENT TO JIO VIA PhonePe,UPI REVERSAL 646095469456,1000,-1000,2026-06-08,2026-06-08,REF41056,REF41056,CHQ1171,CHQ1171,abc123@paytm,P2P,Mobikwik,UPI Reversed
RECHARGE AIRTEL REF:986564891495,RECHARGE AIRTEL REF:986564891495,25000,24999.0,2026-06-08,2026-06-08,REF82625,REF82625,,,user@okhdfcbank,Merchant Payment,Mobikwik,Partial Match
UPI/DR/475800872550/RAHUL SHARMA/Salary Transfer,UPI PENDING SETTLEMENT 258333756252,450,450,2026-10-08,2026-06-06,REF86732,REF86732,CHQ3568,CHQ3568,merchant@ccavenue,Merchant Payment,PhonePe,Pending Settlement
SUBSCRIPTION APPLE ICLOUD REF:692587713903,SUBSCRIPTION APPLE ICLOUD REF:692587713903,850,850,2026-10-20,2026-10-20,REF36093,REF36093,,,user@federal,Subscription,AmazonPay,Matched
INSURANCE PREMIUM STAR HEALTH REF:628459614591,INSURANCE PREMIUM STAR HEALTH REF:628459614591,750,750,2026-03-17,2026-03-17,REF73528,REF73528,,,user@oksbi,P2M,BHIM,Matched
UPI/DR/515266797963/KIRAN SINGH/P2M,UPI/DR/515266797963/KIRAN SINGH/P2M,1499,1498.95,2026-10-20,2026-10-20,REF86072,REF86072,CHQ7496,CHQ7496,rent@upi,Mobile Recharge,GPay,Partial Match
UPI/CR/493000066541/ARUN NAIR/Bill Payment,UPI/CR/493000066541/ARUN NAIR/Bill Payment,500,500,2026-05-23,2026-05-23,REF81604,REF84351,,,user@ibl,Salary Transfer,AmazonPay,Matched
NEFT/752901392633/GEETA AGRAWAL/Insurance Premium,NEFT/752901392633/GEETA AGRAWAL/Insurance Premium,550,550,2026-05-17,2026-05-17,REF69946,REF69946,,,xyz456@ybl,Merchant Payment,PhonePe,Matched
EMI PAYMENT HDFC REF:902843632318,EMI PAYMENT HDFC REF:902843632318,1200,1200,2026-03-27,2026-03-27,REF98183,REF16898,CHQ4623,CHQ4623,abc123@paytm,Subscription,BHIM,Matched
RECHARGE BSNL REF:131611304188,RECHARGE BSNL REF:131611304188,499,498.0,2026-09-19,2026-05-16,REF37886,REF37886,CHQ8803,CHQ8803,user@ibl,Bill Payment,BHIM,Partial Match
GPay UPI TRANSFER ARUN NAIR REF:752162144486,GPay UPI TRANSFER ARUN NAIR REF:752162144486,200,200,2026-03-15,2026-05-06,REF65389,REF65389,CHQ5456,CHQ5456,user@ibl,Bill Payment,PhonePe,Matched
UPI/CR/794983292423/PRIYA PATEL/Subscription,UPI/CR/794983292423/PRIYA PATEL/Subscription,7500,7500,2026-11-18,2026-09-08,REF24295,REF24295,CHQ5084,CHQ5084,user@oksbi,Mobile Recharge,Paytm,Matched
IMPS/686223387524/KAVITA REDDY/Bill Payment,UPI PENDING SETTLEMENT 935001477651,550,550,2026-07-11,2026-09-02,REF62875,REF62875,CHQ7433,CHQ7433,user@ybl,P2P,Cred,Pending Settlement
RECEIVED FROM DEEPA KAPOOR VIA Paytm,RECEIVED FROM DEEPA KAPOOR VIA Paytm,50000,50000,2026-04-22,2026-04-22,REF81237,REF81237,CHQ6456,CHQ6456,user@ybl,Insurance Premium,BHIM,Matched
INSURANCE PREMIUM LIC REF:979233165733,UPI FAILED 221343721933,50000,0,2026-07-14,2026-07-14,REF22144,REF22144,CHQ6588,CHQ6588,shop@okicici,EMI Payment,BHIM,UPI Failed
INSURANCE PREMIUM STAR HEALTH REF:531195559463,INSURANCE PREMIUM STAR HEALTH REF:531195559463,499,500.0,2026-08-14,2026-08-14,REF66827,REF66827,,,user@apl,Mobile Recharge,Paytm,Partial Match
EMI PAYMENT HDFC REF:353973338612,UPI PENDING SETTLEMENT 279901129217,1499,1499,2026-11-13,2026-09-17,REF22673,REF22673,,,user@federal,Rent Payment,GPay,Pending Settlement
EMI PAYMENT HDFC REF:319930827792,UPI REVERSAL 620934562660,1200,-1200,2026-08-01,2026-08-01,REF31476,REF31476,,,salary@bank,Bill Payment,BHIM,UPI Reversed
UPI/BHIM/947082065521/LATA MISHRA/P2M,UPI/BHIM/947082065521/LATA MISHRA/P2M,1499,1499,2026-09-11,2026-09-11,REF97330,REF97330,CHQ5478,CHQ5478,user@federal,Insurance Premium,Paytm,Matched
PAYMENT TO DMART VIA AmazonPay,PAYMENT TO DMART VIA AmazonPay,450,450,2026-07-11,2026-07-11,REF67578,REF67578,,,xyz456@ybl,P2M,AmazonPay,Matched
SUBSCRIPTION AMAZON PRIME REF:389004781467,SUBSCRIPTION AMAZON PRIME REF:389004781467,750,750,2026-10-22,2026-10-22,REF26520,REF26520,,,shop@okicici,Bill Payment,Paytm,Duplicate
UPI/DR/197810601316/SURESH PANDIT/P2M,,499,0,2026-12-12,2026-12-12,REF33490,REF59960,,,user@ibl,Subscription,Cred,Unmatched
BILL PAYMENT INTERNET REF:430476692209,BILL PAYMENT INTERNET REF:430476692209,1000,1000,2026-04-09,2026-04-09,REF19398,REF19398,,,user@paytm,Insurance Premium,GPay,Matched
PAYMENT TO NETFLIX VIA AmazonPay,UPI FAILED 614846563584,7500,0,2026-09-16,2026-09-16,REF37876,REF37876,,,user@okhdfcbank,Rent Payment,GPay,UPI Failed
IMPS/675073766493/MOHAN LAL/Rent Payment,,9999,0,2026-10-02,2026-10-02,REF69726,,CHQ6107,,user@ibl,EMI Payment,GPay,Unmatched
BILL PAYMENT LANDLINE REF:512346302036,BILL PAYMENT LANDLINE REF:512346302036,999,999,2026-08-08,2026-08-08,REF37656,REF37656,,,xyz456@ybl,Bill Payment,Cred,Matched
EMI PAYMENT ICICI REF:602506057512,UPI PENDING SETTLEMENT 383674313799,2500,2500,2026-11-13,2026-08-08,REF15877,REF15877,,,merchant@razorpay,Merchant Payment,BHIM,Pending Settlement
BILL PAYMENT MOBILE REF:503344142781,BILL PAYMENT MOBILE REF:503344142781,550,551.0,2026-02-07,2026-02-07,REF98741,REF98741,,,xyz456@ybl,P2P,Cred,Partial Match
RECEIVED FROM SURESH PANDIT VIA GPay,RECEIVED FROM SURESH PANDIT VIA GPay,75000,75000,2026-02-26,2026-02-26,REF19025,REF36229,,,shop@okicici,Mobile Recharge,Cred,Matched
BILL PAYMENT ELECTRICITY REF:937424291023,BILL PAYMENT ELECTRICITY REF:937424291023,5000,5000,2026-03-07,2026-03-07,REF78242,REF78242,,,merchant@ccavenue,Rent Payment,Cred,Matched
INSURANCE PREMIUM STAR HEALTH REF:428879067804,UPI FAILED 535317990784,5000,0,2026-10-09,2026-10-09,REF91614,REF91614,,,bill@paytm,Rent Payment,Cred,UPI Failed
BILL PAYMENT WATER REF:320914392569,BILL PAYMENT WATER REF:320914392569,100,100,2026-02-06,2026-02-06,REF26727,REF26727,,,bill@paytm,Insurance Premium,Paytm,Duplicate
BILL PAYMENT GAS REF:850661628526,BILL PAYMENT GAS REF:850661628526,75000,75001.0,2026-10-17,2026-10-17,REF78993,REF36240,CHQ4785,CHQ4785,merchant@razorpay,EMI Payment,PhonePe,Partial Match
NEFT/139578682852/ARUN NAIR/EMI Payment,NEFT/139578682852/ARUN NAIR/EMI Payment,7500,7500,2026-11-10,2026-12-19,REF59778,REF66695,,,salary@bank,Merchant Payment,Cred,Matched
UPI/CR/494975869147/ARUN NAIR/Rent Payment,UPI/CR/494975869147/ARUN NAIR/Rent Payment,3000,3000,2026-03-04,2026-03-04,REF28334,REF28334,,,merchant@payu,P2M,Mobikwik,Matched
Paytm UPI TRANSFER VIKAS GUPTA REF:347012264358,Paytm UPI TRANSFER VIKAS GUPTA REF:347012264358,15000,15000.01,2026-11-05,2026-11-05,REF64061,REF64061,CHQ3090,CHQ3090,pay@oksbi,P2M,Paytm,Partial Match
NEFT/234526310301/LATA MISHRA/Insurance Premium,UPI FAILED 564623597859,19999,0,2026-06-25,2026-06-25,REF89364,REF89364,,,merchant@payu,Subscription,PhonePe,UPI Failed
EMI PAYMENT HDFC REF:556420666245,EMI PAYMENT HDFC REF:556420666245,350,350,2026-08-03,2026-08-03,REF84392,REF84392,,,user@oksbi,EMI Payment,Paytm,Matched
UPI/BHIM/901265606065/ANITA DEVI/P2P,UPI/BHIM/901265606065/ANITA DEVI/P2P,200,200,2026-11-19,2026-11-19,REF40503,REF40503,,,shop@okicici,Rent Payment,AmazonPay,Matched
BHIM UPI TRANSFER NEHA CHOPRA REF:511132561338,UPI PENDING SETTLEMENT 605440291737,3999,3999,2026-11-04,2026-05-13,REF92269,REF92269,,,user@okhdfcbank,Salary Transfer,Cred,Pending Settlement
UPI/DR/418437550787/AMIT KUMAR/EMI Payment,UPI REVERSAL 654611554999,350,-350,2026-04-07,2026-04-07,REF31734,REF31734,CHQ1561,CHQ1561,xyz456@ybl,Subscription,BHIM,UPI Reversed
EMI PAYMENT SBI REF:506016316745,,1000,0,2026-05-23,2026-05-23,REF90707,,,,xyz456@ybl,EMI Payment,Cred,Unmatched
SUBSCRIPTION NETFLIX REF:186762422906,SUBSCRIPTION NETFLIX REF:186762422906,1750,1755.0,2026-06-19,2026-06-19,REF64309,REF64309,,,merchant@ccavenue,EMI Payment,Mobikwik,Partial Match
IMPS/306850378386/KIRAN SINGH/EMI Payment,,1100,0,2026-01-14,2026-01-14,REF28212,,,,bill@paytm,P2M,AmazonPay,Unmatched
NEFT/817464628177/KIRAN SINGH/P2M,NEFT/817464628177/KIRAN SINGH/P2M,450,450,2026-01-18,2026-01-18,REF55699,REF55699,,,user@ibl,Insurance Premium,Cred,Matched
UPI/GPay/761297300052/GEETA AGRAWAL/Merchant Payment,UPI/GPay/761297300052/GEETA AGRAWAL/Merchant Payment,150,150,2026-12-09,2026-12-09,REF38732,REF38732,,,user@federal,Bill Payment,AmazonPay,Matched
UPI P2M SWIGGY 238681213718,UPI PENDING SETTLEMENT 926082930981,3999,3999,2026-12-23,2026-11-06,REF62450,REF62450,,,shop@okicici,Rent Payment,Mobikwik,Pending Settlement
Paytm UPI TRANSFER ANITA DEVI REF:701715886220,Paytm UPI TRANSFER ANITA DEVI REF:701715886220,250,250,2026-10-26,2026-10-26,REF73991,REF73991,,,store@okaxis,Salary Transfer,Cred,Matched
UPI P2M SBI 373478084802,UPI P2M SBI 373478084802,1300,1300,2026-01-05,2026-01-05,REF97911,REF97911,CHQ4339,CHQ4339,user@paytm,Rent Payment,BHIM,Matched
INSURANCE PREMIUM STAR HEALTH REF:360477615614,INSURANCE PREMIUM STAR HEALTH REF:360477615614,499,499,2026-03-02,2026-03-02,REF99738,REF99738,,,user@paytm,Bill Payment,Mobikwik,Matched
UPI P2M SWIGGY 558736291076,UPI P2M SWIGGY 558736291076,950,950,2026-09-08,2026-09-08,REF89978,REF89978,,,user@axl,Merchant Payment,PhonePe,Matched
UPI P2M AMAZON 195337525991,,20000,0,2026-02-12,2026-02-12,REF59935,,,,xyz456@ybl,Subscription,BHIM,Unmatched
UPI P2M STAR HEALTH 560876284506,UPI P2M STAR HEALTH 560876284506,150,150,2026-11-07,2026-11-07,REF50474,REF50474,,,store@okaxis,Salary Transfer,AmazonPay,Matched
NEFT/488292229766/ARUN NAIR/Bill Payment,NEFT/488292229766/ARUN NAIR/Bill Payment,100,100,2026-11-13,2026-11-13,REF48561,REF48561,,,merchant@ccavenue,P2M,Paytm,Matched
UPI/BHIM/384791425416/RAJESH YADAV/EMI Payment,UPI/BHIM/384791425416/RAJESH YADAV/EMI Payment,499,499,2026-11-01,2026-11-01,REF34847,REF34847,,,user@paytm,EMI Payment,PhonePe,Matched
BHIM UPI TRANSFER KAVITA REDDY REF:536491235749,BHIM UPI TRANSFER KAVITA REDDY REF:536491235749,150,150,2026-05-07,2026-08-20,REF60792,REF60792,,,shop@okicici,Insurance Premium,Cred,Matched
PAYMENT TO AIRTEL VIA Cred,PAYMENT TO AIRTEL VIA Cred,2000,2000,2026-08-20,2026-08-20,REF83523,REF69271,CHQ3209,CHQ3209,shop@okicici,Insurance Premium,GPay,Matched
UPI P2M ZOMATO 422425389827,UPI FAILED 741166298108,1100,0,2026-02-14,2026-02-14,REF15454,REF29691,CHQ9924,CHQ9924,shop@okicici,Rent Payment,PhonePe,UPI Failed
RECEIVED FROM ARUN NAIR VIA Mobikwik,RECEIVED FROM ARUN NAIR VIA Mobikwik,550,555.0,2026-10-06,2026-10-06,REF91349,REF69217,CHQ3589,CHQ3589,user@ybl,Rent Payment,AmazonPay,Partial Match
INSURANCE PREMIUM LIC REF:564042377497,INSURANCE PREMIUM LIC REF:564042377497,500,500,2026-03-16,2026-09-21,REF37862,REF28215,,,abc123@paytm,Salary Transfer,Mobikwik,Matched
RECHARGE AIRTEL REF:206604592307,RECHARGE AIRTEL REF:206604592307,550,550,2026-12-18,2026-12-18,REF29673,REF29673,,,abc123@paytm,P2M,GPay,Matched
IMPS/940209312643/LATA MISHRA/Insurance Premium,UPI REVERSAL 275327545125,1300,-1300,2026-09-15,2026-09-15,REF61120,REF61120,CHQ9740,CHQ9740,rent@upi,Mobile Recharge,PhonePe,UPI Reversed
EMI PAYMENT AXIS REF:990704023321,EMI PAYMENT AXIS REF:990704023321,50000,50000,2026-04-01,2026-04-01,REF62813,REF62813,,,user@axl,Rent Payment,Cred,Matched
BHIM UPI TRANSFER RAVI TEJA REF:789833615633,BHIM UPI TRANSFER RAVI TEJA REF:789833615633,100,100,2026-01-17,2026-01-17,REF45610,REF45610,,,user@axl,P2M,AmazonPay,Matched
UPI/CR/869123254212/KIRAN SINGH/P2P,UPI REVERSAL 581769954204,3999,-3999,2026-06-02,2026-06-02,REF46999,REF46999,,,merchant@payu,Salary Transfer,AmazonPay,UPI Reversed
UPI/DR/873704357158/RAVI TEJA/Subscription,UPI/DR/873704357158/RAVI TEJA/Subscription,50000,50000,2026-01-17,2026-01-17,REF78974,REF95823,CHQ2878,CHQ2878,user@apl,Merchant Payment,PhonePe,Duplicate
IMPS/114989498602/KAVITA REDDY/Bill Payment,,350,0,2026-10-09,2026-09-07,REF26013,,CHQ3107,,bill@paytm,EMI Payment,GPay,Unmatched
IMPS/642518024994/SNEHA SINGH/Mobile Recharge,IMPS/642518024994/SNEHA SINGH/Mobile Recharge,2250,2249.0,2026-02-27,2026-02-27,REF34912,REF34912,,,user@ybl,Merchant Payment,Mobikwik,Partial Match
UPI/CR/473404035237/ARUN NAIR/EMI Payment,UPI FAILED 506929010972,75000,0,2026-07-02,2026-07-02,REF27254,REF27254,,,salary@bank,Subscription,AmazonPay,UPI Failed
Mobikwik UPI TRANSFER NEHA CHOPRA REF:203142548501,Mobikwik UPI TRANSFER NEHA CHOPRA REF:203142548501,1000,1000,2026-07-16,2026-07-16,REF60141,REF60141,,,rent@upi,Salary Transfer,PhonePe,Matched
INSURANCE PREMIUM BAJAJ ALLIANZ REF:712603639040,,1999,0,2026-04-10,2026-04-10,REF75358,,,,user@okhdfcbank,P2P,Cred,Unmatched
SUBSCRIPTION APPLE ICLOUD REF:382250560501,SUBSCRIPTION APPLE ICLOUD REF:382250560501,1500,1499.9,2026-12-03,2026-12-03,REF49068,REF49438,CHQ3829,CHQ3829,user@paytm,Mobile Recharge,Mobikwik,Partial Match
UPI P2M BIGBASKET 609241754059,UPI P2M BIGBASKET 609241754059,200,200,2026-01-03,2026-01-03,REF87430,REF87430,,,user@apl,Bill Payment,Paytm,Matched
UPI/DR/212778625292/ARUN KUMAR/Bill Payment,UPI/DR/212778625292/ARUN KUMAR/Bill Payment,650,650,2026-07-03,2026-07-03,REF72483,REF72483,,,xyz456@ybl,Rent Payment,Cred,Matched
UPI P2M SBI 973213269233,UPI P2M SBI 973213269233,999,999,2026-02-18,2026-02-18,REF61017,REF61017,,,user@ibl,Mobile Recharge,Paytm,Matched
UPI P2P SURESH PANDIT 256508321483,UPI P2P SURESH PANDIT 256508321483,2500,2500,2026-01-23,2026-01-23,REF86402,REF86402,,,user@ibl,Salary Transfer,Cred,Matched
UPI/CR/909502842953/RAJESH YADAV/P2M,UPI PENDING SETTLEMENT 699996432849,650,650,2026-04-27,2026-06-26,REF67393,REF67393,,,abc123@paytm,Rent Payment,Paytm,Pending Settlement
INSURANCE PREMIUM SBI LIFE REF:820483710615,UPI REVERSAL 847757403988,150,-150,2026-07-12,2026-07-12,REF60344,REF60344,CHQ5559,CHQ5559,shop@okicici,Insurance Premium,GPay,UPI Reversed
EMI PAYMENT KOTAK REF:250834426199,EMI PAYMENT KOTAK REF:250834426199,1100,1100,2026-08-21,2026-08-21,REF87291,REF87291,CHQ7705,CHQ7705,user@federal,Merchant Payment,Paytm,Matched
UPI/CR/131565601432/RAJESH YADAV/Rent Payment,,750,0,2026-09-14,2026-09-14,REF98119,,CHQ9462,,user@paytm,Mobile Recharge,PhonePe,Unmatched
UPI/PhonePe/749231771849/NEHA CHOPRA/Merchant Payment,UPI/PhonePe/749231771849/NEHA CHOPRA/Merchant Payment,15000,15000,2026-10-18,2026-10-18,REF84086,REF84086,CHQ1157,CHQ1157,user@ybl,Bill Payment,BHIM,Matched
RECHARGE AIRTEL REF:479762593469,UPI PENDING SETTLEMENT 639225703700,350,350,2026-12-01,2026-01-22,REF29405,REF29405,CHQ8374,CHQ8374,user@ybl,Salary Transfer,Paytm,Pending Settlement
UPI/BHIM/909433624010/RAHUL SHARMA/Bill Payment,UPI FAILED 395841177258,1500,0,2026-09-25,2026-09-25,REF35284,REF35284,CHQ7880,CHQ7880,xyz456@ybl,Merchant Payment,BHIM,UPI Failed
UPI P2M BAJAJ FINSERV 551313121397,UPI FAILED 523865755370,950,0,2026-12-22,2026-12-22,REF84782,REF84782,CHQ3947,CHQ3947,user@ibl,Rent Payment,Cred,UPI Failed
INSURANCE PREMIUM STAR HEALTH REF:699319172666,UPI FAILED 144401233793,550,0,2026-01-26,2026-01-26,REF79890,REF79890,CHQ8741,CHQ8741,user@axl,Rent Payment,GPay,UPI Failed
EMI PAYMENT ICICI REF:919775728994,,3999,0,2026-02-19,2026-12-03,REF36332,,,,user@axl,Merchant Payment,GPay,Unmatched
NEFT/786491711837/RAJESH YADAV/Merchant Payment,NEFT/786491711837/RAJESH YADAV/Merchant Payment,650,650,2026-03-10,2026-03-10,REF72227,REF72227,,,abc123@paytm,Insurance Premium,Mobikwik,Matched
UPI P2M FLIPKART 278942074340,UPI P2M FLIPKART 278942074340,100000,100000,2026-07-21,2026-07-21,REF75537,REF33414,,,user@ybl,Salary Transfer,Paytm,Matched
Mobikwik UPI TRANSFER LATA MISHRA REF:715842615831,Mobikwik UPI TRANSFER LATA MISHRA REF:715842615831,750,750,2026-12-28,2026-12-28,REF84859,REF92992,,,bill@paytm,Mobile Recharge,BHIM,Matched
UPI/CR/119178624794/KIRAN SINGH/P2P,,2250,0,2026-12-13,2026-12-13,REF27431,REF92029,,,merchant@razorpay,Rent Payment,GPay,Unmatched
EMI PAYMENT AXIS REF:476681422059,EMI PAYMENT AXIS REF:476681422059,650,650,2026-11-08,2026-08-12,REF15408,REF15408,CHQ7133,CHQ7133,shop@okicici,Merchant Payment,Mobikwik,Matched
RECHARGE JIO REF:122279650327,RECHARGE JIO REF:122279650327,150,150,2026-04-15,2026-04-15,REF13832,REF13832,,,xyz456@ybl,P2P,Cred,Duplicate
UPI/DR/268433762161/SUNIL VERMA/Merchant Payment,,499,0,2026-08-20,2026-08-20,REF45517,REF52622,CHQ7356,,merchant@payu,Mobile Recharge,GPay,Unmatched
NEFT/411408108378/NEHA CHOPRA/Rent Payment,UPI PENDING SETTLEMENT 844484313323,2250,2250,2026-11-10,2026-12-15,REF67306,REF67306,CHQ9677,CHQ9677,user@axl,EMI Payment,GPay,Pending Settlement
Paytm UPI TRANSFER KIRAN SINGH REF:401418596399,Paytm UPI TRANSFER KIRAN SINGH REF:401418596399,450,450.05,2026-03-06,2026-03-06,REF97428,REF97428,,,pay@oksbi,Rent Payment,BHIM,Partial Match
BILL PAYMENT WATER REF:400939595239,BILL PAYMENT WATER REF:400939595239,1300,1300,2026-11-24,2026-11-24,REF20138,REF20138,CHQ1298,CHQ1298,store@okaxis,Merchant Payment,BHIM,Matched
Mobikwik UPI TRANSFER NEHA CHOPRA REF:563637235902,,100,0,2026-06-22,2026-06-22,REF13985,REF71691,,,user@axl,Subscription,PhonePe,Unmatched
UPI/CR/329373802778/GEETA AGRAWAL/Subscription,UPI/CR/329373802778/GEETA AGRAWAL/Subscription,1000,1000,2026-03-03,2026-03-03,REF48413,REF48413,CHQ4824,CHQ4824,bill@paytm,Insurance Premium,AmazonPay,Matched
SUBSCRIPTION AMAZON PRIME REF:906727348279,SUBSCRIPTION AMAZON PRIME REF:906727348279,1200,1200,2026-08-01,2026-08-01,REF55866,REF55866,,,user@oksbi,EMI Payment,Paytm,Matched
UPI/BHIM/525991937336/VIKAS GUPTA/EMI Payment,UPI REVERSAL 251348136367,1300,-1300,2026-04-11,2026-04-11,REF25039,REF25039,,,merchant@payu,Insurance Premium,Cred,UPI Reversed
IMPS/188701854514/PRIYA PATEL/Mobile Recharge,IMPS/188701854514/PRIYA PATEL/Mobile Recharge,25000,25000,2026-08-22,2026-08-22,REF51293,REF51293,CHQ6453,CHQ6453,user@apl,Mobile Recharge,Cred,Matched
UPI/PhonePe/299975400889/AMIT KUMAR/P2M,UPI FAILED 806577804847,25000,0,2026-10-17,2026-10-17,REF42632,REF42632,,,bill@paytm,Insurance Premium,PhonePe,UPI Failed
EMI PAYMENT ICICI REF:659701411151,EMI PAYMENT ICICI REF:659701411151,25000,25000,2026-05-13,2026-05-13,REF89973,REF89973,,,user@paytm,Salary Transfer,GPay,Matched
INSURANCE PREMIUM STAR HEALTH REF:133557947527,INSURANCE PREMIUM STAR HEALTH REF:133557947527,850,850,2026-12-11,2026-12-11,REF75802,REF75802,CHQ9187,CHQ9187,user@axl,Subscription,PhonePe,Matched
SUBSCRIPTION APPLE ICLOUD REF:853895276861,SUBSCRIPTION APPLE ICLOUD REF:853895276861,4999,4999,2026-09-03,2026-09-03,REF99841,REF99841,,,user@okhdfcbank,EMI Payment,Cred,Matched
UPI/BHIM/854391373935/AMIT KUMAR/Rent Payment,UPI/BHIM/854391373935/AMIT KUMAR/Rent Payment,650,650,2026-11-11,2026-11-11,REF31649,REF31649,CHQ9004,CHQ9004,store@okaxis,Insurance Premium,BHIM,Matched
Cred UPI TRANSFER ANITA DEVI REF:924865409626,Cred UPI TRANSFER ANITA DEVI REF:924865409626,999,999,2026-12-10,2026-12-10,REF41435,REF41435,,,rent@upi,Mobile Recharge,BHIM,Matched
BILL PAYMENT LANDLINE REF:182545997359,BILL PAYMENT LANDLINE REF:182545997359,1100,1100,2026-08-08,2026-08-08,REF17225,REF17225,CHQ9978,CHQ9978,shop@okicici,Mobile Recharge,Mobikwik,Matched
GPay UPI TRANSFER SUNIL VERMA REF:698802474518,GPay UPI TRANSFER SUNIL VERMA REF:698802474518,999,999,2026-09-20,2026-09-20,REF78117,REF78117,,,user@paytm,Insurance Premium,AmazonPay,Matched
UPI/CR/945144567020/SURESH PANDIT/Insurance Premium,UPI/CR/945144567020/SURESH PANDIT/Insurance Premium,100000,100000,2026-05-23,2026-05-23,REF55029,REF71459,,,store@okaxis,P2M,GPay,Matched
UPI/CR/986368995152/RAVI TEJA/P2P,UPI/CR/986368995152/RAVI TEJA/P2P,150,150,2026-10-24,2026-10-24,REF66263,REF79248,CHQ5583,CHQ5583,bill@paytm,Bill Payment,Cred,Matched
UPI/DR/730502556901/RAHUL SHARMA/EMI Payment,UPI/DR/730502556901/RAHUL SHARMA/EMI Payment,5000,5000,2026-12-26,2026-12-26,REF72068,REF74340,,,merchant@razorpay,Subscription,Paytm,Matched
SUBSCRIPTION APPLE ICLOUD REF:289007319137,SUBSCRIPTION APPLE ICLOUD REF:289007319137,1100,1100,2026-07-24,2026-07-24,REF93558,REF15486,,,user@federal,Salary Transfer,Cred,Matched
SUBSCRIPTION SPOTIFY REF:850476556125,UPI FAILED 185425638854,7500,0,2026-10-11,2026-10-11,REF13489,REF76686,,,user@ybl,P2P,GPay,UPI Failed
UPI/Cred/238206813515/MEERA JOSHI/Merchant Payment,,650,0,2026-01-17,2026-01-17,REF84874,,,,store@okaxis,P2M,Mobikwik,Unmatched
RECHARGE AIRTEL REF:413928433928,RECHARGE AIRTEL REF:413928433928,7500,7500.01,2026-10-02,2026-10-02,REF61402,REF61402,,,bill@paytm,EMI Payment,BHIM,Partial Match
EMI PAYMENT SBI REF:297734841085,UPI REVERSAL 960982102566,350,-350,2026-01-13,2026-12-22,REF36115,REF17969,,,abc123@paytm,Merchant Payment,Mobikwik,UPI Reversed
INSURANCE PREMIUM BAJAJ ALLIANZ REF:826227496321,UPI PENDING SETTLEMENT 776078254023,650,650,2026-08-13,2026-02-09,REF93293,REF93293,CHQ5167,CHQ5167,user@paytm,P2P,GPay,Pending Settlement
RECHARGE AIRTEL REF:223255198124,UPI PENDING SETTLEMENT 259688787323,20000,20000,2026-09-26,2026-06-28,REF33369,REF33369,,,rent@upi,Bill Payment,PhonePe,Pending Settlement
EMI PAYMENT AXIS REF:805080876914,,499,0,2026-07-12,2026-07-12,REF70531,,,,user@okhdfcbank,P2P,Cred,Unmatched
UPI/DR/758639662125/AMIT KUMAR/Mobile Recharge,UPI REVERSAL 413898723961,19999,-19999,2026-04-10,2026-04-10,REF76611,REF76611,,,salary@bank,Subscription,PhonePe,UPI Reversed
UPI P2P RAVI TEJA 872965875329,UPI P2P RAVI TEJA 872965875329,1750,1750,2026-06-04,2026-06-04,REF37785,REF39277,,,rent@upi,Merchant Payment,PhonePe,Matched
BILL PAYMENT ELECTRICITY REF:691597363200,,20000,0,2026-09-12,2026-03-20,REF98646,,,,user@apl,Merchant Payment,BHIM,Unmatched
UPI P2P SURESH PANDIT 149192710557,UPI P2P SURESH PANDIT 149192710557,550,555.0,2026-04-13,2026-04-13,REF15796,REF15796,,,user@apl,P2M,Cred,Partial Match
UPI/BHIM/528974494931/SURESH PANDIT/Salary Transfer,UPI/BHIM/528974494931/SURESH PANDIT/Salary Transfer,100000,100000,2026-02-17,2026-02-17,REF66840,REF66840,,,abc123@paytm,Subscription,BHIM,Matched
UPI/CR/998012995039/ANITA DEVI/P2M,UPI/CR/998012995039/ANITA DEVI/P2M,1100,1100,2026-05-08,2026-05-08,REF57322,REF57322,,,user@federal,Bill Payment,PhonePe,Duplicate
IMPS/736779804299/KIRAN SINGH/P2M,UPI REVERSAL 822916695480,850,-850,2026-09-14,2026-09-14,REF38566,REF38566,,,xyz456@ybl,Mobile Recharge,Cred,UPI Reversed
UPI/Mobikwik/555389584895/VIKAS GUPTA/EMI Payment,UPI REVERSAL 543963206495,450,-450,2026-09-02,2026-05-24,REF97014,REF97014,CHQ8536,CHQ8536,user@axl,Salary Transfer,GPay,UPI Reversed
RECHARGE JIO REF:654219092442,UPI REVERSAL 742083440271,1300,-1300,2026-08-17,2026-08-17,REF37486,REF92091,,,merchant@razorpay,Rent Payment,GPay,UPI Reversed
UPI/CR/827507811548/AMIT KUMAR/P2M,UPI PENDING SETTLEMENT 441441764668,5000,5000,2026-01-16,2026-06-15,REF38675,REF38675,,,pay@oksbi,Salary Transfer,GPay,Pending Settlement
BILL PAYMENT GAS REF:106564705820,,50000,0,2026-09-19,2026-09-19,REF12415,,,,user@apl,Salary Transfer,PhonePe,Unmatched
BILL PAYMENT GAS REF:712617976146,BILL PAYMENT GAS REF:712617976146,950,950,2026-05-11,2026-05-11,REF59468,REF59468,,,user@axl,Subscription,AmazonPay,Matched
UPI/CR/798740845401/RAJESH YADAV/Salary Transfer,UPI FAILED 231802359630,19999,0,2026-10-04,2026-10-04,REF48207,REF48207,,,user@paytm,Rent Payment,Mobikwik,UPI Failed
RECEIVED FROM MOHAN LAL VIA AmazonPay,RECEIVED FROM MOHAN LAL VIA AmazonPay,2000,2000,2026-07-13,2026-07-13,REF63926,REF63926,,,salary@bank,Salary Transfer,Mobikwik,Matched
SUBSCRIPTION GOOGLE ONE REF:606712015696,SUBSCRIPTION GOOGLE ONE REF:606712015696,550,550,2026-10-15,2026-08-16,REF67975,REF67975,,,shop@okicici,Insurance Premium,PhonePe,Matched
EMI PAYMENT ICICI REF:790655314545,UPI REVERSAL 612299598637,2250,-2250,2026-04-27,2026-04-27,REF39357,REF39357,,,merchant@payu,Subscription,BHIM,UPI Reversed
UPI P2M CROMA 472871547081,UPI FAILED 337290692938,2500,0,2026-02-15,2026-02-15,REF37539,REF37539,,,store@okaxis,Rent Payment,AmazonPay,UPI Failed
BILL PAYMENT WATER REF:677707107158,BILL PAYMENT WATER REF:677707107158,500,500,2026-09-17,2026-09-17,REF80448,REF14178,,,salary@bank,P2M,Mobikwik,Matched
Cred UPI TRANSFER VIKAS GUPTA REF:897934924005,UPI REVERSAL 601867185047,14999,-14999,2026-02-19,2026-02-19,REF74495,REF74495,,,user@axl,Rent Payment,Cred,UPI Reversed
UPI/CR/873574301181/ANITA DEVI/EMI Payment,UPI/CR/873574301181/ANITA DEVI/EMI Payment,7500,7500,2026-07-12,2026-11-23,REF16162,REF16162,CHQ5106,CHQ5106,xyz456@ybl,Insurance Premium,PhonePe,Matched
RECEIVED FROM ANITA DEVI VIA GPay,RECEIVED FROM ANITA DEVI VIA GPay,1300,1300,2026-01-03,2026-01-03,REF98724,REF98724,CHQ2255,CHQ2255,user@oksbi,P2P,Paytm,Matched
SUBSCRIPTION APPLE ICLOUD REF:729685669263,SUBSCRIPTION APPLE ICLOUD REF:729685669263,1000,999.5,2026-04-04,2026-04-04,REF82778,REF82778,,,user@axl,Subscription,GPay,Partial Match
BILL PAYMENT ELECTRICITY REF:620077082555,BILL PAYMENT ELECTRICITY REF:620077082555,100000,100000,2026-06-03,2026-06-03,REF34024,REF54599,CHQ4382,CHQ4382,user@okhdfcbank,Subscription,Mobikwik,Duplicate
NEFT/781808867830/GEETA AGRAWAL/P2P,UPI PENDING SETTLEMENT 118609122279,999,999,2026-07-23,2026-01-15,REF50334,REF44329,,,merchant@payu,EMI Payment,Mobikwik,Pending Settlement
UPI/CR/726990567722/GEETA AGRAWAL/Mobile Recharge,UPI REVERSAL 789373495230,1100,-1100,2026-11-25,2026-11-25,REF98953,REF98953,,,user@ibl,P2M,Paytm,UPI Reversed
UPI/AmazonPay/404325476217/SUNIL VERMA/P2M,UPI/AmazonPay/404325476217/SUNIL VERMA/P2M,3999,3998.9,2026-01-22,2026-01-22,REF44797,REF46344,,,xyz456@ybl,Bill Payment,AmazonPay,Partial Match
SUBSCRIPTION NETFLIX REF:801185606538,SUBSCRIPTION NETFLIX REF:801185606538,14999,14999,2026-11-19,2026-05-25,REF23593,REF23593,CHQ8033,CHQ8033,user@apl,Rent Payment,Paytm,Matched
SUBSCRIPTION NETFLIX REF:903270019142,SUBSCRIPTION NETFLIX REF:903270019142,1200,1195.0,2026-07-28,2026-07-28,REF37691,REF37691,,,xyz456@ybl,Merchant Payment,Paytm,Partial Match
IMPS/570524017217/SNEHA SINGH/Salary Transfer,UPI FAILED 934250099824,10000,0,2026-01-01,2026-01-01,REF66047,REF66047,,,merchant@payu,Mobile Recharge,Paytm,UPI Failed
PAYMENT TO ZOMATO VIA Cred,PAYMENT TO ZOMATO VIA Cred,1200,1200,2026-08-05,2026-12-11,REF90339,REF90339,CHQ3446,CHQ3446,salary@bank,P2M,PhonePe,Matched
UPI P2P DEEPA KAPOOR 191080186172,UPI P2P DEEPA KAPOOR 191080186172,19999,20000.0,2026-01-25,2026-01-25,REF45738,REF45738,CHQ1459,CHQ1459,pay@oksbi,P2M,Mobikwik,Partial Match
RECEIVED FROM ARUN KUMAR VIA AmazonPay,RECEIVED FROM ARUN KUMAR VIA AmazonPay,1200,1199.5,2026-07-07,2026-07-07,REF59203,REF59203,,,user@axl,Insurance Premium,PhonePe,Partial Match
SUBSCRIPTION GOOGLE ONE REF:336920613962,SUBSCRIPTION GOOGLE ONE REF:336920613962,1000,1000,2026-03-11,2026-03-11,REF42948,REF42948,,,bill@paytm,Insurance Premium,Mobikwik,Matched
PAYMENT TO JIO VIA Paytm,,50000,0,2026-02-01,2026-02-01,REF55112,,,,xyz456@ybl,EMI Payment,PhonePe,Unmatched
IMPS/736413622924/SUNIL VERMA/Mobile Recharge,IMPS/736413622924/SUNIL VERMA/Mobile Recharge,1500,1500.01,2026-10-19,2026-05-16,REF58371,REF58371,,,merchant@razorpay,Rent Payment,Mobikwik,Partial Match
UPI P2P GEETA AGRAWAL 596793734688,UPI P2P GEETA AGRAWAL 596793734688,100000,100000,2026-04-22,2026-04-22,REF68798,REF68798,,,user@axl,Rent Payment,BHIM,Matched
RECEIVED FROM VIKAS GUPTA VIA PhonePe,RECEIVED FROM VIKAS GUPTA VIA PhonePe,2999,2999,2026-03-24,2026-03-24,REF16728,REF16728,CHQ1771,CHQ1771,pay@oksbi,Rent Payment,Mobikwik,Matched
RECEIVED FROM PRIYA PATEL VIA PhonePe,RECEIVED FROM PRIYA PATEL VIA PhonePe,19999,19999,2026-06-22,2026-06-22,REF43977,REF43977,,,merchant@payu,Insurance Premium,Mobikwik,Matched
UPI/GPay/739775413183/ARUN NAIR/P2P,UPI/GPay/739775413183/ARUN NAIR/P2P,2999,2998.0,2026-03-28,2026-03-28,REF57332,REF57332,CHQ9396,CHQ9396,user@ibl,Bill Payment,PhonePe,Partial Match
UPI/DR/294270098863/ANITA DEVI/Insurance Premium,,1999,0,2026-02-16,2026-02-16,REF23867,REF81053,CHQ1806,,user@axl,Subscription,GPay,Unmatched
INSURANCE PREMIUM ICICI PRUDENTIAL REF:718469859109,,5000,0,2026-03-21,2026-03-21,REF76876,,,,salary@bank,Salary Transfer,AmazonPay,Unmatched
SUBSCRIPTION APPLE ICLOUD REF:732604678540,UPI REVERSAL 865044622629,75000,-75000,2026-09-24,2026-09-24,REF74008,REF74008,,,user@paytm,P2M,PhonePe,UPI Reversed
Mobikwik UPI TRANSFER RAJESH YADAV REF:655880752091,Mobikwik UPI TRANSFER RAJESH YADAV REF:655880752091,19999,19999,2026-08-03,2026-12-27,REF53936,REF96135,,,salary@bank,EMI Payment,Cred,Matched
INSURANCE PREMIUM LIC REF:935778820326,UPI FAILED 500429164580,1000,0,2026-10-26,2026-10-26,REF20939,REF20939,CHQ1771,CHQ1771,user@apl,EMI Payment,AmazonPay,UPI Failed
BILL PAYMENT WATER REF:619405180340,BILL PAYMENT WATER REF:619405180340,1500,1500,2026-11-21,2026-11-21,REF45663,REF45663,,,user@oksbi,P2M,Paytm,Matched
RECHARGE JIO REF:220756813346,RECHARGE JIO REF:220756813346,4999,4999,2026-06-04,2026-06-04,REF72372,REF72372,,,user@axl,Rent Payment,GPay,Matched
UPI/CR/964224740284/SUNIL VERMA/P2P,UPI/CR/964224740284/SUNIL VERMA/P2P,100,100,2026-07-08,2026-07-08,REF82775,REF82775,,,merchant@payu,Subscription,Paytm,Matched
INSURANCE PREMIUM BAJAJ ALLIANZ REF:446750063989,INSURANCE PREMIUM BAJAJ ALLIANZ REF:446750063989,150,149.9,2026-02-15,2026-02-15,REF88396,REF88396,,,user@ybl,Bill Payment,Paytm,Partial Match
SUBSCRIPTION APPLE ICLOUD REF:685217495186,SUBSCRIPTION APPLE ICLOUD REF:685217495186,250,250,2026-01-14,2026-01-14,REF86881,REF86881,,,rent@upi,Bill Payment,PhonePe,Matched
INSURANCE PREMIUM LIC REF:191013220199,UPI PENDING SETTLEMENT 734876363357,500,500,2026-08-12,2026-10-01,REF10381,REF10381,,,user@paytm,Rent Payment,GPay,Pending Settlement
PAYMENT TO SBI VIA BHIM,PAYMENT TO SBI VIA BHIM,200,200,2026-09-13,2026-09-13,REF53012,REF53012,,,abc123@paytm,EMI Payment,Cred,Matched
Cred UPI TRANSFER GEETA AGRAWAL REF:191002671369,,999,0,2026-02-26,2026-02-26,REF29368,,CHQ7722,,user@oksbi,P2P,BHIM,Unmatched
EMI PAYMENT HDFC REF:914455551539,UPI FAILED 567028655120,499,0,2026-11-25,2026-03-11,REF78844,REF78844,,,user@federal,Rent Payment,AmazonPay,UPI Failed
BILL PAYMENT INTERNET REF:889159931441,BILL PAYMENT INTERNET REF:889159931441,200,200,2026-08-17,2026-08-17,REF44876,REF44876,,,user@paytm,P2P,Paytm,Matched
UPI/GPay/767202602428/ARUN NAIR/Merchant Payment,UPI/GPay/767202602428/ARUN NAIR/Merchant Payment,100000,100000,2026-08-19,2026-08-19,REF97108,REF97108,CHQ6781,CHQ6781,user@ibl,Salary Transfer,Mobikwik,Duplicate
UPI/DR/825118887537/SUNIL VERMA/Mobile Recharge,UPI PENDING SETTLEMENT 560031911511,3000,3000,2026-11-24,2026-06-08,REF59039,REF59039,,,store@okaxis,Bill Payment,Mobikwik,Pending Settlement
INSURANCE PREMIUM ICICI PRUDENTIAL REF:154430016831,UPI FAILED 643715915222,100,0,2026-04-04,2026-06-26,REF52043,REF52043,,,rent@upi,P2M,GPay,UPI Failed
NEFT/930512539291/SURESH PANDIT/Subscription,UPI PENDING SETTLEMENT 263173516228,999,999,2026-01-28,2026-08-04,REF23491,REF23491,,,merchant@payu,Bill Payment,Mobikwik,Pending Settlement
BILL PAYMENT GAS REF:491825285396,UPI PENDING SETTLEMENT 818700355657,750,750,2026-04-05,2026-05-05,REF66964,REF10713,,,rent@upi,Merchant Payment,PhonePe,Pending Settlement
EMI PAYMENT SBI REF:245375277519,EMI PAYMENT SBI REF:245375277519,200,200,2026-08-04,2026-08-04,REF81374,REF81374,CHQ7098,CHQ7098,user@okhdfcbank,EMI Payment,BHIM,Matched
RECEIVED FROM GEETA AGRAWAL VIA Paytm,RECEIVED FROM GEETA AGRAWAL VIA Paytm,20000,20000,2026-07-10,2026-07-10,REF83755,REF83755,,,salary@bank,Subscription,Paytm,Matched
RECEIVED FROM AMIT KUMAR VIA Cred,RECEIVED FROM AMIT KUMAR VIA Cred,1200,1200,2026-07-25,2026-07-25,REF82362,REF82362,CHQ9413,CHQ9413,bill@paytm,Merchant Payment,Mobikwik,Matched
RECHARGE AIRTEL REF:468631703776,UPI PENDING SETTLEMENT 816636247939,1999,1999,2026-09-07,2026-02-16,REF35563,REF35563,,,user@axl,Mobile Recharge,Cred,Pending Settlement
BILL PAYMENT INTERNET REF:909330639711,UPI REVERSAL 503620296442,1500,-1500,2026-12-05,2026-12-05,REF15662,REF15662,,,user@ibl,P2M,Cred,UPI Reversed
PAYMENT TO DMART VIA GPay,UPI PENDING SETTLEMENT 826782363794,15000,15000,2026-08-03,2026-12-12,REF62745,REF62745,CHQ6097,CHQ6097,user@okhdfcbank,Salary Transfer,AmazonPay,Pending Settlement
BILL PAYMENT GAS REF:274992858449,UPI FAILED 381881083334,10000,0,2026-12-02,2026-12-02,REF65269,REF65269,CHQ8028,CHQ8028,user@oksbi,P2M,BHIM,UPI Failed
RECHARGE BSNL REF:370578000135,UPI PENDING SETTLEMENT 685909127152,350,350,2026-03-21,2026-07-23,REF16136,REF16136,,,rent@upi,Salary Transfer,Paytm,Pending Settlement
BILL PAYMENT GAS REF:300286792129,BILL PAYMENT GAS REF:300286792129,10000,10000,2026-03-10,2026-08-25,REF45108,REF45108,,,shop@okicici,Salary Transfer,Mobikwik,Matched
UPI P2M NETFLIX 608339004124,UPI REVERSAL 821011386263,1200,-1200,2026-05-14,2026-05-14,REF40937,REF40937,CHQ3722,CHQ3722,user@apl,Mobile Recharge,BHIM,UPI Reversed
SUBSCRIPTION NETFLIX REF:542708991745,SUBSCRIPTION NETFLIX REF:542708991745,10000,10000,2026-11-23,2026-11-23,REF44939,REF44939,,,user@ibl,Insurance Premium,Mobikwik,Matched
EMI PAYMENT HDFC REF:689707925524,EMI PAYMENT HDFC REF:689707925524,25000,24999.95,2026-03-04,2026-03-04,REF92486,REF92486,,,user@ybl,Insurance Premium,GPay,Partial Match
EMI PAYMENT ICICI REF:192682548961,EMI PAYMENT ICICI REF:192682548961,10000,10000,2026-12-20,2026-11-05,REF56084,REF56084,,,user@federal,Salary Transfer,Mobikwik,Matched
IMPS/290874748516/SURESH PANDIT/Bill Payment,IMPS/290874748516/SURESH PANDIT/Bill Payment,20000,20000,2026-10-20,2026-10-20,REF38030,REF38030,,,pay@oksbi,EMI Payment,PhonePe,Matched
RECHARGE JIO REF:197063573618,UPI FAILED 470749497434,1300,0,2026-04-20,2026-04-20,REF75583,REF75583,,,bill@paytm,P2M,Paytm,UPI Failed
UPI/CR/556405223839/SURESH PANDIT/Subscription,UPI/CR/556405223839/SURESH PANDIT/Subscription,1750,1750,2026-12-06,2026-12-06,REF50601,REF50601,,,user@axl,Mobile Recharge,Mobikwik,Matched
RECHARGE AIRTEL REF:191701447841,RECHARGE AIRTEL REF:191701447841,650,650,2026-12-07,2026-12-07,REF41996,REF41996,,,user@paytm,P2M,PhonePe,Matched
UPI/GPay/979122846922/KAVITA REDDY/Bill Payment,UPI REVERSAL 356463203223,20000,-20000,2026-01-18,2026-01-18,REF85225,REF85225,,,merchant@razorpay,Merchant Payment,PhonePe,UPI Reversed
UPI/Mobikwik/443265513261/GEETA AGRAWAL/Salary Transfer,UPI REVERSAL 591381886502,2999,-2999,2026-03-18,2026-03-18,REF31578,REF31578,,,user@paytm,P2P,AmazonPay,UPI Reversed
BILL PAYMENT GAS REF:634641205464,UPI PENDING SETTLEMENT 310095283750,1500,1500,2026-03-03,2026-01-04,REF38493,REF38493,,,merchant@ccavenue,Subscription,Cred,Pending Settlement
UPI P2M VODAFONE 343015631660,UPI P2M VODAFONE 343015631660,19999,19999,2026-02-09,2026-02-09,REF77504,REF77504,,,user@ibl,EMI Payment,Mobikwik,Matched
UPI/GPay/481655008360/MEERA JOSHI/Subscription,UPI REVERSAL 114462821988,100,-100,2026-03-13,2026-03-13,REF88091,REF88091,,,merchant@ccavenue,Subscription,GPay,UPI Reversed
UPI/PhonePe/718412163653/KIRAN SINGH/Salary Transfer,,4999,0,2026-09-01,2026-09-01,REF22839,,,,merchant@payu,Rent Payment,Paytm,Unmatched
NEFT/317901986467/ANITA DEVI/Subscription,NEFT/317901986467/ANITA DEVI/Subscription,1300,1300,2026-01-15,2026-01-28,REF93621,REF28258,,,abc123@paytm,P2P,PhonePe,Matched
NEFT/966741151711/KIRAN SINGH/Salary Transfer,UPI FAILED 494025280207,999,0,2026-06-19,2026-05-18,REF23146,REF32368,CHQ1405,CHQ1405,store@okaxis,Rent Payment,Paytm,UPI Failed
NEFT/942263486225/SNEHA SINGH/Rent Payment,UPI FAILED 279658861507,450,0,2026-02-11,2026-02-11,REF62505,REF62505,,,merchant@ccavenue,Insurance Premium,Cred,UPI Failed
UPI/DR/171419091995/MOHAN LAL/P2P,UPI/DR/171419091995/MOHAN LAL/P2P,100,95.0,2026-10-23,2026-11-26,REF86256,REF86256,,,salary@bank,Merchant Payment,Mobikwik,Partial Match
RECEIVED FROM SURESH PANDIT VIA Paytm,UPI PENDING SETTLEMENT 563114793453,950,950,2026-12-13,2026-04-22,REF67771,REF67771,,,user@apl,Subscription,GPay,Pending Settlement
SUBSCRIPTION AMAZON PRIME REF:203566835095,UPI REVERSAL 444301492641,1100,-1100,2026-09-16,2026-09-16,REF49426,REF49426,,,merchant@ccavenue,Merchant Payment,Paytm,UPI Reversed
UPI/CR/189558831973/ANITA DEVI/P2M,UPI/CR/189558831973/ANITA DEVI/P2M,500,500,2026-02-03,2026-02-03,REF26939,REF26939,,,user@axl,Insurance Premium,Paytm,Matched
UPI/CR/447871947435/KIRAN SINGH/Mobile Recharge,UPI REVERSAL 958374301629,5000,-5000,2026-05-11,2026-05-11,REF80651,REF80651,,,user@paytm,Insurance Premium,GPay,UPI Reversed
PAYMENT TO STAR HEALTH VIA PhonePe,UPI FAILED 293047301433,5000,0,2026-11-10,2026-11-11,REF98990,REF98990,,,user@axl,Subscription,BHIM,UPI Failed
BILL PAYMENT MOBILE REF:103702324451,,200,0,2026-09-14,2026-09-14,REF41566,REF46259,,,salary@bank,Insurance Premium,Paytm,Unmatched
UPI/DR/291336231137/KIRAN SINGH/EMI Payment,UPI/DR/291336231137/KIRAN SINGH/EMI Payment,100000,100000,2026-05-01,2026-05-01,REF30137,REF30137,,,xyz456@ybl,Rent Payment,Cred,Duplicate
GPay UPI TRANSFER SURESH PANDIT REF:425974303798,UPI PENDING SETTLEMENT 803919163943,20000,20000,2026-08-21,2026-01-27,REF89376,REF89376,,,rent@upi,Merchant Payment,PhonePe,Pending Settlement
UPI/AmazonPay/120113334888/ARUN KUMAR/P2P,UPI REVERSAL 263842025380,150,-150,2026-11-11,2026-11-11,REF36546,REF36546,,,merchant@razorpay,Rent Payment,AmazonPay,UPI Reversed
PhonePe UPI TRANSFER RAJESH YADAV REF:323427972617,PhonePe UPI TRANSFER RAJESH YADAV REF:323427972617,100000,100000,2026-05-05,2026-05-05,REF45117,REF45117,,,user@ybl,Rent Payment,PhonePe,Matched
INSURANCE PREMIUM SBI LIFE REF:832911583665,UPI FAILED 930753931516,7500,0,2026-03-06,2026-03-06,REF75812,REF61798,CHQ5933,CHQ5933,salary@bank,Salary Transfer,BHIM,UPI Failed
RECEIVED FROM RAVI TEJA VIA GPay,RECEIVED FROM RAVI TEJA VIA GPay,1000,1000,2026-05-12,2026-05-12,REF96771,REF96771,,,merchant@razorpay,Insurance Premium,GPay,Matched
RECHARGE BSNL REF:803005889119,UPI REVERSAL 158616646556,10000,-10000,2026-08-09,2026-08-09,REF77516,REF77516,CHQ6975,CHQ6975,store@okaxis,Mobile Recharge,Mobikwik,UPI Reversed
SUBSCRIPTION NETFLIX REF:924850158230,SUBSCRIPTION NETFLIX REF:924850158230,1100,1100,2026-12-22,2026-12-22,REF60047,REF60047,,,salary@bank,Rent Payment,BHIM,Matched
UPI/CR/906282155015/SURESH PANDIT/EMI Payment,UPI PENDING SETTLEMENT 842090154613,250,250,2026-03-08,2026-01-11,REF80014,REF80014,CHQ5768,CHQ5768,store@okaxis,Subscription,Mobikwik,Pending Settlement
Cred UPI TRANSFER VIKAS GUPTA REF:607530998692,Cred UPI TRANSFER VIKAS GUPTA REF:607530998692,1999,1999,2026-01-19,2026-01-19,REF90438,REF90438,,,store@okaxis,EMI Payment,BHIM,Matched
PAYMENT TO SWIGGY VIA BHIM,PAYMENT TO SWIGGY VIA BHIM,350,350,2026-12-13,2026-12-13,REF69594,REF69594,,,user@oksbi,P2P,BHIM,Matched
NEFT/430139101536/ARUN KUMAR/P2P,,19999,0,2026-08-17,2026-08-17,REF77534,,,,user@axl,Salary Transfer,Mobikwik,Unmatched
BILL PAYMENT ELECTRICITY REF:901768965965,BILL PAYMENT ELECTRICITY REF:901768965965,150,150,2026-11-01,2026-11-01,REF35686,REF35686,,,user@apl,Rent Payment,Mobikwik,Matched
IMPS/506954603476/SNEHA SINGH/Bill Payment,UPI PENDING SETTLEMENT 695353090686,2999,2999,2026-09-21,2026-08-23,REF81494,REF81494,,,salary@bank,Insurance Premium,PhonePe,Pending Settlement
UPI/AmazonPay/742708113886/RAVI TEJA/Salary Transfer,UPI/AmazonPay/742708113886/RAVI TEJA/Salary Transfer,850,850,2026-04-28,2026-04-28,REF85753,REF85753,,,user@ibl,Subscription,Mobikwik,Matched
UPI P2M SWIGGY 318659562606,,2250,0,2026-01-15,2026-01-15,REF95070,,,,shop@okicici,Mobile Recharge,Paytm,Unmatched
GPay UPI TRANSFER AMIT KUMAR REF:229125005439,GPay UPI TRANSFER AMIT KUMAR REF:229125005439,350,345.0,2026-08-08,2026-08-08,REF11931,REF11931,CHQ9259,CHQ9259,bill@paytm,Mobile Recharge,PhonePe,Partial Match
UPI/DR/276657266615/LATA MISHRA/EMI Payment,UPI/DR/276657266615/LATA MISHRA/EMI Payment,2500,2500,2026-04-03,2026-04-03,REF25802,REF25802,CHQ4630,CHQ4630,xyz456@ybl,Bill Payment,AmazonPay,Duplicate
PAYMENT TO BIGBASKET VIA BHIM,PAYMENT TO BIGBASKET VIA BHIM,450,450,2026-04-23,2026-04-23,REF49479,REF49479,CHQ6429,CHQ6429,user@ybl,Salary Transfer,BHIM,Matched
IMPS/857029060774/ARUN KUMAR/P2M,IMPS/857029060774/ARUN KUMAR/P2M,2000,2000.05,2026-10-03,2026-10-03,REF75208,REF75208,,,user@paytm,Rent Payment,GPay,Partial Match
UPI/DR/134459965342/LATA MISHRA/Rent Payment,UPI/DR/134459965342/LATA MISHRA/Rent Payment,19999,19999,2026-05-03,2026-05-03,REF86917,REF86917,,,merchant@payu,Merchant Payment,Paytm,Matched
RECEIVED FROM RAJESH YADAV VIA PhonePe,RECEIVED FROM RAJESH YADAV VIA PhonePe,450,450,2026-12-10,2026-12-20,REF47119,REF47119,CHQ3626,CHQ3626,merchant@payu,Mobile Recharge,Paytm,Matched
RECHARGE BSNL REF:901770672989,RECHARGE BSNL REF:901770672989,3999,3998.99,2026-12-09,2026-12-09,REF26471,REF26471,CHQ7159,CHQ7159,rent@upi,Merchant Payment,PhonePe,Partial Match
UPI/CR/717711605901/ARUN NAIR/Rent Payment,,9999,0,2026-02-06,2026-04-11,REF75575,REF31149,CHQ3886,,rent@upi,P2M,Paytm,Unmatched
UPI/CR/289122882663/ANITA DEVI/P2M,,2000,0,2026-09-28,2026-09-28,REF47766,,,,rent@upi,Merchant Payment,AmazonPay,Unmatched
SUBSCRIPTION SPOTIFY REF:211216416534,SUBSCRIPTION SPOTIFY REF:211216416534,1999,1999,2026-03-17,2026-07-22,REF95161,REF95161,,,shop@okicici,Subscription,Mobikwik,Matched
RECEIVED FROM RAJESH YADAV VIA AmazonPay,UPI REVERSAL 984530085399,1000,-1000,2026-04-16,2026-04-16,REF64508,REF64508,CHQ9766,CHQ9766,user@oksbi,Salary Transfer,Cred,UPI Reversed
PhonePe UPI TRANSFER AMIT KUMAR REF:710313426953,PhonePe UPI TRANSFER AMIT KUMAR REF:710313426953,999,999,2026-06-03,2026-06-03,REF84708,REF84708,,,user@axl,EMI Payment,Cred,Matched
Mobikwik UPI TRANSFER SNEHA SINGH REF:335568119705,Mobikwik UPI TRANSFER SNEHA SINGH REF:335568119705,2250,2255.0,2026-03-05,2026-06-20,REF54522,REF54522,,,user@apl,P2M,Cred,Partial Match
EMI PAYMENT ICICI REF:286723306999,EMI PAYMENT ICICI REF:286723306999,100,100,2026-08-19,2026-08-19,REF51575,REF51575,,,pay@oksbi,Insurance Premium,PhonePe,Matched
UPI P2M ICICI BANK 832041659093,UPI P2M ICICI BANK 832041659093,100,100,2026-07-14,2026-01-20,REF33726,REF33726,,,salary@bank,P2P,BHIM,Matched
SUBSCRIPTION SPOTIFY REF:285268679074,SUBSCRIPTION SPOTIFY REF:285268679074,19999,19999,2026-11-25,2026-11-25,REF56640,REF56640,,,user@okhdfcbank,Salary Transfer,Paytm,Matched
UPI/DR/921734175666/RAVI TEJA/Mobile Recharge,UPI/DR/921734175666/RAVI TEJA/Mobile Recharge,150,150,2026-12-13,2026-02-03,REF14449,REF40684,CHQ3209,CHQ3209,pay@oksbi,Mobile Recharge,AmazonPay,Matched
IMPS/784684460113/PRIYA PATEL/Mobile Recharge,UPI FAILED 313057143709,15000,0,2026-06-22,2026-06-22,REF23750,REF23750,,,user@okhdfcbank,P2P,AmazonPay,UPI Failed
NEFT/535194447216/SUNIL VERMA/Salary Transfer,UPI REVERSAL 655489636318,500,-500,2026-09-18,2026-10-20,REF89781,REF35495,,,pay@oksbi,Rent Payment,AmazonPay,UPI Reversed
UPI P2M PRIME VIDEO 562616636823,UPI P2M PRIME VIDEO 562616636823,2250,2255.0,2026-04-26,2026-04-26,REF33683,REF52328,,,store@okaxis,Mobile Recharge,BHIM,Partial Match
PAYMENT TO STAR HEALTH VIA Paytm,UPI PENDING SETTLEMENT 502464321274,550,550,2026-07-10,2026-05-03,REF40361,REF19297,CHQ8641,CHQ8641,user@federal,Subscription,Paytm,Pending Settlement
PAYMENT TO PRIME VIDEO VIA Mobikwik,PAYMENT TO PRIME VIDEO VIA Mobikwik,550,550,2026-03-15,2026-03-15,REF87055,REF87055,,,xyz456@ybl,Bill Payment,Mobikwik,Matched
SUBSCRIPTION AMAZON PRIME REF:949380003704,SUBSCRIPTION AMAZON PRIME REF:949380003704,499,499,2026-06-11,2026-06-11,REF80612,REF80612,,,user@apl,Bill Payment,Cred,Matched
Paytm UPI TRANSFER KAVITA REDDY REF:814034004573,Paytm UPI TRANSFER KAVITA REDDY REF:814034004573,1100,1100,2026-07-11,2026-02-02,REF37215,REF37215,,,salary@bank,P2P,GPay,Matched
RECEIVED FROM RAHUL SHARMA VIA PhonePe,RECEIVED FROM RAHUL SHARMA VIA PhonePe,100,100,2026-09-23,2026-09-23,REF77034,REF77034,CHQ5207,CHQ5207,salary@bank,P2M,BHIM,Matched
UPI/PhonePe/645260666708/DEEPA KAPOOR/Salary Transfer,UPI PENDING SETTLEMENT 323152045493,1000,1000,2026-03-05,2026-03-16,REF85221,REF85221,,,user@okhdfcbank,Salary Transfer,BHIM,Pending Settlement
SUBSCRIPTION APPLE ICLOUD REF:512816148452,SUBSCRIPTION APPLE ICLOUD REF:512816148452,2250,2250,2026-11-02,2026-05-13,REF25148,REF25148,,,user@paytm,Rent Payment,PhonePe,Duplicate
RECEIVED FROM SUNIL VERMA VIA Cred,RECEIVED FROM SUNIL VERMA VIA Cred,10000,10000,2026-04-04,2026-04-04,REF51793,REF51793,CHQ4707,CHQ4707,merchant@payu,P2M,Mobikwik,Matched
UPI/CR/132806784126/SURESH PANDIT/P2M,,3999,0,2026-09-06,2026-04-21,REF34851,,,,merchant@razorpay,Insurance Premium,AmazonPay,Unmatched
UPI/Paytm/679014079888/GEETA AGRAWAL/EMI Payment,UPI/Paytm/679014079888/GEETA AGRAWAL/EMI Payment,9999,9999,2026-11-26,2026-11-26,REF84282,REF87605,CHQ5301,CHQ5301,abc123@paytm,Merchant Payment,Paytm,Matched
INSURANCE PREMIUM BAJAJ ALLIANZ REF:732807086131,INSURANCE PREMIUM BAJAJ ALLIANZ REF:732807086131,500,500,2026-06-26,2026-06-26,REF91730,REF91730,CHQ5197,CHQ5197,salary@bank,P2M,Paytm,Matched
EMI PAYMENT AXIS REF:181302770797,EMI PAYMENT AXIS REF:181302770797,750,750,2026-04-27,2026-04-27,REF93252,REF27225,,,user@oksbi,P2P,GPay,Matched
RECEIVED FROM LATA MISHRA VIA GPay,RECEIVED FROM LATA MISHRA VIA GPay,5000,5000,2026-06-22,2026-06-22,REF53404,REF53404,CHQ9474,CHQ9474,merchant@payu,Salary Transfer,GPay,Matched
BILL PAYMENT WATER REF:986147255678,UPI PENDING SETTLEMENT 611242640125,2500,2500,2026-10-07,2026-01-27,REF94492,REF94492,,,pay@oksbi,Merchant Payment,Cred,Pending Settlement
EMI PAYMENT HDFC REF:936565575962,EMI PAYMENT HDFC REF:936565575962,100000,100000,2026-08-16,2026-08-16,REF13041,REF13041,,,store@okaxis,Subscription,PhonePe,Matched
IMPS/288453117338/RAJESH YADAV/Insurance Premium,,2500,0,2026-12-27,2026-12-27,REF61728,REF54210,CHQ3642,,merchant@ccavenue,Mobile Recharge,AmazonPay,Unmatched
IMPS/924210296096/RAHUL SHARMA/Subscription,IMPS/924210296096/RAHUL SHARMA/Subscription,20000,20000,2026-09-02,2026-09-02,REF88935,REF21152,CHQ5835,CHQ5835,merchant@payu,P2P,PhonePe,Matched
UPI/CR/150872945233/RAHUL SHARMA/Bill Payment,UPI FAILED 365440686913,1999,0,2026-01-27,2026-01-27,REF86142,REF15377,,,shop@okicici,P2P,GPay,UPI Failed
INSURANCE PREMIUM SBI LIFE REF:546491161609,UPI REVERSAL 467080378600,5000,-5000,2026-08-15,2026-08-15,REF61137,REF61137,,,user@axl,Mobile Recharge,PhonePe,UPI Reversed
PAYMENT TO DMART VIA PhonePe,UPI FAILED 564243758848,50000,0,2026-03-28,2026-03-28,REF34513,REF34513,CHQ3835,CHQ3835,abc123@paytm,Merchant Payment,PhonePe,UPI Failed
UPI/CR/404837538148/NEHA CHOPRA/Mobile Recharge,,499,0,2026-08-20,2026-08-20,REF38889,,,,user@apl,Rent Payment,BHIM,Unmatched
IMPS/260524472684/LATA MISHRA/EMI Payment,UPI REVERSAL 954154226537,2250,-2250,2026-08-21,2026-08-21,REF66590,REF66590,,,rent@upi,EMI Payment,AmazonPay,UPI Reversed
INSURANCE PREMIUM SBI LIFE REF:575898946967,INSURANCE PREMIUM SBI LIFE REF:575898946967,19999,19999,2026-04-23,2026-11-25,REF74437,REF23486,CHQ6254,CHQ6254,user@axl,Merchant Payment,AmazonPay,Matched
SUBSCRIPTION AMAZON PRIME REF:547533098990,,1000,0,2026-02-23,2026-02-23,REF55500,,CHQ6784,,pay@oksbi,Mobile Recharge,Mobikwik,Unmatched
RECEIVED FROM RAVI TEJA VIA GPay,UPI FAILED 112472047658,750,0,2026-12-17,2026-09-07,REF67459,REF34393,CHQ8474,CHQ8474,user@oksbi,EMI Payment,Mobikwik,UPI Failed
BILL PAYMENT MOBILE REF:387218156375,,950,0,2026-10-01,2026-10-01,REF54996,,,,xyz456@ybl,Rent Payment,Mobikwik,Unmatched
EMI PAYMENT AXIS REF:761713560166,EMI PAYMENT AXIS REF:761713560166,1200,1200,2026-01-27,2026-01-27,REF72107,REF72107,CHQ3064,CHQ3064,merchant@razorpay,P2M,PhonePe,Matched
UPI/DR/659631248300/ARUN KUMAR/Mobile Recharge,UPI/DR/659631248300/ARUN KUMAR/Mobile Recharge,1000,1000,2026-12-02,2026-12-02,REF94676,REF61786,,,user@okhdfcbank,P2M,AmazonPay,Matched
EMI PAYMENT SBI REF:902679043537,UPI REVERSAL 218314436792,100000,-100000,2026-05-12,2026-05-12,REF91185,REF91185,,,abc123@paytm,Mobile Recharge,BHIM,UPI Reversed
INSURANCE PREMIUM ICICI PRUDENTIAL REF:738134927573,INSURANCE PREMIUM ICICI PRUDENTIAL REF:738134927573,1300,1300,2026-07-09,2026-07-09,REF73280,REF73280,,,merchant@razorpay,Salary Transfer,Paytm,Matched
RECEIVED FROM RAJESH YADAV VIA PhonePe,RECEIVED FROM RAJESH YADAV VIA PhonePe,200,200,2026-08-25,2026-08-25,REF79727,REF79727,CHQ6680,CHQ6680,user@federal,Rent Payment,Paytm,Matched
UPI/GPay/586025438773/RAHUL SHARMA/Rent Payment,UPI/GPay/586025438773/RAHUL SHARMA/Rent Payment,350,350,2026-03-15,2026-03-15,REF87414,REF87414,,,user@ibl,Mobile Recharge,Paytm,Matched
UPI/CR/983527009200/PRIYA PATEL/Mobile Recharge,UPI/CR/983527009200/PRIYA PATEL/Mobile Recharge,7500,7500,2026-01-14,2026-01-14,REF37341,REF37341,CHQ5837,CHQ5837,user@oksbi,P2P,Cred,Duplicate
NEFT/461494849025/SUNIL VERMA/Bill Payment,UPI REVERSAL 780839078759,3999,-3999,2026-08-05,2026-08-05,REF50828,REF95288,CHQ7871,CHQ7871,merchant@ccavenue,Merchant Payment,PhonePe,UPI Reversed
RECHARGE AIRTEL REF:343873209839,RECHARGE AIRTEL REF:343873209839,1499,1499,2026-05-16,2026-05-16,REF24507,REF24507,,,bill@paytm,Insurance Premium,Cred,Duplicate
SUBSCRIPTION NETFLIX REF:251762534340,UPI REVERSAL 155833448958,19999,-19999,2026-03-07,2026-03-07,REF96734,REF96734,CHQ3176,CHQ3176,rent@upi,Insurance Premium,Cred,UPI Reversed
NEFT/491744813078/VIKAS GUPTA/Subscription,NEFT/491744813078/VIKAS GUPTA/Subscription,950,950,2026-10-09,2026-10-09,REF93876,REF76552,CHQ7669,CHQ7669,user@axl,Salary Transfer,GPay,Matched
PAYMENT TO LIC VIA Cred,UPI FAILED 447262965674,9999,0,2026-07-16,2026-03-18,REF75185,REF75185,,,merchant@ccavenue,P2M,AmazonPay,UPI Failed
RECEIVED FROM SNEHA SINGH VIA PhonePe,UPI FAILED 517094616747,9999,0,2026-02-04,2026-02-04,REF54455,REF54455,,,store@okaxis,Insurance Premium,GPay,UPI Failed
BILL PAYMENT ELECTRICITY REF:387704424549,BILL PAYMENT ELECTRICITY REF:387704424549,850,850.5,2026-06-04,2026-06-04,REF33789,REF12301,CHQ7947,CHQ7947,user@apl,EMI Payment,GPay,Partial Match
IMPS/552542223439/RAJESH YADAV/Salary Transfer,IMPS/552542223439/RAJESH YADAV/Salary Transfer,1999,1999,2026-03-05,2026-03-05,REF38004,REF38004,CHQ5904,CHQ5904,salary@bank,Subscription,BHIM,Matched
SUBSCRIPTION SPOTIFY REF:502949863061,,1200,0,2026-05-13,2026-05-13,REF73669,,CHQ7298,,merchant@ccavenue,Rent Payment,AmazonPay,Unmatched
BILL PAYMENT LANDLINE REF:210016138833,BILL PAYMENT LANDLINE REF:210016138833,1000,1000,2026-12-03,2026-12-03,REF61221,REF61221,,,user@ibl,Mobile Recharge,Mobikwik,Matched
RECEIVED FROM RAVI TEJA VIA GPay,RECEIVED FROM RAVI TEJA VIA GPay,14999,14999.05,2026-05-09,2026-05-09,REF25026,REF25026,,,user@okhdfcbank,Rent Payment,Cred,Partial Match
BILL PAYMENT LANDLINE REF:881928322763,BILL PAYMENT LANDLINE REF:881928322763,50000,50001.0,2026-02-19,2026-02-19,REF18465,REF18465,,,rent@upi,EMI Payment,Cred,Partial Match
RECHARGE AIRTEL REF:415598648928,RECHARGE AIRTEL REF:415598648928,1000,999.9,2026-03-27,2026-03-27,REF31815,REF31815,,,user@oksbi,P2P,Cred,Partial Match
PAYMENT TO ICICI BANK VIA GPay,PAYMENT TO ICICI BANK VIA GPay,250,250,2026-02-28,2026-02-28,REF29752,REF29752,,,salary@bank,Salary Transfer,Cred,Matched
BILL PAYMENT ELECTRICITY REF:538854154569,BILL PAYMENT ELECTRICITY REF:538854154569,500,505.0,2026-05-22,2026-06-09,REF26947,REF26947,CHQ6882,CHQ6882,user@ybl,Subscription,Paytm,Partial Match
BILL PAYMENT DTH REF:274067466209,BILL PAYMENT DTH REF:274067466209,1999,1999,2026-12-26,2026-12-26,REF64876,REF64876,,,user@axl,P2M,PhonePe,Matched
IMPS/723980223280/DEEPA KAPOOR/Bill Payment,IMPS/723980223280/DEEPA KAPOOR/Bill Payment,1750,1750,2026-03-08,2026-04-13,REF53788,REF53788,,,user@okhdfcbank,P2M,PhonePe,Matched
RECEIVED FROM PRIYA PATEL VIA Mobikwik,RECEIVED FROM PRIYA PATEL VIA Mobikwik,100000,100001.0,2026-09-16,2026-09-16,REF15858,REF15858,CHQ1863,CHQ1863,xyz456@ybl,Salary Transfer,AmazonPay,Partial Match
IMPS/988989382477/MOHAN LAL/P2M,IMPS/988989382477/MOHAN LAL/P2M,1750,1750,2026-08-17,2026-08-17,REF89081,REF89081,,,store@okaxis,EMI Payment,Mobikwik,Matched
IMPS/349285052815/ARUN KUMAR/Bill Payment,IMPS/349285052815/ARUN KUMAR/Bill Payment,850,850,2026-02-21,2026-09-07,REF58646,REF34808,CHQ5675,CHQ5675,store@okaxis,Rent Payment,GPay,Matched
PAYMENT TO SPOTIFY VIA AmazonPay,UPI REVERSAL 513719491855,2500,-2500,2026-01-09,2026-01-09,REF64235,REF64235,,,xyz456@ybl,Bill Payment,BHIM,UPI Reversed
SUBSCRIPTION SPOTIFY REF:832514778162,SUBSCRIPTION SPOTIFY REF:832514778162,1200,1200,2026-01-08,2026-01-08,REF74498,REF84807,,,merchant@payu,P2P,Paytm,Matched
PAYMENT TO HDFC LIFE VIA GPay,UPI FAILED 481121008690,10000,0,2026-12-16,2026-12-16,REF92549,REF92549,,,merchant@razorpay,Salary Transfer,Mobikwik,UPI Failed
UPI/BHIM/270162687857/MEERA JOSHI/P2P,UPI REVERSAL 875123489119,100,-100,2026-11-18,2026-11-18,REF52185,REF52185,,,user@okhdfcbank,Bill Payment,AmazonPay,UPI Reversed
UPI/PhonePe/555193474657/KAVITA REDDY/Rent Payment,UPI/PhonePe/555193474657/KAVITA REDDY/Rent Payment,1000,1000,2026-04-18,2026-04-18,REF11820,REF11820,,,user@apl,Rent Payment,PhonePe,Matched
INSURANCE PREMIUM LIC REF:922201528772,INSURANCE PREMIUM LIC REF:922201528772,75000,74999.0,2026-06-14,2026-06-14,REF21433,REF21433,CHQ6235,CHQ6235,user@paytm,Subscription,Cred,Partial Match
PhonePe UPI TRANSFER ANITA DEVI REF:827088387043,UPI PENDING SETTLEMENT 815731601393,350,350,2026-12-22,2026-03-02,REF78501,REF78501,CHQ4446,CHQ4446,rent@upi,Salary Transfer,Mobikwik,Pending Settlement
UPI/CR/108240125176/ANITA DEVI/Merchant Payment,,20000,0,2026-01-03,2026-01-03,REF91904,,CHQ6062,,rent@upi,Bill Payment,Paytm,Unmatched
NEFT/264284095577/LATA MISHRA/Mobile Recharge,NEFT/264284095577/LATA MISHRA/Mobile Recharge,350,349.95,2026-09-09,2026-09-09,REF72330,REF72330,CHQ1709,CHQ1709,merchant@ccavenue,P2M,GPay,Partial Match
UPI P2P KAVITA REDDY 753129305554,UPI FAILED 482872021735,1000,0,2026-01-22,2026-01-22,REF29992,REF29992,CHQ5928,CHQ5928,xyz456@ybl,Bill Payment,GPay,UPI Failed
UPI P2M NETFLIX 275073952941,UPI P2M NETFLIX 275073952941,950,950,2026-02-23,2026-02-23,REF71476,REF71476,CHQ9736,CHQ9736,shop@okicici,Merchant Payment,Cred,Matched
NEFT/942544343395/DEEPA KAPOOR/P2M,NEFT/942544343395/DEEPA KAPOOR/P2M,200,200,2026-09-24,2026-09-24,REF29666,REF29666,,,user@ybl,Subscription,Paytm,Duplicate
PAYMENT TO SPOTIFY VIA PhonePe,PAYMENT TO SPOTIFY VIA PhonePe,950,950,2026-01-27,2026-01-27,REF57801,REF57801,,,user@ybl,Rent Payment,Paytm,Matched
PhonePe UPI TRANSFER RAHUL SHARMA REF:468252843883,UPI FAILED 241427470359,1499,0,2026-08-18,2026-08-18,REF81176,REF81176,CHQ6430,CHQ6430,bill@paytm,Mobile Recharge,Paytm,UPI Failed
IMPS/313368506438/PRIYA PATEL/P2M,IMPS/313368506438/PRIYA PATEL/P2M,200,200,2026-03-08,2026-03-08,REF38119,REF38119,,,user@paytm,Subscription,PhonePe,Matched
BILL PAYMENT GAS REF:912103927352,,1200,0,2026-07-04,2026-07-04,REF50842,REF38814,,,user@axl,Salary Transfer,GPay,Unmatched
BILL PAYMENT INTERNET REF:652784822602,UPI REVERSAL 830333832053,7500,-7500,2026-04-02,2026-06-18,REF45681,REF45681,CHQ4555,CHQ4555,user@okhdfcbank,Rent Payment,GPay,UPI Reversed
RECEIVED FROM MEERA JOSHI VIA PhonePe,RECEIVED FROM MEERA JOSHI VIA PhonePe,50000,50000,2026-10-03,2026-10-03,REF84632,REF84632,,,store@okaxis,Bill Payment,PhonePe,Matched
UPI/Mobikwik/777894702226/MOHAN LAL/EMI Payment,UPI/Mobikwik/777894702226/MOHAN LAL/EMI Payment,2000,2000,2026-01-21,2026-01-21,REF79649,REF79649,,,pay@oksbi,Salary Transfer,Cred,Matched
Paytm UPI TRANSFER SUNIL VERMA REF:170306787859,Paytm UPI TRANSFER SUNIL VERMA REF:170306787859,25000,25000,2026-07-04,2026-07-04,REF92499,REF92499,,,store@okaxis,Salary Transfer,AmazonPay,Matched
NEFT/104373245446/AMIT KUMAR/Subscription,UPI PENDING SETTLEMENT 769294913664,15000,15000,2026-02-28,2026-12-19,REF67840,REF67840,CHQ6062,CHQ6062,abc123@paytm,EMI Payment,PhonePe,Pending Settlement
IMPS/777959673463/RAJESH YADAV/EMI Payment,UPI REVERSAL 246170219237,3000,-3000,2026-05-01,2026-05-01,REF94022,REF94022,,,user@federal,Rent Payment,GPay,UPI Reversed
UPI P2P VIKAS GUPTA 800244180824,,1499,0,2026-12-09,2026-12-09,REF27872,,CHQ6675,,user@ybl,Merchant Payment,Mobikwik,Unmatched
UPI/Cred/796259503508/VIKAS GUPTA/Rent Payment,,75000,0,2026-08-15,2026-08-15,REF95192,,,,shop@okicici,Salary Transfer,Mobikwik,Unmatched
SUBSCRIPTION AMAZON PRIME REF:318404136546,SUBSCRIPTION AMAZON PRIME REF:318404136546,450,450.05,2026-12-07,2026-12-07,REF40282,REF40282,,,abc123@paytm,Salary Transfer,AmazonPay,Partial Match
RECHARGE JIO REF:856528407621,UPI PENDING SETTLEMENT 125685257008,19999,19999,2026-01-05,2026-01-18,REF89866,REF89866,,,user@paytm,Bill Payment,AmazonPay,Pending Settlement
UPI/CR/429178716041/LATA MISHRA/Insurance Premium,UPI/CR/429178716041/LATA MISHRA/Insurance Premium,10000,10000,2026-05-17,2026-05-17,REF50063,REF50063,CHQ5717,CHQ5717,merchant@ccavenue,Mobile Recharge,Paytm,Matched
BILL PAYMENT DTH REF:627865793076,UPI PENDING SETTLEMENT 853024117249,15000,15000,2026-08-21,2026-09-18,REF21173,REF13780,,,merchant@razorpay,Insurance Premium,GPay,Pending Settlement
IMPS/475159775052/NEHA CHOPRA/Rent Payment,IMPS/475159775052/NEHA CHOPRA/Rent Payment,5000,5000,2026-01-07,2026-01-07,REF31866,REF31866,,,merchant@razorpay,Insurance Premium,GPay,Matched
NEFT/254109607012/RAHUL SHARMA/EMI Payment,NEFT/254109607012/RAHUL SHARMA/EMI Payment,25000,25000,2026-06-18,2026-06-18,REF16594,REF16594,,,user@paytm,Rent Payment,GPay,Matched
BILL PAYMENT WATER REF:891474003295,,499,0,2026-11-25,2026-11-25,REF44940,,CHQ1755,,user@ibl,Insurance Premium,GPay,Unmatched
INSURANCE PREMIUM ICICI PRUDENTIAL REF:953158106128,,1200,0,2026-04-07,2026-04-07,REF56018,,,,pay@oksbi,P2P,PhonePe,Unmatched
UPI P2P KAVITA REDDY 479340427346,UPI P2P KAVITA REDDY 479340427346,1500,1500,2026-09-02,2026-09-02,REF68994,REF68994,CHQ3212,CHQ3212,merchant@ccavenue,Salary Transfer,Mobikwik,Duplicate
UPI P2P SUNIL VERMA 684702337224,,1300,0,2026-05-12,2026-05-12,REF63934,REF95253,,,merchant@razorpay,EMI Payment,GPay,Unmatched
RECHARGE BSNL REF:620665652353,,1200,0,2026-05-13,2026-10-11,REF41977,,,,bill@paytm,Bill Payment,Mobikwik,Unmatched
UPI/PhonePe/927947209508/RAJESH YADAV/P2M,UPI/PhonePe/927947209508/RAJESH YADAV/P2M,499,499,2026-05-16,2026-05-16,REF44629,REF44629,,,pay@oksbi,Bill Payment,Paytm,Matched
UPI/CR/118898065205/MEERA JOSHI/Rent Payment,UPI PENDING SETTLEMENT 774076525865,10000,10000,2026-11-19,2026-12-23,REF36677,REF36677,,,merchant@ccavenue,EMI Payment,PhonePe,Pending Settlement
EMI PAYMENT AXIS REF:473091524500,UPI FAILED 550670065195,1000,0,2026-09-18,2026-09-18,REF89054,REF89054,CHQ3588,CHQ3588,merchant@ccavenue,Subscription,GPay,UPI Failed
UPI P2M ZOMATO 582700324223,UPI FAILED 126535577049,750,0,2026-05-09,2026-05-09,REF73771,REF73771,,,user@apl,Insurance Premium,Cred,UPI Failed
BHIM UPI TRANSFER VIKAS GUPTA REF:759090086320,BHIM UPI TRANSFER VIKAS GUPTA REF:759090086320,500,499.5,2026-07-08,2026-07-08,REF15058,REF15058,,,rent@upi,Salary Transfer,GPay,Partial Match
PAYMENT TO SBI VIA PhonePe,,650,0,2026-03-13,2026-03-13,REF94241,,CHQ9617,,user@oksbi,P2P,Paytm,Unmatched
EMI PAYMENT KOTAK REF:803569308383,EMI PAYMENT KOTAK REF:803569308383,75000,74995.0,2026-08-20,2026-07-25,REF98657,REF98657,,,user@oksbi,Subscription,Mobikwik,Partial Match
UPI/AmazonPay/907057512320/NEHA CHOPRA/Merchant Payment,,499,0,2026-08-27,2026-08-27,REF66056,,,,abc123@paytm,Merchant Payment,BHIM,Unmatched
UPI/DR/967662714183/SURESH PANDIT/P2P,UPI/DR/967662714183/SURESH PANDIT/P2P,999,999,2026-04-25,2026-04-25,REF75602,REF75602,,,merchant@razorpay,Rent Payment,Cred,Matched
EMI PAYMENT KOTAK REF:618154136007,EMI PAYMENT KOTAK REF:618154136007,5000,5000,2026-06-14,2026-09-21,REF18994,REF18994,,,user@paytm,Merchant Payment,AmazonPay,Matched
UPI/GPay/843800445172/MOHAN LAL/Subscription,UPI/GPay/843800445172/MOHAN LAL/Subscription,1100,1100,2026-07-14,2026-07-14,REF34008,REF16878,CHQ6814,CHQ6814,merchant@ccavenue,Rent Payment,Mobikwik,Matched
IMPS/730304227033/RAVI TEJA/Salary Transfer,,750,0,2026-08-13,2026-08-13,REF43401,,,,user@axl,Merchant Payment,BHIM,Unmatched
UPI P2P SURESH PANDIT 708029399445,UPI P2P SURESH PANDIT 708029399445,2000,2000,2026-07-09,2026-08-23,REF60909,REF86964,,,user@ibl,Insurance Premium,GPay,Matched
RECHARGE AIRTEL REF:185628726996,,1300,0,2026-10-16,2026-10-16,REF71586,REF16092,,,merchant@payu,P2P,GPay,Unmatched
IMPS/871758084789/VIKAS GUPTA/Merchant Payment,UPI FAILED 387729882592,2500,0,2026-01-20,2026-01-20,REF50736,REF95802,,,merchant@payu,P2M,PhonePe,UPI Failed
INSURANCE PREMIUM ICICI PRUDENTIAL REF:284783186097,INSURANCE PREMIUM ICICI PRUDENTIAL REF:284783186097,450,450.5,2026-03-11,2026-03-11,REF51044,REF51044,,,user@apl,Subscription,Paytm,Partial Match
UPI P2P VIKAS GUPTA 819834117528,UPI P2P VIKAS GUPTA 819834117528,1200,1200.01,2026-05-23,2026-05-23,REF35753,REF35753,CHQ7641,CHQ7641,bill@paytm,EMI Payment,AmazonPay,Partial Match
NEFT/144894433664/RAHUL SHARMA/Salary Transfer,UPI FAILED 431819954762,2000,0,2026-04-26,2026-04-26,REF71919,REF71919,,,user@oksbi,Bill Payment,Cred,UPI Failed
UPI P2M JIO 158473355843,,2500,0,2026-11-26,2026-11-26,REF70372,,CHQ8928,,merchant@ccavenue,Rent Payment,Cred,Unmatched
UPI/CR/863296965226/ARUN KUMAR/Mobile Recharge,,3999,0,2026-12-15,2026-05-03,REF74699,REF10420,,,user@ibl,Bill Payment,PhonePe,Unmatched
INSURANCE PREMIUM SBI LIFE REF:863536774813,UPI REVERSAL 501092994526,2500,-2500,2026-01-02,2026-01-02,REF99526,REF99526,,,merchant@ccavenue,Bill Payment,Paytm,UPI Reversed
RECEIVED FROM MEERA JOSHI VIA GPay,UPI FAILED 377575447942,499,0,2026-04-06,2026-02-15,REF51510,REF51510,,,merchant@ccavenue,P2M,PhonePe,UPI Failed
UPI/Paytm/899361287241/KIRAN SINGH/Insurance Premium,UPI/Paytm/899361287241/KIRAN SINGH/Insurance Premium,500,500,2026-04-11,2026-04-11,REF93447,REF93447,CHQ1613,CHQ1613,xyz456@ybl,Rent Payment,Paytm,Matched
PAYMENT TO PRIME VIDEO VIA AmazonPay,PAYMENT TO PRIME VIDEO VIA AmazonPay,5000,5000,2026-07-07,2026-09-21,REF10732,REF51933,CHQ2684,CHQ2684,salary@bank,Merchant Payment,PhonePe,Matched
IMPS/748732587317/AMIT KUMAR/Bill Payment,UPI FAILED 779310784186,10000,0,2026-11-17,2026-11-17,REF63694,REF63694,CHQ9130,CHQ9130,merchant@razorpay,Rent Payment,BHIM,UPI Failed
NEFT/234582706542/DEEPA KAPOOR/Insurance Premium,NEFT/234582706542/DEEPA KAPOOR/Insurance Premium,650,650,2026-08-20,2026-08-20,REF41720,REF15191,,,merchant@razorpay,Insurance Premium,AmazonPay,Matched
SUBSCRIPTION NETFLIX REF:425201225612,,950,0,2026-10-27,2026-10-27,REF55692,REF23816,CHQ3587,,user@federal,Bill Payment,GPay,Unmatched
UPI/CR/518047148069/LATA MISHRA/Salary Transfer,UPI/CR/518047148069/LATA MISHRA/Salary Transfer,1500,1500,2026-03-20,2026-03-20,REF29320,REF29320,,,user@paytm,Mobile Recharge,PhonePe,Matched
RECEIVED FROM ARUN NAIR VIA AmazonPay,RECEIVED FROM ARUN NAIR VIA AmazonPay,999,999,2026-06-11,2026-06-11,REF44239,REF88724,,,user@ybl,Subscription,AmazonPay,Duplicate
IMPS/961482498717/RAVI TEJA/Salary Transfer,IMPS/961482498717/RAVI TEJA/Salary Transfer,100000,100000,2026-05-28,2026-05-28,REF10144,REF10144,,,user@ybl,Salary Transfer,Cred,Matched
NEFT/478165299831/KIRAN SINGH/Salary Transfer,NEFT/478165299831/KIRAN SINGH/Salary Transfer,499,499,2026-04-02,2026-04-02,REF79880,REF53216,CHQ9240,CHQ9240,merchant@payu,Salary Transfer,PhonePe,Matched
UPI P2M ICICI BANK 591623155981,UPI P2M ICICI BANK 591623155981,1200,1200,2026-12-25,2026-12-25,REF28901,REF28901,CHQ8354,CHQ8354,user@apl,Merchant Payment,Paytm,Matched
IMPS/869400021409/NEHA CHOPRA/Mobile Recharge,IMPS/869400021409/NEHA CHOPRA/Mobile Recharge,5000,5000,2026-08-09,2026-08-09,REF33243,REF33243,,,user@okhdfcbank,EMI Payment,Paytm,Matched
NEFT/926842502763/VIKAS GUPTA/Subscription,UPI REVERSAL 632103600116,1999,-1999,2026-02-01,2026-02-01,REF74848,REF74848,,,pay@oksbi,Bill Payment,GPay,UPI Reversed
BILL PAYMENT MOBILE REF:467781199147,UPI PENDING SETTLEMENT 409276468329,250,250,2026-04-21,2026-05-01,REF33333,REF33333,CHQ5888,CHQ5888,rent@upi,EMI Payment,BHIM,Pending Settlement
BILL PAYMENT WATER REF:931746171150,UPI PENDING SETTLEMENT 580936406790,200,200,2026-05-08,2026-09-28,REF20868,REF20868,CHQ9665,CHQ9665,abc123@paytm,Subscription,Paytm,Pending Settlement
PhonePe UPI TRANSFER MOHAN LAL REF:993211641930,PhonePe UPI TRANSFER MOHAN LAL REF:993211641930,950,950,2026-09-27,2026-09-27,REF56487,REF85846,,,user@paytm,Rent Payment,BHIM,Matched
RECHARGE BSNL REF:173157166589,UPI PENDING SETTLEMENT 356754962791,2000,2000,2026-05-26,2026-02-10,REF61109,REF60871,,,user@federal,P2P,AmazonPay,Pending Settlement
SUBSCRIPTION AMAZON PRIME REF:358452887675,SUBSCRIPTION AMAZON PRIME REF:358452887675,2500,2499.0,2026-04-16,2026-04-16,REF30575,REF30575,,,user@apl,Bill Payment,PhonePe,Partial Match
UPI/DR/533476265678/AMIT KUMAR/Mobile Recharge,UPI/DR/533476265678/AMIT KUMAR/Mobile Recharge,2500,2500,2026-08-09,2026-08-09,REF58616,REF58616,,,abc123@paytm,Rent Payment,PhonePe,Matched
INSURANCE PREMIUM ICICI PRUDENTIAL REF:909298478142,INSURANCE PREMIUM ICICI PRUDENTIAL REF:909298478142,500,500,2026-03-11,2026-03-11,REF61370,REF61370,,,shop@okicici,P2P,Paytm,Matched
UPI/DR/260190766985/SUNIL VERMA/Subscription,UPI/DR/260190766985/SUNIL VERMA/Subscription,850,849.99,2026-01-09,2026-01-09,REF62937,REF62937,,,xyz456@ybl,Subscription,Cred,Partial Match
INSURANCE PREMIUM STAR HEALTH REF:951936550802,INSURANCE PREMIUM STAR HEALTH REF:951936550802,2250,2250,2026-07-13,2026-07-13,REF89071,REF89071,CHQ9076,CHQ9076,merchant@payu,Mobile Recharge,Mobikwik,Matched
INSURANCE PREMIUM STAR HEALTH REF:285787094080,INSURANCE PREMIUM STAR HEALTH REF:285787094080,2000,1999.99,2026-12-17,2026-12-17,REF28955,REF28955,,,rent@upi,Insurance Premium,BHIM,Partial Match
Cred UPI TRANSFER KIRAN SINGH REF:417156938536,UPI FAILED 714338451152,450,0,2026-07-03,2026-07-03,REF11400,REF11400,,,merchant@ccavenue,Merchant Payment,Paytm,UPI Failed
INSURANCE PREMIUM STAR HEALTH REF:651442692385,INSURANCE PREMIUM STAR HEALTH REF:651442692385,850,855.0,2026-10-07,2026-01-11,REF92434,REF19117,CHQ9773,CHQ9773,user@ibl,P2M,Paytm,Partial Match
RECEIVED FROM LATA MISHRA VIA Paytm,RECEIVED FROM LATA MISHRA VIA Paytm,4999,4994.0,2026-07-05,2026-07-05,REF12167,REF12167,CHQ3473,CHQ3473,user@paytm,Subscription,Paytm,Partial Match
BILL PAYMENT LANDLINE REF:179713761105,BILL PAYMENT LANDLINE REF:179713761105,15000,15000.01,2026-06-21,2026-06-21,REF18895,REF18895,,,shop@okicici,Bill Payment,Cred,Partial Match
RECHARGE AIRTEL REF:251886733606,UPI FAILED 735845306643,650,0,2026-07-01,2026-07-01,REF58942,REF58942,,,user@ibl,Bill Payment,AmazonPay,UPI Failed
BILL PAYMENT WATER REF:192358553320,UPI FAILED 276279778278,1200,0,2026-07-18,2026-07-18,REF61181,REF89856,,,merchant@payu,Rent Payment,Mobikwik,UPI Failed
AmazonPay UPI TRANSFER GEETA AGRAWAL REF:767892717198,AmazonPay UPI TRANSFER GEETA AGRAWAL REF:767892717198,2999,2999,2026-12-07,2026-12-07,REF60321,REF60321,CHQ2129,CHQ2129,user@apl,Subscription,BHIM,Matched
RECHARGE JIO REF:438328875886,RECHARGE JIO REF:438328875886,1100,1099.5,2026-08-18,2026-08-18,REF45159,REF45159,CHQ7483,CHQ7483,abc123@paytm,Subscription,AmazonPay,Partial Match
INSURANCE PREMIUM LIC REF:752849421740,UPI FAILED 206743815090,2250,0,2026-09-06,2026-09-06,REF98612,REF47259,CHQ7240,CHQ7240,pay@oksbi,Bill Payment,GPay,UPI Failed
INSURANCE PREMIUM LIC REF:892598511308,,14999,0,2026-07-20,2026-07-20,REF86635,REF29988,,,user@axl,EMI Payment,Cred,Unmatched
RECEIVED FROM NEHA CHOPRA VIA BHIM,RECEIVED FROM NEHA CHOPRA VIA BHIM,850,850,2026-09-09,2026-09-09,REF23939,REF23939,CHQ7125,CHQ7125,abc123@paytm,Insurance Premium,PhonePe,Matched
UPI/CR/797254972841/SURESH PANDIT/Merchant Payment,UPI FAILED 279773067365,7500,0,2026-11-01,2026-07-07,REF26399,REF26399,CHQ4713,CHQ4713,user@okhdfcbank,Subscription,Cred,UPI Failed
Mobikwik UPI TRANSFER RAJESH YADAV REF:955918530771,UPI FAILED 839078772896,4999,0,2026-07-10,2026-05-02,REF75472,REF56713,,,salary@bank,Subscription,GPay,UPI Failed
GPay UPI TRANSFER DEEPA KAPOOR REF:803966107850,UPI PENDING SETTLEMENT 209901023970,500,500,2026-07-02,2026-07-27,REF29970,REF29970,,,shop@okicici,Salary Transfer,BHIM,Pending Settlement
UPI/PhonePe/953718592891/MEERA JOSHI/Merchant Payment,UPI PENDING SETTLEMENT 560392408857,3999,3999,2026-07-26,2026-01-14,REF77712,REF26557,,,pay@oksbi,Rent Payment,Cred,Pending Settlement
UPI/GPay/604324092549/GEETA AGRAWAL/Mobile Recharge,UPI FAILED 493787307070,14999,0,2026-09-07,2026-07-09,REF98541,REF98541,CHQ5186,CHQ5186,xyz456@ybl,P2P,BHIM,UPI Failed
UPI P2P DEEPA KAPOOR 100181131407,UPI REVERSAL 685833870486,550,-550,2026-08-23,2026-08-23,REF95666,REF53985,,,merchant@razorpay,Merchant Payment,Mobikwik,UPI Reversed
SUBSCRIPTION GOOGLE ONE REF:160028237835,SUBSCRIPTION GOOGLE ONE REF:160028237835,50000,50000,2026-03-21,2026-03-21,REF17367,REF17367,,,user@axl,Merchant Payment,GPay,Matched
SUBSCRIPTION GOOGLE ONE REF:705290012878,UPI REVERSAL 640304407469,200,-200,2026-11-26,2026-11-26,REF97890,REF97890,,,user@okhdfcbank,Subscription,BHIM,UPI Reversed
IMPS/387937701095/RAVI TEJA/EMI Payment,IMPS/387937701095/RAVI TEJA/EMI Payment,950,950,2026-06-18,2026-06-18,REF99630,REF99630,,,merchant@payu,Merchant Payment,Mobikwik,Matched
RECHARGE AIRTEL REF:142248457619,UPI PENDING SETTLEMENT 633693655347,3999,3999,2026-07-27,2026-09-07,REF40962,REF79424,,,user@ibl,Subscription,GPay,Pending Settlement
EMI PAYMENT SBI REF:261312610969,EMI PAYMENT SBI REF:261312610969,75000,75000.5,2026-02-22,2026-07-06,REF71223,REF71223,CHQ7170,CHQ7170,user@okhdfcbank,Bill Payment,PhonePe,Partial Match
IMPS/779380396486/SNEHA SINGH/Salary Transfer,UPI PENDING SETTLEMENT 107328935470,2000,2000,2026-02-13,2026-09-15,REF54521,REF54521,CHQ9229,CHQ9229,user@ybl,EMI Payment,Cred,Pending Settlement
UPI/CR/347475993219/NEHA CHOPRA/Salary Transfer,UPI/CR/347475993219/NEHA CHOPRA/Salary Transfer,850,850,2026-11-16,2026-01-09,REF34461,REF34461,,,merchant@razorpay,P2P,GPay,Matched
UPI P2P LATA MISHRA 166940124696,UPI PENDING SETTLEMENT 659018388855,950,950,2026-08-06,2026-07-11,REF34348,REF34348,,,bill@paytm,Mobile Recharge,GPay,Pending Settlement
BILL PAYMENT DTH REF:488982191594,BILL PAYMENT DTH REF:488982191594,200,200,2026-12-24,2026-10-21,REF62424,REF21236,,,merchant@payu,Merchant Payment,PhonePe,Matched
AmazonPay UPI TRANSFER MOHAN LAL REF:870452504648,AmazonPay UPI TRANSFER MOHAN LAL REF:870452504648,4999,4999,2026-02-10,2026-02-10,REF38754,REF38754,,,pay@oksbi,Merchant Payment,Paytm,Matched
SUBSCRIPTION NETFLIX REF:954958833575,SUBSCRIPTION NETFLIX REF:954958833575,999,999,2026-01-17,2026-12-10,REF74805,REF74805,CHQ4272,CHQ4272,store@okaxis,Bill Payment,PhonePe,Matched
UPI/PhonePe/168316652387/PRIYA PATEL/Subscription,UPI PENDING SETTLEMENT 820876204058,150,150,2026-08-01,2026-12-19,REF74552,REF74552,CHQ8855,CHQ8855,user@ibl,Subscription,Cred,Pending Settlement
SUBSCRIPTION NETFLIX REF:691053321651,UPI FAILED 998425090586,650,0,2026-08-03,2026-08-03,REF60624,REF60624,CHQ8783,CHQ8783,user@axl,P2M,GPay,UPI Failed
UPI P2M AMAZON 203775107724,UPI P2M AMAZON 203775107724,100000,99999.0,2026-12-08,2026-12-08,REF93535,REF93535,,,user@ibl,P2M,Mobikwik,Partial Match
RECHARGE AIRTEL REF:843417563141,RECHARGE AIRTEL REF:843417563141,1750,1750,2026-03-19,2026-03-19,REF80905,REF79354,,,store@okaxis,P2M,PhonePe,Matched
SUBSCRIPTION NETFLIX REF:430887895411,UPI PENDING SETTLEMENT 909415555863,1750,1750,2026-10-14,2026-01-20,REF46925,REF79451,,,merchant@razorpay,EMI Payment,PhonePe,Pending Settlement
EMI PAYMENT SBI REF:781125883389,EMI PAYMENT SBI REF:781125883389,25000,24995.0,2026-09-22,2026-09-22,REF94427,REF94427,,,user@ibl,Merchant Payment,Cred,Partial Match
NEFT/144047082948/NEHA CHOPRA/EMI Payment,NEFT/144047082948/NEHA CHOPRA/EMI Payment,1499,1499,2026-10-05,2026-10-05,REF93021,REF93021,CHQ8269,CHQ8269,bill@paytm,Insurance Premium,Paytm,Matched
IMPS/469711616129/GEETA AGRAWAL/Subscription,,25000,0,2026-08-28,2026-08-28,REF74999,,CHQ6416,,rent@upi,P2M,Cred,Unmatched
UPI P2M TATACLIQ 347119137914,,2500,0,2026-02-20,2026-02-20,REF78185,,,,user@axl,Subscription,AmazonPay,Unmatched
IMPS/559948106043/DEEPA KAPOOR/P2M,IMPS/559948106043/DEEPA KAPOOR/P2M,499,499.01,2026-01-21,2026-01-21,REF45508,REF45508,CHQ6590,CHQ6590,merchant@payu,Bill Payment,Cred,Partial Match
SUBSCRIPTION APPLE ICLOUD REF:567958624334,SUBSCRIPTION APPLE ICLOUD REF:567958624334,3000,3000,2026-05-28,2026-05-28,REF63622,REF63622,CHQ8602,CHQ8602,xyz456@ybl,Mobile Recharge,Mobikwik,Matched
INSURANCE PREMIUM SBI LIFE REF:856767974185,UPI PENDING SETTLEMENT 358185299676,10000,10000,2026-06-22,2026-04-08,REF88966,REF88966,CHQ6919,CHQ6919,shop@okicici,Salary Transfer,Paytm,Pending Settlement
IMPS/366860851436/GEETA AGRAWAL/EMI Payment,UPI PENDING SETTLEMENT 991191888717,2999,2999,2026-09-26,2026-08-16,REF35576,REF35576,,,user@axl,Bill Payment,AmazonPay,Pending Settlement
RECHARGE BSNL REF:650274397950,UPI PENDING SETTLEMENT 385705316845,75000,75000,2026-06-12,2026-01-28,REF38568,REF38568,CHQ3659,CHQ3659,shop@okicici,Salary Transfer,BHIM,Pending Settlement
UPI P2P GEETA AGRAWAL 395037339222,UPI P2P GEETA AGRAWAL 395037339222,3000,3000,2026-09-07,2026-09-07,REF62020,REF62020,,,rent@upi,P2P,GPay,Matched
BILL PAYMENT DTH REF:696294894741,BILL PAYMENT DTH REF:696294894741,200,200,2026-06-14,2026-06-14,REF92198,REF92198,,,merchant@ccavenue,Rent Payment,BHIM,Matched
UPI P2M SWIGGY 154690647519,UPI REVERSAL 499283724837,950,-950,2026-10-11,2026-10-11,REF80907,REF80907,,,user@axl,P2P,Paytm,UPI Reversed
INSURANCE PREMIUM ICICI PRUDENTIAL REF:364088108569,UPI FAILED 548199720105,650,0,2026-04-06,2026-04-06,REF31628,REF39302,CHQ6124,CHQ6124,user@apl,Subscription,BHIM,UPI Failed
INSURANCE PREMIUM LIC REF:107145071428,INSURANCE PREMIUM LIC REF:107145071428,2999,2999.01,2026-03-18,2026-03-18,REF85225,REF85225,,,user@okhdfcbank,Salary Transfer,GPay,Partial Match
BILL PAYMENT LANDLINE REF:196726699329,BILL PAYMENT LANDLINE REF:196726699329,10000,10000,2026-01-19,2026-01-19,REF43499,REF43499,,,store@okaxis,Subscription,AmazonPay,Matched
SUBSCRIPTION AMAZON PRIME REF:315890471820,,2250,0,2026-04-08,2026-04-08,REF38784,,CHQ1685,,store@okaxis,P2M,BHIM,Unmatched
EMI PAYMENT SBI REF:266994745349,UPI REVERSAL 247506167915,100,-100,2026-01-04,2026-01-04,REF21766,REF21766,,,bill@paytm,P2M,AmazonPay,UPI Reversed
BILL PAYMENT LANDLINE REF:208628525231,,250,0,2026-11-09,2026-11-09,REF40893,,,,store@okaxis,EMI Payment,GPay,Unmatched
UPI P2P SUNIL VERMA 366118527510,UPI P2P SUNIL VERMA 366118527510,650,650,2026-01-02,2026-10-01,REF90126,REF90126,,,salary@bank,P2M,Cred,Matched
UPI/CR/347417931552/NEHA CHOPRA/Mobile Recharge,UPI/CR/347417931552/NEHA CHOPRA/Mobile Recharge,500,500,2026-01-10,2026-01-10,REF76793,REF76793,CHQ7580,CHQ7580,user@ibl,Subscription,AmazonPay,Matched
BILL PAYMENT WATER REF:754003841138,BILL PAYMENT WATER REF:754003841138,75000,75000,2026-01-02,2026-01-02,REF20735,REF20735,CHQ6371,CHQ6371,user@axl,P2P,Cred,Matched
UPI/DR/574519692280/ANITA DEVI/P2M,UPI/DR/574519692280/ANITA DEVI/P2M,250,250,2026-10-10,2026-10-10,REF39160,REF39160,,,merchant@razorpay,Mobile Recharge,Mobikwik,Matched
BILL PAYMENT GAS REF:703867764000,UPI PENDING SETTLEMENT 209491700249,2500,2500,2026-04-02,2026-11-07,REF69894,REF69894,,,store@okaxis,Insurance Premium,Paytm,Pending Settlement
RECEIVED FROM RAJESH YADAV VIA AmazonPay,UPI FAILED 421991232635,3999,0,2026-06-04,2026-05-08,REF51277,REF51277,,,rent@upi,Insurance Premium,PhonePe,UPI Failed
IMPS/664962441375/MOHAN LAL/Subscription,IMPS/664962441375/MOHAN LAL/Subscription,2500,2500,2026-06-24,2026-06-24,REF16528,REF16528,,,user@apl,Insurance Premium,Paytm,Duplicate
AmazonPay UPI TRANSFER DEEPA KAPOOR REF:154472658196,UPI REVERSAL 454882161837,1499,-1499,2026-05-11,2026-05-11,REF45592,REF96550,,,xyz456@ybl,EMI Payment,PhonePe,UPI Reversed
RECHARGE JIO REF:620782982528,,450,0,2026-02-27,2026-02-27,REF78923,,,,store@okaxis,EMI Payment,Paytm,Unmatched
PAYMENT TO ICICI BANK VIA Paytm,PAYMENT TO ICICI BANK VIA Paytm,650,650,2026-09-08,2026-09-08,REF49209,REF26151,,,abc123@paytm,Mobile Recharge,Mobikwik,Matched
UPI/DR/789892257501/KAVITA REDDY/Bill Payment,UPI FAILED 762755970544,1100,0,2026-07-28,2026-07-28,REF67281,REF67281,CHQ4233,CHQ4233,user@ybl,EMI Payment,Cred,UPI Failed
PAYMENT TO HOTSTAR VIA Paytm,PAYMENT TO HOTSTAR VIA Paytm,1000,1000,2026-10-21,2026-10-21,REF37736,REF37736,,,user@ybl,Rent Payment,GPay,Matched
UPI/DR/693637058054/LATA MISHRA/P2P,UPI/DR/693637058054/LATA MISHRA/P2P,1499,1499,2026-02-28,2026-01-23,REF84890,REF84890,,,shop@okicici,Subscription,BHIM,Matched
RECEIVED FROM ARUN NAIR VIA PhonePe,,75000,0,2026-10-24,2026-10-24,REF15844,REF17138,,,merchant@ccavenue,Salary Transfer,PhonePe,Unmatched
PhonePe UPI TRANSFER LATA MISHRA REF:759349049082,PhonePe UPI TRANSFER LATA MISHRA REF:759349049082,5000,5000,2026-06-24,2026-06-24,REF77796,REF54073,,,abc123@paytm,Rent Payment,Paytm,Matched
UPI/GPay/120896433284/ANITA DEVI/Merchant Payment,UPI FAILED 488726731943,850,0,2026-01-28,2026-01-28,REF24482,REF24482,,,abc123@paytm,P2P,Paytm,UPI Failed
RECEIVED FROM MOHAN LAL VIA BHIM,RECEIVED FROM MOHAN LAL VIA BHIM,499,499,2026-08-25,2026-08-25,REF10406,REF10406,CHQ2471,CHQ2471,user@ybl,Merchant Payment,Cred,Matched
INSURANCE PREMIUM STAR HEALTH REF:779788240928,INSURANCE PREMIUM STAR HEALTH REF:779788240928,2000,2000,2026-06-05,2026-06-05,REF74442,REF74442,,,salary@bank,P2M,GPay,Duplicate
IMPS/290876034843/DEEPA KAPOOR/Bill Payment,IMPS/290876034843/DEEPA KAPOOR/Bill Payment,1999,1999,2026-09-20,2026-09-20,REF19723,REF19723,,,user@paytm,P2P,PhonePe,Matched
UPI/DR/971507808433/AMIT KUMAR/P2P,UPI/DR/971507808433/AMIT KUMAR/P2P,550,550,2026-08-18,2026-08-18,REF71911,REF71911,,,bill@paytm,Mobile Recharge,AmazonPay,Matched
UPI/CR/292134136299/SUNIL VERMA/Salary Transfer,UPI/CR/292134136299/SUNIL VERMA/Salary Transfer,3999,3999,2026-11-03,2026-11-03,REF36553,REF36553,,,shop@okicici,Rent Payment,Paytm,Matched
BILL PAYMENT MOBILE REF:653402788331,BILL PAYMENT MOBILE REF:653402788331,100000,99999.9,2026-02-10,2026-02-10,REF55928,REF55928,,,merchant@ccavenue,Bill Payment,GPay,Partial Match
RECEIVED FROM MEERA JOSHI VIA Paytm,UPI FAILED 405936247666,500,0,2026-05-20,2026-05-20,REF68432,REF68432,,,xyz456@ybl,Bill Payment,Mobikwik,UPI Failed
UPI P2M SPOTIFY 629401486635,UPI REVERSAL 482652731996,550,-550,2026-03-27,2026-03-27,REF31680,REF86662,CHQ9702,CHQ9702,rent@upi,Rent Payment,GPay,UPI Reversed
UPI P2M FLIPKART 717307862723,UPI P2M FLIPKART 717307862723,1200,1200,2026-02-08,2026-02-08,REF96061,REF96061,,,user@ibl,Salary Transfer,Cred,Matched
UPI P2P LATA MISHRA 119110835312,UPI P2P LATA MISHRA 119110835312,2250,2249.0,2026-01-28,2026-01-28,REF73033,REF73033,,,user@apl,Insurance Premium,Paytm,Partial Match
NEFT/476705512548/SNEHA SINGH/Bill Payment,,350,0,2026-12-09,2026-12-09,REF76554,,,,abc123@paytm,Salary Transfer,GPay,Unmatched
INSURANCE PREMIUM LIC REF:962828250203,,1100,0,2026-01-04,2026-03-27,REF72936,REF30990,CHQ5980,,merchant@razorpay,Salary Transfer,Mobikwik,Unmatched
NEFT/320463405480/MOHAN LAL/EMI Payment,UPI REVERSAL 130109789455,2999,-2999,2026-11-01,2026-11-01,REF53699,REF53699,,,bill@paytm,P2P,Cred,UPI Reversed
NEFT/275102766223/ARUN KUMAR/P2M,UPI REVERSAL 734531817078,4999,-4999,2026-09-26,2026-09-26,REF87536,REF87536,,,user@oksbi,Rent Payment,BHIM,UPI Reversed
RECHARGE BSNL REF:604759133511,RECHARGE BSNL REF:604759133511,1100,1100,2026-06-14,2026-07-16,REF71881,REF71881,,,rent@upi,Rent Payment,Paytm,Matched
UPI P2M HOTSTAR 295637544618,UPI P2M HOTSTAR 295637544618,350,350,2026-05-23,2026-05-23,REF20929,REF62293,,,salary@bank,Rent Payment,Paytm,Matched
RECEIVED FROM AMIT KUMAR VIA Mobikwik,RECEIVED FROM AMIT KUMAR VIA Mobikwik,999,999,2026-01-18,2026-07-15,REF51993,REF51993,,,abc123@paytm,Insurance Premium,Cred,Matched
UPI P2M DMART 450346266042,UPI P2M DMART 450346266042,7500,7500,2026-10-21,2026-10-21,REF97951,REF97951,,,user@apl,Salary Transfer,Mobikwik,Matched
UPI/DR/216159265728/GEETA AGRAWAL/Merchant Payment,UPI/DR/216159265728/GEETA AGRAWAL/Merchant Payment,1499,1499,2026-08-26,2026-08-26,REF80259,REF15798,,,user@oksbi,Mobile Recharge,Cred,Matched
RECHARGE JIO REF:400868200831,,3999,0,2026-12-12,2026-12-19,REF36613,,,,rent@upi,EMI Payment,PhonePe,Unmatched
PAYMENT TO PRIME VIDEO VIA BHIM,PAYMENT TO PRIME VIDEO VIA BHIM,499,499,2026-04-01,2026-04-01,REF41523,REF41523,,,user@ibl,EMI Payment,Mobikwik,Matched
INSURANCE PREMIUM BAJAJ ALLIANZ REF:943989471396,INSURANCE PREMIUM BAJAJ ALLIANZ REF:943989471396,1300,1299.5,2026-01-09,2026-01-09,REF85882,REF85882,,,user@okhdfcbank,Salary Transfer,GPay,Partial Match
RECHARGE JIO REF:336056277204,,1499,0,2026-09-18,2026-08-01,REF32118,,CHQ8253,,rent@upi,Insurance Premium,BHIM,Unmatched
UPI/CR/831501672538/KAVITA REDDY/Bill Payment,UPI/CR/831501672538/KAVITA REDDY/Bill Payment,10000,10000,2026-03-04,2026-01-02,REF12837,REF12837,CHQ7618,CHQ7618,salary@bank,Merchant Payment,Cred,Matched
EMI PAYMENT HDFC REF:906021611454,EMI PAYMENT HDFC REF:906021611454,1999,1999,2026-01-08,2026-01-08,REF46511,REF23715,,,rent@upi,Rent Payment,Cred,Matched
UPI/DR/464782027325/KAVITA REDDY/Insurance Premium,UPI/DR/464782027325/KAVITA REDDY/Insurance Premium,2999,2999,2026-02-20,2026-02-20,REF74648,REF74648,,,user@axl,Subscription,Cred,Matched
RECEIVED FROM ANITA DEVI VIA BHIM,,50000,0,2026-08-03,2026-08-03,REF73622,,,,rent@upi,Rent Payment,Mobikwik,Unmatched
UPI/DR/578490469713/AMIT KUMAR/P2M,UPI/DR/578490469713/AMIT KUMAR/P2M,19999,19999,2026-05-23,2026-05-23,REF25033,REF25033,CHQ2721,CHQ2721,store@okaxis,Subscription,PhonePe,Matched
UPI/DR/541590457234/ARUN KUMAR/P2M,UPI/DR/541590457234/ARUN KUMAR/P2M,200,199.9,2026-03-02,2026-03-02,REF59765,REF87526,,,user@ibl,Bill Payment,PhonePe,Partial Match
SUBSCRIPTION APPLE ICLOUD REF:105570994567,UPI FAILED 640323112658,5000,0,2026-05-26,2026-05-26,REF70023,REF70023,CHQ3252,CHQ3252,rent@upi,Salary Transfer,BHIM,UPI Failed
INSURANCE PREMIUM STAR HEALTH REF:439506778154,INSURANCE PREMIUM STAR HEALTH REF:439506778154,3999,3999,2026-10-03,2026-10-03,REF97424,REF97424,,,merchant@razorpay,P2M,Paytm,Matched
UPI/CR/405369002869/SURESH PANDIT/Bill Payment,UPI/CR/405369002869/SURESH PANDIT/Bill Payment,4999,4999,2026-01-16,2026-01-16,REF17511,REF83887,,,store@okaxis,P2M,Mobikwik,Matched
SUBSCRIPTION APPLE ICLOUD REF:255756984033,SUBSCRIPTION APPLE ICLOUD REF:255756984033,150,149.9,2026-12-15,2026-12-15,REF22748,REF22748,,,bill@paytm,Salary Transfer,Paytm,Partial Match
NEFT/392561150814/DEEPA KAPOOR/Subscription,NEFT/392561150814/DEEPA KAPOOR/Subscription,250,250.05,2026-02-05,2026-02-05,REF15853,REF74760,,,salary@bank,Salary Transfer,Cred,Partial Match
NEFT/613667857205/SURESH PANDIT/Mobile Recharge,,1300,0,2026-05-19,2026-05-19,REF22160,,,,salary@bank,Mobile Recharge,GPay,Unmatched
NEFT/257963548976/GEETA AGRAWAL/EMI Payment,NEFT/257963548976/GEETA AGRAWAL/EMI Payment,1500,1500,2026-05-13,2026-05-13,REF22462,REF22462,,,user@federal,Salary Transfer,GPay,Matched
UPI P2P NEHA CHOPRA 653375559825,UPI P2P NEHA CHOPRA 653375559825,150,150.05,2026-10-22,2026-10-22,REF21220,REF21220,,,store@okaxis,Salary Transfer,Mobikwik,Partial Match
UPI P2P RAHUL SHARMA 338537796013,UPI P2P RAHUL SHARMA 338537796013,150,150,2026-05-12,2026-05-12,REF24714,REF24714,,,merchant@razorpay,Salary Transfer,Paytm,Matched
SUBSCRIPTION NETFLIX REF:856555367643,SUBSCRIPTION NETFLIX REF:856555367643,350,350,2026-10-12,2026-10-12,REF85324,REF58283,,,merchant@payu,Mobile Recharge,GPay,Matched
PAYMENT TO DMART VIA BHIM,UPI FAILED 264277649329,100,0,2026-04-05,2026-04-05,REF81818,REF81818,,,merchant@ccavenue,Subscription,GPay,UPI Failed
NEFT/880375865480/LATA MISHRA/P2M,NEFT/880375865480/LATA MISHRA/P2M,1999,1999,2026-02-28,2026-07-18,REF18283,REF48568,,,pay@oksbi,Merchant Payment,BHIM,Duplicate
PAYMENT TO HOTSTAR VIA PhonePe,PAYMENT TO HOTSTAR VIA PhonePe,550,550,2026-06-21,2026-06-21,REF86551,REF39314,,,user@oksbi,Merchant Payment,GPay,Matched
RECHARGE JIO REF:958171084786,RECHARGE JIO REF:958171084786,7500,7500,2026-12-26,2026-12-26,REF59432,REF59432,CHQ2282,CHQ2282,user@ibl,P2P,Mobikwik,Matched
UPI/CR/560813234615/VIKAS GUPTA/Rent Payment,UPI/CR/560813234615/VIKAS GUPTA/Rent Payment,550,550,2026-04-20,2026-04-20,REF36226,REF36226,,,bill@paytm,P2M,PhonePe,Matched
IMPS/359284904540/GEETA AGRAWAL/P2M,IMPS/359284904540/GEETA AGRAWAL/P2M,200,200,2026-11-01,2026-11-01,REF68767,REF68767,,,user@federal,EMI Payment,Paytm,Duplicate
IMPS/570325828043/AMIT KUMAR/EMI Payment,,350,0,2026-01-16,2026-01-16,REF36965,,,,merchant@razorpay,Salary Transfer,Paytm,Unmatched
BILL PAYMENT GAS REF:445868742574,UPI PENDING SETTLEMENT 733700180927,5000,5000,2026-12-17,2026-08-11,REF61973,REF61973,,,user@okhdfcbank,Merchant Payment,GPay,Pending Settlement
RECHARGE JIO REF:493894232972,RECHARGE JIO REF:493894232972,1999,1999,2026-09-04,2026-09-04,REF56034,REF56034,CHQ7028,CHQ7028,xyz456@ybl,P2P,Paytm,Matched
RECEIVED FROM KAVITA REDDY VIA GPay,RECEIVED FROM KAVITA REDDY VIA GPay,350,350,2026-08-17,2026-08-17,REF30770,REF30770,,,user@axl,Merchant Payment,PhonePe,Matched
EMI PAYMENT AXIS REF:542572384921,EMI PAYMENT AXIS REF:542572384921,200,200,2026-07-23,2026-07-23,REF29001,REF29001,CHQ4216,CHQ4216,user@oksbi,Salary Transfer,PhonePe,Duplicate
PAYMENT TO HOTSTAR VIA Mobikwik,UPI FAILED 496792861381,1500,0,2026-11-21,2026-11-21,REF81105,REF81105,,,user@axl,Rent Payment,GPay,UPI Failed
UPI/AmazonPay/806977878206/ARUN NAIR/Merchant Payment,UPI/AmazonPay/806977878206/ARUN NAIR/Merchant Payment,9999,10000.0,2026-02-21,2026-02-21,REF25944,REF25944,,,xyz456@ybl,Mobile Recharge,Paytm,Partial Match
PAYMENT TO BSNL VIA Paytm,UPI REVERSAL 515691983984,2999,-2999,2026-03-07,2026-03-07,REF21538,REF21538,,,abc123@paytm,Rent Payment,Mobikwik,UPI Reversed
BILL PAYMENT MOBILE REF:669781450480,,14999,0,2026-02-06,2026-02-06,REF81133,,CHQ7104,,pay@oksbi,Mobile Recharge,Mobikwik,Unmatched
INSURANCE PREMIUM BAJAJ ALLIANZ REF:990382435823,UPI PENDING SETTLEMENT 311157931667,2250,2250,2026-01-10,2026-08-25,REF70124,REF70124,,,abc123@paytm,P2P,BHIM,Pending Settlement
UPI/AmazonPay/903635468991/MEERA JOSHI/P2M,UPI/AmazonPay/903635468991/MEERA JOSHI/P2M,1000,1005.0,2026-10-26,2026-10-26,REF99405,REF99405,CHQ3982,CHQ3982,abc123@paytm,EMI Payment,AmazonPay,Partial Match
UPI/AmazonPay/498424326756/KIRAN SINGH/Rent Payment,UPI FAILED 137738627519,3000,0,2026-10-05,2026-10-05,REF90136,REF90136,,,rent@upi,Mobile Recharge,Paytm,UPI Failed
UPI P2P ANITA DEVI 447519801206,UPI FAILED 851105488174,1500,0,2026-03-20,2026-03-20,REF76056,REF76056,,,user@apl,EMI Payment,Cred,UPI Failed
IMPS/132023057675/VIKAS GUPTA/P2P,IMPS/132023057675/VIKAS GUPTA/P2P,450,450,2026-06-27,2026-11-27,REF72520,REF72520,CHQ4095,CHQ4095,user@oksbi,Subscription,Mobikwik,Duplicate
UPI/CR/486012779669/LATA MISHRA/Subscription,,20000,0,2026-11-01,2026-07-22,REF37865,,,,user@ybl,Merchant Payment,BHIM,Unmatched
PAYMENT TO TATACLIQ VIA GPay,UPI FAILED 527216434922,150,0,2026-03-06,2026-03-06,REF76432,REF76432,,,store@okaxis,Mobile Recharge,BHIM,UPI Failed
IMPS/425891795575/DEEPA KAPOOR/Rent Payment,IMPS/425891795575/DEEPA KAPOOR/Rent Payment,550,550,2026-02-16,2026-02-16,REF21326,REF21326,,,salary@bank,Insurance Premium,Paytm,Matched
RECHARGE AIRTEL REF:761512140039,RECHARGE AIRTEL REF:761512140039,15000,15000,2026-05-14,2026-05-14,REF23943,REF53071,,,merchant@payu,Mobile Recharge,Cred,Matched
UPI/Paytm/585106327251/PRIYA PATEL/Rent Payment,UPI/Paytm/585106327251/PRIYA PATEL/Rent Payment,15000,15000,2026-10-12,2026-10-12,REF34978,REF34978,,,user@federal,P2M,Paytm,Matched
UPI/GPay/932729526458/ARUN NAIR/Rent Payment,UPI/GPay/932729526458/ARUN NAIR/Rent Payment,10000,9999.5,2026-08-28,2026-08-28,REF60255,REF60255,,,user@ybl,Subscription,Mobikwik,Partial Match
UPI/DR/477654607481/PRIYA PATEL/P2M,UPI/DR/477654607481/PRIYA PATEL/P2M,50000,50000,2026-01-27,2026-01-27,REF22747,REF22747,,,user@paytm,Mobile Recharge,PhonePe,Matched
BHIM UPI TRANSFER MEERA JOSHI REF:932742523271,UPI PENDING SETTLEMENT 880185386466,450,450,2026-11-12,2026-02-03,REF30487,REF30487,,,user@axl,Rent Payment,Mobikwik,Pending Settlement
UPI/Paytm/904940469376/VIKAS GUPTA/Rent Payment,UPI PENDING SETTLEMENT 653139641292,20000,20000,2026-09-07,2026-09-11,REF95199,REF95199,CHQ7717,CHQ7717,shop@okicici,Salary Transfer,Paytm,Pending Settlement
UPI P2M SBI 793683292766,UPI P2M SBI 793683292766,4999,4999,2026-07-11,2026-07-11,REF84081,REF41997,,,user@ibl,Mobile Recharge,Mobikwik,Matched
BILL PAYMENT WATER REF:381783685647,BILL PAYMENT WATER REF:381783685647,25000,24999.95,2026-10-21,2026-02-26,REF18120,REF18120,CHQ3762,CHQ3762,user@axl,Subscription,Mobikwik,Partial Match
BILL PAYMENT ELECTRICITY REF:817395335211,BILL PAYMENT ELECTRICITY REF:817395335211,14999,14999,2026-02-02,2026-02-02,REF76936,REF81674,,,rent@upi,P2M,Cred,Matched
IMPS/681851137876/SNEHA SINGH/Insurance Premium,UPI FAILED 543881064579,25000,0,2026-06-28,2026-06-28,REF40186,REF40186,CHQ3197,CHQ3197,user@okhdfcbank,Salary Transfer,Cred,UPI Failed
UPI/CR/104666497037/SUNIL VERMA/Merchant Payment,UPI/CR/104666497037/SUNIL VERMA/Merchant Payment,350,345.0,2026-06-03,2026-06-03,REF49327,REF10901,CHQ3828,CHQ3828,bill@paytm,Rent Payment,Cred,Partial Match
INSURANCE PREMIUM SBI LIFE REF:806399618311,,550,0,2026-06-14,2026-06-14,REF85950,,CHQ4111,,salary@bank,Bill Payment,Paytm,Unmatched
RECEIVED FROM PRIYA PATEL VIA BHIM,RECEIVED FROM PRIYA PATEL VIA BHIM,2250,2250,2026-08-08,2026-08-08,REF21587,REF21587,,,user@federal,Bill Payment,Mobikwik,Matched
BILL PAYMENT LANDLINE REF:739576062226,,50000,0,2026-01-22,2026-08-05,REF12621,REF66568,,,user@apl,Salary Transfer,BHIM,Unmatched
RECHARGE BSNL REF:675204922297,RECHARGE BSNL REF:675204922297,150,151.0,2026-11-25,2026-11-25,REF85749,REF15908,CHQ6212,CHQ6212,abc123@paytm,Bill Payment,Cred,Partial Match
PAYMENT TO BIGBASKET VIA Mobikwik,,499,0,2026-01-06,2026-01-06,REF81805,,,,pay@oksbi,Merchant Payment,PhonePe,Unmatched
UPI P2P MOHAN LAL 226511387419,,19999,0,2026-12-06,2026-12-06,REF72597,,,,user@ybl,Mobile Recharge,PhonePe,Unmatched
UPI P2P MOHAN LAL 854790253737,UPI P2P MOHAN LAL 854790253737,9999,9999,2026-04-05,2026-04-05,REF19216,REF19216,,,user@apl,Bill Payment,Cred,Matched
NEFT/238716027548/ARUN KUMAR/Mobile Recharge,NEFT/238716027548/ARUN KUMAR/Mobile Recharge,450,450,2026-12-01,2026-12-01,REF47121,REF47121,,,user@axl,Mobile Recharge,GPay,Matched
IMPS/564250464742/SNEHA SINGH/P2P,,200,0,2026-05-27,2026-05-27,REF67760,,,,user@ybl,Subscription,Mobikwik,Unmatched
UPI P2M HDFC LIFE 508114141724,UPI P2M HDFC LIFE 508114141724,1200,1200,2026-11-16,2026-11-16,REF16832,REF16832,,,merchant@razorpay,Mobile Recharge,PhonePe,Duplicate
PAYMENT TO JIO VIA PhonePe,UPI PENDING SETTLEMENT 580120044924,15000,15000,2026-05-20,2026-01-03,REF51301,REF51301,CHQ9553,CHQ9553,user@ybl,Rent Payment,Paytm,Pending Settlement
UPI P2P KAVITA REDDY 399612037784,UPI P2P KAVITA REDDY 399612037784,1500,1500.05,2026-03-15,2026-03-15,REF18540,REF18540,CHQ6245,CHQ6245,shop@okicici,Insurance Premium,GPay,Partial Match
UPI P2M SWIGGY 364162573434,UPI REVERSAL 201163388130,1000,-1000,2026-04-08,2026-04-08,REF27573,REF27573,,,merchant@ccavenue,Mobile Recharge,AmazonPay,UPI Reversed
IMPS/430864955303/VIKAS GUPTA/Subscription,IMPS/430864955303/VIKAS GUPTA/Subscription,20000,20000,2026-01-11,2026-01-11,REF82955,REF75488,CHQ2315,CHQ2315,merchant@payu,Mobile Recharge,GPay,Duplicate
UPI P2M AIRTEL 200407573425,UPI P2M AIRTEL 200407573425,1499,1499,2026-10-07,2026-10-07,REF29466,REF29466,,,shop@okicici,Subscription,Mobikwik,Matched
UPI P2P AMIT KUMAR 834513846179,UPI P2P AMIT KUMAR 834513846179,7500,7500,2026-07-21,2026-07-21,REF19804,REF19804,,,xyz456@ybl,P2M,AmazonPay,Matched
BILL PAYMENT GAS REF:242075532127,UPI PENDING SETTLEMENT 972045512809,1750,1750,2026-04-01,2026-09-19,REF15913,REF15913,,,store@okaxis,Salary Transfer,Mobikwik,Pending Settlement
UPI P2P SURESH PANDIT 610874427756,UPI PENDING SETTLEMENT 950267952625,100000,100000,2026-06-05,2026-06-20,REF14125,REF10815,,,xyz456@ybl,Mobile Recharge,AmazonPay,Pending Settlement
UPI/CR/665188584769/ARUN NAIR/Merchant Payment,UPI/CR/665188584769/ARUN NAIR/Merchant Payment,25000,25000,2026-03-06,2026-03-06,REF76783,REF19318,,,user@apl,Subscription,Cred,Matched
UPI P2P SNEHA SINGH 447381177603,UPI P2P SNEHA SINGH 447381177603,1200,1200,2026-11-08,2026-11-08,REF24141,REF24141,,,pay@oksbi,Merchant Payment,PhonePe,Matched
RECHARGE JIO REF:563130005886,UPI REVERSAL 731122151599,1500,-1500,2026-02-04,2026-02-04,REF77706,REF77706,,,user@ybl,Rent Payment,BHIM,UPI Reversed
IMPS/344319542361/ARUN KUMAR/P2M,UPI FAILED 714838533752,1100,0,2026-01-06,2026-01-06,REF12343,REF12343,CHQ9358,CHQ9358,bill@paytm,P2M,AmazonPay,UPI Failed
IMPS/938394487425/GEETA AGRAWAL/Bill Payment,IMPS/938394487425/GEETA AGRAWAL/Bill Payment,1499,1499,2026-08-16,2026-08-16,REF96375,REF96375,CHQ8137,CHQ8137,rent@upi,Insurance Premium,AmazonPay,Matched
NEFT/560780014400/ANITA DEVI/EMI Payment,NEFT/560780014400/ANITA DEVI/EMI Payment,50000,50000,2026-01-23,2026-01-23,REF86515,REF86515,,,merchant@razorpay,Salary Transfer,GPay,Matched
INSURANCE PREMIUM STAR HEALTH REF:380773360104,INSURANCE PREMIUM STAR HEALTH REF:380773360104,1999,1994.0,2026-10-18,2026-10-18,REF37150,REF37150,CHQ4116,CHQ4116,abc123@paytm,Rent Payment,BHIM,Partial Match
RECEIVED FROM PRIYA PATEL VIA Mobikwik,,1750,0,2026-10-27,2026-10-27,REF34678,,,,merchant@ccavenue,Mobile Recharge,Paytm,Unmatched
UPI/DR/836616084787/AMIT KUMAR/Salary Transfer,UPI REVERSAL 743963112154,1100,-1100,2026-07-12,2026-07-12,REF78082,REF78082,,,abc123@paytm,Insurance Premium,GPay,UPI Reversed
UPI/DR/226203950388/SNEHA SINGH/Bill Payment,UPI/DR/226203950388/SNEHA SINGH/Bill Payment,450,450,2026-09-11,2026-09-11,REF56125,REF86973,,,abc123@paytm,P2P,AmazonPay,Matched
NEFT/577662531378/NEHA CHOPRA/Mobile Recharge,UPI REVERSAL 672960043273,499,-499,2026-05-11,2026-05-11,REF67623,REF66658,CHQ8228,CHQ8228,shop@okicici,Salary Transfer,Cred,UPI Reversed
BILL PAYMENT DTH REF:737833600359,UPI REVERSAL 722798122833,1100,-1100,2026-08-26,2026-08-26,REF42871,REF42871,,,user@federal,EMI Payment,Paytm,UPI Reversed
UPI/CR/324195136904/KAVITA REDDY/Insurance Premium,UPI/CR/324195136904/KAVITA REDDY/Insurance Premium,1100,1101.0,2026-12-08,2026-12-08,REF22661,REF22661,,,merchant@razorpay,Subscription,GPay,Partial Match
UPI/DR/461302734466/RAVI TEJA/Merchant Payment,UPI/DR/461302734466/RAVI TEJA/Merchant Payment,19999,20000.0,2026-06-16,2026-06-27,REF72094,REF72094,,,user@axl,Merchant Payment,GPay,Partial Match
UPI/CR/667323489833/MOHAN LAL/Merchant Payment,UPI/CR/667323489833/MOHAN LAL/Merchant Payment,999,1004.0,2026-09-03,2026-09-03,REF47068,REF47068,,,user@okhdfcbank,Rent Payment,Cred,Partial Match
PAYMENT TO HDFC LIFE VIA GPay,PAYMENT TO HDFC LIFE VIA GPay,2000,2000,2026-08-14,2026-08-14,REF38694,REF38694,,,user@apl,EMI Payment,BHIM,Duplicate
RECEIVED FROM RAVI TEJA VIA PhonePe,RECEIVED FROM RAVI TEJA VIA PhonePe,350,350.05,2026-08-04,2026-08-04,REF50793,REF50793,CHQ8326,CHQ8326,store@okaxis,Salary Transfer,PhonePe,Partial Match
SUBSCRIPTION GOOGLE ONE REF:695282790287,SUBSCRIPTION GOOGLE ONE REF:695282790287,350,350,2026-06-09,2026-06-09,REF30929,REF30929,CHQ8191,CHQ8191,store@okaxis,Insurance Premium,Cred,Matched
UPI/DR/844193700236/SNEHA SINGH/Subscription,UPI REVERSAL 367999445850,2500,-2500,2026-04-12,2026-04-12,REF83856,REF83856,CHQ1535,CHQ1535,store@okaxis,EMI Payment,Mobikwik,UPI Reversed
NEFT/415684381653/KAVITA REDDY/P2P,NEFT/415684381653/KAVITA REDDY/P2P,1499,1499,2026-06-15,2026-06-15,REF63399,REF63399,CHQ2131,CHQ2131,shop@okicici,Subscription,Cred,Matched
IMPS/739188479170/LATA MISHRA/Bill Payment,,9999,0,2026-01-23,2026-01-23,REF84319,,,,merchant@payu,P2P,BHIM,Unmatched
SUBSCRIPTION SPOTIFY REF:660821567647,UPI REVERSAL 969019203252,100,-100,2026-09-24,2026-09-24,REF35024,REF35024,,,xyz456@ybl,Mobile Recharge,Mobikwik,UPI Reversed
NEFT/378635284951/RAJESH YADAV/Merchant Payment,NEFT/378635284951/RAJESH YADAV/Merchant Payment,650,650,2026-08-24,2026-08-24,REF78468,REF78468,CHQ5717,CHQ5717,user@paytm,EMI Payment,AmazonPay,Matched
PAYMENT TO HDFC BANK VIA AmazonPay,PAYMENT TO HDFC BANK VIA AmazonPay,75000,75000,2026-03-28,2026-03-28,REF47260,REF47260,,,user@oksbi,Bill Payment,Cred,Matched
INSURANCE PREMIUM BAJAJ ALLIANZ REF:822319516437,,150,0,2026-08-08,2026-08-08,REF79324,,,,user@federal,P2M,PhonePe,Unmatched
UPI/DR/252405955537/AMIT KUMAR/P2P,UPI PENDING SETTLEMENT 805099442320,2500,2500,2026-05-16,2026-12-03,REF95449,REF95449,,,merchant@ccavenue,Insurance Premium,AmazonPay,Pending Settlement
UPI/DR/525457599585/NEHA CHOPRA/Subscription,UPI/DR/525457599585/NEHA CHOPRA/Subscription,150,150,2026-06-02,2026-06-02,REF67516,REF67516,,,user@paytm,P2P,Cred,Duplicate
RECEIVED FROM VIKAS GUPTA VIA Mobikwik,UPI REVERSAL 162216401646,100,-100,2026-09-12,2026-09-12,REF51648,REF51648,,,shop@okicici,Mobile Recharge,GPay,UPI Reversed
INSURANCE PREMIUM LIC REF:402288837458,INSURANCE PREMIUM LIC REF:402288837458,3000,2999.99,2026-12-24,2026-12-24,REF85643,REF85643,,,merchant@payu,P2M,PhonePe,Partial Match
BILL PAYMENT INTERNET REF:248957335018,UPI FAILED 156234428546,2000,0,2026-02-23,2026-02-23,REF45230,REF45230,CHQ2389,CHQ2389,salary@bank,EMI Payment,PhonePe,UPI Failed
UPI/CR/460777533104/LATA MISHRA/Merchant Payment,UPI REVERSAL 876047681652,19999,-19999,2026-06-27,2026-08-20,REF25807,REF25807,CHQ5991,CHQ5991,rent@upi,P2M,BHIM,UPI Reversed
UPI/DR/218818413338/ARUN KUMAR/Bill Payment,,1000,0,2026-11-10,2026-11-10,REF24376,REF49537,CHQ1020,,rent@upi,Rent Payment,PhonePe,Unmatched
UPI P2M AXIS BANK 831271296645,UPI P2M AXIS BANK 831271296645,7500,7495.0,2026-07-25,2026-07-25,REF58245,REF58245,,,merchant@razorpay,P2P,Cred,Partial Match
UPI P2P ARUN KUMAR 483878743945,UPI PENDING SETTLEMENT 482345444799,100000,100000,2026-05-23,2026-10-15,REF12481,REF12481,,,user@apl,Merchant Payment,Paytm,Pending Settlement
BHIM UPI TRANSFER RAJESH YADAV REF:986715800312,BHIM UPI TRANSFER RAJESH YADAV REF:986715800312,1500,1495.0,2026-10-06,2026-10-06,REF17961,REF17961,CHQ3235,CHQ3235,user@ybl,Mobile Recharge,GPay,Partial Match
EMI PAYMENT ICICI REF:568547969896,EMI PAYMENT ICICI REF:568547969896,350,350,2026-09-09,2026-09-09,REF77942,REF77942,,,user@axl,EMI Payment,Mobikwik,Matched
BHIM UPI TRANSFER AMIT KUMAR REF:304197443869,UPI FAILED 720194185323,1200,0,2026-08-05,2026-08-05,REF86235,REF86235,,,user@apl,Bill Payment,Paytm,UPI Failed
UPI P2P RAJESH YADAV 311421146536,UPI PENDING SETTLEMENT 945720336222,7500,7500,2026-04-04,2026-01-17,REF16604,REF16604,CHQ3888,CHQ3888,abc123@paytm,Subscription,Paytm,Pending Settlement
RECEIVED FROM SUNIL VERMA VIA Mobikwik,RECEIVED FROM SUNIL VERMA VIA Mobikwik,2250,2250,2026-12-09,2026-05-25,REF41941,REF42911,CHQ6663,CHQ6663,user@axl,Salary Transfer,Cred,Matched
UPI/Paytm/854861694645/DEEPA KAPOOR/EMI Payment,UPI/Paytm/854861694645/DEEPA KAPOOR/EMI Payment,10000,10000,2026-02-27,2026-02-27,REF22831,REF86502,CHQ5667,CHQ5667,user@ibl,Merchant Payment,PhonePe,Duplicate
IMPS/783503884990/RAVI TEJA/Mobile Recharge,IMPS/783503884990/RAVI TEJA/Mobile Recharge,50000,50000.01,2026-10-28,2026-10-28,REF52044,REF79659,CHQ6588,CHQ6588,xyz456@ybl,Mobile Recharge,GPay,Partial Match
IMPS/707936864833/AMIT KUMAR/EMI Payment,IMPS/707936864833/AMIT KUMAR/EMI Payment,3000,3000,2026-02-04,2026-02-04,REF76053,REF59957,,,user@oksbi,P2M,BHIM,Duplicate
UPI P2M AMAZON 526785922283,UPI PENDING SETTLEMENT 832113471017,250,250,2026-02-12,2026-11-12,REF61961,REF53190,CHQ1208,CHQ1208,salary@bank,Mobile Recharge,Mobikwik,Pending Settlement
INSURANCE PREMIUM STAR HEALTH REF:474566910990,INSURANCE PREMIUM STAR HEALTH REF:474566910990,25000,25000,2026-12-04,2026-06-14,REF96078,REF65489,,,xyz456@ybl,EMI Payment,BHIM,Matched
UPI/DR/333635291345/MEERA JOSHI/Subscription,,1100,0,2026-10-27,2026-10-27,REF63580,,,,merchant@payu,Mobile Recharge,AmazonPay,Unmatched
INSURANCE PREMIUM ICICI PRUDENTIAL REF:349770894598,UPI FAILED 591533148196,5000,0,2026-12-17,2026-12-17,REF37027,REF37027,CHQ5660,CHQ5660,merchant@ccavenue,Bill Payment,Cred,UPI Failed
SUBSCRIPTION NETFLIX REF:164169988082,SUBSCRIPTION NETFLIX REF:164169988082,350,350,2026-01-07,2026-01-07,REF53021,REF53021,CHQ2635,CHQ2635,abc123@paytm,Mobile Recharge,AmazonPay,Matched
RECEIVED FROM MOHAN LAL VIA BHIM,UPI REVERSAL 129363476460,550,-550,2026-08-13,2026-08-13,REF50092,REF50092,,,merchant@ccavenue,Merchant Payment,Paytm,UPI Reversed
EMI PAYMENT AXIS REF:544232930427,EMI PAYMENT AXIS REF:544232930427,350,350,2026-07-14,2026-07-14,REF69906,REF69906,,,user@ybl,Insurance Premium,PhonePe,Matched
PAYMENT TO LIC VIA BHIM,,450,0,2026-12-26,2026-12-26,REF71549,,,,merchant@payu,Merchant Payment,BHIM,Unmatched
SUBSCRIPTION AMAZON PRIME REF:914580230142,SUBSCRIPTION AMAZON PRIME REF:914580230142,25000,25000,2026-10-03,2026-07-04,REF69690,REF69690,,,user@axl,Rent Payment,Cred,Matched
PhonePe UPI TRANSFER AMIT KUMAR REF:477614895173,PhonePe UPI TRANSFER AMIT KUMAR REF:477614895173,19999,19999,2026-04-24,2026-01-11,REF25187,REF25187,,,merchant@ccavenue,Bill Payment,Cred,Matched
BILL PAYMENT LANDLINE REF:684288547752,UPI PENDING SETTLEMENT 765506182915,850,850,2026-12-06,2026-06-14,REF50315,REF50315,CHQ9970,CHQ9970,user@ybl,Bill Payment,GPay,Pending Settlement
RECHARGE VI REF:748154410833,UPI PENDING SETTLEMENT 807105927465,50000,50000,2026-02-13,2026-11-04,REF19748,REF19748,,,merchant@ccavenue,EMI Payment,Paytm,Pending Settlement
IMPS/196290417064/RAVI TEJA/Rent Payment,,1499,0,2026-12-23,2026-12-23,REF73543,,,,user@ybl,Merchant Payment,Paytm,Unmatched
IMPS/604665940176/NEHA CHOPRA/Merchant Payment,IMPS/604665940176/NEHA CHOPRA/Merchant Payment,25000,24995.0,2026-11-09,2026-11-09,REF54125,REF54125,CHQ9870,CHQ9870,merchant@ccavenue,P2P,GPay,Partial Match
Paytm UPI TRANSFER SUNIL VERMA REF:243118547611,UPI FAILED 491043889636,19999,0,2026-07-14,2026-07-14,REF39925,REF39925,,,user@okhdfcbank,Subscription,PhonePe,UPI Failed
PhonePe UPI TRANSFER SURESH PANDIT REF:579255573434,PhonePe UPI TRANSFER SURESH PANDIT REF:579255573434,19999,19998.5,2026-04-13,2026-04-13,REF84856,REF84856,CHQ6462,CHQ6462,user@ybl,P2M,Paytm,Partial Match
RECHARGE VI REF:369318112467,UPI REVERSAL 593743614007,1500,-1500,2026-04-09,2026-04-09,REF35474,REF35474,,,user@paytm,EMI Payment,BHIM,UPI Reversed
UPI/BHIM/176536860838/GEETA AGRAWAL/Rent Payment,UPI/BHIM/176536860838/GEETA AGRAWAL/Rent Payment,1300,1300,2026-01-05,2026-01-05,REF43068,REF43068,,,user@apl,P2M,Cred,Matched
PAYMENT TO AMAZON VIA GPay,PAYMENT TO AMAZON VIA GPay,25000,25000.1,2026-04-21,2026-07-23,REF52322,REF74592,CHQ4700,CHQ4700,user@oksbi,EMI Payment,Cred,Partial Match
UPI P2M BAJAJ FINSERV 367175685066,UPI FAILED 647174870786,750,0,2026-03-07,2026-03-07,REF12822,REF12822,,,store@okaxis,Bill Payment,GPay,UPI Failed
UPI P2M STAR HEALTH 314929794272,,14999,0,2026-06-24,2026-09-11,REF79107,,CHQ5498,,user@oksbi,P2M,Cred,Unmatched
SUBSCRIPTION SPOTIFY REF:909851732683,,450,0,2026-09-15,2026-07-13,REF40632,REF99308,,,pay@oksbi,Subscription,Cred,Unmatched
UPI/BHIM/330277857202/LATA MISHRA/P2P,UPI/BHIM/330277857202/LATA MISHRA/P2P,1100,1100,2026-05-08,2026-05-08,REF76528,REF76528,,,merchant@payu,EMI Payment,Cred,Matched
NEFT/932085298529/SUNIL VERMA/Bill Payment,,1200,0,2026-01-19,2026-01-19,REF44931,,,,user@axl,Insurance Premium,Mobikwik,Unmatched
BILL PAYMENT DTH REF:390889007403,BILL PAYMENT DTH REF:390889007403,1750,1755.0,2026-06-26,2026-06-26,REF38848,REF38848,CHQ4757,CHQ4757,shop@okicici,P2P,GPay,Partial Match
SUBSCRIPTION AMAZON PRIME REF:298651328541,SUBSCRIPTION AMAZON PRIME REF:298651328541,100000,100000,2026-11-07,2026-11-07,REF99377,REF99377,CHQ9419,CHQ9419,abc123@paytm,Bill Payment,BHIM,Duplicate
PAYMENT TO FLIPKART VIA Paytm,PAYMENT TO FLIPKART VIA Paytm,25000,25000,2026-06-26,2026-06-26,REF27188,REF27188,,,user@ibl,Salary Transfer,GPay,Matched
UPI/DR/592024717835/SUNIL VERMA/Rent Payment,UPI/DR/592024717835/SUNIL VERMA/Rent Payment,1499,1499,2026-08-13,2026-08-13,REF78229,REF78229,,,xyz456@ybl,P2M,AmazonPay,Matched
RECHARGE VI REF:521262271954,UPI PENDING SETTLEMENT 297157695677,150,150,2026-07-14,2026-03-25,REF35431,REF35431,CHQ7743,CHQ7743,user@federal,Insurance Premium,AmazonPay,Pending Settlement
UPI P2P NEHA CHOPRA 357042729420,UPI P2P NEHA CHOPRA 357042729420,2500,2500.05,2026-02-04,2026-02-04,REF93673,REF93673,,,abc123@paytm,Mobile Recharge,BHIM,Partial Match
RECEIVED FROM SNEHA SINGH VIA AmazonPay,UPI FAILED 658595906135,950,0,2026-03-26,2026-03-26,REF79883,REF79883,,,user@oksbi,P2P,Paytm,UPI Failed
UPI/DR/284574328295/RAJESH YADAV/Mobile Recharge,UPI FAILED 884877103895,2000,0,2026-05-07,2026-05-07,REF74151,REF74151,CHQ9853,CHQ9853,merchant@razorpay,EMI Payment,AmazonPay,UPI Failed
SUBSCRIPTION GOOGLE ONE REF:593877792920,SUBSCRIPTION GOOGLE ONE REF:593877792920,650,650,2026-04-04,2026-04-04,REF51404,REF51404,,,xyz456@ybl,Merchant Payment,Cred,Matched
PAYMENT TO BSNL VIA Cred,PAYMENT TO BSNL VIA Cred,50000,50000.05,2026-12-22,2026-12-22,REF45191,REF45191,,,bill@paytm,Bill Payment,Paytm,Partial Match
INSURANCE PREMIUM BAJAJ ALLIANZ REF:695852809678,UPI REVERSAL 498406905944,2999,-2999,2026-05-06,2026-03-17,REF10186,REF10186,,,pay@oksbi,Subscription,BHIM,UPI Reversed
UPI P2M AIRTEL 445535437994,UPI REVERSAL 637741864096,2000,-2000,2026-11-10,2026-11-10,REF21420,REF21420,CHQ4275,CHQ4275,xyz456@ybl,Mobile Recharge,Mobikwik,UPI Reversed
UPI/CR/798364722500/KAVITA REDDY/P2P,UPI/CR/798364722500/KAVITA REDDY/P2P,2000,2000,2026-08-08,2026-02-11,REF56731,REF56731,,,pay@oksbi,Rent Payment,BHIM,Matched
NEFT/403674520245/KIRAN SINGH/Merchant Payment,NEFT/403674520245/KIRAN SINGH/Merchant Payment,200,200.05,2026-01-04,2026-01-04,REF85349,REF85349,,,merchant@razorpay,P2M,Cred,Partial Match
UPI/Paytm/266951973699/VIKAS GUPTA/Bill Payment,UPI REVERSAL 559206333237,250,-250,2026-07-14,2026-07-14,REF55918,REF93539,,,pay@oksbi,P2P,PhonePe,UPI Reversed
UPI/DR/153428732034/AMIT KUMAR/EMI Payment,,2000,0,2026-06-25,2026-06-25,REF69389,,,,user@oksbi,Insurance Premium,Cred,Unmatched
RECHARGE AIRTEL REF:858818843556,RECHARGE AIRTEL REF:858818843556,499,498.0,2026-06-26,2026-03-08,REF76176,REF76176,CHQ6888,CHQ6888,merchant@ccavenue,Insurance Premium,AmazonPay,Partial Match
RECEIVED FROM AMIT KUMAR VIA GPay,RECEIVED FROM AMIT KUMAR VIA GPay,500,500,2026-01-09,2026-01-09,REF73855,REF73855,CHQ2146,CHQ2146,user@ybl,Subscription,Cred,Matched
UPI P2M DMART 471582999535,UPI P2M DMART 471582999535,10000,10000,2026-10-03,2026-10-03,REF17087,REF93019,,,merchant@ccavenue,Insurance Premium,Mobikwik,Matched
IMPS/566643275636/SNEHA SINGH/Mobile Recharge,UPI PENDING SETTLEMENT 787186952653,200,200,2026-12-12,2026-03-13,REF63332,REF63332,CHQ3570,CHQ3570,user@apl,Subscription,PhonePe,Pending Settlement
UPI/CR/418824461453/SNEHA SINGH/Insurance Premium,UPI/CR/418824461453/SNEHA SINGH/Insurance Premium,999,999,2026-07-05,2026-07-05,REF75832,REF75832,,,salary@bank,Subscription,Cred,Matched
UPI P2P RAJESH YADAV 500256991957,,1300,0,2026-09-17,2026-09-17,REF79398,,CHQ5866,,user@oksbi,Salary Transfer,AmazonPay,Unmatched
UPI/CR/339331796964/KIRAN SINGH/Bill Payment,,5000,0,2026-12-23,2026-12-23,REF69956,,,,bill@paytm,Insurance Premium,GPay,Unmatched
UPI P2P ARUN NAIR 985989965573,UPI P2P ARUN NAIR 985989965573,1500,1500,2026-04-14,2026-04-14,REF91209,REF91209,,,merchant@payu,Mobile Recharge,AmazonPay,Matched
UPI/CR/839925889337/RAHUL SHARMA/Rent Payment,UPI FAILED 953983705457,10000,0,2026-12-13,2026-12-13,REF11351,REF49821,,,user@axl,Merchant Payment,BHIM,UPI Failed
IMPS/333929846705/ANITA DEVI/Salary Transfer,IMPS/333929846705/ANITA DEVI/Salary Transfer,25000,25000,2026-05-09,2026-05-09,REF84633,REF84633,CHQ2972,CHQ2972,salary@bank,EMI Payment,GPay,Duplicate
INSURANCE PREMIUM BAJAJ ALLIANZ REF:556306490125,INSURANCE PREMIUM BAJAJ ALLIANZ REF:556306490125,20000,20000,2026-05-24,2026-05-24,REF16698,REF16698,,,salary@bank,EMI Payment,PhonePe,Matched
EMI PAYMENT KOTAK REF:768753464143,,3999,0,2026-07-27,2026-07-27,REF75504,,,,pay@oksbi,Subscription,AmazonPay,Unmatched
UPI P2M AXIS BANK 104592368121,UPI P2M AXIS BANK 104592368121,9999,9999,2026-05-01,2026-05-01,REF52938,REF52938,,,user@oksbi,EMI Payment,AmazonPay,Matched
UPI/DR/934980909737/PRIYA PATEL/Merchant Payment,UPI/DR/934980909737/PRIYA PATEL/Merchant Payment,550,550,2026-01-02,2026-01-02,REF88539,REF91277,,,user@apl,Insurance Premium,PhonePe,Matched
UPI/CR/630261926955/RAHUL SHARMA/Rent Payment,UPI FAILED 421514852001,750,0,2026-11-24,2026-02-14,REF25398,REF25398,,,user@axl,Bill Payment,Cred,UPI Failed
BILL PAYMENT ELECTRICITY REF:682352057385,BILL PAYMENT ELECTRICITY REF:682352057385,2999,2999,2026-09-14,2026-09-14,REF82278,REF82278,CHQ9047,CHQ9047,user@oksbi,Salary Transfer,Cred,Matched
RECEIVED FROM RAJESH YADAV VIA Cred,UPI PENDING SETTLEMENT 107884149860,150,150,2026-09-09,2026-03-01,REF23144,REF36782,CHQ4220,CHQ4220,shop@okicici,Mobile Recharge,BHIM,Pending Settlement
UPI P2M BSNL 570947270644,UPI P2M BSNL 570947270644,5000,5000,2026-09-23,2026-09-23,REF97440,REF97440,,,bill@paytm,P2P,PhonePe,Matched
EMI PAYMENT SBI REF:910265018343,,1499,0,2026-02-23,2026-02-23,REF67889,,,,merchant@payu,EMI Payment,BHIM,Unmatched
UPI P2M AMAZON 681604696469,,250,0,2026-02-21,2026-02-21,REF21621,,,,user@apl,P2P,BHIM,Unmatched
RECEIVED FROM PRIYA PATEL VIA GPay,RECEIVED FROM PRIYA PATEL VIA GPay,1200,1200,2026-01-03,2026-01-03,REF14159,REF14159,,,user@ybl,EMI Payment,Cred,Matched
Cred UPI TRANSFER ARUN KUMAR REF:735304970481,Cred UPI TRANSFER ARUN KUMAR REF:735304970481,19999,19999,2026-02-03,2026-02-03,REF18285,REF18285,CHQ6289,CHQ6289,user@oksbi,Merchant Payment,Mobikwik,Matched
RECHARGE JIO REF:165900161959,RECHARGE JIO REF:165900161959,250,250,2026-04-19,2026-04-19,REF17206,REF17206,,,salary@bank,P2M,Paytm,Matched
IMPS/757591577435/SUNIL VERMA/Mobile Recharge,UPI FAILED 484683131885,1500,0,2026-08-11,2026-08-11,REF63679,REF63679,,,user@axl,Rent Payment,Cred,UPI Failed
INSURANCE PREMIUM ICICI PRUDENTIAL REF:171279911859,INSURANCE PREMIUM ICICI PRUDENTIAL REF:171279911859,15000,15000,2026-11-07,2026-11-07,REF96573,REF96573,CHQ8806,CHQ8806,salary@bank,P2M,BHIM,Matched
UPI P2P SUNIL VERMA 562701933108,UPI FAILED 125691401052,550,0,2026-06-15,2026-06-15,REF72279,REF72279,,,pay@oksbi,Subscription,BHIM,UPI Failed
INSURANCE PREMIUM LIC REF:179293196558,UPI PENDING SETTLEMENT 681497878448,10000,10000,2026-12-24,2026-03-28,REF55732,REF55732,,,store@okaxis,Rent Payment,GPay,Pending Settlement
PAYMENT TO AMAZON VIA GPay,PAYMENT TO AMAZON VIA GPay,150,150,2026-01-24,2026-01-24,REF67511,REF67511,,,user@axl,Bill Payment,Mobikwik,Matched
NEFT/917807800758/MOHAN LAL/Subscription,UPI FAILED 357369023497,1499,0,2026-02-23,2026-10-21,REF39916,REF39916,,,user@axl,P2M,Paytm,UPI Failed
INSURANCE PREMIUM BAJAJ ALLIANZ REF:727839529388,UPI PENDING SETTLEMENT 160229731099,9999,9999,2026-11-14,2026-02-07,REF25385,REF25385,CHQ7427,CHQ7427,pay@oksbi,Rent Payment,BHIM,Pending Settlement
RECEIVED FROM ARUN KUMAR VIA Mobikwik,RECEIVED FROM ARUN KUMAR VIA Mobikwik,500,500,2026-08-16,2026-08-16,REF28451,REF28451,CHQ5895,CHQ5895,user@paytm,Subscription,PhonePe,Matched
UPI/DR/399661836210/GEETA AGRAWAL/P2P,UPI FAILED 756058540547,550,0,2026-12-06,2026-12-06,REF76262,REF76262,,,rent@upi,Mobile Recharge,GPay,UPI Failed
UPI/DR/736149263469/RAHUL SHARMA/P2M,,3999,0,2026-11-15,2026-04-25,REF40026,REF53076,,,user@ybl,P2M,Cred,Unmatched
UPI P2P SURESH PANDIT 679154571852,UPI FAILED 399399620001,1000,0,2026-04-25,2026-07-12,REF68956,REF25762,CHQ5812,CHQ5812,user@ybl,Bill Payment,Mobikwik,UPI Failed
UPI P2P LATA MISHRA 911603536334,,2500,0,2026-01-03,2026-01-03,REF28753,,,,user@oksbi,EMI Payment,Mobikwik,Unmatched
INSURANCE PREMIUM STAR HEALTH REF:292655745770,INSURANCE PREMIUM STAR HEALTH REF:292655745770,999,999,2026-07-20,2026-07-20,REF68786,REF68786,,,store@okaxis,Bill Payment,BHIM,Matched
EMI PAYMENT HDFC REF:591836902645,EMI PAYMENT HDFC REF:591836902645,19999,19999,2026-09-03,2026-09-03,REF74681,REF74681,,,store@okaxis,P2M,AmazonPay,Matched
SUBSCRIPTION APPLE ICLOUD REF:861055776901,SUBSCRIPTION APPLE ICLOUD REF:861055776901,20000,20000,2026-08-27,2026-08-27,REF59505,REF59505,CHQ7896,CHQ7896,user@okhdfcbank,Merchant Payment,Paytm,Matched
UPI/DR/597752583558/DEEPA KAPOOR/Salary Transfer,UPI/DR/597752583558/DEEPA KAPOOR/Salary Transfer,500,500,2026-09-07,2026-09-07,REF45352,REF45352,CHQ5476,CHQ5476,merchant@payu,Rent Payment,AmazonPay,Matched
RECHARGE VI REF:749883476464,RECHARGE VI REF:749883476464,20000,20000,2026-06-16,2026-06-16,REF86261,REF86261,,,user@okhdfcbank,Rent Payment,BHIM,Matched
IMPS/165118235103/RAJESH YADAV/Subscription,IMPS/165118235103/RAJESH YADAV/Subscription,1200,1201.0,2026-02-05,2026-02-05,REF61596,REF61596,CHQ3928,CHQ3928,salary@bank,Insurance Premium,BHIM,Partial Match
BHIM UPI TRANSFER NEHA CHOPRA REF:846377158850,BHIM UPI TRANSFER NEHA CHOPRA REF:846377158850,14999,14999,2026-09-14,2026-06-25,REF27253,REF27253,,,pay@oksbi,P2M,AmazonPay,Matched
EMI PAYMENT AXIS REF:466749491403,UPI PENDING SETTLEMENT 135434270631,1100,1100,2026-06-28,2026-05-06,REF64716,REF64716,,,salary@bank,P2M,Cred,Pending Settlement
RECHARGE AIRTEL REF:393958418614,RECHARGE AIRTEL REF:393958418614,3000,3000,2026-05-20,2026-02-11,REF82388,REF82388,CHQ8303,CHQ8303,abc123@paytm,Insurance Premium,Mobikwik,Matched
SUBSCRIPTION SPOTIFY REF:837955488241,SUBSCRIPTION SPOTIFY REF:837955488241,4999,4999,2026-12-02,2026-12-02,REF32127,REF32127,CHQ9219,CHQ9219,pay@oksbi,Merchant Payment,PhonePe,Duplicate
PAYMENT TO AMAZON VIA Mobikwik,PAYMENT TO AMAZON VIA Mobikwik,75000,74999.0,2026-10-10,2026-10-10,REF89268,REF89268,,,user@axl,Insurance Premium,PhonePe,Partial Match
NEFT/595346092905/ARUN NAIR/Salary Transfer,NEFT/595346092905/ARUN NAIR/Salary Transfer,1750,1750,2026-11-13,2026-02-16,REF15567,REF32813,,,pay@oksbi,P2M,BHIM,Matched
AmazonPay UPI TRANSFER NEHA CHOPRA REF:397583839833,AmazonPay UPI TRANSFER NEHA CHOPRA REF:397583839833,100,100,2026-05-06,2026-12-23,REF86667,REF52232,,,user@ibl,Insurance Premium,GPay,Matched
UPI/DR/355297116296/AMIT KUMAR/P2P,UPI/DR/355297116296/AMIT KUMAR/P2P,20000,20000,2026-10-21,2026-10-21,REF88687,REF88687,,,user@federal,Bill Payment,PhonePe,Matched
BHIM UPI TRANSFER SNEHA SINGH REF:690843673995,UPI PENDING SETTLEMENT 299770672388,1499,1499,2026-05-04,2026-02-03,REF86516,REF99474,CHQ6076,CHQ6076,bill@paytm,Rent Payment,GPay,Pending Settlement
SUBSCRIPTION SPOTIFY REF:539244619487,SUBSCRIPTION SPOTIFY REF:539244619487,999,999.01,2026-02-01,2026-02-01,REF61946,REF61946,,,user@ybl,Rent Payment,PhonePe,Partial Match
UPI/CR/372299445663/PRIYA PATEL/Mobile Recharge,UPI/CR/372299445663/PRIYA PATEL/Mobile Recharge,1500,1500,2026-08-12,2026-08-12,REF32350,REF32350,CHQ2003,CHQ2003,store@okaxis,EMI Payment,Paytm,Matched
Paytm UPI TRANSFER NEHA CHOPRA REF:360555216307,Paytm UPI TRANSFER NEHA CHOPRA REF:360555216307,550,550,2026-04-07,2026-04-07,REF78270,REF96754,,,salary@bank,Merchant Payment,AmazonPay,Matched
UPI/AmazonPay/365530146343/AMIT KUMAR/Insurance Premium,UPI/AmazonPay/365530146343/AMIT KUMAR/Insurance Premium,15000,15000,2026-03-13,2026-03-13,REF31565,REF31565,,,merchant@payu,Bill Payment,Cred,Matched
UPI/DR/902974816757/RAJESH YADAV/Salary Transfer,,5000,0,2026-03-06,2026-03-06,REF65548,,,,user@apl,Bill Payment,PhonePe,Unmatched
IMPS/792170895806/RAJESH YADAV/Merchant Payment,IMPS/792170895806/RAJESH YADAV/Merchant Payment,499,499,2026-11-12,2026-11-12,REF79162,REF79162,,,user@okhdfcbank,Insurance Premium,PhonePe,Matched
RECHARGE VI REF:657508742276,RECHARGE VI REF:657508742276,1500,1500,2026-03-20,2026-03-20,REF67320,REF74523,CHQ6836,CHQ6836,merchant@razorpay,Rent Payment,Cred,Matched
UPI/Mobikwik/933357440148/KIRAN SINGH/Mobile Recharge,,5000,0,2026-10-08,2026-10-08,REF63412,,,,user@ibl,EMI Payment,Paytm,Unmatched
SUBSCRIPTION GOOGLE ONE REF:441853987080,SUBSCRIPTION GOOGLE ONE REF:441853987080,1100,1100,2026-09-07,2026-09-07,REF31440,REF43257,CHQ4345,CHQ4345,merchant@ccavenue,Insurance Premium,Cred,Matched
SUBSCRIPTION SPOTIFY REF:802001201315,SUBSCRIPTION SPOTIFY REF:802001201315,350,350,2026-04-04,2026-12-24,REF29016,REF29016,CHQ7883,CHQ7883,xyz456@ybl,Insurance Premium,Paytm,Matched
UPI/DR/625507883762/SNEHA SINGH/P2M,UPI/DR/625507883762/SNEHA SINGH/P2M,15000,14999.9,2026-06-13,2026-06-13,REF31875,REF31875,CHQ7093,CHQ7093,rent@upi,Mobile Recharge,GPay,Partial Match
UPI/DR/901900446535/MEERA JOSHI/Insurance Premium,UPI/DR/901900446535/MEERA JOSHI/Insurance Premium,250,249.95,2026-02-15,2026-02-15,REF39951,REF39951,CHQ9848,CHQ9848,user@ybl,Subscription,AmazonPay,Partial Match
RECHARGE BSNL REF:714133570279,RECHARGE BSNL REF:714133570279,1999,1999,2026-07-26,2026-09-04,REF39930,REF50992,CHQ9349,CHQ9349,salary@bank,Merchant Payment,AmazonPay,Matched
UPI P2P RAHUL SHARMA 961459431384,UPI FAILED 589341309905,150,0,2026-01-27,2026-01-27,REF84525,REF84525,,,xyz456@ybl,Salary Transfer,Paytm,UPI Failed
SUBSCRIPTION GOOGLE ONE REF:307860573182,SUBSCRIPTION GOOGLE ONE REF:307860573182,3000,3000.01,2026-04-20,2026-02-03,REF61382,REF61382,CHQ2159,CHQ2159,user@federal,P2M,Cred,Partial Match
RECHARGE BSNL REF:953417192468,RECHARGE BSNL REF:953417192468,2250,2250,2026-09-05,2026-09-05,REF66692,REF66692,,,user@axl,Insurance Premium,GPay,Matched
UPI/Mobikwik/144737236936/RAVI TEJA/Rent Payment,UPI/Mobikwik/144737236936/RAVI TEJA/Rent Payment,14999,14999,2026-08-08,2026-08-08,REF25426,REF37874,CHQ1351,CHQ1351,bill@paytm,Salary Transfer,PhonePe,Matched
UPI/AmazonPay/875770554066/SUNIL VERMA/Merchant Payment,UPI/AmazonPay/875770554066/SUNIL VERMA/Merchant Payment,1000,1000,2026-01-22,2026-01-22,REF91460,REF91460,CHQ3429,CHQ3429,merchant@ccavenue,Rent Payment,PhonePe,Matched
RECHARGE BSNL REF:205828168582,RECHARGE BSNL REF:205828168582,3999,3999,2026-08-22,2026-08-22,REF13426,REF13426,,,user@ybl,Salary Transfer,BHIM,Matched
PAYMENT TO ZOMATO VIA GPay,UPI REVERSAL 521828972080,9999,-9999,2026-12-28,2026-12-28,REF92865,REF92865,,,merchant@payu,Insurance Premium,GPay,UPI Reversed
RECHARGE JIO REF:952471960425,RECHARGE JIO REF:952471960425,250,250,2026-10-22,2026-10-22,REF45814,REF45814,CHQ5251,CHQ5251,user@axl,Salary Transfer,Mobikwik,Matched
UPI P2M AIRTEL 976212342657,UPI P2M AIRTEL 976212342657,7500,7500,2026-08-06,2026-08-06,REF29922,REF29922,CHQ6179,CHQ6179,bill@paytm,Bill Payment,BHIM,Matched
UPI/CR/211809385111/RAVI TEJA/P2M,UPI/CR/211809385111/RAVI TEJA/P2M,1499,1499,2026-03-06,2026-06-17,REF98139,REF98811,,,shop@okicici,Merchant Payment,PhonePe,Matched
RECHARGE AIRTEL REF:822162728176,RECHARGE AIRTEL REF:822162728176,25000,25000,2026-11-09,2026-11-09,REF28496,REF28496,,,xyz456@ybl,EMI Payment,Mobikwik,Matched
UPI P2M HOTSTAR 898917877288,,200,0,2026-09-10,2026-12-19,REF40736,REF83784,CHQ9790,,user@paytm,Bill Payment,Cred,Unmatched
Mobikwik UPI TRANSFER RAVI TEJA REF:385236991341,Mobikwik UPI TRANSFER RAVI TEJA REF:385236991341,450,450,2026-02-21,2026-02-21,REF92127,REF65598,,,shop@okicici,P2M,PhonePe,Matched
EMI PAYMENT KOTAK REF:855044832197,EMI PAYMENT KOTAK REF:855044832197,3000,3000,2026-07-12,2026-07-12,REF88385,REF88385,,,rent@upi,Merchant Payment,BHIM,Matched
PAYMENT TO LIC VIA AmazonPay,PAYMENT TO LIC VIA AmazonPay,20000,19999.95,2026-05-10,2026-05-10,REF69267,REF69267,,,xyz456@ybl,Rent Payment,PhonePe,Partial Match
INSURANCE PREMIUM STAR HEALTH REF:275507028045,INSURANCE PREMIUM STAR HEALTH REF:275507028045,15000,15000,2026-06-06,2026-08-05,REF18716,REF18716,,,xyz456@ybl,Insurance Premium,BHIM,Matched
IMPS/151055635899/PRIYA PATEL/Mobile Recharge,UPI FAILED 298406420204,3999,0,2026-01-24,2026-01-24,REF13662,REF13662,,,user@ybl,Salary Transfer,AmazonPay,UPI Failed
UPI P2P SNEHA SINGH 571594102664,UPI P2P SNEHA SINGH 571594102664,550,550,2026-05-09,2026-07-09,REF81206,REF81206,,,shop@okicici,Merchant Payment,Cred,Matched
BILL PAYMENT GAS REF:138497026741,UPI FAILED 171512284232,7500,0,2026-08-02,2026-08-02,REF45726,REF45726,,,merchant@razorpay,Bill Payment,AmazonPay,UPI Failed
EMI PAYMENT AXIS REF:683045820725,,19999,0,2026-10-07,2026-10-07,REF54631,,,,bill@paytm,P2M,PhonePe,Unmatched
UPI P2P GEETA AGRAWAL 429988103060,UPI P2P GEETA AGRAWAL 429988103060,2000,2000,2026-11-26,2026-11-26,REF15114,REF15114,,,user@apl,Subscription,BHIM,Matched
UPI/DR/199823357391/GEETA AGRAWAL/Insurance Premium,UPI/DR/199823357391/GEETA AGRAWAL/Insurance Premium,1100,1099.95,2026-01-02,2026-01-02,REF54124,REF54124,,,merchant@ccavenue,Mobile Recharge,Paytm,Partial Match
GPay UPI TRANSFER DEEPA KAPOOR REF:817549536267,UPI FAILED 470760557879,2500,0,2026-07-21,2026-02-20,REF32656,REF68387,,,user@ibl,EMI Payment,Cred,UPI Failed
UPI/DR/798023846760/ARUN KUMAR/Bill Payment,UPI PENDING SETTLEMENT 559178187087,1000,1000,2026-12-25,2026-04-08,REF59897,REF59897,CHQ2280,CHQ2280,xyz456@ybl,Bill Payment,Paytm,Pending Settlement
EMI PAYMENT KOTAK REF:684856740726,EMI PAYMENT KOTAK REF:684856740726,1200,1200,2026-07-10,2026-11-17,REF86687,REF53031,CHQ7812,CHQ7812,shop@okicici,Rent Payment,GPay,Matched
INSURANCE PREMIUM BAJAJ ALLIANZ REF:218593519339,INSURANCE PREMIUM BAJAJ ALLIANZ REF:218593519339,1300,1300,2026-11-23,2026-11-23,REF90024,REF90024,CHQ1478,CHQ1478,rent@upi,P2M,PhonePe,Matched
RECHARGE BSNL REF:529763326023,RECHARGE BSNL REF:529763326023,2250,2250,2026-01-14,2026-01-14,REF73988,REF73988,,,user@paytm,P2P,PhonePe,Matched
BILL PAYMENT WATER REF:918488477084,BILL PAYMENT WATER REF:918488477084,950,949.5,2026-11-01,2026-11-01,REF20756,REF20756,,,merchant@razorpay,EMI Payment,BHIM,Partial Match
UPI P2P GEETA AGRAWAL 254894773338,UPI PENDING SETTLEMENT 745896634794,2500,2500,2026-09-22,2026-08-17,REF48325,REF48325,,,shop@okicici,Rent Payment,GPay,Pending Settlement
INSURANCE PREMIUM LIC REF:696036290419,UPI FAILED 234289104820,1300,0,2026-03-20,2026-03-20,REF22263,REF22263,,,merchant@payu,Salary Transfer,GPay,UPI Failed
UPI P2P AMIT KUMAR 651997971920,UPI PENDING SETTLEMENT 611219148038,15000,15000,2026-12-10,2026-09-03,REF86694,REF86694,,,user@federal,Merchant Payment,GPay,Pending Settlement
BILL PAYMENT ELECTRICITY REF:698014707159,UPI PENDING SETTLEMENT 739484748759,1000,1000,2026-02-12,2026-01-09,REF50737,REF50737,,,salary@bank,Rent Payment,Cred,Pending Settlement
BILL PAYMENT WATER REF:353369592267,,3000,0,2026-09-09,2026-09-09,REF55463,REF88303,CHQ2254,,salary@bank,Bill Payment,AmazonPay,Unmatched
RECEIVED FROM SUNIL VERMA VIA BHIM,,950,0,2026-05-06,2026-05-06,REF67913,REF86671,,,user@oksbi,Rent Payment,AmazonPay,Unmatched
UPI/DR/958487360199/GEETA AGRAWAL/Salary Transfer,UPI/DR/958487360199/GEETA AGRAWAL/Salary Transfer,650,650,2026-03-27,2026-03-27,REF76817,REF76817,CHQ2438,CHQ2438,user@ybl,Insurance Premium,PhonePe,Duplicate
INSURANCE PREMIUM LIC REF:213896341390,UPI PENDING SETTLEMENT 486106960797,2999,2999,2026-10-01,2026-11-02,REF66472,REF66472,,,abc123@paytm,Bill Payment,Paytm,Pending Settlement
INSURANCE PREMIUM STAR HEALTH REF:151638360449,UPI PENDING SETTLEMENT 331402645806,15000,15000,2026-11-20,2026-11-03,REF84220,REF84220,CHQ5244,CHQ5244,shop@okicici,P2M,Mobikwik,Pending Settlement
UPI P2M AXIS BANK 669471887823,UPI P2M AXIS BANK 669471887823,500,500,2026-01-10,2026-01-10,REF98609,REF98609,CHQ3372,CHQ3372,shop@okicici,Rent Payment,AmazonPay,Matched
BILL PAYMENT ELECTRICITY REF:547114468004,,3000,0,2026-01-27,2026-01-27,REF72286,,,,xyz456@ybl,EMI Payment,Paytm,Unmatched
EMI PAYMENT KOTAK REF:766215117835,UPI REVERSAL 825260577086,950,-950,2026-06-03,2026-06-03,REF70812,REF95670,,,pay@oksbi,Merchant Payment,Mobikwik,UPI Reversed
UPI P2P RAJESH YADAV 747838683595,,250,0,2026-01-20,2026-09-06,REF88442,,CHQ2773,,user@ibl,Rent Payment,BHIM,Unmatched
BILL PAYMENT INTERNET REF:203437147820,BILL PAYMENT INTERNET REF:203437147820,3000,3000,2026-01-22,2026-01-22,REF43260,REF43260,CHQ4761,CHQ4761,xyz456@ybl,Bill Payment,AmazonPay,Matched
UPI P2P NEHA CHOPRA 457555450795,UPI REVERSAL 481559854009,7500,-7500,2026-08-08,2026-08-08,REF61242,REF61242,,,user@ybl,Rent Payment,GPay,UPI Reversed
SUBSCRIPTION GOOGLE ONE REF:881579508844,SUBSCRIPTION GOOGLE ONE REF:881579508844,75000,75000,2026-12-27,2026-08-12,REF49695,REF56578,,,user@apl,P2M,GPay,Matched
INSURANCE PREMIUM SBI LIFE REF:768119518199,INSURANCE PREMIUM SBI LIFE REF:768119518199,450,450,2026-03-20,2026-03-20,REF22806,REF22806,,,pay@oksbi,Salary Transfer,Paytm,Duplicate
NEFT/168761236916/GEETA AGRAWAL/Mobile Recharge,NEFT/168761236916/GEETA AGRAWAL/Mobile Recharge,25000,25000,2026-06-28,2026-06-28,REF32180,REF29529,CHQ4101,CHQ4101,merchant@razorpay,Bill Payment,GPay,Matched
SUBSCRIPTION APPLE ICLOUD REF:894318448144,UPI PENDING SETTLEMENT 428872448148,250,250,2026-02-02,2026-02-10,REF29469,REF29469,CHQ5044,CHQ5044,salary@bank,P2P,GPay,Pending Settlement
NEFT/233317797418/SUNIL VERMA/P2M,NEFT/233317797418/SUNIL VERMA/P2M,3999,3999,2026-06-27,2026-06-27,REF22696,REF22696,,,store@okaxis,P2P,Cred,Duplicate
INSURANCE PREMIUM BAJAJ ALLIANZ REF:784171592171,INSURANCE PREMIUM BAJAJ ALLIANZ REF:784171592171,1750,1755.0,2026-07-05,2026-07-05,REF89698,REF89698,CHQ5471,CHQ5471,user@paytm,Insurance Premium,PhonePe,Partial Match
EMI PAYMENT SBI REF:291360489469,EMI PAYMENT SBI REF:291360489469,850,850,2026-05-06,2026-05-06,REF79855,REF79855,,,store@okaxis,Subscription,PhonePe,Matched
UPI P2P AMIT KUMAR 605643669943,UPI REVERSAL 440551462964,650,-650,2026-08-09,2026-08-09,REF51906,REF25712,,,rent@upi,P2M,Mobikwik,UPI Reversed
INSURANCE PREMIUM ICICI PRUDENTIAL REF:183263122563,INSURANCE PREMIUM ICICI PRUDENTIAL REF:183263122563,100,105.0,2026-09-10,2026-09-10,REF60616,REF14396,,,user@axl,Rent Payment,Mobikwik,Partial Match
EMI PAYMENT SBI REF:219038302057,EMI PAYMENT SBI REF:219038302057,2999,2994.0,2026-02-11,2026-02-11,REF30935,REF30935,,,merchant@payu,Insurance Premium,Paytm,Partial Match
PAYMENT TO CROMA VIA PhonePe,UPI REVERSAL 207294525414,3000,-3000,2026-04-13,2026-04-13,REF32531,REF32531,,,salary@bank,Insurance Premium,AmazonPay,UPI Reversed
RECHARGE AIRTEL REF:976515089075,UPI FAILED 576575578382,1750,0,2026-02-19,2026-02-19,REF67623,REF67623,,,bill@paytm,P2M,BHIM,UPI Failed
UPI P2M HDFC BANK 205182320069,UPI P2M HDFC BANK 205182320069,1300,1300,2026-04-06,2026-04-06,REF24547,REF24547,CHQ3261,CHQ3261,merchant@razorpay,P2M,Mobikwik,Matched
EMI PAYMENT AXIS REF:978840672194,EMI PAYMENT AXIS REF:978840672194,10000,10000,2026-05-19,2026-05-19,REF91400,REF28943,,,bill@paytm,Subscription,Cred,Matched
PAYMENT TO HOTSTAR VIA Cred,PAYMENT TO HOTSTAR VIA Cred,650,650,2026-09-27,2026-09-27,REF72416,REF72416,CHQ8698,CHQ8698,bill@paytm,Insurance Premium,BHIM,Matched
SUBSCRIPTION NETFLIX REF:502397672628,SUBSCRIPTION NETFLIX REF:502397672628,999,999,2026-04-07,2026-04-07,REF83843,REF83843,,,salary@bank,Bill Payment,BHIM,Matched
INSURANCE PREMIUM LIC REF:395576599339,,750,0,2026-12-05,2026-12-05,REF79135,,CHQ8851,,abc123@paytm,Bill Payment,AmazonPay,Unmatched
RECEIVED FROM LATA MISHRA VIA Mobikwik,UPI FAILED 249999232652,1300,0,2026-08-07,2026-08-07,REF13634,REF54603,,,pay@oksbi,Salary Transfer,Cred,UPI Failed
NEFT/606486750157/VIKAS GUPTA/Insurance Premium,NEFT/606486750157/VIKAS GUPTA/Insurance Premium,100000,100000,2026-09-14,2026-02-08,REF13689,REF13689,,,user@okhdfcbank,P2P,BHIM,Matched
INSURANCE PREMIUM ICICI PRUDENTIAL REF:150588178171,,100,0,2026-10-19,2026-10-19,REF16829,,,,xyz456@ybl,Rent Payment,GPay,Unmatched
UPI P2M DMART 472058594791,UPI P2M DMART 472058594791,15000,15000,2026-08-11,2026-08-11,REF12839,REF12839,,,merchant@ccavenue,Merchant Payment,PhonePe,Matched
UPI/DR/275978142629/LATA MISHRA/Merchant Payment,UPI REVERSAL 158829565512,1300,-1300,2026-06-20,2026-06-20,REF43930,REF43930,CHQ9606,CHQ9606,user@paytm,Insurance Premium,Cred,UPI Reversed
UPI/DR/463997125034/MOHAN LAL/Subscription,UPI/DR/463997125034/MOHAN LAL/Subscription,650,649.9,2026-08-20,2026-08-20,REF51708,REF51708,,,user@ibl,P2M,Paytm,Partial Match
BILL PAYMENT WATER REF:506488073440,BILL PAYMENT WATER REF:506488073440,5000,4999.9,2026-02-10,2026-04-13,REF82735,REF18093,CHQ7459,CHQ7459,abc123@paytm,Mobile Recharge,Cred,Partial Match
PhonePe UPI TRANSFER PRIYA PATEL REF:185895540957,PhonePe UPI TRANSFER PRIYA PATEL REF:185895540957,9999,9999,2026-10-06,2026-12-24,REF65042,REF65042,,,user@oksbi,Insurance Premium,Mobikwik,Matched
BILL PAYMENT LANDLINE REF:672527808424,,950,0,2026-10-05,2026-10-05,REF96109,,CHQ2908,,user@apl,Subscription,AmazonPay,Unmatched
UPI P2P ANITA DEVI 402704604541,,100000,0,2026-08-26,2026-08-26,REF19310,,,,user@apl,Salary Transfer,GPay,Unmatched
RECEIVED FROM GEETA AGRAWAL VIA Mobikwik,RECEIVED FROM GEETA AGRAWAL VIA Mobikwik,5000,5000,2026-08-02,2026-08-02,REF86898,REF86898,,,merchant@payu,P2M,PhonePe,Matched
BILL PAYMENT LANDLINE REF:995856453603,BILL PAYMENT LANDLINE REF:995856453603,950,950,2026-07-23,2026-07-14,REF33308,REF33308,CHQ1742,CHQ1742,user@ybl,Salary Transfer,GPay,Matched
RECEIVED FROM KAVITA REDDY VIA Cred,UPI REVERSAL 382583154797,250,-250,2026-03-26,2026-03-26,REF59260,REF59260,CHQ6493,CHQ6493,store@okaxis,P2M,Cred,UPI Reversed
INSURANCE PREMIUM BAJAJ ALLIANZ REF:439524874187,INSURANCE PREMIUM BAJAJ ALLIANZ REF:439524874187,25000,25000,2026-10-23,2026-10-23,REF51984,REF51984,,,user@oksbi,Rent Payment,Paytm,Matched
SUBSCRIPTION NETFLIX REF:524082765248,SUBSCRIPTION NETFLIX REF:524082765248,750,750.05,2026-05-09,2026-05-09,REF83215,REF83215,,,user@federal,EMI Payment,Paytm,Partial Match
UPI P2P ARUN NAIR 722609186451,UPI PENDING SETTLEMENT 314569625809,950,950,2026-03-17,2026-03-20,REF47969,REF47969,,,rent@upi,P2M,Cred,Pending Settlement
UPI/DR/295038753948/ARUN KUMAR/Subscription,UPI/DR/295038753948/ARUN KUMAR/Subscription,1200,1200,2026-01-25,2026-01-25,REF10945,REF10945,,,salary@bank,Merchant Payment,GPay,Matched
UPI/DR/562222450022/ARUN KUMAR/Insurance Premium,UPI/DR/562222450022/ARUN KUMAR/Insurance Premium,550,551.0,2026-06-13,2026-06-13,REF28121,REF28121,CHQ4087,CHQ4087,shop@okicici,Salary Transfer,GPay,Partial Match
RECHARGE AIRTEL REF:599664366726,RECHARGE AIRTEL REF:599664366726,200,200.01,2026-10-11,2026-03-13,REF88184,REF88184,,,xyz456@ybl,Merchant Payment,Cred,Partial Match
SUBSCRIPTION NETFLIX REF:160546959398,UPI REVERSAL 785753877651,3000,-3000,2026-05-14,2026-05-14,REF73445,REF73445,CHQ7863,CHQ7863,rent@upi,Insurance Premium,Cred,UPI Reversed
NEFT/160515107690/ARUN KUMAR/P2P,NEFT/160515107690/ARUN KUMAR/P2P,5000,5000,2026-05-25,2026-05-25,REF79099,REF79099,,,store@okaxis,P2P,PhonePe,Matched
NEFT/730471026160/AMIT KUMAR/P2P,NEFT/730471026160/AMIT KUMAR/P2P,1999,1999,2026-04-21,2026-04-21,REF38740,REF46812,CHQ6047,CHQ6047,pay@oksbi,Mobile Recharge,BHIM,Matched
UPI P2M ICICI BANK 538980557547,UPI P2M ICICI BANK 538980557547,15000,15000,2026-05-22,2026-05-22,REF20484,REF20484,CHQ6961,CHQ6961,user@oksbi,Subscription,Paytm,Matched
UPI P2M NETFLIX 333203223364,UPI PENDING SETTLEMENT 469973843661,999,999,2026-03-13,2026-04-02,REF83141,REF42305,,,user@ybl,Salary Transfer,Mobikwik,Pending Settlement
INSURANCE PREMIUM STAR HEALTH REF:270432281094,UPI FAILED 172093541691,20000,0,2026-02-23,2026-02-23,REF73375,REF73375,CHQ3568,CHQ3568,salary@bank,Merchant Payment,Mobikwik,UPI Failed
BHIM UPI TRANSFER KIRAN SINGH REF:361500727997,,15000,0,2026-02-01,2026-02-01,REF41532,,,,rent@upi,Rent Payment,Mobikwik,Unmatched
UPI P2P MEERA JOSHI 424678360735,,150,0,2026-04-15,2026-03-12,REF74154,,,,shop@okicici,Bill Payment,AmazonPay,Unmatched
UPI/CR/131931726917/SNEHA SINGH/Salary Transfer,UPI/CR/131931726917/SNEHA SINGH/Salary Transfer,1999,1998.95,2026-02-10,2026-02-10,REF53446,REF53446,CHQ1929,CHQ1929,user@federal,Mobile Recharge,BHIM,Partial Match
UPI/GPay/505290119435/VIKAS GUPTA/Salary Transfer,UPI/GPay/505290119435/VIKAS GUPTA/Salary Transfer,1000,1000,2026-11-04,2026-11-04,REF48482,REF48482,,,pay@oksbi,Rent Payment,Mobikwik,Matched
UPI/GPay/656789163111/RAJESH YADAV/Merchant Payment,UPI/GPay/656789163111/RAJESH YADAV/Merchant Payment,500,500,2026-05-23,2026-05-23,REF11567,REF11567,CHQ1448,CHQ1448,user@apl,Subscription,AmazonPay,Matched
UPI/DR/615680685243/VIKAS GUPTA/Rent Payment,UPI/DR/615680685243/VIKAS GUPTA/Rent Payment,250,249.95,2026-01-02,2026-01-02,REF51646,REF97929,,,merchant@payu,Subscription,Paytm,Partial Match
UPI/Paytm/268455723394/KAVITA REDDY/EMI Payment,UPI FAILED 787015583275,10000,0,2026-05-16,2026-05-16,REF65628,REF65628,,,merchant@ccavenue,Merchant Payment,Mobikwik,UPI Failed
SUBSCRIPTION GOOGLE ONE REF:621722275654,SUBSCRIPTION GOOGLE ONE REF:621722275654,20000,20000,2026-06-04,2026-06-04,REF47574,REF47574,,,merchant@razorpay,Subscription,GPay,Matched
IMPS/483776836498/ARUN NAIR/P2M,IMPS/483776836498/ARUN NAIR/P2M,2250,2250,2026-08-22,2026-08-22,REF43036,REF43036,,,rent@upi,EMI Payment,PhonePe,Matched
EMI PAYMENT ICICI REF:996673464209,UPI REVERSAL 491440710310,1200,-1200,2026-07-04,2026-07-04,REF94938,REF85321,CHQ7874,CHQ7874,user@oksbi,P2P,PhonePe,UPI Reversed
BILL PAYMENT MOBILE REF:669517422036,BILL PAYMENT MOBILE REF:669517422036,1300,1305.0,2026-05-26,2026-05-26,REF90047,REF90047,,,user@ibl,Rent Payment,Paytm,Partial Match
EMI PAYMENT ICICI REF:993045398204,EMI PAYMENT ICICI REF:993045398204,14999,14999,2026-04-13,2026-04-13,REF30402,REF41575,,,user@ibl,Subscription,AmazonPay,Matched
GPay UPI TRANSFER KIRAN SINGH REF:442222618444,GPay UPI TRANSFER KIRAN SINGH REF:442222618444,10000,10000,2026-03-12,2026-03-12,REF70722,REF70722,,,user@ybl,Insurance Premium,BHIM,Matched
AmazonPay UPI TRANSFER VIKAS GUPTA REF:499984441218,AmazonPay UPI TRANSFER VIKAS GUPTA REF:499984441218,2000,2000,2026-06-26,2026-06-26,REF14392,REF14392,,,user@paytm,Rent Payment,Paytm,Matched
UPI P2P VIKAS GUPTA 664869311442,UPI P2P VIKAS GUPTA 664869311442,999,999,2026-06-17,2026-06-17,REF71697,REF71697,,,user@ibl,P2P,Paytm,Matched
UPI P2M AMAZON 627896182354,UPI P2M AMAZON 627896182354,850,850,2026-08-27,2026-08-27,REF28557,REF28557,,,user@oksbi,Salary Transfer,AmazonPay,Matched
BILL PAYMENT INTERNET REF:913484613304,UPI FAILED 696677120359,19999,0,2026-10-09,2026-10-09,REF90184,REF90184,CHQ1599,CHQ1599,merchant@razorpay,Subscription,PhonePe,UPI Failed
BILL PAYMENT MOBILE REF:534786293118,UPI FAILED 351411257145,3999,0,2026-12-19,2026-12-19,REF46122,REF46122,,,user@paytm,Rent Payment,AmazonPay,UPI Failed
INSURANCE PREMIUM ICICI PRUDENTIAL REF:679730736625,INSURANCE PREMIUM ICICI PRUDENTIAL REF:679730736625,750,750.05,2026-08-27,2026-08-27,REF56575,REF40165,CHQ6815,CHQ6815,user@okhdfcbank,Merchant Payment,Mobikwik,Partial Match
UPI P2P RAHUL SHARMA 251704843303,UPI PENDING SETTLEMENT 621917373005,950,950,2026-01-22,2026-01-07,REF32868,REF42755,,,user@oksbi,EMI Payment,Mobikwik,Pending Settlement
EMI PAYMENT AXIS REF:792389092497,UPI PENDING SETTLEMENT 651009884025,1750,1750,2026-05-08,2026-11-20,REF92470,REF92470,,,xyz456@ybl,Merchant Payment,Cred,Pending Settlement
BILL PAYMENT WATER REF:585297765980,,1499,0,2026-01-22,2026-01-22,REF97637,,,,user@okhdfcbank,Bill Payment,GPay,Unmatched
INSURANCE PREMIUM BAJAJ ALLIANZ REF:403950922678,UPI FAILED 164753330646,10000,0,2026-09-13,2026-09-13,REF48861,REF69735,,,user@oksbi,Merchant Payment,BHIM,UPI Failed
Mobikwik UPI TRANSFER GEETA AGRAWAL REF:779708829535,,750,0,2026-07-23,2026-07-23,REF29003,,,,user@oksbi,Rent Payment,Mobikwik,Unmatched
UPI P2M HDFC BANK 241075814611,UPI P2M HDFC BANK 241075814611,500,505.0,2026-01-08,2026-12-22,REF69283,REF69283,,,salary@bank,Mobile Recharge,GPay,Partial Match
UPI P2P LATA MISHRA 198670477005,UPI REVERSAL 503539456640,450,-450,2026-10-28,2026-01-28,REF32156,REF94749,,,rent@upi,Bill Payment,AmazonPay,UPI Reversed
RECHARGE BSNL REF:270332560361,UPI REVERSAL 545518051100,25000,-25000,2026-03-24,2026-03-24,REF89493,REF89493,,,abc123@paytm,Insurance Premium,AmazonPay,UPI Reversed
BILL PAYMENT ELECTRICITY REF:235980553288,BILL PAYMENT ELECTRICITY REF:235980553288,9999,9999,2026-03-22,2026-03-22,REF98338,REF98338,,,user@okhdfcbank,Mobile Recharge,GPay,Duplicate
SUBSCRIPTION SPOTIFY REF:482656873772,SUBSCRIPTION SPOTIFY REF:482656873772,1750,1750,2026-08-18,2026-08-18,REF23284,REF23284,,,user@apl,Bill Payment,PhonePe,Duplicate
INSURANCE PREMIUM BAJAJ ALLIANZ REF:380775198324,INSURANCE PREMIUM BAJAJ ALLIANZ REF:380775198324,650,650,2026-03-26,2026-03-26,REF24651,REF24651,CHQ3623,CHQ3623,shop@okicici,EMI Payment,BHIM,Matched
PAYMENT TO AIRTEL VIA PhonePe,PAYMENT TO AIRTEL VIA PhonePe,1000,999.9,2026-01-13,2026-06-11,REF95340,REF61082,,,bill@paytm,Merchant Payment,GPay,Partial Match
Paytm UPI TRANSFER SUNIL VERMA REF:930022686436,Paytm UPI TRANSFER SUNIL VERMA REF:930022686436,20000,20000,2026-08-01,2026-08-01,REF91868,REF91868,,,bill@paytm,Bill Payment,Mobikwik,Matched
BILL PAYMENT DTH REF:285641444697,UPI PENDING SETTLEMENT 310976389382,2500,2500,2026-06-23,2026-11-06,REF18697,REF18697,,,user@oksbi,EMI Payment,Paytm,Pending Settlement
INSURANCE PREMIUM LIC REF:388341422442,UPI PENDING SETTLEMENT 129881518549,100,100,2026-02-13,2026-05-25,REF22020,REF19014,CHQ9565,CHQ9565,merchant@payu,P2M,Cred,Pending Settlement
UPI/CR/748754486583/GEETA AGRAWAL/Merchant Payment,UPI/CR/748754486583/GEETA AGRAWAL/Merchant Payment,950,950,2026-12-20,2026-12-20,REF71558,REF71558,,,merchant@ccavenue,P2M,BHIM,Matched
SUBSCRIPTION APPLE ICLOUD REF:865428191163,SUBSCRIPTION APPLE ICLOUD REF:865428191163,1300,1300.01,2026-05-16,2026-05-16,REF20928,REF20928,,,salary@bank,Subscription,Paytm,Partial Match
UPI/GPay/390826561915/MOHAN LAL/Rent Payment,UPI/GPay/390826561915/MOHAN LAL/Rent Payment,14999,14999,2026-07-01,2026-07-01,REF86864,REF86864,,,merchant@payu,Subscription,PhonePe,Matched
UPI/DR/265781843344/GEETA AGRAWAL/Merchant Payment,UPI/DR/265781843344/GEETA AGRAWAL/Merchant Payment,750,750,2026-08-25,2026-08-25,REF37178,REF37178,,,store@okaxis,Bill Payment,Cred,Matched
BILL PAYMENT DTH REF:410022610844,BILL PAYMENT DTH REF:410022610844,14999,14999,2026-01-07,2026-01-07,REF23519,REF23519,CHQ8300,CHQ8300,user@oksbi,Rent Payment,Mobikwik,Matched
UPI P2P MEERA JOSHI 377172055461,UPI P2P MEERA JOSHI 377172055461,50000,50005.0,2026-07-20,2026-07-20,REF77590,REF77590,CHQ8132,CHQ8132,pay@oksbi,P2P,GPay,Partial Match
SUBSCRIPTION APPLE ICLOUD REF:901840159143,UPI PENDING SETTLEMENT 890475492443,1750,1750,2026-11-26,2026-06-23,REF30534,REF30534,,,bill@paytm,Salary Transfer,GPay,Pending Settlement
UPI P2M RELIANCE RETAIL 341692390761,UPI FAILED 899947468943,1000,0,2026-03-28,2026-03-28,REF84920,REF84920,,,user@apl,P2P,AmazonPay,UPI Failed
SUBSCRIPTION GOOGLE ONE REF:896689232723,SUBSCRIPTION GOOGLE ONE REF:896689232723,25000,25000,2026-05-15,2026-05-15,REF11539,REF11539,CHQ8027,CHQ8027,store@okaxis,P2M,BHIM,Matched
Mobikwik UPI TRANSFER DEEPA KAPOOR REF:494671397984,Mobikwik UPI TRANSFER DEEPA KAPOOR REF:494671397984,999,999,2026-02-04,2026-02-04,REF31324,REF31324,CHQ1127,CHQ1127,user@federal,EMI Payment,Paytm,Matched
UPI/DR/833363989427/SUNIL VERMA/Bill Payment,UPI PENDING SETTLEMENT 499019765093,3000,3000,2026-11-15,2026-10-23,REF11264,REF11264,,,merchant@payu,Mobile Recharge,PhonePe,Pending Settlement
NEFT/706666885453/VIKAS GUPTA/P2P,NEFT/706666885453/VIKAS GUPTA/P2P,7500,7500,2026-08-17,2026-08-17,REF19918,REF81500,,,salary@bank,Bill Payment,AmazonPay,Matched
BILL PAYMENT MOBILE REF:902856659525,BILL PAYMENT MOBILE REF:902856659525,75000,75000,2026-01-26,2026-09-17,REF38591,REF38591,CHQ5306,CHQ5306,store@okaxis,P2P,Paytm,Matched
SUBSCRIPTION SPOTIFY REF:723168066005,SUBSCRIPTION SPOTIFY REF:723168066005,3999,3999,2026-06-02,2026-06-02,REF90660,REF90660,,,user@axl,Mobile Recharge,GPay,Duplicate
RECHARGE JIO REF:902077440916,UPI REVERSAL 917445961369,1499,-1499,2026-08-07,2026-08-07,REF97629,REF97629,,,rent@upi,Merchant Payment,AmazonPay,UPI Reversed
EMI PAYMENT SBI REF:763705322880,UPI FAILED 432444933406,750,0,2026-06-11,2026-03-15,REF63809,REF63809,,,merchant@ccavenue,P2P,GPay,UPI Failed
UPI P2M VODAFONE 608064722821,,14999,0,2026-02-20,2026-02-20,REF28468,REF45403,,,merchant@ccavenue,Bill Payment,Cred,Unmatched
PAYMENT TO AMAZON VIA Paytm,UPI REVERSAL 907875156746,7500,-7500,2026-08-14,2026-08-14,REF11432,REF11432,CHQ2777,CHQ2777,user@paytm,EMI Payment,BHIM,UPI Reversed
RECHARGE JIO REF:592522855688,UPI FAILED 111011673779,5000,0,2026-06-12,2026-06-12,REF73722,REF73722,,,user@okhdfcbank,P2M,PhonePe,UPI Failed
RECEIVED FROM ARUN KUMAR VIA BHIM,RECEIVED FROM ARUN KUMAR VIA BHIM,150,150.5,2026-08-06,2026-11-09,REF43128,REF43128,,,abc123@paytm,Bill Payment,Cred,Partial Match
RECEIVED FROM AMIT KUMAR VIA Cred,RECEIVED FROM AMIT KUMAR VIA Cred,75000,75000,2026-10-06,2026-10-06,REF93923,REF93923,CHQ4475,CHQ4475,user@ybl,Insurance Premium,Cred,Matched
INSURANCE PREMIUM SBI LIFE REF:397350570788,UPI FAILED 347957635859,1750,0,2026-05-28,2026-05-28,REF97036,REF97036,CHQ5080,CHQ5080,salary@bank,Salary Transfer,AmazonPay,UPI Failed
RECHARGE BSNL REF:817385454310,RECHARGE BSNL REF:817385454310,950,950,2026-04-25,2026-04-25,REF79206,REF71317,CHQ2829,CHQ2829,rent@upi,P2M,PhonePe,Matched
RECEIVED FROM ARUN NAIR VIA AmazonPay,RECEIVED FROM ARUN NAIR VIA AmazonPay,100,100.05,2026-04-11,2026-04-11,REF69460,REF69460,CHQ9768,CHQ9768,user@oksbi,Bill Payment,Cred,Partial Match
UPI P2P KAVITA REDDY 780638246119,UPI P2P KAVITA REDDY 780638246119,499,498.9,2026-10-18,2026-10-18,REF49697,REF49697,,,user@okhdfcbank,P2M,GPay,Partial Match
NEFT/484119738437/MOHAN LAL/Bill Payment,UPI REVERSAL 272609165140,1999,-1999,2026-12-13,2026-12-13,REF55480,REF55480,,,user@paytm,Mobile Recharge,PhonePe,UPI Reversed
NEFT/112132970438/RAVI TEJA/EMI Payment,NEFT/112132970438/RAVI TEJA/EMI Payment,2000,2000,2026-05-11,2026-05-11,REF12623,REF12623,,,user@paytm,Rent Payment,Paytm,Matched
SUBSCRIPTION GOOGLE ONE REF:849686994916,SUBSCRIPTION GOOGLE ONE REF:849686994916,100000,100000,2026-04-04,2026-03-01,REF12571,REF12571,,,salary@bank,Insurance Premium,BHIM,Duplicate
INSURANCE PREMIUM LIC REF:334160045264,UPI REVERSAL 313099259084,9999,-9999,2026-03-15,2026-03-15,REF85866,REF85866,,,salary@bank,Mobile Recharge,AmazonPay,UPI Reversed
NEFT/538690773823/RAHUL SHARMA/EMI Payment,NEFT/538690773823/RAHUL SHARMA/EMI Payment,50000,50000,2026-08-28,2026-11-26,REF55584,REF55584,,,bill@paytm,P2M,Paytm,Matched
UPI P2M HDFC BANK 441142378793,,200,0,2026-09-21,2026-09-21,REF25992,,CHQ8546,,store@okaxis,Subscription,Paytm,Unmatched
UPI P2P NEHA CHOPRA 417622578525,UPI PENDING SETTLEMENT 819492866289,3999,3999,2026-04-01,2026-05-18,REF50245,REF50245,CHQ1279,CHQ1279,user@paytm,Mobile Recharge,BHIM,Pending Settlement
EMI PAYMENT ICICI REF:704651999244,EMI PAYMENT ICICI REF:704651999244,75000,75000,2026-04-20,2026-04-20,REF73725,REF73725,,,merchant@razorpay,Bill Payment,AmazonPay,Matched
EMI PAYMENT SBI REF:620900756431,EMI PAYMENT SBI REF:620900756431,20000,20000,2026-09-08,2026-09-08,REF57491,REF43091,,,salary@bank,P2P,BHIM,Matched
NEFT/378621847833/KIRAN SINGH/Merchant Payment,UPI FAILED 351931218570,1500,0,2026-03-08,2026-03-08,REF98901,REF98901,CHQ1135,CHQ1135,merchant@razorpay,Rent Payment,AmazonPay,UPI Failed
GPay UPI TRANSFER GEETA AGRAWAL REF:622805881677,UPI PENDING SETTLEMENT 743218709909,1499,1499,2026-05-04,2026-11-23,REF13168,REF13168,CHQ7321,CHQ7321,store@okaxis,EMI Payment,PhonePe,Pending Settlement
IMPS/531856106842/LATA MISHRA/Mobile Recharge,IMPS/531856106842/LATA MISHRA/Mobile Recharge,2250,2250,2026-03-28,2026-03-28,REF32187,REF32187,,,user@ibl,Bill Payment,BHIM,Duplicate
PAYMENT TO HDFC BANK VIA GPay,UPI FAILED 428455674541,1499,0,2026-01-19,2026-01-19,REF80635,REF80635,,,store@okaxis,EMI Payment,Cred,UPI Failed
RECHARGE JIO REF:374981570484,RECHARGE JIO REF:374981570484,75000,75000,2026-02-03,2026-02-03,REF61394,REF61394,CHQ3062,CHQ3062,user@apl,Rent Payment,AmazonPay,Matched
SUBSCRIPTION AMAZON PRIME REF:834744489519,SUBSCRIPTION AMAZON PRIME REF:834744489519,1499,1499,2026-09-20,2026-09-20,REF74144,REF74144,,,user@paytm,P2M,GPay,Matched
RECEIVED FROM RAHUL SHARMA VIA Paytm,UPI PENDING SETTLEMENT 629430720589,1000,1000,2026-12-16,2026-05-20,REF22780,REF12920,,,pay@oksbi,Salary Transfer,PhonePe,Pending Settlement
RECEIVED FROM MEERA JOSHI VIA PhonePe,RECEIVED FROM MEERA JOSHI VIA PhonePe,500,500,2026-12-28,2026-12-28,REF70564,REF89082,,,rent@upi,EMI Payment,Mobikwik,Matched
UPI P2P GEETA AGRAWAL 815985133489,,25000,0,2026-11-18,2026-11-18,REF74487,,,,user@axl,Salary Transfer,GPay,Unmatched
RECHARGE BSNL REF:977036216691,UPI FAILED 470691235804,25000,0,2026-05-18,2026-09-20,REF37563,REF37563,,,xyz456@ybl,P2P,GPay,UPI Failed
BILL PAYMENT INTERNET REF:638818559553,UPI FAILED 213662543787,100000,0,2026-06-23,2026-06-23,REF70195,REF70195,CHQ1381,CHQ1381,abc123@paytm,EMI Payment,Mobikwik,UPI Failed
UPI P2M SWIGGY 620993946134,UPI P2M SWIGGY 620993946134,100,100,2026-08-13,2026-08-13,REF56965,REF69656,CHQ8054,CHQ8054,user@okhdfcbank,Bill Payment,Paytm,Matched
NEFT/399329867020/MOHAN LAL/Bill Payment,NEFT/399329867020/MOHAN LAL/Bill Payment,1300,1300,2026-09-14,2026-10-16,REF25688,REF44203,,,pay@oksbi,Subscription,BHIM,Matched
BILL PAYMENT INTERNET REF:967452685432,BILL PAYMENT INTERNET REF:967452685432,9999,9999.1,2026-11-04,2026-11-04,REF21383,REF21383,,,merchant@payu,Salary Transfer,Mobikwik,Partial Match
BILL PAYMENT ELECTRICITY REF:235528293618,BILL PAYMENT ELECTRICITY REF:235528293618,9999,9999,2026-04-07,2026-04-07,REF82895,REF82895,,,merchant@razorpay,Insurance Premium,AmazonPay,Matched
BILL PAYMENT WATER REF:275893232647,BILL PAYMENT WATER REF:275893232647,1499,1499,2026-06-03,2026-02-25,REF49291,REF49291,CHQ3893,CHQ3893,salary@bank,P2P,BHIM,Matched
PAYMENT TO JIO VIA Mobikwik,,350,0,2026-09-24,2026-09-24,REF47096,,,,merchant@ccavenue,Rent Payment,Mobikwik,Unmatched
UPI/DR/222489740646/AMIT KUMAR/Merchant Payment,UPI/DR/222489740646/AMIT KUMAR/Merchant Payment,2250,2250,2026-09-13,2026-05-12,REF23293,REF23293,,,merchant@ccavenue,Bill Payment,AmazonPay,Matched
IMPS/234020443702/KAVITA REDDY/P2P,IMPS/234020443702/KAVITA REDDY/P2P,1750,1750,2026-04-21,2026-04-21,REF58165,REF58165,,,user@ibl,Mobile Recharge,GPay,Matched
EMI PAYMENT KOTAK REF:507000774331,EMI PAYMENT KOTAK REF:507000774331,7500,7500,2026-06-06,2026-06-06,REF57748,REF57748,,,store@okaxis,EMI Payment,Paytm,Matched
SUBSCRIPTION NETFLIX REF:647179739035,SUBSCRIPTION NETFLIX REF:647179739035,200,200,2026-09-15,2026-02-13,REF14262,REF14262,,,merchant@ccavenue,Rent Payment,BHIM,Matched
UPI/CR/679858772099/PRIYA PATEL/EMI Payment,UPI/CR/679858772099/PRIYA PATEL/EMI Payment,250,250,2026-12-11,2026-12-11,REF63549,REF63549,CHQ9336,CHQ9336,rent@upi,Mobile Recharge,GPay,Matched
UPI P2M TATACLIQ 441640889044,UPI FAILED 946379330517,4999,0,2026-03-08,2026-03-08,REF32021,REF32021,,,pay@oksbi,Subscription,Cred,UPI Failed
INSURANCE PREMIUM BAJAJ ALLIANZ REF:316226967630,,1000,0,2026-08-25,2026-08-25,REF82739,,,,merchant@payu,Insurance Premium,AmazonPay,Unmatched
EMI PAYMENT KOTAK REF:811071822654,EMI PAYMENT KOTAK REF:811071822654,14999,14999,2026-06-13,2026-06-24,REF80050,REF80050,,,shop@okicici,Subscription,Paytm,Matched
INSURANCE PREMIUM LIC REF:340072530154,INSURANCE PREMIUM LIC REF:340072530154,350,350,2026-02-21,2026-02-21,REF22164,REF28182,,,xyz456@ybl,Mobile Recharge,GPay,Matched
UPI/Paytm/989687095948/NEHA CHOPRA/Salary Transfer,UPI/Paytm/989687095948/NEHA CHOPRA/Salary Transfer,200,199.5,2026-12-18,2026-12-18,REF39276,REF39276,,,rent@upi,Merchant Payment,BHIM,Partial Match
RECHARGE BSNL REF:576811083178,RECHARGE BSNL REF:576811083178,850,850,2026-02-04,2026-02-04,REF91035,REF91035,CHQ9826,CHQ9826,user@federal,Subscription,Cred,Matched
UPI P2M CROMA 729848594819,UPI P2M CROMA 729848594819,25000,25000,2026-12-02,2026-12-02,REF20742,REF20742,CHQ8808,CHQ8808,merchant@payu,P2P,Mobikwik,Matched
RECHARGE JIO REF:286677247943,RECHARGE JIO REF:286677247943,2000,1999.9,2026-11-15,2026-11-15,REF41793,REF41793,,,xyz456@ybl,Bill Payment,Paytm,Partial Match
Paytm UPI TRANSFER GEETA AGRAWAL REF:371378325155,Paytm UPI TRANSFER GEETA AGRAWAL REF:371378325155,4999,4999,2026-01-28,2026-01-28,REF68776,REF68776,,,merchant@ccavenue,Rent Payment,Cred,Matched
UPI/Cred/680456756826/ANITA DEVI/Insurance Premium,UPI FAILED 526270834607,750,0,2026-05-03,2026-05-03,REF70065,REF70065,,,merchant@ccavenue,Bill Payment,AmazonPay,UPI Failed
Mobikwik UPI TRANSFER SURESH PANDIT REF:474765626111,Mobikwik UPI TRANSFER SURESH PANDIT REF:474765626111,350,350,2026-09-19,2026-09-19,REF67591,REF67591,,,xyz456@ybl,Insurance Premium,Cred,Matched
UPI/GPay/936152505376/RAHUL SHARMA/Bill Payment,UPI/GPay/936152505376/RAHUL SHARMA/Bill Payment,75000,75000,2026-04-20,2026-04-20,REF11308,REF11308,CHQ6390,CHQ6390,salary@bank,EMI Payment,AmazonPay,Matched
INSURANCE PREMIUM BAJAJ ALLIANZ REF:861021199995,INSURANCE PREMIUM BAJAJ ALLIANZ REF:861021199995,999,999,2026-05-21,2026-05-21,REF79897,REF79897,,,user@ybl,Bill Payment,Mobikwik,Matched
UPI/DR/163414155036/MOHAN LAL/Bill Payment,UPI/DR/163414155036/MOHAN LAL/Bill Payment,650,650,2026-06-13,2026-06-13,REF18464,REF18464,,,user@axl,Insurance Premium,PhonePe,Duplicate
PAYMENT TO HDFC BANK VIA AmazonPay,UPI PENDING SETTLEMENT 879477360061,2999,2999,2026-07-13,2026-01-15,REF82009,REF82009,,,merchant@razorpay,P2M,AmazonPay,Pending Settlement
UPI/DR/932052308243/RAVI TEJA/Salary Transfer,UPI PENDING SETTLEMENT 847898905602,4999,4999,2026-12-12,2026-11-01,REF42032,REF42032,CHQ5938,CHQ5938,user@paytm,Insurance Premium,PhonePe,Pending Settlement
EMI PAYMENT ICICI REF:288234469119,UPI PENDING SETTLEMENT 788349012491,250,250,2026-04-13,2026-07-21,REF25526,REF53554,,,user@paytm,P2M,AmazonPay,Pending Settlement
UPI P2P LATA MISHRA 147258683485,UPI REVERSAL 368751581707,950,-950,2026-08-12,2026-08-12,REF27027,REF53691,CHQ6919,CHQ6919,user@okhdfcbank,EMI Payment,Mobikwik,UPI Reversed
UPI/Mobikwik/736664349304/ANITA DEVI/Insurance Premium,,1200,0,2026-10-28,2026-10-28,REF86170,,CHQ9056,,user@federal,P2M,AmazonPay,Unmatched
UPI P2M AMAZON 513924600485,,2250,0,2026-09-27,2026-03-14,REF90173,,,,user@apl,EMI Payment,PhonePe,Unmatched
UPI/Paytm/110746643714/RAJESH YADAV/Bill Payment,,250,0,2026-01-21,2026-01-21,REF26612,,CHQ9465,,shop@okicici,Salary Transfer,Cred,Unmatched
RECEIVED FROM ANITA DEVI VIA BHIM,,250,0,2026-07-03,2026-07-03,REF60217,,,,user@oksbi,Insurance Premium,AmazonPay,Unmatched
SUBSCRIPTION GOOGLE ONE REF:687645528556,,3000,0,2026-04-28,2026-04-28,REF39835,REF47657,CHQ9685,,user@axl,Subscription,GPay,Unmatched
Paytm UPI TRANSFER ARUN KUMAR REF:936357996316,Paytm UPI TRANSFER ARUN KUMAR REF:936357996316,75000,75000,2026-10-09,2026-10-09,REF94361,REF94361,CHQ2164,CHQ2164,user@oksbi,Mobile Recharge,Paytm,Matched
BILL PAYMENT MOBILE REF:807230617394,BILL PAYMENT MOBILE REF:807230617394,250,250,2026-05-27,2026-05-27,REF86444,REF86444,,,user@paytm,P2P,BHIM,Duplicate
UPI/DR/664275951523/DEEPA KAPOOR/P2P,UPI/DR/664275951523/DEEPA KAPOOR/P2P,350,350,2026-09-25,2026-09-25,REF47732,REF47732,CHQ6686,CHQ6686,bill@paytm,Merchant Payment,BHIM,Matched
UPI/GPay/386139581302/ARUN KUMAR/P2M,UPI/GPay/386139581302/ARUN KUMAR/P2M,2250,2249.95,2026-03-22,2026-03-22,REF45364,REF45364,,,pay@oksbi,Mobile Recharge,Cred,Partial Match
AmazonPay UPI TRANSFER LATA MISHRA REF:925099915857,UPI FAILED 650135504272,2999,0,2026-03-25,2026-03-25,REF37153,REF37153,,,user@ibl,Subscription,Cred,UPI Failed
UPI P2P ARUN KUMAR 716037382934,,2250,0,2026-03-11,2026-03-11,REF71449,,,,user@okhdfcbank,Bill Payment,GPay,Unmatched
NEFT/307954905313/GEETA AGRAWAL/Bill Payment,NEFT/307954905313/GEETA AGRAWAL/Bill Payment,14999,14999,2026-05-27,2026-05-27,REF87345,REF87345,,,merchant@payu,Insurance Premium,PhonePe,Matched
UPI P2P KIRAN SINGH 635440313716,UPI P2P KIRAN SINGH 635440313716,1499,1499,2026-10-28,2026-10-28,REF42714,REF42714,,,merchant@ccavenue,Salary Transfer,AmazonPay,Matched
UPI P2M VODAFONE 134347850323,UPI P2M VODAFONE 134347850323,3999,3999.1,2026-05-21,2026-05-21,REF45815,REF45815,,,store@okaxis,Insurance Premium,Mobikwik,Partial Match
INSURANCE PREMIUM SBI LIFE REF:411420603870,INSURANCE PREMIUM SBI LIFE REF:411420603870,15000,15000,2026-03-05,2026-03-05,REF70628,REF70628,,,user@ybl,EMI Payment,Mobikwik,Matched
UPI/CR/574637227589/ARUN NAIR/Subscription,,3999,0,2026-10-08,2026-10-08,REF93787,,CHQ5553,,store@okaxis,Salary Transfer,Mobikwik,Unmatched
EMI PAYMENT HDFC REF:486593336276,EMI PAYMENT HDFC REF:486593336276,19999,19999,2026-03-26,2026-03-26,REF83743,REF83743,,,shop@okicici,Bill Payment,PhonePe,Matched
RECHARGE BSNL REF:152652062606,UPI PENDING SETTLEMENT 903243192950,2999,2999,2026-09-06,2026-10-13,REF63760,REF63760,,,merchant@payu,EMI Payment,Paytm,Pending Settlement
PAYMENT TO STAR HEALTH VIA Mobikwik,PAYMENT TO STAR HEALTH VIA Mobikwik,10000,10000,2026-03-27,2026-03-27,REF78010,REF73614,,,store@okaxis,Insurance Premium,Paytm,Matched
RECHARGE BSNL REF:843752242616,UPI REVERSAL 860316646090,2000,-2000,2026-08-12,2026-08-12,REF75683,REF75683,CHQ5469,CHQ5469,user@federal,Rent Payment,GPay,UPI Reversed
INSURANCE PREMIUM BAJAJ ALLIANZ REF:802534941808,INSURANCE PREMIUM BAJAJ ALLIANZ REF:802534941808,1750,1745.0,2026-06-07,2026-06-07,REF45442,REF45442,,,abc123@paytm,Subscription,Mobikwik,Partial Match
BILL PAYMENT ELECTRICITY REF:360163132230,,1500,0,2026-10-09,2026-10-09,REF17355,,,,store@okaxis,EMI Payment,Cred,Unmatched
EMI PAYMENT SBI REF:374363836488,UPI FAILED 205333839255,4999,0,2026-01-22,2026-01-22,REF81309,REF81309,,,merchant@razorpay,Bill Payment,Cred,UPI Failed
RECHARGE BSNL REF:901889903441,UPI REVERSAL 669162461613,20000,-20000,2026-04-12,2026-03-17,REF59521,REF59521,,,merchant@payu,Merchant Payment,BHIM,UPI Reversed
UPI P2M JIO 847032672784,UPI P2M JIO 847032672784,999,999,2026-06-02,2026-06-02,REF69044,REF69044,CHQ1638,CHQ1638,rent@upi,P2M,Cred,Matched
BILL PAYMENT ELECTRICITY REF:960809171779,BILL PAYMENT ELECTRICITY REF:960809171779,2000,2000,2026-02-09,2026-02-09,REF86860,REF86860,CHQ2490,CHQ2490,rent@upi,Subscription,Cred,Matched
UPI/CR/751390228591/SNEHA SINGH/Salary Transfer,,1999,0,2026-06-23,2026-06-23,REF76051,,,,merchant@ccavenue,P2M,Paytm,Unmatched
BILL PAYMENT WATER REF:208088869364,UPI FAILED 893427877367,2999,0,2026-12-27,2026-12-27,REF48998,REF48998,CHQ6317,CHQ6317,user@paytm,Salary Transfer,AmazonPay,UPI Failed
UPI P2P RAVI TEJA 260936048848,UPI P2P RAVI TEJA 260936048848,7500,7500,2026-03-22,2026-03-22,REF42847,REF42847,CHQ5721,CHQ5721,user@apl,Subscription,GPay,Matched
UPI P2M SBI 209549969018,UPI P2M SBI 209549969018,5000,5000,2026-11-28,2026-11-28,REF84198,REF85801,,,user@axl,Subscription,BHIM,Matched
NEFT/556435465016/RAJESH YADAV/Mobile Recharge,NEFT/556435465016/RAJESH YADAV/Mobile Recharge,1300,1300,2026-11-09,2026-11-09,REF92644,REF92644,,,user@axl,Insurance Premium,Mobikwik,Matched
BILL PAYMENT ELECTRICITY REF:741606545075,UPI REVERSAL 870339609155,500,-500,2026-09-09,2026-09-09,REF97963,REF97963,,,abc123@paytm,Subscription,PhonePe,UPI Reversed
NEFT/601486910118/PRIYA PATEL/Rent Payment,NEFT/601486910118/PRIYA PATEL/Rent Payment,1200,1200,2026-01-10,2026-01-10,REF51552,REF51552,,,xyz456@ybl,P2P,GPay,Matched
UPI P2P ARUN NAIR 602747321781,UPI REVERSAL 658647482996,950,-950,2026-07-16,2026-07-16,REF68181,REF68181,CHQ9206,CHQ9206,user@okhdfcbank,Subscription,PhonePe,UPI Reversed
EMI PAYMENT SBI REF:651606103633,UPI REVERSAL 611797511721,350,-350,2026-10-25,2026-10-25,REF67085,REF67085,,,rent@upi,P2M,Cred,UPI Reversed
EMI PAYMENT AXIS REF:383049648833,UPI REVERSAL 608635084010,500,-500,2026-10-10,2026-10-10,REF63370,REF63370,,,shop@okicici,Mobile Recharge,GPay,UPI Reversed
NEFT/563512479265/KIRAN SINGH/Merchant Payment,,2500,0,2026-09-01,2026-09-01,REF96706,,,,user@paytm,P2M,PhonePe,Unmatched
PAYMENT TO VODAFONE VIA PhonePe,PAYMENT TO VODAFONE VIA PhonePe,750,750.5,2026-10-14,2026-12-06,REF59069,REF41762,,,pay@oksbi,Mobile Recharge,AmazonPay,Partial Match
UPI/CR/354678302464/MEERA JOSHI/EMI Payment,UPI PENDING SETTLEMENT 215555760543,2999,2999,2026-11-07,2026-06-03,REF37871,REF74199,CHQ1605,CHQ1605,user@okhdfcbank,Rent Payment,Cred,Pending Settlement
RECEIVED FROM ANITA DEVI VIA PhonePe,UPI FAILED 591211837417,250,0,2026-05-07,2026-05-07,REF68870,REF68870,,,user@apl,Salary Transfer,Mobikwik,UPI Failed
RECEIVED FROM VIKAS GUPTA VIA Mobikwik,RECEIVED FROM VIKAS GUPTA VIA Mobikwik,550,550,2026-10-10,2026-10-10,REF69212,REF70854,,,user@ybl,P2M,AmazonPay,Matched
BILL PAYMENT LANDLINE REF:608418410560,BILL PAYMENT LANDLINE REF:608418410560,1500,1500,2026-12-03,2026-12-03,REF88728,REF88728,,,rent@upi,Insurance Premium,GPay,Matched
UPI/DR/987032257534/SNEHA SINGH/Insurance Premium,,75000,0,2026-03-18,2026-03-18,REF23485,REF53188,,,rent@upi,Mobile Recharge,Paytm,Unmatched
UPI/Cred/798514251340/SUNIL VERMA/Insurance Premium,UPI/Cred/798514251340/SUNIL VERMA/Insurance Premium,250,250,2026-02-10,2026-02-10,REF77890,REF32009,,,pay@oksbi,Salary Transfer,Mobikwik,Matched
UPI P2P NEHA CHOPRA 729974042260,UPI P2P NEHA CHOPRA 729974042260,1000,1000.5,2026-07-12,2026-07-12,REF54138,REF54138,,,user@paytm,Bill Payment,Paytm,Partial Match
RECEIVED FROM NEHA CHOPRA VIA BHIM,RECEIVED FROM NEHA CHOPRA VIA BHIM,19999,19999,2026-02-07,2026-02-07,REF67187,REF67187,,,merchant@ccavenue,Rent Payment,GPay,Matched
INSURANCE PREMIUM BAJAJ ALLIANZ REF:567006044123,UPI PENDING SETTLEMENT 678371066428,100,100,2026-10-22,2026-08-06,REF91289,REF18497,CHQ9183,CHQ9183,xyz456@ybl,Bill Payment,Cred,Pending Settlement
BILL PAYMENT ELECTRICITY REF:777573066783,BILL PAYMENT ELECTRICITY REF:777573066783,1200,1200,2026-06-07,2026-06-07,REF53314,REF53314,,,merchant@ccavenue,EMI Payment,AmazonPay,Matched
UPI/CR/109389573416/DEEPA KAPOOR/P2P,,100,0,2026-01-21,2026-01-21,REF52576,,CHQ5317,,abc123@paytm,Mobile Recharge,Mobikwik,Unmatched
IMPS/766826662666/ANITA DEVI/P2M,IMPS/766826662666/ANITA DEVI/P2M,350,350,2026-09-22,2026-09-22,REF93390,REF93390,CHQ5032,CHQ5032,user@okhdfcbank,Bill Payment,PhonePe,Matched
PAYMENT TO AXIS BANK VIA Cred,PAYMENT TO AXIS BANK VIA Cred,100,100,2026-10-21,2026-12-18,REF77306,REF68312,,,user@paytm,Rent Payment,BHIM,Matched
UPI P2M DMART 681884270727,,100000,0,2026-04-15,2026-01-07,REF15163,,CHQ2205,,merchant@ccavenue,Subscription,Mobikwik,Unmatched
UPI P2M AMAZON 629193924652,UPI P2M AMAZON 629193924652,850,850,2026-04-26,2026-04-26,REF96543,REF56383,CHQ5712,CHQ5712,store@okaxis,Bill Payment,BHIM,Matched
UPI/Cred/365618621025/SUNIL VERMA/Merchant Payment,UPI/Cred/365618621025/SUNIL VERMA/Merchant Payment,20000,19999.5,2026-03-05,2026-03-05,REF62619,REF62619,CHQ3139,CHQ3139,merchant@razorpay,Merchant Payment,AmazonPay,Partial Match
UPI/DR/744314910621/LATA MISHRA/Merchant Payment,UPI/DR/744314910621/LATA MISHRA/Merchant Payment,3999,3999,2026-07-12,2026-11-13,REF64787,REF84482,,,user@ibl,EMI Payment,AmazonPay,Matched
RECEIVED FROM SURESH PANDIT VIA PhonePe,UPI PENDING SETTLEMENT 337098916882,3000,3000,2026-02-07,2026-04-25,REF81410,REF81410,,,user@ybl,P2P,Cred,Pending Settlement
SUBSCRIPTION SPOTIFY REF:284335648076,SUBSCRIPTION SPOTIFY REF:284335648076,350,350,2026-09-16,2026-09-16,REF94191,REF94191,,,abc123@paytm,Merchant Payment,GPay,Matched
SUBSCRIPTION NETFLIX REF:457221993220,SUBSCRIPTION NETFLIX REF:457221993220,19999,19999,2026-02-09,2026-02-09,REF41691,REF41691,,,user@apl,P2P,Paytm,Matched
UPI P2P GEETA AGRAWAL 562206585132,UPI P2P GEETA AGRAWAL 562206585132,19999,19999,2026-03-11,2026-03-11,REF27979,REF27979,,,xyz456@ybl,Insurance Premium,Mobikwik,Matched
RECEIVED FROM KIRAN SINGH VIA Mobikwik,RECEIVED FROM KIRAN SINGH VIA Mobikwik,100000,100000,2026-02-26,2026-02-26,REF50543,REF13803,,,salary@bank,Rent Payment,AmazonPay,Matched
RECEIVED FROM ARUN KUMAR VIA Mobikwik,,25000,0,2026-03-18,2026-03-18,REF46957,,,,bill@paytm,EMI Payment,BHIM,Unmatched
RECEIVED FROM NEHA CHOPRA VIA PhonePe,UPI REVERSAL 724281888874,2999,-2999,2026-12-12,2026-12-12,REF22183,REF44298,CHQ7027,CHQ7027,pay@oksbi,P2P,PhonePe,UPI Reversed
UPI/AmazonPay/232849041939/RAHUL SHARMA/EMI Payment,UPI/AmazonPay/232849041939/RAHUL SHARMA/EMI Payment,550,550,2026-10-09,2026-10-09,REF11150,REF63978,,,user@ybl,Subscription,AmazonPay,Duplicate
UPI P2P VIKAS GUPTA 527898253041,UPI P2P VIKAS GUPTA 527898253041,950,950,2026-02-12,2026-02-12,REF97229,REF97229,,,user@apl,EMI Payment,Cred,Matched
UPI/CR/628177566647/SURESH PANDIT/Mobile Recharge,UPI/CR/628177566647/SURESH PANDIT/Mobile Recharge,450,450,2026-10-20,2026-10-20,REF44788,REF44788,CHQ5558,CHQ5558,user@federal,Bill Payment,BHIM,Matched
SUBSCRIPTION NETFLIX REF:415681671105,SUBSCRIPTION NETFLIX REF:415681671105,200,200,2026-03-21,2026-03-21,REF76486,REF76486,,,store@okaxis,P2M,GPay,Matched
NEFT/158019318943/VIKAS GUPTA/Rent Payment,NEFT/158019318943/VIKAS GUPTA/Rent Payment,1999,1999,2026-02-10,2026-02-10,REF78825,REF78825,,,user@federal,Mobile Recharge,GPay,Matched
UPI/BHIM/292055831444/GEETA AGRAWAL/Salary Transfer,UPI REVERSAL 856533807380,3000,-3000,2026-12-25,2026-12-25,REF91824,REF91824,,,store@okaxis,Rent Payment,Mobikwik,UPI Reversed
EMI PAYMENT AXIS REF:825389829928,EMI PAYMENT AXIS REF:825389829928,15000,15000,2026-08-18,2026-08-18,REF71909,REF71909,CHQ9673,CHQ9673,store@okaxis,P2M,Mobikwik,Matched
EMI PAYMENT ICICI REF:780845537855,UPI PENDING SETTLEMENT 589414561019,10000,10000,2026-08-21,2026-03-23,REF80420,REF80420,CHQ5287,CHQ5287,merchant@ccavenue,Merchant Payment,Mobikwik,Pending Settlement
RECEIVED FROM GEETA AGRAWAL VIA Cred,RECEIVED FROM GEETA AGRAWAL VIA Cred,850,850,2026-03-02,2026-03-02,REF92568,REF92568,CHQ9824,CHQ9824,user@paytm,Insurance Premium,Paytm,Matched
Mobikwik UPI TRANSFER ANITA DEVI REF:878771671130,UPI FAILED 180825960513,9999,0,2026-12-04,2026-12-04,REF26908,REF26908,,,user@ibl,Merchant Payment,GPay,UPI Failed
RECEIVED FROM SUNIL VERMA VIA PhonePe,RECEIVED FROM SUNIL VERMA VIA PhonePe,500,500.01,2026-09-24,2026-09-24,REF60104,REF60104,CHQ3079,CHQ3079,user@okhdfcbank,EMI Payment,AmazonPay,Partial Match
AmazonPay UPI TRANSFER RAJESH YADAV REF:966642790703,AmazonPay UPI TRANSFER RAJESH YADAV REF:966642790703,1300,1300,2026-01-14,2026-01-14,REF11417,REF11417,,,user@ibl,Salary Transfer,Mobikwik,Matched
NEFT/354016403198/SNEHA SINGH/P2P,,15000,0,2026-05-03,2026-05-03,REF70228,,CHQ8488,,merchant@razorpay,P2M,Cred,Unmatched
UPI/DR/499586675925/ANITA DEVI/P2P,UPI/DR/499586675925/ANITA DEVI/P2P,1500,1500,2026-08-06,2026-03-15,REF14982,REF14982,,,user@ybl,Salary Transfer,Paytm,Matched
UPI/CR/286192641237/AMIT KUMAR/Insurance Premium,UPI/CR/286192641237/AMIT KUMAR/Insurance Premium,850,850,2026-12-28,2026-12-28,REF21858,REF21858,,,xyz456@ybl,Mobile Recharge,Cred,Matched
BILL PAYMENT ELECTRICITY REF:810121641383,BILL PAYMENT ELECTRICITY REF:810121641383,15000,15000,2026-07-27,2026-07-27,REF92801,REF92801,,,merchant@payu,Rent Payment,Cred,Matched
RECEIVED FROM AMIT KUMAR VIA BHIM,RECEIVED FROM AMIT KUMAR VIA BHIM,20000,19999.5,2026-02-03,2026-02-03,REF28530,REF28530,,,user@federal,Mobile Recharge,BHIM,Partial Match
RECEIVED FROM KIRAN SINGH VIA BHIM,RECEIVED FROM KIRAN SINGH VIA BHIM,10000,10000,2026-04-27,2026-04-27,REF72217,REF72217,,,bill@paytm,EMI Payment,Cred,Duplicate
Paytm UPI TRANSFER GEETA AGRAWAL REF:540074477422,Paytm UPI TRANSFER GEETA AGRAWAL REF:540074477422,1300,1300,2026-07-27,2026-07-27,REF95013,REF60227,,,merchant@razorpay,Subscription,GPay,Matched
NEFT/710549556551/DEEPA KAPOOR/P2P,NEFT/710549556551/DEEPA KAPOOR/P2P,100000,100000,2026-05-10,2026-03-11,REF48022,REF79082,CHQ4989,CHQ4989,rent@upi,Merchant Payment,Cred,Matched
BILL PAYMENT DTH REF:475171439961,BILL PAYMENT DTH REF:475171439961,2250,2250,2026-10-20,2026-10-20,REF77170,REF77170,,,rent@upi,P2M,GPay,Matched
IMPS/100462266329/DEEPA KAPOOR/Subscription,IMPS/100462266329/DEEPA KAPOOR/Subscription,1100,1100,2026-09-15,2026-09-15,REF24785,REF24785,CHQ8105,CHQ8105,user@apl,Bill Payment,AmazonPay,Matched
UPI/CR/757374319256/PRIYA PATEL/P2M,UPI/CR/757374319256/PRIYA PATEL/P2M,2999,2999,2026-06-01,2026-06-01,REF85230,REF46627,CHQ9382,CHQ9382,merchant@ccavenue,Salary Transfer,AmazonPay,Matched
IMPS/523791733955/ARUN KUMAR/Subscription,IMPS/523791733955/ARUN KUMAR/Subscription,250,245.0,2026-04-08,2026-04-08,REF78134,REF78134,CHQ3418,CHQ3418,merchant@payu,Bill Payment,Paytm,Partial Match
UPI P2P SURESH PANDIT 844428900197,UPI P2P SURESH PANDIT 844428900197,1999,1999,2026-11-27,2026-11-27,REF80159,REF80159,,,abc123@paytm,Insurance Premium,BHIM,Matched
SUBSCRIPTION AMAZON PRIME REF:698998460739,,2000,0,2026-01-02,2026-01-02,REF61356,,CHQ4485,,bill@paytm,Salary Transfer,AmazonPay,Unmatched
UPI P2P MEERA JOSHI 441189332913,UPI PENDING SETTLEMENT 162913154592,100,100,2026-04-17,2026-05-07,REF20073,REF80894,CHQ5895,CHQ5895,abc123@paytm,Bill Payment,GPay,Pending Settlement
INSURANCE PREMIUM BAJAJ ALLIANZ REF:108617108780,INSURANCE PREMIUM BAJAJ ALLIANZ REF:108617108780,5000,5000,2026-06-11,2026-08-17,REF62120,REF18288,,,user@axl,Bill Payment,Mobikwik,Matched
UPI P2M HDFC LIFE 207495260345,UPI P2M HDFC LIFE 207495260345,450,449.9,2026-12-22,2026-12-22,REF40315,REF40315,,,salary@bank,Bill Payment,Mobikwik,Partial Match
UPI/DR/934341480490/ANITA DEVI/Mobile Recharge,UPI REVERSAL 873436409019,3999,-3999,2026-06-24,2026-06-24,REF83410,REF83410,,,user@apl,Merchant Payment,Paytm,UPI Reversed
NEFT/967109886967/KAVITA REDDY/Merchant Payment,NEFT/967109886967/KAVITA REDDY/Merchant Payment,2500,2499.0,2026-09-13,2026-09-13,REF86377,REF92573,,,user@oksbi,P2P,BHIM,Partial Match
UPI P2M BAJAJ FINSERV 969956584357,UPI P2M BAJAJ FINSERV 969956584357,250,250,2026-02-07,2026-02-07,REF34034,REF70494,CHQ6770,CHQ6770,user@axl,Mobile Recharge,Mobikwik,Matched
EMI PAYMENT KOTAK REF:659460370413,EMI PAYMENT KOTAK REF:659460370413,2999,2999,2026-06-27,2026-06-27,REF52713,REF52713,CHQ4423,CHQ4423,pay@oksbi,Mobile Recharge,PhonePe,Duplicate
UPI P2M BIGBASKET 697032604604,UPI FAILED 763174080889,150,0,2026-04-26,2026-01-16,REF84914,REF70937,CHQ6219,CHQ6219,user@ybl,Bill Payment,BHIM,UPI Failed
BHIM UPI TRANSFER LATA MISHRA REF:653125654929,UPI REVERSAL 969912643693,2250,-2250,2026-08-07,2026-08-07,REF71358,REF26111,,,user@ibl,Rent Payment,BHIM,UPI Reversed
RECHARGE AIRTEL REF:490914465675,,350,0,2026-06-17,2026-06-17,REF69888,,,,user@oksbi,Bill Payment,GPay,Unmatched
RECHARGE JIO REF:133544324587,RECHARGE JIO REF:133544324587,100,100,2026-02-14,2026-02-14,REF46416,REF46416,CHQ8539,CHQ8539,user@ybl,Subscription,GPay,Matched
SUBSCRIPTION AMAZON PRIME REF:315731034635,UPI FAILED 718928135537,750,0,2026-12-10,2026-12-10,REF62520,REF97483,,,merchant@payu,P2P,Mobikwik,UPI Failed
INSURANCE PREMIUM STAR HEALTH REF:177113519823,INSURANCE PREMIUM STAR HEALTH REF:177113519823,999,999.1,2026-12-15,2026-12-15,REF83937,REF83937,,,xyz456@ybl,Merchant Payment,PhonePe,Partial Match
RECHARGE AIRTEL REF:151183318821,RECHARGE AIRTEL REF:151183318821,7500,7500,2026-10-26,2026-10-26,REF38973,REF38973,,,user@ibl,Insurance Premium,GPay,Matched
SUBSCRIPTION APPLE ICLOUD REF:794722026426,,2250,0,2026-04-19,2026-04-19,REF83064,,,,user@federal,Salary Transfer,AmazonPay,Unmatched
UPI/BHIM/997285326366/ARUN KUMAR/P2P,UPI/BHIM/997285326366/ARUN KUMAR/P2P,50000,50000,2026-06-03,2026-06-03,REF61876,REF61876,,,user@paytm,Bill Payment,Paytm,Duplicate
RECEIVED FROM ARUN KUMAR VIA PhonePe,RECEIVED FROM ARUN KUMAR VIA PhonePe,20000,20000,2026-10-08,2026-10-08,REF89387,REF23267,CHQ2897,CHQ2897,xyz456@ybl,EMI Payment,Paytm,Matched
NEFT/696647885297/VIKAS GUPTA/EMI Payment,NEFT/696647885297/VIKAS GUPTA/EMI Payment,999,999,2026-11-27,2026-11-27,REF61766,REF61766,,,merchant@ccavenue,Bill Payment,Cred,Matched
SUBSCRIPTION SPOTIFY REF:964231499469,UPI PENDING SETTLEMENT 375765179120,999,999,2026-05-11,2026-10-15,REF31197,REF31197,,,store@okaxis,EMI Payment,Mobikwik,Pending Settlement
RECHARGE AIRTEL REF:348709039748,RECHARGE AIRTEL REF:348709039748,950,950,2026-03-01,2026-03-01,REF51883,REF51883,CHQ1705,CHQ1705,user@federal,P2M,PhonePe,Matched
AmazonPay UPI TRANSFER MOHAN LAL REF:794736107455,AmazonPay UPI TRANSFER MOHAN LAL REF:794736107455,499,499,2026-01-16,2026-01-16,REF12675,REF12675,,,abc123@paytm,EMI Payment,Paytm,Matched
INSURANCE PREMIUM BAJAJ ALLIANZ REF:268603292300,INSURANCE PREMIUM BAJAJ ALLIANZ REF:268603292300,1500,1500,2026-11-19,2026-11-19,REF12000,REF12000,,,shop@okicici,EMI Payment,Paytm,Matched
PAYMENT TO NETFLIX VIA GPay,UPI REVERSAL 163878272805,750,-750,2026-11-04,2026-11-04,REF79216,REF67450,CHQ8275,CHQ8275,rent@upi,Salary Transfer,Mobikwik,UPI Reversed
UPI P2M DMART 701687862938,UPI P2M DMART 701687862938,5000,5000,2026-02-14,2026-02-14,REF35610,REF30621,,,user@ibl,Mobile Recharge,Mobikwik,Matched
UPI/DR/578676630610/ARUN NAIR/Salary Transfer,UPI/DR/578676630610/ARUN NAIR/Salary Transfer,14999,14999,2026-09-19,2026-11-04,REF71119,REF71119,,,user@axl,Merchant Payment,Paytm,Matched
RECEIVED FROM KAVITA REDDY VIA PhonePe,UPI PENDING SETTLEMENT 365996557878,100,100,2026-01-04,2026-03-08,REF49580,REF49580,,,user@axl,Merchant Payment,Cred,Pending Settlement
NEFT/210606144969/RAJESH YADAV/EMI Payment,UPI PENDING SETTLEMENT 110441240473,2250,2250,2026-02-23,2026-10-01,REF76926,REF76926,,,user@ibl,Salary Transfer,GPay,Pending Settlement
IMPS/357368591127/KIRAN SINGH/P2P,UPI REVERSAL 940406280653,1300,-1300,2026-04-03,2026-04-03,REF19317,REF19317,,,shop@okicici,Merchant Payment,PhonePe,UPI Reversed
UPI P2M AMAZON 685656995353,,7500,0,2026-01-26,2026-01-26,REF98005,,,,user@ibl,Merchant Payment,BHIM,Unmatched
INSURANCE PREMIUM SBI LIFE REF:105508817281,INSURANCE PREMIUM SBI LIFE REF:105508817281,9999,9999,2026-10-03,2026-10-03,REF81753,REF81753,CHQ3669,CHQ3669,user@okhdfcbank,Salary Transfer,GPay,Matched
SUBSCRIPTION APPLE ICLOUD REF:186022773322,,1499,0,2026-06-21,2026-06-21,REF83529,,,,user@okhdfcbank,Insurance Premium,BHIM,Unmatched
SUBSCRIPTION SPOTIFY REF:386591670831,UPI REVERSAL 965602102034,1499,-1499,2026-03-10,2026-02-06,REF79851,REF76288,,,abc123@paytm,EMI Payment,AmazonPay,UPI Reversed
NEFT/590987190643/ANITA DEVI/P2P,NEFT/590987190643/ANITA DEVI/P2P,1000,1000,2026-04-04,2026-04-04,REF15440,REF58709,,,user@axl,P2P,Cred,Matched
UPI P2M AXIS BANK 453266830950,UPI P2M AXIS BANK 453266830950,1200,1200,2026-03-25,2026-03-25,REF86914,REF86914,,,xyz456@ybl,Bill Payment,PhonePe,Matched
INSURANCE PREMIUM SBI LIFE REF:138352855179,,1300,0,2026-12-14,2026-12-14,REF22955,,,,user@okhdfcbank,P2M,AmazonPay,Unmatched
PAYMENT TO ZOMATO VIA AmazonPay,PAYMENT TO ZOMATO VIA AmazonPay,14999,14998.9,2026-08-12,2026-12-28,REF74344,REF74344,,,rent@upi,P2M,Paytm,Partial Match
UPI P2P SURESH PANDIT 350433321367,UPI P2P SURESH PANDIT 350433321367,2250,2250.5,2026-12-18,2026-12-18,REF51196,REF51196,,,bill@paytm,Mobile Recharge,Cred,Partial Match
UPI P2M PRIME VIDEO 450254348890,UPI P2M PRIME VIDEO 450254348890,1300,1300,2026-12-23,2026-12-23,REF47136,REF47136,,,user@ybl,Bill Payment,AmazonPay,Duplicate
UPI P2M ZOMATO 143471503076,UPI P2M ZOMATO 143471503076,499,499,2026-09-21,2026-09-21,REF96254,REF96254,CHQ8691,CHQ8691,user@ybl,EMI Payment,PhonePe,Duplicate
BILL PAYMENT MOBILE REF:900852219425,BILL PAYMENT MOBILE REF:900852219425,15000,15000,2026-02-14,2026-02-14,REF26998,REF26998,,,user@ybl,Insurance Premium,BHIM,Matched
UPI P2M BAJAJ FINSERV 578870684189,UPI P2M BAJAJ FINSERV 578870684189,350,350,2026-09-22,2026-09-22,REF78624,REF78624,,,user@axl,Mobile Recharge,Cred,Matched
UPI P2P RAVI TEJA 904329548054,UPI P2P RAVI TEJA 904329548054,150,150,2026-02-06,2026-07-15,REF64640,REF64640,,,user@apl,P2M,Paytm,Matched
UPI P2P NEHA CHOPRA 399951767345,UPI P2P NEHA CHOPRA 399951767345,2999,2999,2026-07-17,2026-07-17,REF58524,REF38127,,,bill@paytm,EMI Payment,BHIM,Matched
BHIM UPI TRANSFER DEEPA KAPOOR REF:170801816410,BHIM UPI TRANSFER DEEPA KAPOOR REF:170801816410,100000,99999.9,2026-03-27,2026-03-27,REF49833,REF49833,,,pay@oksbi,P2P,GPay,Partial Match
UPI P2P ANITA DEVI 972230931338,UPI P2P ANITA DEVI 972230931338,5000,5000,2026-02-03,2026-02-03,REF92191,REF92191,,,bill@paytm,Insurance Premium,Paytm,Matched
UPI/CR/792979930377/SURESH PANDIT/Subscription,UPI/CR/792979930377/SURESH PANDIT/Subscription,20000,20000,2026-12-06,2026-11-20,REF14336,REF14336,,,user@apl,Subscription,AmazonPay,Matched
INSURANCE PREMIUM SBI LIFE REF:774977567107,UPI FAILED 359558503721,1499,0,2026-11-09,2026-11-17,REF99339,REF38117,,,user@axl,Subscription,GPay,UPI Failed
Paytm UPI TRANSFER RAVI TEJA REF:181479066543,,1100,0,2026-12-02,2026-02-28,REF97940,,,,user@paytm,Mobile Recharge,PhonePe,Unmatched
UPI/AmazonPay/385857906535/RAVI TEJA/Bill Payment,UPI/AmazonPay/385857906535/RAVI TEJA/Bill Payment,1300,1300,2026-07-18,2026-07-18,REF57204,REF45535,,,user@ibl,P2P,AmazonPay,Matched
NEFT/597104466984/LATA MISHRA/Merchant Payment,NEFT/597104466984/LATA MISHRA/Merchant Payment,750,750.5,2026-05-01,2026-05-01,REF13192,REF13192,CHQ5668,CHQ5668,rent@upi,P2M,BHIM,Partial Match
UPI/CR/679711087803/SURESH PANDIT/EMI Payment,UPI/CR/679711087803/SURESH PANDIT/EMI Payment,250,250,2026-12-03,2026-12-03,REF24533,REF24533,CHQ1825,CHQ1825,user@federal,Mobile Recharge,Cred,Matched
BILL PAYMENT DTH REF:247397403683,UPI FAILED 259997766763,20000,0,2026-09-04,2026-09-04,REF71998,REF71998,CHQ9768,CHQ9768,salary@bank,P2P,GPay,UPI Failed
UPI/DR/516126621017/ARUN KUMAR/Insurance Premium,,9999,0,2026-12-20,2026-05-21,REF78527,,CHQ7660,,merchant@ccavenue,Subscription,Paytm,Unmatched
Cred UPI TRANSFER DEEPA KAPOOR REF:883320569222,,850,0,2026-08-04,2026-01-10,REF34473,,CHQ9799,,pay@oksbi,Subscription,Mobikwik,Unmatched
BILL PAYMENT ELECTRICITY REF:990121013145,BILL PAYMENT ELECTRICITY REF:990121013145,25000,25000,2026-01-21,2026-01-21,REF71760,REF71760,CHQ8160,CHQ8160,user@ibl,Mobile Recharge,Mobikwik,Matched
SUBSCRIPTION GOOGLE ONE REF:444250129911,SUBSCRIPTION GOOGLE ONE REF:444250129911,1999,1999.01,2026-01-01,2026-01-01,REF26441,REF26441,,,merchant@ccavenue,P2M,Cred,Partial Match
INSURANCE PREMIUM SBI LIFE REF:510878977489,UPI REVERSAL 361653825417,1500,-1500,2026-03-18,2026-03-18,REF41529,REF41529,,,user@apl,Insurance Premium,Paytm,UPI Reversed
RECHARGE BSNL REF:991692022665,RECHARGE BSNL REF:991692022665,7500,7500,2026-10-09,2026-10-09,REF59780,REF59780,,,pay@oksbi,Subscription,BHIM,Matched
UPI/CR/783834898147/SUNIL VERMA/P2M,UPI PENDING SETTLEMENT 485949930786,5000,5000,2026-06-16,2026-04-06,REF49965,REF49965,,,xyz456@ybl,Bill Payment,AmazonPay,Pending Settlement
BILL PAYMENT MOBILE REF:106547123792,,20000,0,2026-10-26,2026-10-26,REF91955,,CHQ1871,,salary@bank,Mobile Recharge,AmazonPay,Unmatched
IMPS/943268146286/SNEHA SINGH/Merchant Payment,IMPS/943268146286/SNEHA SINGH/Merchant Payment,450,450.5,2026-02-04,2026-02-04,REF41419,REF87476,,,rent@upi,P2M,GPay,Partial Match
UPI/DR/276683647912/SUNIL VERMA/Merchant Payment,UPI/DR/276683647912/SUNIL VERMA/Merchant Payment,100000,100000,2026-04-03,2026-04-03,REF28698,REF28698,,,user@paytm,Salary Transfer,Paytm,Matched
NEFT/590674601660/KAVITA REDDY/Salary Transfer,NEFT/590674601660/KAVITA REDDY/Salary Transfer,500,500,2026-07-23,2026-07-23,REF40425,REF40425,,,user@okhdfcbank,Bill Payment,GPay,Matched
PAYMENT TO RELIANCE RETAIL VIA BHIM,PAYMENT TO RELIANCE RETAIL VIA BHIM,1500,1500,2026-07-16,2026-07-24,REF25559,REF25559,,,rent@upi,P2M,Cred,Matched
UPI P2P KAVITA REDDY 711207104724,,850,0,2026-01-05,2026-08-10,REF38463,REF49444,,,xyz456@ybl,Rent Payment,BHIM,Unmatched
UPI/Cred/645258522934/DEEPA KAPOOR/P2M,UPI PENDING SETTLEMENT 696290352962,4999,4999,2026-08-28,2026-12-01,REF88571,REF88571,,,user@axl,P2M,BHIM,Pending Settlement
UPI P2M AIRTEL 780629031095,,200,0,2026-03-02,2026-03-02,REF36992,,CHQ3677,,user@oksbi,P2M,Mobikwik,Unmatched
INSURANCE PREMIUM BAJAJ ALLIANZ REF:681613292173,INSURANCE PREMIUM BAJAJ ALLIANZ REF:681613292173,7500,7500.05,2026-11-22,2026-11-22,REF47877,REF47877,,,merchant@razorpay,Mobile Recharge,AmazonPay,Partial Match
SUBSCRIPTION APPLE ICLOUD REF:223711713739,SUBSCRIPTION APPLE ICLOUD REF:223711713739,20000,20000,2026-11-01,2026-11-01,REF19262,REF45037,,,store@okaxis,Subscription,PhonePe,Matched
RECEIVED FROM RAHUL SHARMA VIA Paytm,RECEIVED FROM RAHUL SHARMA VIA Paytm,999,999,2026-03-03,2026-03-03,REF89759,REF89759,CHQ2837,CHQ2837,user@ibl,Mobile Recharge,GPay,Matched
EMI PAYMENT SBI REF:173104112647,,650,0,2026-09-27,2026-09-27,REF21361,,,,user@federal,Bill Payment,Mobikwik,Unmatched
IMPS/206701924282/MEERA JOSHI/Rent Payment,IMPS/206701924282/MEERA JOSHI/Rent Payment,14999,14999,2026-07-08,2026-07-08,REF46349,REF31912,CHQ8836,CHQ8836,shop@okicici,Merchant Payment,Cred,Matched
PAYMENT TO AIRTEL VIA Paytm,PAYMENT TO AIRTEL VIA Paytm,2250,2250,2026-12-05,2026-12-05,REF98525,REF98525,,,bill@paytm,P2P,GPay,Matched
UPI/Paytm/830070249151/GEETA AGRAWAL/Subscription,UPI/Paytm/830070249151/GEETA AGRAWAL/Subscription,499,499,2026-03-16,2026-03-16,REF75437,REF75437,CHQ6134,CHQ6134,user@oksbi,Merchant Payment,PhonePe,Duplicate
UPI P2P SUNIL VERMA 468232581751,UPI FAILED 116961464494,14999,0,2026-01-07,2026-01-07,REF83435,REF83435,,,merchant@razorpay,Rent Payment,PhonePe,UPI Failed
IMPS/398011377044/MOHAN LAL/P2P,IMPS/398011377044/MOHAN LAL/P2P,150,150.01,2026-09-02,2026-09-02,REF47605,REF49504,CHQ5436,CHQ5436,abc123@paytm,P2M,Paytm,Partial Match
PAYMENT TO AMAZON VIA PhonePe,,1999,0,2026-05-26,2026-08-10,REF48891,,,,merchant@payu,Salary Transfer,Cred,Unmatched
RECHARGE AIRTEL REF:123814914020,,350,0,2026-07-17,2026-07-17,REF85636,,CHQ8767,,shop@okicici,Mobile Recharge,AmazonPay,Unmatched
NEFT/270379234789/KIRAN SINGH/Rent Payment,NEFT/270379234789/KIRAN SINGH/Rent Payment,4999,4999,2026-08-27,2026-06-20,REF86118,REF86118,,,shop@okicici,Bill Payment,Mobikwik,Matched
UPI/Mobikwik/985315438848/ARUN NAIR/Subscription,UPI/Mobikwik/985315438848/ARUN NAIR/Subscription,2999,2999,2026-02-11,2026-02-11,REF69930,REF69930,,,user@okhdfcbank,EMI Payment,Paytm,Matched
UPI P2P LATA MISHRA 293546226138,UPI P2P LATA MISHRA 293546226138,500,500,2026-03-26,2026-08-28,REF10540,REF10540,CHQ4649,CHQ4649,user@ybl,Insurance Premium,AmazonPay,Matched
RECHARGE JIO REF:883335020070,RECHARGE JIO REF:883335020070,9999,9998.5,2026-12-04,2026-03-08,REF58272,REF58272,CHQ6910,CHQ6910,merchant@razorpay,Subscription,GPay,Partial Match
INSURANCE PREMIUM LIC REF:415074107707,INSURANCE PREMIUM LIC REF:415074107707,3999,3999,2026-11-03,2026-11-03,REF27831,REF27831,,,user@ybl,Subscription,GPay,Matched
NEFT/464084390062/VIKAS GUPTA/EMI Payment,UPI REVERSAL 187797270986,4999,-4999,2026-05-18,2026-05-18,REF48176,REF48176,,,merchant@ccavenue,Salary Transfer,Cred,UPI Reversed
AmazonPay UPI TRANSFER PRIYA PATEL REF:233805019278,UPI REVERSAL 911162179334,7500,-7500,2026-02-14,2026-02-14,REF87373,REF87373,,,user@ibl,P2M,AmazonPay,UPI Reversed
EMI PAYMENT SBI REF:498370399433,,9999,0,2026-09-05,2026-09-05,REF21267,,,,shop@okicici,Bill Payment,AmazonPay,Unmatched
RECEIVED FROM RAHUL SHARMA VIA GPay,,550,0,2026-06-11,2026-06-11,REF87328,,,,merchant@payu,P2P,Mobikwik,Unmatched
SUBSCRIPTION AMAZON PRIME REF:867727864102,SUBSCRIPTION AMAZON PRIME REF:867727864102,5000,5000,2026-03-28,2026-03-28,REF57498,REF91020,,,store@okaxis,P2P,BHIM,Duplicate
RECHARGE AIRTEL REF:198388959061,RECHARGE AIRTEL REF:198388959061,3000,3005.0,2026-04-22,2026-04-22,REF30909,REF30909,,,user@ibl,EMI Payment,PhonePe,Partial Match
SUBSCRIPTION SPOTIFY REF:468707830892,SUBSCRIPTION SPOTIFY REF:468707830892,999,998.5,2026-03-09,2026-10-21,REF51190,REF51190,,,pay@oksbi,Merchant Payment,Paytm,Partial Match
RECEIVED FROM RAJESH YADAV VIA Cred,UPI REVERSAL 207167162072,4999,-4999,2026-04-19,2026-04-19,REF20398,REF20398,,,store@okaxis,P2M,Cred,UPI Reversed
INSURANCE PREMIUM LIC REF:683967486801,INSURANCE PREMIUM LIC REF:683967486801,7500,7500,2026-11-28,2026-11-28,REF30301,REF30301,,,abc123@paytm,Bill Payment,Paytm,Duplicate
NEFT/764171420751/AMIT KUMAR/Rent Payment,NEFT/764171420751/AMIT KUMAR/Rent Payment,950,950,2026-02-21,2026-02-21,REF51118,REF51118,,,merchant@ccavenue,Merchant Payment,Paytm,Matched
AmazonPay UPI TRANSFER ANITA DEVI REF:540887767755,,1200,0,2026-03-23,2026-03-23,REF65224,,,,user@ybl,P2P,Paytm,Unmatched
UPI P2M TATACLIQ 971465786880,UPI P2M TATACLIQ 971465786880,999,999,2026-04-05,2026-04-05,REF54208,REF59214,,,user@okhdfcbank,Insurance Premium,Cred,Matched
RECHARGE BSNL REF:273683947434,,3000,0,2026-03-19,2026-03-19,REF62732,,,,user@oksbi,Merchant Payment,Paytm,Unmatched
NEFT/834351527148/KAVITA REDDY/Subscription,NEFT/834351527148/KAVITA REDDY/Subscription,499,499.5,2026-08-16,2026-08-16,REF91714,REF91714,,,user@paytm,Mobile Recharge,Mobikwik,Partial Match
UPI/DR/699836414649/GEETA AGRAWAL/Rent Payment,UPI PENDING SETTLEMENT 763089845863,20000,20000,2026-01-23,2026-05-04,REF19954,REF19954,CHQ3120,CHQ3120,user@ibl,Bill Payment,GPay,Pending Settlement
EMI PAYMENT SBI REF:116863464726,,14999,0,2026-04-06,2026-09-27,REF33700,,,,user@axl,P2P,Cred,Unmatched
PhonePe UPI TRANSFER AMIT KUMAR REF:680675362649,,499,0,2026-05-10,2026-05-10,REF13369,,,,merchant@razorpay,Merchant Payment,BHIM,Unmatched
UPI/DR/327038155209/KIRAN SINGH/Subscription,,10000,0,2026-11-17,2026-11-17,REF58669,,CHQ2033,,shop@okicici,Subscription,Cred,Unmatched
UPI/CR/849544096667/ARUN NAIR/P2P,UPI/CR/849544096667/ARUN NAIR/P2P,75000,75000,2026-07-07,2026-02-18,REF51420,REF51420,,,rent@upi,EMI Payment,AmazonPay,Matched
PAYMENT TO SBI VIA Cred,PAYMENT TO SBI VIA Cred,3000,3000,2026-11-09,2026-12-11,REF99046,REF99046,,,user@paytm,Subscription,AmazonPay,Matched
EMI PAYMENT AXIS REF:367593539521,EMI PAYMENT AXIS REF:367593539521,1999,1999.1,2026-01-27,2026-01-27,REF61597,REF63301,,,rent@upi,Subscription,AmazonPay,Partial Match
UPI P2M VODAFONE 492990680459,UPI FAILED 963339976670,950,0,2026-01-13,2026-06-11,REF39671,REF39671,CHQ9139,CHQ9139,user@axl,EMI Payment,BHIM,UPI Failed
UPI/CR/397788580025/SUNIL VERMA/Rent Payment,UPI REVERSAL 287067335316,9999,-9999,2026-05-04,2026-05-04,REF39459,REF39459,,,bill@paytm,P2M,Paytm,UPI Reversed
UPI/CR/111321172493/SNEHA SINGH/P2P,UPI REVERSAL 813114688937,1200,-1200,2026-07-10,2026-07-10,REF51582,REF51582,,,xyz456@ybl,Bill Payment,Paytm,UPI Reversed
Cred UPI TRANSFER RAJESH YADAV REF:961101357221,Cred UPI TRANSFER RAJESH YADAV REF:961101357221,3000,3000,2026-05-16,2026-05-16,REF64745,REF64745,,,rent@upi,Mobile Recharge,Paytm,Matched
UPI/GPay/152179654903/SNEHA SINGH/Subscription,UPI FAILED 644936450663,100000,0,2026-11-19,2026-11-19,REF67194,REF67194,,,merchant@payu,P2P,PhonePe,UPI Failed
PAYMENT TO HOTSTAR VIA Mobikwik,UPI FAILED 202562894950,9999,0,2026-04-28,2026-04-28,REF60193,REF60193,CHQ8284,CHQ8284,abc123@paytm,Bill Payment,Paytm,UPI Failed
Cred UPI TRANSFER ANITA DEVI REF:352634581731,Cred UPI TRANSFER ANITA DEVI REF:352634581731,9999,9999,2026-04-21,2026-04-03,REF69513,REF69513,,,user@federal,Rent Payment,Cred,Matched
RECHARGE VI REF:615495863575,RECHARGE VI REF:615495863575,1300,1300,2026-10-09,2026-10-09,REF55302,REF55302,,,merchant@payu,Bill Payment,BHIM,Matched
UPI P2M PRIME VIDEO 300545368914,UPI P2M PRIME VIDEO 300545368914,1750,1750,2026-05-01,2026-05-01,REF54631,REF54631,,,user@paytm,P2M,Cred,Matched
UPI P2P LATA MISHRA 638436038478,,5000,0,2026-09-16,2026-06-14,REF41096,,,,user@ibl,Merchant Payment,AmazonPay,Unmatched
IMPS/966540934517/KIRAN SINGH/EMI Payment,,25000,0,2026-12-04,2026-12-04,REF65405,,,,bill@paytm,Salary Transfer,AmazonPay,Unmatched
SUBSCRIPTION SPOTIFY REF:821997325530,SUBSCRIPTION SPOTIFY REF:821997325530,350,350,2026-12-25,2026-12-25,REF23898,REF23898,,,user@ybl,Insurance Premium,Cred,Matched
IMPS/889858410017/MEERA JOSHI/Insurance Premium,,2500,0,2026-08-09,2026-08-09,REF97011,,,,user@oksbi,Bill Payment,PhonePe,Unmatched
Mobikwik UPI TRANSFER PRIYA PATEL REF:426248848530,UPI PENDING SETTLEMENT 567819240996,1750,1750,2026-05-04,2026-11-28,REF32809,REF32809,CHQ1291,CHQ1291,bill@paytm,Subscription,GPay,Pending Settlement
PhonePe UPI TRANSFER RAHUL SHARMA REF:824282905552,PhonePe UPI TRANSFER RAHUL SHARMA REF:824282905552,200,200.05,2026-03-25,2026-03-25,REF83559,REF83559,,,merchant@razorpay,P2P,Paytm,Partial Match
RECEIVED FROM MEERA JOSHI VIA GPay,RECEIVED FROM MEERA JOSHI VIA GPay,350,350,2026-12-10,2026-12-10,REF63754,REF63754,,,user@axl,Mobile Recharge,GPay,Matched
BILL PAYMENT ELECTRICITY REF:585491288630,,75000,0,2026-08-13,2026-08-13,REF58181,,,,rent@upi,EMI Payment,Paytm,Unmatched
SUBSCRIPTION AMAZON PRIME REF:548644147279,SUBSCRIPTION AMAZON PRIME REF:548644147279,1750,1751.0,2026-01-22,2026-01-22,REF34251,REF34251,,,user@ibl,Bill Payment,PhonePe,Partial Match
NEFT/628640546755/DEEPA KAPOOR/Mobile Recharge,NEFT/628640546755/DEEPA KAPOOR/Mobile Recharge,1999,1998.99,2026-03-19,2026-03-19,REF86703,REF86703,,,merchant@payu,Subscription,PhonePe,Partial Match
GPay UPI TRANSFER ARUN KUMAR REF:145872394279,GPay UPI TRANSFER ARUN KUMAR REF:145872394279,20000,20000,2026-05-01,2026-05-01,REF37841,REF37841,,,pay@oksbi,P2M,AmazonPay,Duplicate
PAYMENT TO DMART VIA Paytm,UPI PENDING SETTLEMENT 331164635164,25000,25000,2026-05-13,2026-10-21,REF97845,REF97845,CHQ5657,CHQ5657,user@axl,Merchant Payment,PhonePe,Pending Settlement
PAYMENT TO AXIS BANK VIA PhonePe,PAYMENT TO AXIS BANK VIA PhonePe,7500,7500,2026-04-06,2026-04-06,REF21872,REF18984,,,merchant@ccavenue,Rent Payment,Mobikwik,Matched
BILL PAYMENT WATER REF:952610729944,BILL PAYMENT WATER REF:952610729944,75000,75000,2026-04-14,2026-04-14,REF22867,REF60868,,,store@okaxis,Rent Payment,AmazonPay,Matched
UPI P2P SUNIL VERMA 331795630889,UPI P2P SUNIL VERMA 331795630889,1499,1499,2026-04-11,2026-04-11,REF61371,REF61371,,,shop@okicici,Rent Payment,Cred,Matched
UPI/CR/604538737661/PRIYA PATEL/Salary Transfer,,550,0,2026-01-02,2026-01-02,REF29078,,,,user@okhdfcbank,Mobile Recharge,Mobikwik,Unmatched
PAYMENT TO CROMA VIA Paytm,PAYMENT TO CROMA VIA Paytm,25000,25000,2026-10-21,2026-10-21,REF74354,REF74354,CHQ3446,CHQ3446,user@ybl,Rent Payment,Mobikwik,Matched
PAYMENT TO SWIGGY VIA Cred,PAYMENT TO SWIGGY VIA Cred,1100,1100,2026-10-27,2026-10-27,REF66228,REF40911,CHQ4723,CHQ4723,bill@paytm,Subscription,PhonePe,Matched
UPI P2M AXIS BANK 193569932012,,100,0,2026-04-11,2026-04-11,REF14483,REF75382,CHQ1214,,xyz456@ybl,P2M,Mobikwik,Unmatched
RECHARGE AIRTEL REF:122570262225,RECHARGE AIRTEL REF:122570262225,2000,2000,2026-07-07,2026-07-07,REF73345,REF73345,CHQ7715,CHQ7715,merchant@razorpay,EMI Payment,GPay,Matched
NEFT/578705295142/KIRAN SINGH/Salary Transfer,UPI FAILED 719569392881,15000,0,2026-01-03,2026-01-03,REF61484,REF61484,,,salary@bank,Salary Transfer,PhonePe,UPI Failed
UPI P2P SUNIL VERMA 212182599278,UPI P2P SUNIL VERMA 212182599278,1750,1750,2026-06-28,2026-06-28,REF92832,REF92832,,,user@oksbi,P2P,GPay,Matched
UPI P2M BAJAJ FINSERV 301209033747,,999,0,2026-11-12,2026-11-12,REF62531,,,,merchant@ccavenue,Mobile Recharge,AmazonPay,Unmatched
UPI/DR/307199462239/KAVITA REDDY/Bill Payment,UPI/DR/307199462239/KAVITA REDDY/Bill Payment,1000,1000,2026-07-12,2026-07-12,REF86354,REF86354,,,pay@oksbi,Salary Transfer,Mobikwik,Matched
IMPS/588229007369/ARUN NAIR/Insurance Premium,IMPS/588229007369/ARUN NAIR/Insurance Premium,14999,14999,2026-07-22,2026-07-22,REF81475,REF81475,,,merchant@payu,Salary Transfer,BHIM,Matched
UPI/CR/847721062860/RAVI TEJA/Rent Payment,UPI/CR/847721062860/RAVI TEJA/Rent Payment,1500,1500,2026-03-04,2026-03-04,REF81605,REF81605,CHQ3997,CHQ3997,merchant@payu,Salary Transfer,GPay,Matched
NEFT/149255453338/MEERA JOSHI/P2M,NEFT/149255453338/MEERA JOSHI/P2M,2500,2500,2026-12-09,2026-09-21,REF48272,REF48272,CHQ4006,CHQ4006,user@oksbi,P2P,Paytm,Matched
UPI/DR/704897025438/KIRAN SINGH/P2P,UPI REVERSAL 509072203162,3000,-3000,2026-04-25,2026-08-07,REF38037,REF38037,,,bill@paytm,EMI Payment,GPay,UPI Reversed
IMPS/788434537587/GEETA AGRAWAL/Salary Transfer,IMPS/788434537587/GEETA AGRAWAL/Salary Transfer,14999,14999,2026-05-14,2026-05-14,REF22520,REF22520,,,pay@oksbi,Rent Payment,Mobikwik,Matched
RECEIVED FROM ARUN NAIR VIA GPay,RECEIVED FROM ARUN NAIR VIA GPay,1200,1200,2026-03-21,2026-03-21,REF86971,REF86971,CHQ3693,CHQ3693,user@apl,Subscription,GPay,Matched
UPI/CR/582607433146/SURESH PANDIT/Merchant Payment,,3999,0,2026-12-01,2026-12-01,REF94010,,,,merchant@payu,Bill Payment,Mobikwik,Unmatched
EMI PAYMENT HDFC REF:861104365915,EMI PAYMENT HDFC REF:861104365915,3000,3005.0,2026-05-20,2026-03-05,REF40906,REF40906,,,user@okhdfcbank,Merchant Payment,Mobikwik,Partial Match
UPI P2P NEHA CHOPRA 211995704053,UPI P2P NEHA CHOPRA 211995704053,950,950,2026-06-20,2026-01-18,REF39694,REF45432,,,user@oksbi,Mobile Recharge,Cred,Matched
INSURANCE PREMIUM ICICI PRUDENTIAL REF:993266868288,INSURANCE PREMIUM ICICI PRUDENTIAL REF:993266868288,499,499,2026-12-01,2026-12-01,REF73031,REF73031,,,merchant@razorpay,Mobile Recharge,AmazonPay,Matched
NEFT/768557699797/SURESH PANDIT/Salary Transfer,UPI PENDING SETTLEMENT 844429077592,850,850,2026-10-10,2026-06-05,REF20803,REF20803,,,abc123@paytm,P2P,Mobikwik,Pending Settlement
IMPS/427861004670/SURESH PANDIT/EMI Payment,IMPS/427861004670/SURESH PANDIT/EMI Payment,650,649.0,2026-08-25,2026-08-25,REF55194,REF55194,,,xyz456@ybl,Bill Payment,Mobikwik,Partial Match
NEFT/893525866018/ARUN NAIR/EMI Payment,NEFT/893525866018/ARUN NAIR/EMI Payment,999,999,2026-11-23,2026-11-23,REF23116,REF23116,,,bill@paytm,EMI Payment,PhonePe,Matched
UPI/DR/569610599417/GEETA AGRAWAL/Salary Transfer,UPI PENDING SETTLEMENT 795664343168,1750,1750,2026-05-13,2026-09-05,REF59117,REF59117,CHQ4385,CHQ4385,merchant@payu,Rent Payment,BHIM,Pending Settlement
UPI/CR/867970816271/SURESH PANDIT/Bill Payment,UPI FAILED 688202541439,250,0,2026-09-16,2026-09-16,REF50828,REF50828,,,shop@okicici,EMI Payment,Cred,UPI Failed
UPI/DR/833307725655/MEERA JOSHI/EMI Payment,UPI REVERSAL 515068316016,50000,-50000,2026-03-06,2026-03-06,REF12469,REF12469,,,store@okaxis,Insurance Premium,Paytm,UPI Reversed
UPI P2M VODAFONE 297775904663,UPI P2M VODAFONE 297775904663,9999,10004.0,2026-08-05,2026-08-05,REF67889,REF67889,,,store@okaxis,Salary Transfer,BHIM,Partial Match
INSURANCE PREMIUM BAJAJ ALLIANZ REF:921431592088,INSURANCE PREMIUM BAJAJ ALLIANZ REF:921431592088,2000,2000,2026-08-05,2026-08-05,REF63553,REF63553,CHQ1106,CHQ1106,bill@paytm,Merchant Payment,Mobikwik,Matched
INSURANCE PREMIUM BAJAJ ALLIANZ REF:944396746115,UPI REVERSAL 660450154204,999,-999,2026-01-09,2026-01-09,REF32086,REF32086,,,salary@bank,Rent Payment,BHIM,UPI Reversed
SUBSCRIPTION AMAZON PRIME REF:860872713392,SUBSCRIPTION AMAZON PRIME REF:860872713392,1100,1100,2026-03-13,2026-03-12,REF84644,REF80038,,,pay@oksbi,Subscription,Mobikwik,Duplicate
UPI P2P GEETA AGRAWAL 473037441385,UPI P2P GEETA AGRAWAL 473037441385,500,499.99,2026-10-20,2026-10-20,REF55270,REF55270,,,abc123@paytm,Bill Payment,GPay,Partial Match
RECEIVED FROM DEEPA KAPOOR VIA Mobikwik,RECEIVED FROM DEEPA KAPOOR VIA Mobikwik,1200,1200,2026-10-04,2026-10-04,REF74599,REF74599,,,shop@okicici,Salary Transfer,BHIM,Matched
BILL PAYMENT WATER REF:514083506877,BILL PAYMENT WATER REF:514083506877,650,649.0,2026-02-26,2026-02-26,REF42313,REF42313,,,salary@bank,EMI Payment,Mobikwik,Partial Match
UPI/DR/436283425051/AMIT KUMAR/P2P,UPI/DR/436283425051/AMIT KUMAR/P2P,499,499,2026-11-23,2026-11-23,REF88039,REF88039,,,user@ibl,Rent Payment,BHIM,Duplicate
SUBSCRIPTION NETFLIX REF:449732414004,SUBSCRIPTION NETFLIX REF:449732414004,9999,9999,2026-12-08,2026-01-15,REF81141,REF81141,CHQ2170,CHQ2170,bill@paytm,Insurance Premium,GPay,Matched
BILL PAYMENT INTERNET REF:937740336950,BILL PAYMENT INTERNET REF:937740336950,1499,1499,2026-03-23,2026-03-23,REF20597,REF20597,,,xyz456@ybl,Insurance Premium,GPay,Matched
UPI P2P RAHUL SHARMA 649232041334,UPI P2P RAHUL SHARMA 649232041334,1499,1498.95,2026-11-05,2026-11-05,REF64834,REF25940,CHQ7543,CHQ7543,user@paytm,Subscription,Mobikwik,Partial Match
PAYMENT TO FLIPKART VIA Mobikwik,,15000,0,2026-12-09,2026-12-09,REF55767,,,,user@ibl,P2P,Cred,Unmatched
BILL PAYMENT GAS REF:981729097833,,2000,0,2026-01-16,2026-01-16,REF64191,,CHQ5069,,abc123@paytm,Subscription,GPay,Unmatched
RECEIVED FROM LATA MISHRA VIA BHIM,UPI PENDING SETTLEMENT 844343082525,2500,2500,2026-02-10,2026-05-16,REF52676,REF92096,CHQ9430,CHQ9430,user@okhdfcbank,Subscription,Cred,Pending Settlement
Paytm UPI TRANSFER LATA MISHRA REF:347786667696,Paytm UPI TRANSFER LATA MISHRA REF:347786667696,25000,24999.99,2026-11-04,2026-11-04,REF57975,REF57975,,,store@okaxis,P2P,GPay,Partial Match
UPI/DR/206774563518/LATA MISHRA/Salary Transfer,UPI/DR/206774563518/LATA MISHRA/Salary Transfer,750,750,2026-04-04,2026-04-04,REF78369,REF78369,,,user@ybl,P2M,BHIM,Matched
UPI P2M ICICI BANK 826220456193,UPI P2M ICICI BANK 826220456193,20000,20000,2026-08-01,2026-08-01,REF90366,REF90366,,,abc123@paytm,Salary Transfer,Mobikwik,Matched
INSURANCE PREMIUM BAJAJ ALLIANZ REF:814356295115,UPI FAILED 654100537209,1500,0,2026-11-11,2026-11-11,REF50187,REF50187,CHQ7980,CHQ7980,pay@oksbi,Insurance Premium,PhonePe,UPI Failed
UPI P2P KIRAN SINGH 351259192980,UPI REVERSAL 343061600407,650,-650,2026-04-20,2026-04-20,REF81506,REF81506,CHQ5715,CHQ5715,pay@oksbi,P2P,BHIM,UPI Reversed
UPI P2P NEHA CHOPRA 496384180900,UPI P2P NEHA CHOPRA 496384180900,1300,1300,2026-01-25,2026-05-07,REF75847,REF73604,CHQ6253,CHQ6253,bill@paytm,Merchant Payment,BHIM,Matched
UPI/BHIM/274201748369/KIRAN SINGH/Subscription,,750,0,2026-01-27,2026-01-27,REF56661,,,,salary@bank,Merchant Payment,AmazonPay,Unmatched
IMPS/652448563673/SUNIL VERMA/Insurance Premium,IMPS/652448563673/SUNIL VERMA/Insurance Premium,2500,2495.0,2026-09-11,2026-09-11,REF75880,REF75880,,,abc123@paytm,Insurance Premium,Paytm,Partial Match
PAYMENT TO LIC VIA BHIM,,75000,0,2026-08-27,2026-08-27,REF19744,,CHQ8201,,user@paytm,P2P,GPay,Unmatched
UPI/DR/159698650112/MEERA JOSHI/EMI Payment,UPI/DR/159698650112/MEERA JOSHI/EMI Payment,15000,15001.0,2026-03-09,2026-04-14,REF91841,REF76143,,,user@ybl,P2P,PhonePe,Partial Match
NEFT/807466507191/NEHA CHOPRA/Rent Payment,UPI FAILED 328134488197,3000,0,2026-08-01,2026-08-01,REF20942,REF20942,,,merchant@razorpay,P2M,BHIM,UPI Failed
BILL PAYMENT MOBILE REF:368612931761,UPI REVERSAL 312394302096,499,-499,2026-10-10,2026-10-10,REF89927,REF89927,,,user@paytm,Subscription,Mobikwik,UPI Reversed
SUBSCRIPTION APPLE ICLOUD REF:132442652022,SUBSCRIPTION APPLE ICLOUD REF:132442652022,10000,10000,2026-03-17,2026-05-05,REF74122,REF42208,CHQ5351,CHQ5351,user@ybl,EMI Payment,GPay,Matched
UPI/DR/743452611841/RAHUL SHARMA/Bill Payment,UPI/DR/743452611841/RAHUL SHARMA/Bill Payment,1300,1300,2026-04-12,2026-04-12,REF11620,REF95472,,,salary@bank,Merchant Payment,Paytm,Matched
BILL PAYMENT MOBILE REF:278869873993,UPI REVERSAL 254855357686,2000,-2000,2026-12-06,2026-12-06,REF76488,REF76488,,,user@okhdfcbank,Bill Payment,AmazonPay,UPI Reversed
EMI PAYMENT HDFC REF:328364187325,UPI FAILED 102832226069,3000,0,2026-03-15,2026-03-15,REF65112,REF69084,,,shop@okicici,Subscription,GPay,UPI Failed
INSURANCE PREMIUM LIC REF:545380167455,UPI PENDING SETTLEMENT 195549137158,550,550,2026-11-19,2026-03-18,REF90184,REF90184,,,user@oksbi,P2M,AmazonPay,Pending Settlement
SUBSCRIPTION SPOTIFY REF:103747174986,SUBSCRIPTION SPOTIFY REF:103747174986,1300,1300.5,2026-05-17,2026-05-17,REF88116,REF88116,CHQ5600,CHQ5600,user@federal,EMI Payment,GPay,Partial Match
UPI P2P MEERA JOSHI 171540654274,UPI P2P MEERA JOSHI 171540654274,1999,1999,2026-06-24,2026-06-24,REF18246,REF18246,,,user@ibl,Insurance Premium,Cred,Matched
UPI P2P GEETA AGRAWAL 924036123866,UPI P2P GEETA AGRAWAL 924036123866,2500,2495.0,2026-09-18,2026-09-18,REF13043,REF13043,,,pay@oksbi,Mobile Recharge,Mobikwik,Partial Match
RECHARGE JIO REF:599602118442,UPI FAILED 190580335275,1499,0,2026-09-20,2026-08-27,REF69537,REF69537,,,shop@okicici,Bill Payment,GPay,UPI Failed
RECEIVED FROM DEEPA KAPOOR VIA Cred,RECEIVED FROM DEEPA KAPOOR VIA Cred,1200,1200,2026-11-15,2026-11-15,REF30740,REF30740,,,merchant@payu,Bill Payment,AmazonPay,Matched
UPI P2P RAHUL SHARMA 230330168721,UPI REVERSAL 828181478755,20000,-20000,2026-01-17,2026-01-17,REF80891,REF80891,CHQ5258,CHQ5258,pay@oksbi,Merchant Payment,Mobikwik,UPI Reversed
NEFT/114734192578/SNEHA SINGH/Subscription,,200,0,2026-12-17,2026-12-17,REF45066,,,,merchant@ccavenue,Salary Transfer,Cred,Unmatched
INSURANCE PREMIUM BAJAJ ALLIANZ REF:670514845956,INSURANCE PREMIUM BAJAJ ALLIANZ REF:670514845956,50000,49999.9,2026-09-09,2026-09-09,REF66522,REF66522,,,merchant@payu,Salary Transfer,BHIM,Partial Match
UPI/CR/827807084118/RAHUL SHARMA/P2M,UPI REVERSAL 903170728226,150,-150,2026-01-19,2026-02-16,REF35036,REF35036,,,user@apl,EMI Payment,Cred,UPI Reversed
INSURANCE PREMIUM STAR HEALTH REF:776966485745,INSURANCE PREMIUM STAR HEALTH REF:776966485745,500,500,2026-02-26,2026-02-26,REF60966,REF60966,CHQ6250,CHQ6250,user@ibl,EMI Payment,Paytm,Matched
EMI PAYMENT SBI REF:252355886277,,1100,0,2026-02-13,2026-11-11,REF80121,REF36344,,,user@paytm,P2M,Paytm,Unmatched
UPI/CR/841971957589/ANITA DEVI/Bill Payment,UPI FAILED 254521034452,850,0,2026-02-24,2026-02-24,REF92497,REF32687,CHQ6899,CHQ6899,pay@oksbi,EMI Payment,Paytm,UPI Failed
INSURANCE PREMIUM LIC REF:436401305637,UPI PENDING SETTLEMENT 664087688885,75000,75000,2026-09-13,2026-09-07,REF84196,REF84196,CHQ4537,CHQ4537,user@ibl,Insurance Premium,AmazonPay,Pending Settlement
SUBSCRIPTION AMAZON PRIME REF:545320000127,SUBSCRIPTION AMAZON PRIME REF:545320000127,5000,5000,2026-12-07,2026-12-19,REF26185,REF26185,,,user@oksbi,Mobile Recharge,Mobikwik,Matched
NEFT/463697983389/SNEHA SINGH/Salary Transfer,NEFT/463697983389/SNEHA SINGH/Salary Transfer,2500,2500,2026-08-07,2026-08-07,REF70133,REF70133,CHQ1383,CHQ1383,salary@bank,Bill Payment,AmazonPay,Matched
UPI/AmazonPay/229992014471/RAHUL SHARMA/Salary Transfer,UPI REVERSAL 241644908121,850,-850,2026-08-01,2026-08-01,REF78867,REF78867,CHQ7532,CHQ7532,merchant@razorpay,Rent Payment,PhonePe,UPI Reversed
IMPS/130289854224/LATA MISHRA/Rent Payment,UPI PENDING SETTLEMENT 173692297481,200,200,2026-03-23,2026-02-26,REF62457,REF62457,,,abc123@paytm,Insurance Premium,BHIM,Pending Settlement
UPI/CR/628081529828/MEERA JOSHI/Insurance Premium,UPI/CR/628081529828/MEERA JOSHI/Insurance Premium,1500,1500,2026-09-28,2026-09-28,REF46838,REF46838,,,merchant@payu,Salary Transfer,AmazonPay,Matched
IMPS/741718464273/ARUN NAIR/Insurance Premium,UPI REVERSAL 452537455493,200,-200,2026-11-12,2026-11-12,REF59666,REF59666,,,salary@bank,Insurance Premium,Mobikwik,UPI Reversed
UPI/Cred/600562069850/RAJESH YADAV/Bill Payment,UPI/Cred/600562069850/RAJESH YADAV/Bill Payment,2000,2000,2026-02-11,2026-02-11,REF74497,REF74497,,,user@paytm,Rent Payment,PhonePe,Matched
INSURANCE PREMIUM LIC REF:515408612351,UPI REVERSAL 672495493871,4999,-4999,2026-09-27,2026-09-27,REF26879,REF63270,,,merchant@ccavenue,Bill Payment,BHIM,UPI Reversed
RECEIVED FROM DEEPA KAPOOR VIA Paytm,UPI PENDING SETTLEMENT 364798542965,3999,3999,2026-07-12,2026-12-01,REF30908,REF30908,,,shop@okicici,Salary Transfer,AmazonPay,Pending Settlement
IMPS/804970220542/KIRAN SINGH/Salary Transfer,IMPS/804970220542/KIRAN SINGH/Salary Transfer,3999,3999,2026-01-19,2026-01-19,REF18933,REF18814,,,rent@upi,Bill Payment,Cred,Matched
BILL PAYMENT ELECTRICITY REF:821861457980,UPI FAILED 122422180071,50000,0,2026-08-22,2026-08-22,REF98518,REF98518,,,salary@bank,P2P,Mobikwik,UPI Failed
RECEIVED FROM ANITA DEVI VIA PhonePe,,2250,0,2026-11-28,2026-11-28,REF99454,,,,user@ibl,Insurance Premium,PhonePe,Unmatched
SUBSCRIPTION AMAZON PRIME REF:254327581261,SUBSCRIPTION AMAZON PRIME REF:254327581261,1200,1200.1,2026-06-26,2026-06-26,REF19807,REF19807,,,shop@okicici,Rent Payment,BHIM,Partial Match
UPI P2M TATACLIQ 404926907902,,5000,0,2026-11-02,2026-11-02,REF27710,,CHQ1685,,xyz456@ybl,EMI Payment,GPay,Unmatched
PAYMENT TO BAJAJ FINSERV VIA Paytm,PAYMENT TO BAJAJ FINSERV VIA Paytm,1300,1300,2026-10-17,2026-11-01,REF96130,REF96130,CHQ5768,CHQ5768,merchant@ccavenue,Bill Payment,Paytm,Matched
UPI P2M LIC 956868429538,UPI P2M LIC 956868429538,850,850,2026-01-08,2026-01-08,REF14842,REF75685,,,merchant@ccavenue,Salary Transfer,Cred,Matched
IMPS/998216230824/ARUN KUMAR/Mobile Recharge,,25000,0,2026-04-28,2026-04-28,REF42475,,,,user@apl,Subscription,PhonePe,Unmatched
UPI P2M AXIS BANK 766225269780,UPI PENDING SETTLEMENT 524688540788,1000,1000,2026-09-15,2026-11-19,REF98511,REF36293,,,user@okhdfcbank,P2P,Paytm,Pending Settlement
UPI P2P VIKAS GUPTA 634215999560,UPI P2P VIKAS GUPTA 634215999560,5000,5000,2026-11-15,2026-11-15,REF25532,REF25532,CHQ2038,CHQ2038,xyz456@ybl,Mobile Recharge,AmazonPay,Duplicate
RECHARGE BSNL REF:922234074948,UPI PENDING SETTLEMENT 628168990083,150,150,2026-10-01,2026-12-01,REF75606,REF75606,,,user@oksbi,Rent Payment,AmazonPay,Pending Settlement
RECEIVED FROM PRIYA PATEL VIA PhonePe,UPI PENDING SETTLEMENT 551278306488,5000,5000,2026-01-03,2026-01-21,REF39336,REF28300,,,bill@paytm,Salary Transfer,PhonePe,Pending Settlement
SUBSCRIPTION APPLE ICLOUD REF:756840371550,,100,0,2026-03-26,2026-03-26,REF36706,,,,merchant@razorpay,Mobile Recharge,GPay,Unmatched
RECHARGE AIRTEL REF:242326416971,RECHARGE AIRTEL REF:242326416971,4999,4999,2026-11-17,2026-11-17,REF76025,REF76025,CHQ5106,CHQ5106,user@paytm,Merchant Payment,AmazonPay,Matched
SUBSCRIPTION NETFLIX REF:607557292766,SUBSCRIPTION NETFLIX REF:607557292766,1100,1100,2026-12-28,2026-12-28,REF91467,REF91467,,,pay@oksbi,Merchant Payment,Mobikwik,Matched
UPI P2P LATA MISHRA 732278709013,UPI P2P LATA MISHRA 732278709013,650,651.0,2026-09-09,2026-09-09,REF90353,REF90353,,,user@paytm,Subscription,Mobikwik,Partial Match
Mobikwik UPI TRANSFER RAVI TEJA REF:229822198395,UPI PENDING SETTLEMENT 914147722555,100000,100000,2026-06-15,2026-06-09,REF41178,REF41178,,,merchant@razorpay,Bill Payment,BHIM,Pending Settlement
INSURANCE PREMIUM SBI LIFE REF:555575822364,INSURANCE PREMIUM SBI LIFE REF:555575822364,19999,19999,2026-05-20,2026-05-20,REF49209,REF49209,,,merchant@razorpay,Mobile Recharge,PhonePe,Matched
UPI/DR/281909592174/GEETA AGRAWAL/Rent Payment,UPI REVERSAL 822535895753,20000,-20000,2026-02-21,2026-02-21,REF81863,REF81863,CHQ7287,CHQ7287,user@federal,Mobile Recharge,Cred,UPI Reversed
EMI PAYMENT SBI REF:998383407590,EMI PAYMENT SBI REF:998383407590,1200,1200,2026-03-16,2026-03-16,REF10235,REF10235,CHQ9012,CHQ9012,merchant@ccavenue,P2P,Mobikwik,Matched
IMPS/168318875754/PRIYA PATEL/P2P,UPI REVERSAL 946591130050,500,-500,2026-01-19,2026-01-19,REF32733,REF10481,CHQ3757,CHQ3757,rent@upi,Rent Payment,BHIM,UPI Reversed
UPI P2P KIRAN SINGH 212915912401,,75000,0,2026-03-20,2026-03-20,REF56541,,CHQ7006,,pay@oksbi,P2P,AmazonPay,Unmatched
Cred UPI TRANSFER ANITA DEVI REF:448275704642,,15000,0,2026-08-03,2026-08-03,REF59130,,CHQ8898,,xyz456@ybl,Bill Payment,PhonePe,Unmatched
UPI/BHIM/422112168139/PRIYA PATEL/Merchant Payment,UPI/BHIM/422112168139/PRIYA PATEL/Merchant Payment,200,200,2026-10-01,2026-10-01,REF11906,REF11906,,,user@oksbi,P2P,GPay,Matched
UPI/DR/587923317254/RAHUL SHARMA/Mobile Recharge,,1200,0,2026-10-07,2026-10-07,REF55660,,,,user@ibl,Merchant Payment,PhonePe,Unmatched
UPI P2P SNEHA SINGH 411384535957,UPI P2P SNEHA SINGH 411384535957,19999,19999,2026-09-04,2026-09-04,REF57487,REF57487,,,user@apl,Salary Transfer,Cred,Matched
UPI/DR/346212499673/SURESH PANDIT/EMI Payment,UPI/DR/346212499673/SURESH PANDIT/EMI Payment,2250,2250,2026-07-18,2026-07-18,REF49608,REF49608,,,shop@okicici,Merchant Payment,Cred,Duplicate
UPI P2M TATACLIQ 985257598853,UPI FAILED 393370169115,3999,0,2026-06-19,2026-06-19,REF40017,REF40017,,,user@federal,EMI Payment,Paytm,UPI Failed
UPI P2M RELIANCE RETAIL 852634553588,UPI P2M RELIANCE RETAIL 852634553588,950,950.1,2026-02-27,2026-11-16,REF15627,REF64886,,,pay@oksbi,Salary Transfer,AmazonPay,Partial Match
RECEIVED FROM ANITA DEVI VIA Paytm,RECEIVED FROM ANITA DEVI VIA Paytm,2999,2998.5,2026-09-02,2026-09-02,REF50218,REF50218,,,user@federal,Rent Payment,GPay,Partial Match
SUBSCRIPTION SPOTIFY REF:959478997594,SUBSCRIPTION SPOTIFY REF:959478997594,2000,2000,2026-02-10,2026-02-10,REF76364,REF76364,,,store@okaxis,Mobile Recharge,PhonePe,Duplicate
UPI/CR/795447583405/VIKAS GUPTA/Bill Payment,UPI/CR/795447583405/VIKAS GUPTA/Bill Payment,1100,1101.0,2026-11-12,2026-11-12,REF49531,REF49531,,,user@oksbi,Salary Transfer,Cred,Partial Match
INSURANCE PREMIUM ICICI PRUDENTIAL REF:390898880330,UPI PENDING SETTLEMENT 809175273987,3000,3000,2026-06-10,2026-06-11,REF93798,REF15443,CHQ7623,CHQ7623,user@oksbi,P2M,GPay,Pending Settlement
EMI PAYMENT HDFC REF:691765730480,EMI PAYMENT HDFC REF:691765730480,150,150,2026-08-18,2026-08-18,REF70981,REF70981,CHQ1994,CHQ1994,merchant@ccavenue,P2M,GPay,Duplicate
GPay UPI TRANSFER AMIT KUMAR REF:801406466393,UPI PENDING SETTLEMENT 171114068406,10000,10000,2026-03-18,2026-06-14,REF71899,REF71899,,,user@ybl,Subscription,AmazonPay,Pending Settlement
UPI P2P SNEHA SINGH 456280323701,UPI FAILED 850012459622,200,0,2026-02-13,2026-02-13,REF93612,REF61281,,,user@apl,P2M,BHIM,UPI Failed
UPI/DR/130003469968/MEERA JOSHI/EMI Payment,UPI/DR/130003469968/MEERA JOSHI/EMI Payment,7500,7500,2026-06-01,2026-06-01,REF91103,REF91103,,,rent@upi,Bill Payment,GPay,Matched
AmazonPay UPI TRANSFER LATA MISHRA REF:316491811526,AmazonPay UPI TRANSFER LATA MISHRA REF:316491811526,1500,1500,2026-10-26,2026-10-26,REF18756,REF18756,,,merchant@razorpay,P2M,BHIM,Matched
GPay UPI TRANSFER RAJESH YADAV REF:238761583588,,1500,0,2026-06-10,2026-06-10,REF27882,,,,user@apl,Salary Transfer,Cred,Unmatched
UPI/CR/225165543218/ARUN NAIR/P2P,UPI FAILED 359802359750,7500,0,2026-07-01,2026-07-01,REF28628,REF33491,,,user@oksbi,Insurance Premium,GPay,UPI Failed
SUBSCRIPTION AMAZON PRIME REF:156636460960,SUBSCRIPTION AMAZON PRIME REF:156636460960,19999,19999,2026-09-14,2026-09-14,REF85085,REF85085,,,xyz456@ybl,Subscription,Paytm,Matched
UPI P2M STAR HEALTH 734310947512,UPI P2M STAR HEALTH 734310947512,950,950,2026-08-13,2026-08-13,REF20520,REF20520,,,merchant@ccavenue,Mobile Recharge,Mobikwik,Duplicate
IMPS/125001395544/AMIT KUMAR/Insurance Premium,UPI PENDING SETTLEMENT 224007449207,9999,9999,2026-06-10,2026-07-04,REF22829,REF22829,,,merchant@razorpay,Rent Payment,Paytm,Pending Settlement
INSURANCE PREMIUM BAJAJ ALLIANZ REF:979799913526,INSURANCE PREMIUM BAJAJ ALLIANZ REF:979799913526,2500,2500,2026-06-03,2026-06-03,REF35260,REF35260,,,user@paytm,EMI Payment,Paytm,Matched
UPI/DR/666373635834/KAVITA REDDY/Bill Payment,UPI/DR/666373635834/KAVITA REDDY/Bill Payment,50000,50000,2026-04-02,2026-11-23,REF69069,REF69069,,,merchant@payu,P2P,AmazonPay,Matched
PAYMENT TO JIO VIA AmazonPay,PAYMENT TO JIO VIA AmazonPay,2500,2499.0,2026-07-20,2026-07-20,REF84111,REF65013,,,user@axl,Mobile Recharge,PhonePe,Partial Match
UPI/Paytm/125327053996/GEETA AGRAWAL/Insurance Premium,UPI/Paytm/125327053996/GEETA AGRAWAL/Insurance Premium,450,450,2026-12-07,2026-12-07,REF38669,REF38669,CHQ5728,CHQ5728,rent@upi,P2P,GPay,Matched
UPI P2M VODAFONE 163566099215,UPI P2M VODAFONE 163566099215,1999,1999,2026-03-15,2026-03-15,REF22999,REF22999,,,user@federal,Insurance Premium,Mobikwik,Matched
UPI/Cred/719203365509/DEEPA KAPOOR/Mobile Recharge,UPI/Cred/719203365509/DEEPA KAPOOR/Mobile Recharge,1500,1500,2026-08-28,2026-08-28,REF66022,REF66022,CHQ6957,CHQ6957,user@ybl,Mobile Recharge,Paytm,Matched
EMI PAYMENT HDFC REF:198086191653,EMI PAYMENT HDFC REF:198086191653,2250,2249.9,2026-01-02,2026-01-02,REF91830,REF91830,,,salary@bank,Insurance Premium,PhonePe,Partial Match
UPI/CR/129107997115/RAHUL SHARMA/Bill Payment,UPI/CR/129107997115/RAHUL SHARMA/Bill Payment,4999,4999,2026-09-22,2026-09-22,REF52326,REF60277,,,xyz456@ybl,Subscription,Cred,Matched
IMPS/175520467373/PRIYA PATEL/P2M,UPI REVERSAL 805542771610,1200,-1200,2026-09-19,2026-09-19,REF91966,REF90439,,,merchant@ccavenue,Mobile Recharge,Mobikwik,UPI Reversed
UPI/DR/849265072825/AMIT KUMAR/EMI Payment,,999,0,2026-11-14,2026-11-14,REF81908,,,,salary@bank,P2P,Mobikwik,Unmatched
UPI/CR/308864336551/NEHA CHOPRA/Rent Payment,UPI REVERSAL 737052886528,5000,-5000,2026-02-04,2026-02-04,REF73940,REF61017,,,xyz456@ybl,P2M,Mobikwik,UPI Reversed
BILL PAYMENT INTERNET REF:737691669680,BILL PAYMENT INTERNET REF:737691669680,15000,15000,2026-11-08,2026-11-08,REF59007,REF59007,CHQ6819,CHQ6819,user@ybl,P2P,Paytm,Matched
UPI P2P SNEHA SINGH 131061525147,UPI P2P SNEHA SINGH 131061525147,1500,1499.99,2026-09-19,2026-12-09,REF86825,REF86825,CHQ5168,CHQ5168,user@ybl,Merchant Payment,AmazonPay,Partial Match
UPI/CR/655911344691/NEHA CHOPRA/Subscription,,1999,0,2026-06-17,2026-06-17,REF90522,,,,user@federal,EMI Payment,GPay,Unmatched
UPI/PhonePe/744696155163/GEETA AGRAWAL/Bill Payment,UPI/PhonePe/744696155163/GEETA AGRAWAL/Bill Payment,850,850,2026-01-16,2026-05-09,REF66366,REF66366,,,user@okhdfcbank,EMI Payment,BHIM,Matched
UPI/Cred/902496134207/VIKAS GUPTA/Salary Transfer,,50000,0,2026-11-02,2026-11-02,REF25778,,CHQ9542,,shop@okicici,Merchant Payment,Mobikwik,Unmatched
EMI PAYMENT HDFC REF:734848308852,UPI PENDING SETTLEMENT 876338998900,200,200,2026-03-28,2026-08-01,REF33447,REF33447,,,merchant@ccavenue,EMI Payment,Cred,Pending Settlement
NEFT/620195758948/LATA MISHRA/Rent Payment,NEFT/620195758948/LATA MISHRA/Rent Payment,20000,20000,2026-07-24,2026-07-24,REF82387,REF56950,CHQ3029,CHQ3029,salary@bank,Rent Payment,Paytm,Matched
INSURANCE PREMIUM SBI LIFE REF:638092735988,INSURANCE PREMIUM SBI LIFE REF:638092735988,100000,100000,2026-12-04,2026-12-04,REF90263,REF90263,,,merchant@payu,Salary Transfer,GPay,Matched
RECHARGE VI REF:385938657503,RECHARGE VI REF:385938657503,3000,3000,2026-01-12,2026-10-05,REF60446,REF60446,,,shop@okicici,Rent Payment,GPay,Matched
UPI/DR/158643532429/KIRAN SINGH/Bill Payment,,1750,0,2026-04-25,2026-04-25,REF35984,REF73309,,,user@okhdfcbank,Insurance Premium,PhonePe,Unmatched
UPI P2P SNEHA SINGH 301731262377,UPI P2P SNEHA SINGH 301731262377,1200,1200,2026-12-01,2026-12-01,REF13081,REF85784,,,store@okaxis,P2P,Paytm,Matched
IMPS/487800195142/GEETA AGRAWAL/Rent Payment,IMPS/487800195142/GEETA AGRAWAL/Rent Payment,14999,14999,2026-10-15,2026-10-15,REF98974,REF98974,CHQ2882,CHQ2882,user@ibl,Salary Transfer,AmazonPay,Matched
UPI/CR/929253334426/RAHUL SHARMA/Subscription,UPI/CR/929253334426/RAHUL SHARMA/Subscription,999,999.05,2026-02-10,2026-02-10,REF73360,REF24067,,,user@okhdfcbank,EMI Payment,Mobikwik,Partial Match
UPI/DR/855517997301/RAJESH YADAV/Salary Transfer,UPI FAILED 899440999203,150,0,2026-04-01,2026-09-14,REF91299,REF91299,,,salary@bank,Rent Payment,BHIM,UPI Failed
IMPS/220514662735/GEETA AGRAWAL/P2P,,550,0,2026-04-16,2026-04-16,REF88615,,,,shop@okicici,Rent Payment,PhonePe,Unmatched
INSURANCE PREMIUM BAJAJ ALLIANZ REF:163083675869,INSURANCE PREMIUM BAJAJ ALLIANZ REF:163083675869,2999,2999,2026-09-22,2026-09-22,REF38643,REF38643,,,merchant@ccavenue,Insurance Premium,BHIM,Matched
UPI/DR/457828465279/PRIYA PATEL/Insurance Premium,UPI/DR/457828465279/PRIYA PATEL/Insurance Premium,14999,14999,2026-08-07,2026-08-07,REF19750,REF19750,CHQ5056,CHQ5056,merchant@razorpay,Bill Payment,Cred,Matched
INSURANCE PREMIUM SBI LIFE REF:231740110621,INSURANCE PREMIUM SBI LIFE REF:231740110621,1200,1200,2026-03-01,2026-03-01,REF75413,REF20194,,,user@axl,Rent Payment,GPay,Matched
EMI PAYMENT HDFC REF:122931136921,EMI PAYMENT HDFC REF:122931136921,9999,9999,2026-06-18,2026-06-18,REF50545,REF50545,CHQ7341,CHQ7341,pay@oksbi,Bill Payment,Paytm,Matched
EMI PAYMENT SBI REF:823893827154,UPI FAILED 358431774077,1300,0,2026-07-06,2026-07-06,REF96727,REF96727,CHQ7305,CHQ7305,user@oksbi,Bill Payment,Cred,UPI Failed
UPI/DR/439915634486/NEHA CHOPRA/EMI Payment,UPI/DR/439915634486/NEHA CHOPRA/EMI Payment,1999,1999,2026-01-13,2026-01-13,REF37073,REF72851,,,salary@bank,Rent Payment,Mobikwik,Matched
RECEIVED FROM DEEPA KAPOOR VIA BHIM,UPI FAILED 780332876630,1000,0,2026-07-10,2026-07-10,REF40399,REF40399,,,rent@upi,P2P,GPay,UPI Failed
RECEIVED FROM AMIT KUMAR VIA Cred,RECEIVED FROM AMIT KUMAR VIA Cred,2000,1999.95,2026-06-18,2026-06-18,REF50360,REF50360,CHQ9046,CHQ9046,bill@paytm,Mobile Recharge,AmazonPay,Partial Match
SUBSCRIPTION AMAZON PRIME REF:352914093579,UPI FAILED 616320647501,10000,0,2026-06-22,2026-06-22,REF71226,REF71226,CHQ2497,CHQ2497,user@oksbi,Mobile Recharge,Mobikwik,UPI Failed
EMI PAYMENT SBI REF:123494909154,EMI PAYMENT SBI REF:123494909154,14999,14999,2026-09-19,2026-09-19,REF84191,REF84191,,,user@axl,Mobile Recharge,Cred,Matched
SUBSCRIPTION NETFLIX REF:553851654842,UPI PENDING SETTLEMENT 846706295195,15000,15000,2026-07-17,2026-11-12,REF23229,REF23229,CHQ6011,CHQ6011,user@ibl,EMI Payment,PhonePe,Pending Settlement
UPI P2P VIKAS GUPTA 665875544016,UPI P2P VIKAS GUPTA 665875544016,50000,50000,2026-02-04,2026-02-04,REF10419,REF10419,,,user@axl,P2P,Mobikwik,Matched
BHIM UPI TRANSFER KAVITA REDDY REF:289706731815,BHIM UPI TRANSFER KAVITA REDDY REF:289706731815,2999,2998.5,2026-04-12,2026-04-12,REF45981,REF45981,CHQ6189,CHQ6189,abc123@paytm,EMI Payment,Cred,Partial Match
UPI/AmazonPay/852691454513/SURESH PANDIT/Subscription,UPI/AmazonPay/852691454513/SURESH PANDIT/Subscription,650,650,2026-02-19,2026-02-19,REF76470,REF76470,,,user@ibl,P2P,BHIM,Matched
PhonePe UPI TRANSFER SNEHA SINGH REF:437751040985,PhonePe UPI TRANSFER SNEHA SINGH REF:437751040985,1500,1500,2026-02-08,2026-02-08,REF28178,REF28178,,,rent@upi,Subscription,AmazonPay,Matched
UPI P2M DMART 557096503442,UPI P2M DMART 557096503442,5000,5000,2026-03-03,2026-11-13,REF88609,REF88609,,,user@ybl,EMI Payment,BHIM,Matched
NEFT/360957376682/SUNIL VERMA/Subscription,UPI FAILED 774370865951,750,0,2026-12-03,2026-12-03,REF11832,REF11832,,,abc123@paytm,Bill Payment,Cred,UPI Failed
IMPS/547411381867/SNEHA SINGH/Insurance Premium,IMPS/547411381867/SNEHA SINGH/Insurance Premium,50000,50000,2026-07-09,2026-07-09,REF62522,REF62522,,,merchant@razorpay,Rent Payment,Paytm,Duplicate
UPI/CR/439087964456/ARUN KUMAR/EMI Payment,UPI/CR/439087964456/ARUN KUMAR/EMI Payment,500,500,2026-06-09,2026-06-09,REF24366,REF24366,,,merchant@payu,Insurance Premium,Paytm,Matched
UPI/DR/823329929153/KIRAN SINGH/Salary Transfer,UPI/DR/823329929153/KIRAN SINGH/Salary Transfer,950,950,2026-12-16,2026-12-16,REF47383,REF47383,CHQ3026,CHQ3026,rent@upi,Salary Transfer,GPay,Matched
BILL PAYMENT LANDLINE REF:360242207147,BILL PAYMENT LANDLINE REF:360242207147,1750,1750,2026-01-20,2026-02-18,REF86759,REF86759,CHQ5642,CHQ5642,user@okhdfcbank,Bill Payment,Paytm,Matched
UPI/AmazonPay/756528451899/SNEHA SINGH/P2M,UPI/AmazonPay/756528451899/SNEHA SINGH/P2M,750,750,2026-01-14,2026-01-14,REF75449,REF87174,,,user@paytm,Merchant Payment,Paytm,Matched
Mobikwik UPI TRANSFER LATA MISHRA REF:620246388853,UPI REVERSAL 420375857501,750,-750,2026-01-26,2026-01-26,REF55134,REF55134,CHQ9233,CHQ9233,rent@upi,Subscription,Mobikwik,UPI Reversed
RECEIVED FROM VIKAS GUPTA VIA BHIM,RECEIVED FROM VIKAS GUPTA VIA BHIM,1500,1500,2026-02-14,2026-02-14,REF97275,REF97275,CHQ7237,CHQ7237,abc123@paytm,Bill Payment,Paytm,Matched
BILL PAYMENT INTERNET REF:260273874408,BILL PAYMENT INTERNET REF:260273874408,950,950,2026-09-14,2026-09-14,REF90665,REF90665,CHQ1166,CHQ1166,merchant@payu,Rent Payment,Mobikwik,Matched
UPI P2M ICICI BANK 383518516254,UPI PENDING SETTLEMENT 362005075732,250,250,2026-04-18,2026-02-04,REF40792,REF40792,,,pay@oksbi,P2P,GPay,Pending Settlement
UPI/DR/855617608968/LATA MISHRA/Rent Payment,,14999,0,2026-05-08,2026-05-08,REF29936,REF15781,,,merchant@razorpay,Bill Payment,AmazonPay,Unmatched
IMPS/480746812785/MEERA JOSHI/P2M,IMPS/480746812785/MEERA JOSHI/P2M,3000,3000.01,2026-11-15,2026-12-16,REF82358,REF51084,,,user@apl,EMI Payment,GPay,Partial Match
NEFT/726985793892/MOHAN LAL/Insurance Premium,NEFT/726985793892/MOHAN LAL/Insurance Premium,1000,1000,2026-03-09,2026-03-09,REF37430,REF37430,,,rent@upi,Bill Payment,Paytm,Matched
NEFT/600762225050/ARUN NAIR/Rent Payment,,15000,0,2026-03-14,2026-03-14,REF94058,,,,shop@okicici,Bill Payment,Cred,Unmatched
UPI/CR/769571201520/VIKAS GUPTA/Salary Transfer,UPI PENDING SETTLEMENT 784327231636,20000,20000,2026-12-24,2026-12-23,REF40588,REF40588,,,user@ibl,EMI Payment,GPay,Pending Settlement
RECHARGE JIO REF:184598320143,RECHARGE JIO REF:184598320143,950,950,2026-03-20,2026-03-20,REF35803,REF35803,,,user@ibl,Salary Transfer,AmazonPay,Matched
UPI/DR/264632503305/PRIYA PATEL/EMI Payment,UPI/DR/264632503305/PRIYA PATEL/EMI Payment,7500,7500,2026-09-17,2026-09-17,REF59038,REF59038,,,user@ybl,Salary Transfer,Paytm,Matched
RECHARGE AIRTEL REF:615036191554,RECHARGE AIRTEL REF:615036191554,950,949.0,2026-02-12,2026-02-12,REF43314,REF92596,,,bill@paytm,Insurance Premium,GPay,Partial Match
UPI/CR/340433932157/ARUN NAIR/P2P,UPI/CR/340433932157/ARUN NAIR/P2P,850,850,2026-10-04,2026-10-04,REF41420,REF41420,,,user@federal,Salary Transfer,AmazonPay,Matched
UPI P2M BIGBASKET 398687870198,UPI P2M BIGBASKET 398687870198,1200,1201.0,2026-05-08,2026-08-08,REF14841,REF14841,,,xyz456@ybl,Bill Payment,PhonePe,Partial Match
EMI PAYMENT HDFC REF:219410224829,EMI PAYMENT HDFC REF:219410224829,75000,75000,2026-06-08,2026-06-08,REF21721,REF21721,,,user@ybl,Mobile Recharge,BHIM,Matched
SUBSCRIPTION APPLE ICLOUD REF:631684935291,SUBSCRIPTION APPLE ICLOUD REF:631684935291,50000,50000,2026-07-27,2026-07-27,REF86064,REF86064,,,pay@oksbi,P2M,PhonePe,Matched
GPay UPI TRANSFER ANITA DEVI REF:761243245269,,20000,0,2026-04-07,2026-04-07,REF17256,,,,store@okaxis,Subscription,GPay,Unmatched
UPI P2P VIKAS GUPTA 873656718596,UPI P2P VIKAS GUPTA 873656718596,200,200,2026-01-03,2026-01-03,REF32564,REF32564,,,user@federal,P2M,BHIM,Matched
PhonePe UPI TRANSFER NEHA CHOPRA REF:698163787838,PhonePe UPI TRANSFER NEHA CHOPRA REF:698163787838,550,550,2026-05-02,2026-05-02,REF58279,REF58279,,,user@ibl,P2P,Cred,Matched
UPI/DR/476377958791/MOHAN LAL/P2P,UPI/DR/476377958791/MOHAN LAL/P2P,750,750,2026-06-16,2026-06-16,REF99642,REF10410,,,shop@okicici,Bill Payment,Cred,Duplicate
UPI/Paytm/691001633033/ARUN NAIR/Bill Payment,,2000,0,2026-04-11,2026-04-11,REF83333,,,,user@ybl,Salary Transfer,Paytm,Unmatched
NEFT/401916901339/PRIYA PATEL/Merchant Payment,NEFT/401916901339/PRIYA PATEL/Merchant Payment,5000,5000,2026-08-07,2026-08-07,REF21450,REF21530,CHQ3662,CHQ3662,bill@paytm,P2P,AmazonPay,Matched
EMI PAYMENT ICICI REF:954528519319,UPI PENDING SETTLEMENT 237326142977,9999,9999,2026-01-08,2026-08-08,REF27808,REF27808,CHQ8042,CHQ8042,merchant@ccavenue,Insurance Premium,BHIM,Pending Settlement
PAYMENT TO LIC VIA Cred,PAYMENT TO LIC VIA Cred,20000,20000,2026-03-10,2026-03-10,REF65004,REF65004,,,user@ybl,EMI Payment,GPay,Matched
SUBSCRIPTION SPOTIFY REF:203467619546,SUBSCRIPTION SPOTIFY REF:203467619546,350,350,2026-02-15,2026-02-15,REF16317,REF16317,,,abc123@paytm,EMI Payment,Cred,Duplicate
UPI/PhonePe/577839489590/KAVITA REDDY/Merchant Payment,UPI/PhonePe/577839489590/KAVITA REDDY/Merchant Payment,1300,1300.05,2026-03-27,2026-03-27,REF19737,REF19737,CHQ1130,CHQ1130,user@paytm,Mobile Recharge,Paytm,Partial Match
UPI/DR/128529165103/RAHUL SHARMA/Mobile Recharge,,9999,0,2026-03-17,2026-03-17,REF19345,,,,user@apl,Bill Payment,Paytm,Unmatched
UPI/PhonePe/124408457249/SUNIL VERMA/Insurance Premium,,3999,0,2026-10-10,2026-10-10,REF83061,,,,pay@oksbi,EMI Payment,AmazonPay,Unmatched
UPI P2P KIRAN SINGH 708147459352,UPI P2P KIRAN SINGH 708147459352,1100,1100,2026-03-08,2026-03-08,REF54011,REF54011,CHQ2795,CHQ2795,user@oksbi,Rent Payment,PhonePe,Matched
NEFT/840395264874/ARUN NAIR/Subscription,UPI REVERSAL 405550721069,5000,-5000,2026-11-01,2026-11-01,REF74757,REF74757,,,user@apl,P2P,AmazonPay,UPI Reversed
RECHARGE VI REF:257854440979,,750,0,2026-09-10,2026-09-10,REF49092,,,,user@federal,Bill Payment,BHIM,Unmatched
UPI P2P KAVITA REDDY 485738499841,UPI PENDING SETTLEMENT 755972933768,350,350,2026-11-01,2026-06-03,REF32690,REF32690,,,rent@upi,Salary Transfer,BHIM,Pending Settlement
RECEIVED FROM MOHAN LAL VIA Mobikwik,UPI PENDING SETTLEMENT 511505165796,1499,1499,2026-08-14,2026-01-10,REF89322,REF89322,,,bill@paytm,Subscription,Mobikwik,Pending Settlement
UPI/DR/828104771414/RAHUL SHARMA/Rent Payment,UPI PENDING SETTLEMENT 596507084671,9999,9999,2026-04-10,2026-09-10,REF27214,REF27214,CHQ9188,CHQ9188,bill@paytm,P2M,Paytm,Pending Settlement
UPI P2P ARUN KUMAR 303607726783,UPI P2P ARUN KUMAR 303607726783,50000,50000,2026-04-02,2026-04-02,REF22455,REF22455,,,user@apl,Insurance Premium,Paytm,Matched
BILL PAYMENT LANDLINE REF:910740309395,UPI FAILED 455579435254,1750,0,2026-07-01,2026-07-01,REF58626,REF58626,,,salary@bank,Insurance Premium,Paytm,UPI Failed
SUBSCRIPTION AMAZON PRIME REF:998348701372,UPI REVERSAL 742244899086,999,-999,2026-05-14,2026-05-14,REF56916,REF57298,CHQ2328,CHQ2328,abc123@paytm,Rent Payment,PhonePe,UPI Reversed
UPI P2M TATACLIQ 700494971972,UPI P2M TATACLIQ 700494971972,2000,2000,2026-12-04,2026-05-20,REF22204,REF22204,,,xyz456@ybl,Merchant Payment,Cred,Matched
IMPS/979236511710/KAVITA REDDY/P2P,,2000,0,2026-03-08,2026-12-01,REF52508,,CHQ1384,,abc123@paytm,Insurance Premium,Cred,Unmatched
UPI/DR/243587231602/PRIYA PATEL/P2M,UPI REVERSAL 754088864187,2500,-2500,2026-06-17,2026-06-17,REF76317,REF76317,CHQ1721,CHQ1721,merchant@payu,EMI Payment,GPay,UPI Reversed
BILL PAYMENT GAS REF:233277989964,UPI FAILED 515393288823,1499,0,2026-12-05,2026-12-05,REF74174,REF26942,,,merchant@razorpay,Insurance Premium,AmazonPay,UPI Failed
UPI P2M JIO 108285519261,,500,0,2026-09-22,2026-01-28,REF45584,,CHQ6731,,user@paytm,Bill Payment,Paytm,Unmatched
INSURANCE PREMIUM BAJAJ ALLIANZ REF:946590333821,UPI REVERSAL 870459097974,1300,-1300,2026-09-22,2026-09-22,REF87456,REF87456,CHQ3539,CHQ3539,user@okhdfcbank,P2M,BHIM,UPI Reversed
SUBSCRIPTION GOOGLE ONE REF:189040269568,UPI REVERSAL 807902889291,999,-999,2026-09-05,2026-09-05,REF88196,REF70241,CHQ9248,CHQ9248,merchant@razorpay,Mobile Recharge,Paytm,UPI Reversed
NEFT/195858044354/ANITA DEVI/EMI Payment,,350,0,2026-03-10,2026-03-10,REF13985,,CHQ5352,,rent@upi,Bill Payment,Mobikwik,Unmatched
INSURANCE PREMIUM SBI LIFE REF:294412788734,INSURANCE PREMIUM SBI LIFE REF:294412788734,1300,1300,2026-01-11,2026-01-11,REF53526,REF53526,,,user@axl,P2M,Mobikwik,Matched
IMPS/915261165958/KIRAN SINGH/P2P,IMPS/915261165958/KIRAN SINGH/P2P,650,650,2026-11-14,2026-11-14,REF22659,REF22659,,,shop@okicici,Bill Payment,Paytm,Matched
RECEIVED FROM NEHA CHOPRA VIA Paytm,UPI FAILED 471569046928,1500,0,2026-04-24,2026-04-24,REF32070,REF32070,CHQ7514,CHQ7514,xyz456@ybl,EMI Payment,Cred,UPI Failed
SUBSCRIPTION NETFLIX REF:620068225935,SUBSCRIPTION NETFLIX REF:620068225935,9999,9999,2026-01-26,2026-01-26,REF42239,REF42239,,,xyz456@ybl,Insurance Premium,Cred,Matched
UPI/Mobikwik/193404329416/ANITA DEVI/Salary Transfer,UPI/Mobikwik/193404329416/ANITA DEVI/Salary Transfer,1200,1199.9,2026-01-15,2026-01-15,REF70182,REF70182,,,salary@bank,Rent Payment,Paytm,Partial Match
UPI/DR/575168453805/RAHUL SHARMA/Merchant Payment,UPI FAILED 815903715594,7500,0,2026-10-25,2026-10-25,REF45700,REF77236,CHQ2475,CHQ2475,pay@oksbi,Merchant Payment,BHIM,UPI Failed
Mobikwik UPI TRANSFER DEEPA KAPOOR REF:354235271277,Mobikwik UPI TRANSFER DEEPA KAPOOR REF:354235271277,550,550,2026-10-13,2026-10-13,REF94888,REF94888,,,user@axl,Salary Transfer,Cred,Matched
INSURANCE PREMIUM LIC REF:703264469600,INSURANCE PREMIUM LIC REF:703264469600,5000,5000,2026-06-08,2026-06-08,REF24576,REF24576,CHQ5356,CHQ5356,merchant@ccavenue,Insurance Premium,PhonePe,Matched
INSURANCE PREMIUM LIC REF:890504829788,UPI FAILED 448562536010,2250,0,2026-08-19,2026-08-21,REF13683,REF13683,CHQ5244,CHQ5244,user@paytm,Merchant Payment,BHIM,UPI Failed
PAYMENT TO HDFC BANK VIA Cred,,650,0,2026-06-01,2026-06-01,REF16228,,CHQ4351,,merchant@ccavenue,EMI Payment,Mobikwik,Unmatched
SUBSCRIPTION GOOGLE ONE REF:357509939030,SUBSCRIPTION GOOGLE ONE REF:357509939030,2500,2500,2026-04-19,2026-04-19,REF53014,REF53014,,,salary@bank,EMI Payment,PhonePe,Matched
INSURANCE PREMIUM BAJAJ ALLIANZ REF:971779244707,INSURANCE PREMIUM BAJAJ ALLIANZ REF:971779244707,250,250,2026-11-16,2026-11-16,REF84313,REF84313,,,user@oksbi,P2P,Cred,Matched
UPI/CR/862605800375/SURESH PANDIT/Rent Payment,UPI FAILED 916479254764,1499,0,2026-09-27,2026-04-13,REF92622,REF26848,,,user@paytm,Salary Transfer,BHIM,UPI Failed
IMPS/402766006775/AMIT KUMAR/Salary Transfer,IMPS/402766006775/AMIT KUMAR/Salary Transfer,500,500,2026-08-20,2026-08-20,REF42653,REF66318,,,user@paytm,Salary Transfer,GPay,Matched
IMPS/731700825935/KIRAN SINGH/Rent Payment,IMPS/731700825935/KIRAN SINGH/Rent Payment,100,100,2026-01-16,2026-01-16,REF85381,REF85381,CHQ5137,CHQ5137,merchant@payu,P2P,PhonePe,Matched
IMPS/834219413985/KIRAN SINGH/Insurance Premium,,1200,0,2026-05-09,2026-05-09,REF38734,,,,shop@okicici,Insurance Premium,GPay,Unmatched
INSURANCE PREMIUM SBI LIFE REF:250775439676,INSURANCE PREMIUM SBI LIFE REF:250775439676,1100,1100.1,2026-06-22,2026-06-22,REF37576,REF37576,CHQ8847,CHQ8847,merchant@razorpay,Rent Payment,PhonePe,Partial Match
RECHARGE BSNL REF:298900268487,RECHARGE BSNL REF:298900268487,14999,14999,2026-05-27,2026-05-27,REF63122,REF63122,,,store@okaxis,Bill Payment,Mobikwik,Matched
RECEIVED FROM MEERA JOSHI VIA GPay,UPI FAILED 125104495550,650,0,2026-03-17,2026-03-17,REF20431,REF20431,,,salary@bank,Merchant Payment,PhonePe,UPI Failed
EMI PAYMENT HDFC REF:222348782298,EMI PAYMENT HDFC REF:222348782298,350,350,2026-06-15,2026-06-15,REF14783,REF14783,CHQ5510,CHQ5510,user@paytm,Merchant Payment,Mobikwik,Matched
SUBSCRIPTION AMAZON PRIME REF:595601903866,,1999,0,2026-04-05,2026-04-05,REF43213,,,,user@ibl,P2M,GPay,Unmatched
EMI PAYMENT AXIS REF:426019374469,UPI PENDING SETTLEMENT 491519836506,20000,20000,2026-12-08,2026-11-15,REF37451,REF37451,CHQ4315,CHQ4315,user@ibl,P2M,Cred,Pending Settlement
UPI/DR/468120189892/DEEPA KAPOOR/Merchant Payment,UPI REVERSAL 941519267591,14999,-14999,2026-02-13,2026-02-13,REF26214,REF26214,,,user@ibl,Salary Transfer,Mobikwik,UPI Reversed
PAYMENT TO JIO VIA Cred,,2500,0,2026-01-16,2026-01-16,REF54352,,,,xyz456@ybl,Mobile Recharge,AmazonPay,Unmatched
INSURANCE PREMIUM ICICI PRUDENTIAL REF:187883328606,UPI REVERSAL 968027209296,1200,-1200,2026-12-14,2026-12-14,REF70090,REF29108,,,rent@upi,Merchant Payment,BHIM,UPI Reversed
BHIM UPI TRANSFER KAVITA REDDY REF:563212112102,BHIM UPI TRANSFER KAVITA REDDY REF:563212112102,75000,75000,2026-12-28,2026-12-28,REF20701,REF20701,CHQ7964,CHQ7964,user@federal,Subscription,GPay,Matched
GPay UPI TRANSFER DEEPA KAPOOR REF:219942960852,GPay UPI TRANSFER DEEPA KAPOOR REF:219942960852,2500,2495.0,2026-09-06,2026-09-06,REF40269,REF40269,,,bill@paytm,Subscription,PhonePe,Partial Match
IMPS/459376457326/ANITA DEVI/Bill Payment,UPI PENDING SETTLEMENT 798194941595,4999,4999,2026-11-16,2026-10-13,REF38641,REF38641,,,user@apl,Salary Transfer,Paytm,Pending Settlement
RECEIVED FROM RAVI TEJA VIA Paytm,,25000,0,2026-11-01,2026-11-01,REF91051,,,,user@paytm,P2M,BHIM,Unmatched
EMI PAYMENT ICICI REF:998864363777,EMI PAYMENT ICICI REF:998864363777,20000,20000,2026-07-22,2026-07-22,REF11809,REF11809,,,shop@okicici,Bill Payment,BHIM,Matched
SUBSCRIPTION SPOTIFY REF:516692331611,SUBSCRIPTION SPOTIFY REF:516692331611,2500,2500,2026-05-18,2026-05-18,REF90159,REF90159,,,user@ibl,Subscription,Paytm,Matched
INSURANCE PREMIUM STAR HEALTH REF:722729946195,INSURANCE PREMIUM STAR HEALTH REF:722729946195,950,950,2026-01-24,2026-12-04,REF57414,REF57414,,,merchant@razorpay,Mobile Recharge,BHIM,Matched
INSURANCE PREMIUM BAJAJ ALLIANZ REF:125258547251,INSURANCE PREMIUM BAJAJ ALLIANZ REF:125258547251,1300,1300,2026-12-01,2026-12-01,REF62213,REF62213,,,bill@paytm,Salary Transfer,GPay,Matched
UPI/DR/279809335280/AMIT KUMAR/Salary Transfer,UPI REVERSAL 858496767049,850,-850,2026-08-07,2026-08-07,REF78557,REF78557,,,user@axl,Salary Transfer,Mobikwik,UPI Reversed
UPI P2P LATA MISHRA 361799210281,,999,0,2026-11-24,2026-11-24,REF74614,,,,rent@upi,Insurance Premium,Paytm,Unmatched
UPI/BHIM/393800625497/ARUN KUMAR/Salary Transfer,UPI PENDING SETTLEMENT 677310034220,2000,2000,2026-02-15,2026-05-23,REF21842,REF21842,CHQ2950,CHQ2950,salary@bank,Rent Payment,PhonePe,Pending Settlement
UPI P2M AXIS BANK 958715815523,UPI P2M AXIS BANK 958715815523,50000,50000,2026-10-20,2026-10-20,REF17197,REF17197,,,user@okhdfcbank,Mobile Recharge,GPay,Duplicate
UPI/CR/705619659383/NEHA CHOPRA/Subscription,UPI/CR/705619659383/NEHA CHOPRA/Subscription,1300,1300,2026-02-07,2026-02-07,REF74683,REF74683,,,xyz456@ybl,Subscription,AmazonPay,Duplicate
BILL PAYMENT MOBILE REF:893957631050,BILL PAYMENT MOBILE REF:893957631050,50000,50000,2026-08-24,2026-08-24,REF38995,REF38995,CHQ4036,CHQ4036,user@ibl,Salary Transfer,BHIM,Matched
UPI P2P GEETA AGRAWAL 422532678919,UPI P2P GEETA AGRAWAL 422532678919,1200,1200,2026-07-26,2026-07-26,REF13910,REF13910,CHQ4918,CHQ4918,bill@paytm,EMI Payment,GPay,Matched
INSURANCE PREMIUM SBI LIFE REF:623677730667,INSURANCE PREMIUM SBI LIFE REF:623677730667,19999,19998.0,2026-03-25,2026-03-25,REF48994,REF48994,,,merchant@razorpay,Insurance Premium,Cred,Partial Match
INSURANCE PREMIUM ICICI PRUDENTIAL REF:142787174388,INSURANCE PREMIUM ICICI PRUDENTIAL REF:142787174388,1000,995.0,2026-11-14,2026-11-14,REF97121,REF29728,,,abc123@paytm,Rent Payment,BHIM,Partial Match
INSURANCE PREMIUM STAR HEALTH REF:258872762683,UPI FAILED 406391441108,9999,0,2026-07-24,2026-07-24,REF10255,REF10255,CHQ9011,CHQ9011,user@ibl,Merchant Payment,PhonePe,UPI Failed
RECHARGE BSNL REF:110468024438,RECHARGE BSNL REF:110468024438,3000,3000,2026-02-28,2026-02-28,REF53263,REF53263,,,xyz456@ybl,P2M,Cred,Matched
BILL PAYMENT DTH REF:677709665183,BILL PAYMENT DTH REF:677709665183,9999,9998.99,2026-11-24,2026-11-24,REF92661,REF92661,CHQ5106,CHQ5106,merchant@razorpay,Mobile Recharge,BHIM,Partial Match
UPI/DR/318008505894/KAVITA REDDY/Mobile Recharge,UPI/DR/318008505894/KAVITA REDDY/Mobile Recharge,999,999,2026-10-10,2026-10-10,REF42360,REF42360,,,user@axl,Insurance Premium,Mobikwik,Matched
UPI P2P KIRAN SINGH 852948991958,UPI REVERSAL 916125194144,2250,-2250,2026-12-02,2026-11-21,REF71776,REF71776,,,bill@paytm,Insurance Premium,AmazonPay,UPI Reversed
PAYMENT TO AIRTEL VIA AmazonPay,PAYMENT TO AIRTEL VIA AmazonPay,1750,1750,2026-02-28,2026-02-28,REF25841,REF25841,,,user@apl,P2M,BHIM,Matched
UPI P2M FLIPKART 176118260542,UPI P2M FLIPKART 176118260542,100,100,2026-09-21,2026-09-21,REF72096,REF72096,,,user@ibl,Subscription,BHIM,Matched
PAYMENT TO ZOMATO VIA Paytm,PAYMENT TO ZOMATO VIA Paytm,1100,1100,2026-03-24,2026-03-24,REF10628,REF47295,,,xyz456@ybl,P2M,Mobikwik,Matched
UPI/DR/676163643561/RAVI TEJA/Rent Payment,UPI REVERSAL 812622972290,2000,-2000,2026-02-03,2026-06-03,REF77029,REF77029,,,pay@oksbi,EMI Payment,Cred,UPI Reversed
Cred UPI TRANSFER SUNIL VERMA REF:626744167186,Cred UPI TRANSFER SUNIL VERMA REF:626744167186,500,500,2026-05-03,2026-10-18,REF26384,REF26384,CHQ3272,CHQ3272,user@apl,Merchant Payment,GPay,Matched
EMI PAYMENT KOTAK REF:869897003019,UPI PENDING SETTLEMENT 560080625797,499,499,2026-01-09,2026-12-14,REF20251,REF20251,CHQ6953,CHQ6953,merchant@razorpay,P2M,AmazonPay,Pending Settlement
SUBSCRIPTION APPLE ICLOUD REF:843493112671,SUBSCRIPTION APPLE ICLOUD REF:843493112671,1999,1999,2026-10-20,2026-10-20,REF16551,REF16551,,,user@paytm,Salary Transfer,AmazonPay,Matched
Cred UPI TRANSFER VIKAS GUPTA REF:297557888669,UPI PENDING SETTLEMENT 603035623809,50000,50000,2026-11-27,2026-12-23,REF78947,REF84216,,,merchant@payu,EMI Payment,BHIM,Pending Settlement
PAYMENT TO FLIPKART VIA BHIM,UPI PENDING SETTLEMENT 228429348677,2000,2000,2026-01-07,2026-05-19,REF61790,REF61790,,,user@ybl,Bill Payment,BHIM,Pending Settlement
RECEIVED FROM SUNIL VERMA VIA Cred,UPI PENDING SETTLEMENT 773075398093,75000,75000,2026-02-23,2026-03-20,REF37343,REF37343,,,merchant@payu,Bill Payment,AmazonPay,Pending Settlement
PAYMENT TO FLIPKART VIA Paytm,PAYMENT TO FLIPKART VIA Paytm,650,650,2026-11-13,2026-11-13,REF37541,REF37541,,,bill@paytm,P2P,Mobikwik,Matched
AmazonPay UPI TRANSFER RAJESH YADAV REF:769523663140,AmazonPay UPI TRANSFER RAJESH YADAV REF:769523663140,550,550,2026-08-07,2026-08-07,REF26737,REF26737,CHQ7494,CHQ7494,merchant@razorpay,EMI Payment,Cred,Matched
UPI/GPay/327343839892/KIRAN SINGH/Mobile Recharge,UPI FAILED 527774276791,10000,0,2026-02-22,2026-02-22,REF66186,REF66186,,,user@ybl,Salary Transfer,GPay,UPI Failed
UPI/DR/608931190644/ANITA DEVI/Rent Payment,UPI/DR/608931190644/ANITA DEVI/Rent Payment,15000,15000,2026-12-26,2026-12-26,REF99881,REF79401,,,user@axl,Rent Payment,Paytm,Matched
SUBSCRIPTION APPLE ICLOUD REF:250588777345,SUBSCRIPTION APPLE ICLOUD REF:250588777345,2500,2500.5,2026-06-04,2026-06-04,REF13815,REF13815,,,rent@upi,Rent Payment,Paytm,Partial Match
INSURANCE PREMIUM SBI LIFE REF:506151292006,UPI REVERSAL 182138471282,550,-550,2026-03-04,2026-03-04,REF48412,REF20483,,,abc123@paytm,EMI Payment,AmazonPay,UPI Reversed
SUBSCRIPTION SPOTIFY REF:918484928972,UPI REVERSAL 763737643136,950,-950,2026-12-06,2026-12-06,REF76614,REF76614,,,user@oksbi,Salary Transfer,Paytm,UPI Reversed
SUBSCRIPTION APPLE ICLOUD REF:492032370041,,14999,0,2026-07-26,2026-07-26,REF44187,REF61792,,,user@federal,Insurance Premium,GPay,Unmatched
PhonePe UPI TRANSFER RAHUL SHARMA REF:736795729152,,2250,0,2026-01-06,2026-01-06,REF20406,,,,user@paytm,Salary Transfer,GPay,Unmatched
UPI/PhonePe/579770002463/SNEHA SINGH/Rent Payment,UPI PENDING SETTLEMENT 179381282848,499,499,2026-02-07,2026-04-05,REF13150,REF13150,CHQ3615,CHQ3615,shop@okicici,Salary Transfer,GPay,Pending Settlement
PAYMENT TO VODAFONE VIA BHIM,PAYMENT TO VODAFONE VIA BHIM,850,850,2026-01-02,2026-01-02,REF33394,REF33394,,,user@axl,P2M,BHIM,Matched
NEFT/812872751229/GEETA AGRAWAL/Merchant Payment,UPI FAILED 875410569588,19999,0,2026-02-15,2026-02-15,REF92387,REF92387,,,user@ibl,P2M,Paytm,UPI Failed
UPI/DR/330978364751/SNEHA SINGH/Rent Payment,UPI/DR/330978364751/SNEHA SINGH/Rent Payment,2250,2250,2026-05-16,2026-05-16,REF42180,REF42180,,,user@axl,Insurance Premium,GPay,Matched
IMPS/413129981485/ARUN KUMAR/Subscription,,20000,0,2026-12-14,2026-12-14,REF51414,REF99765,,,xyz456@ybl,P2P,Mobikwik,Unmatched
Cred UPI TRANSFER RAVI TEJA REF:296512387879,Cred UPI TRANSFER RAVI TEJA REF:296512387879,15000,15000,2026-12-21,2026-12-21,REF13267,REF39581,,,merchant@payu,Salary Transfer,PhonePe,Matched
UPI P2P RAJESH YADAV 362141642230,UPI PENDING SETTLEMENT 221040054566,450,450,2026-02-11,2026-08-28,REF30703,REF11946,CHQ7301,CHQ7301,bill@paytm,P2M,PhonePe,Pending Settlement
PhonePe UPI TRANSFER NEHA CHOPRA REF:203420277295,PhonePe UPI TRANSFER NEHA CHOPRA REF:203420277295,999,999.1,2026-03-16,2026-03-16,REF40696,REF40696,,,salary@bank,Rent Payment,Cred,Partial Match
SUBSCRIPTION AMAZON PRIME REF:297076121294,SUBSCRIPTION AMAZON PRIME REF:297076121294,19999,19994.0,2026-02-14,2026-02-14,REF41032,REF41032,CHQ8930,CHQ8930,salary@bank,Rent Payment,Paytm,Partial Match
BILL PAYMENT INTERNET REF:481579156298,,2999,0,2026-03-22,2026-01-22,REF44172,,CHQ2015,,store@okaxis,P2M,Mobikwik,Unmatched
UPI/CR/924539405083/GEETA AGRAWAL/P2M,UPI FAILED 291826245250,650,0,2026-11-09,2026-11-09,REF47718,REF47718,,,merchant@ccavenue,Bill Payment,GPay,UPI Failed
PAYMENT TO HDFC BANK VIA AmazonPay,UPI REVERSAL 546835800258,1999,-1999,2026-01-14,2026-01-14,REF83986,REF70425,,,merchant@ccavenue,Subscription,BHIM,UPI Reversed
SUBSCRIPTION AMAZON PRIME REF:231906983250,SUBSCRIPTION AMAZON PRIME REF:231906983250,3000,3000.01,2026-06-26,2026-06-26,REF59464,REF59464,,,user@federal,EMI Payment,Cred,Partial Match
UPI/CR/337264386288/RAVI TEJA/P2M,UPI/CR/337264386288/RAVI TEJA/P2M,250,250,2026-12-11,2026-12-11,REF82335,REF82335,,,user@oksbi,Mobile Recharge,Mobikwik,Matched
IMPS/930213923608/KIRAN SINGH/P2M,IMPS/930213923608/KIRAN SINGH/P2M,100000,100000,2026-07-13,2026-07-13,REF35823,REF35823,,,store@okaxis,EMI Payment,BHIM,Matched
UPI P2M NETFLIX 179732738399,UPI P2M NETFLIX 179732738399,2250,2250,2026-03-28,2026-08-12,REF50087,REF50087,,,user@paytm,Merchant Payment,AmazonPay,Matched
BILL PAYMENT WATER REF:316713430278,UPI FAILED 935599000159,1750,0,2026-06-15,2026-06-15,REF72161,REF32021,CHQ8600,CHQ8600,bill@paytm,Subscription,BHIM,UPI Failed
IMPS/588364726678/ARUN NAIR/Rent Payment,IMPS/588364726678/ARUN NAIR/Rent Payment,75000,75000,2026-06-03,2026-06-03,REF61605,REF90134,CHQ6840,CHQ6840,user@okhdfcbank,Insurance Premium,Cred,Duplicate
SUBSCRIPTION SPOTIFY REF:581662701397,,1000,0,2026-10-20,2026-10-20,REF78433,,CHQ9556,,store@okaxis,Merchant Payment,PhonePe,Unmatched
RECEIVED FROM KAVITA REDDY VIA Cred,RECEIVED FROM KAVITA REDDY VIA Cred,200,200,2026-03-25,2026-03-25,REF54340,REF54340,,,pay@oksbi,Merchant Payment,PhonePe,Matched
NEFT/700664695429/SUNIL VERMA/EMI Payment,NEFT/700664695429/SUNIL VERMA/EMI Payment,1999,1998.0,2026-08-02,2026-08-02,REF56880,REF56880,,,merchant@payu,EMI Payment,Mobikwik,Partial Match
Cred UPI TRANSFER PRIYA PATEL REF:436097372337,Cred UPI TRANSFER PRIYA PATEL REF:436097372337,1000,1000,2026-06-07,2026-06-07,REF97270,REF33980,,,merchant@ccavenue,Bill Payment,PhonePe,Matched
UPI/CR/557436989701/MOHAN LAL/Mobile Recharge,UPI/CR/557436989701/MOHAN LAL/Mobile Recharge,250,249.99,2026-08-17,2026-08-17,REF67826,REF67826,,,rent@upi,Mobile Recharge,BHIM,Partial Match
UPI/DR/157153645887/ANITA DEVI/Bill Payment,UPI FAILED 347608062426,14999,0,2026-12-12,2026-08-21,REF58251,REF58251,,,user@apl,Insurance Premium,GPay,UPI Failed
RECEIVED FROM ARUN NAIR VIA Cred,UPI PENDING SETTLEMENT 751234738281,200,200,2026-07-07,2026-10-01,REF55194,REF55194,,,user@paytm,Merchant Payment,PhonePe,Pending Settlement
INSURANCE PREMIUM LIC REF:943778242770,INSURANCE PREMIUM LIC REF:943778242770,5000,4999.95,2026-03-19,2026-09-24,REF63468,REF63468,,,shop@okicici,Mobile Recharge,Cred,Partial Match
UPI/CR/405923590655/RAVI TEJA/P2M,UPI/CR/405923590655/RAVI TEJA/P2M,5000,5000,2026-06-28,2026-06-28,REF38038,REF96939,CHQ2171,CHQ2171,bill@paytm,Mobile Recharge,AmazonPay,Matched
EMI PAYMENT ICICI REF:520169794575,,7500,0,2026-11-24,2026-11-24,REF31193,REF92212,,,merchant@payu,EMI Payment,Mobikwik,Unmatched
UPI/CR/763082918989/GEETA AGRAWAL/Salary Transfer,,450,0,2026-09-21,2026-09-21,REF29763,,CHQ2504,,shop@okicici,Subscription,BHIM,Unmatched
RECEIVED FROM NEHA CHOPRA VIA PhonePe,RECEIVED FROM NEHA CHOPRA VIA PhonePe,750,750.5,2026-12-12,2026-12-12,REF78228,REF78228,CHQ4111,CHQ4111,user@federal,Rent Payment,BHIM,Partial Match
RECEIVED FROM MEERA JOSHI VIA Paytm,,25000,0,2026-02-25,2026-10-22,REF43205,,,,user@oksbi,P2M,AmazonPay,Unmatched
SUBSCRIPTION GOOGLE ONE REF:562631246251,UPI REVERSAL 823554058457,1300,-1300,2026-12-06,2026-12-06,REF14417,REF14417,,,merchant@razorpay,Rent Payment,Mobikwik,UPI Reversed
UPI/GPay/747186558947/KIRAN SINGH/P2M,UPI/GPay/747186558947/KIRAN SINGH/P2M,1200,1200,2026-03-04,2026-07-24,REF83827,REF83827,,,merchant@ccavenue,Bill Payment,GPay,Matched
PAYMENT TO ICICI BANK VIA Cred,PAYMENT TO ICICI BANK VIA Cred,15000,15000,2026-10-06,2026-10-06,REF19472,REF19472,,,user@ybl,Subscription,Cred,Matched
RECHARGE JIO REF:385751248697,RECHARGE JIO REF:385751248697,20000,19999.0,2026-01-08,2026-01-08,REF89740,REF89740,,,user@okhdfcbank,Bill Payment,Mobikwik,Partial Match
BILL PAYMENT WATER REF:323553399933,BILL PAYMENT WATER REF:323553399933,2000,2005.0,2026-06-28,2026-06-28,REF60360,REF60360,,,user@axl,EMI Payment,Paytm,Partial Match
Paytm UPI TRANSFER MOHAN LAL REF:107360883223,,20000,0,2026-05-15,2026-05-15,REF87533,,,,merchant@razorpay,Insurance Premium,PhonePe,Unmatched
RECHARGE BSNL REF:776817792041,RECHARGE BSNL REF:776817792041,2500,2500,2026-02-26,2026-02-26,REF69619,REF69619,CHQ5434,CHQ5434,shop@okicici,EMI Payment,GPay,Matched
RECEIVED FROM RAJESH YADAV VIA GPay,UPI PENDING SETTLEMENT 853683940227,2999,2999,2026-03-16,2026-02-22,REF63976,REF63976,,,pay@oksbi,Mobile Recharge,PhonePe,Pending Settlement
UPI P2P LATA MISHRA 180237140963,UPI PENDING SETTLEMENT 587732840246,1100,1100,2026-06-21,2026-08-09,REF75959,REF75959,,,pay@oksbi,Insurance Premium,Paytm,Pending Settlement
INSURANCE PREMIUM ICICI PRUDENTIAL REF:521245572934,INSURANCE PREMIUM ICICI PRUDENTIAL REF:521245572934,350,349.0,2026-05-02,2026-05-02,REF42436,REF29626,CHQ3477,CHQ3477,user@federal,Bill Payment,Mobikwik,Partial Match
UPI P2M HDFC BANK 545823670944,,50000,0,2026-06-28,2026-06-28,REF19650,,CHQ8972,,salary@bank,EMI Payment,AmazonPay,Unmatched
AmazonPay UPI TRANSFER SURESH PANDIT REF:265474628069,AmazonPay UPI TRANSFER SURESH PANDIT REF:265474628069,9999,9999,2026-06-13,2026-06-13,REF67579,REF76407,,,user@ibl,Mobile Recharge,PhonePe,Matched
EMI PAYMENT KOTAK REF:429663305320,EMI PAYMENT KOTAK REF:429663305320,2999,2998.0,2026-04-17,2026-04-17,REF97973,REF97973,CHQ5431,CHQ5431,abc123@paytm,Insurance Premium,Cred,Partial Match
SUBSCRIPTION NETFLIX REF:433247198763,SUBSCRIPTION NETFLIX REF:433247198763,25000,24999.99,2026-08-26,2026-08-13,REF74201,REF74201,CHQ9996,CHQ9996,shop@okicici,P2M,BHIM,Partial Match
UPI/DR/802782027965/RAHUL SHARMA/P2M,,200,0,2026-02-26,2026-02-26,REF46484,,,,merchant@razorpay,Mobile Recharge,Paytm,Unmatched
NEFT/129197093028/MEERA JOSHI/Merchant Payment,NEFT/129197093028/MEERA JOSHI/Merchant Payment,100000,100001.0,2026-04-02,2026-04-02,REF56150,REF96284,,,user@federal,Rent Payment,GPay,Partial Match
EMI PAYMENT SBI REF:130315722622,UPI FAILED 101679858367,350,0,2026-06-13,2026-06-13,REF43190,REF97656,CHQ3375,CHQ3375,store@okaxis,EMI Payment,AmazonPay,UPI Failed
UPI/DR/228696488113/AMIT KUMAR/Mobile Recharge,,450,0,2026-02-12,2026-02-12,REF78196,REF76487,,,abc123@paytm,Rent Payment,Mobikwik,Unmatched
UPI/CR/305679306046/ANITA DEVI/Rent Payment,UPI/CR/305679306046/ANITA DEVI/Rent Payment,999,999,2026-10-11,2026-10-11,REF14869,REF14869,CHQ7607,CHQ7607,merchant@ccavenue,P2M,PhonePe,Duplicate
UPI P2P KIRAN SINGH 461157331035,UPI P2P KIRAN SINGH 461157331035,1500,1500,2026-11-20,2026-11-20,REF15869,REF59643,,,rent@upi,Insurance Premium,AmazonPay,Matched
UPI/DR/875444268923/KIRAN SINGH/Salary Transfer,UPI/DR/875444268923/KIRAN SINGH/Salary Transfer,2000,1995.0,2026-10-03,2026-10-03,REF74790,REF74790,,,merchant@razorpay,Insurance Premium,BHIM,Partial Match
GPay UPI TRANSFER RAJESH YADAV REF:996752557114,UPI REVERSAL 642558056928,20000,-20000,2026-07-14,2026-07-14,REF79502,REF79502,,,bill@paytm,EMI Payment,PhonePe,UPI Reversed
NEFT/349647709904/SUNIL VERMA/P2M,NEFT/349647709904/SUNIL VERMA/P2M,1000,1000,2026-01-22,2026-01-22,REF97527,REF97527,,,bill@paytm,Subscription,GPay,Matched
EMI PAYMENT KOTAK REF:559258317969,,2000,0,2026-12-25,2026-12-25,REF97733,,CHQ5410,,user@federal,P2M,BHIM,Unmatched
SUBSCRIPTION AMAZON PRIME REF:789958505583,SUBSCRIPTION AMAZON PRIME REF:789958505583,100,100,2026-10-16,2026-10-16,REF48344,REF27397,,,user@apl,Mobile Recharge,AmazonPay,Matched
BILL PAYMENT GAS REF:186266176463,BILL PAYMENT GAS REF:186266176463,950,950,2026-10-05,2026-12-11,REF46178,REF46178,,,rent@upi,Subscription,Mobikwik,Matched
UPI P2M STAR HEALTH 417373710395,UPI P2M STAR HEALTH 417373710395,100000,99999.95,2026-09-16,2026-11-20,REF48405,REF48405,,,bill@paytm,Merchant Payment,Paytm,Partial Match
UPI P2P SUNIL VERMA 463546724574,UPI FAILED 206646263113,100,0,2026-07-16,2026-07-16,REF88307,REF88307,,,merchant@razorpay,P2P,Mobikwik,UPI Failed
UPI/CR/929216064261/GEETA AGRAWAL/P2P,UPI REVERSAL 871598655997,1500,-1500,2026-10-23,2026-10-23,REF86517,REF86517,,,store@okaxis,P2P,Cred,UPI Reversed
PhonePe UPI TRANSFER ARUN KUMAR REF:918099048216,PhonePe UPI TRANSFER ARUN KUMAR REF:918099048216,1200,1200.5,2026-10-22,2026-08-22,REF93289,REF57602,,,user@ybl,Insurance Premium,AmazonPay,Partial Match
UPI P2P SURESH PANDIT 752486305235,,2999,0,2026-07-21,2026-07-21,REF57412,,CHQ6250,,pay@oksbi,P2P,GPay,Unmatched
IMPS/503743219860/SURESH PANDIT/Bill Payment,UPI FAILED 998968610024,15000,0,2026-07-26,2026-07-26,REF22698,REF22698,CHQ3533,CHQ3533,user@paytm,P2M,PhonePe,UPI Failed
RECHARGE VI REF:299832536083,,850,0,2026-04-27,2026-04-27,REF52362,REF70234,CHQ9993,,abc123@paytm,EMI Payment,PhonePe,Unmatched
UPI/CR/160271200919/VIKAS GUPTA/Salary Transfer,UPI FAILED 105815754541,2500,0,2026-04-18,2026-04-18,REF69997,REF69997,,,user@ybl,P2P,GPay,UPI Failed
UPI/DR/590955998039/MOHAN LAL/Rent Payment,UPI/DR/590955998039/MOHAN LAL/Rent Payment,7500,7499.9,2026-03-14,2026-03-14,REF21996,REF21996,CHQ5153,CHQ5153,user@axl,Salary Transfer,Paytm,Partial Match
RECEIVED FROM GEETA AGRAWAL VIA Mobikwik,,75000,0,2026-07-06,2026-07-06,REF53440,,,,salary@bank,Subscription,AmazonPay,Unmatched
UPI/BHIM/168097053129/RAHUL SHARMA/Merchant Payment,UPI/BHIM/168097053129/RAHUL SHARMA/Merchant Payment,1499,1498.95,2026-04-11,2026-04-11,REF32475,REF32475,,,bill@paytm,Subscription,PhonePe,Partial Match
BILL PAYMENT DTH REF:879451310058,UPI PENDING SETTLEMENT 983367545280,20000,20000,2026-02-26,2026-10-15,REF35024,REF90100,,,user@oksbi,Merchant Payment,PhonePe,Pending Settlement
BILL PAYMENT MOBILE REF:887483082836,BILL PAYMENT MOBILE REF:887483082836,1999,1999,2026-05-21,2026-05-21,REF66332,REF66332,,,user@oksbi,Mobile Recharge,PhonePe,Matched
INSURANCE PREMIUM SBI LIFE REF:510641913446,UPI REVERSAL 172325288759,25000,-25000,2026-08-15,2026-04-13,REF29082,REF29082,,,user@oksbi,Mobile Recharge,PhonePe,UPI Reversed
UPI P2P AMIT KUMAR 685409216536,UPI P2P AMIT KUMAR 685409216536,100,100,2026-04-07,2026-04-07,REF43651,REF43651,CHQ2058,CHQ2058,xyz456@ybl,Merchant Payment,AmazonPay,Matched
PAYMENT TO HDFC LIFE VIA Paytm,PAYMENT TO HDFC LIFE VIA Paytm,20000,20000,2026-06-09,2026-06-09,REF17092,REF17092,CHQ6444,CHQ6444,user@apl,Subscription,PhonePe,Matched
NEFT/347391418244/ARUN NAIR/EMI Payment,NEFT/347391418244/ARUN NAIR/EMI Payment,1000,1000,2026-05-19,2026-05-19,REF81972,REF81972,,,xyz456@ybl,P2M,BHIM,Matched
UPI/Paytm/973069505659/AMIT KUMAR/Subscription,UPI/Paytm/973069505659/AMIT KUMAR/Subscription,950,950,2026-11-27,2026-11-27,REF66998,REF66998,,,merchant@razorpay,Salary Transfer,AmazonPay,Matched
PAYMENT TO CROMA VIA Paytm,PAYMENT TO CROMA VIA Paytm,75000,75000.05,2026-07-23,2026-07-23,REF25187,REF25187,,,merchant@ccavenue,P2P,AmazonPay,Partial Match
UPI P2M BIGBASKET 821142882925,UPI P2M BIGBASKET 821142882925,650,650,2026-04-10,2026-04-10,REF79581,REF79581,,,user@federal,Salary Transfer,Cred,Matched
INSURANCE PREMIUM BAJAJ ALLIANZ REF:198233787788,UPI REVERSAL 129385914581,9999,-9999,2026-10-25,2026-10-25,REF26580,REF26580,,,rent@upi,Merchant Payment,Cred,UPI Reversed
SUBSCRIPTION APPLE ICLOUD REF:572318660931,,5000,0,2026-01-19,2026-01-19,REF52873,REF31350,,,user@federal,P2P,Cred,Unmatched
UPI P2M ZOMATO 456332181093,UPI P2M ZOMATO 456332181093,14999,14999,2026-11-03,2026-05-19,REF63139,REF63139,CHQ6858,CHQ6858,user@okhdfcbank,Mobile Recharge,Paytm,Matched
RECEIVED FROM DEEPA KAPOOR VIA PhonePe,RECEIVED FROM DEEPA KAPOOR VIA PhonePe,250,250,2026-09-07,2026-09-07,REF76053,REF76053,,,salary@bank,P2P,GPay,Matched
UPI/CR/451898103631/ANITA DEVI/Mobile Recharge,UPI FAILED 392863909232,50000,0,2026-09-15,2026-01-04,REF47751,REF47751,CHQ6756,CHQ6756,user@ybl,Insurance Premium,Cred,UPI Failed
BILL PAYMENT DTH REF:155123398484,BILL PAYMENT DTH REF:155123398484,100000,100000,2026-07-14,2026-03-12,REF68142,REF89347,,,user@oksbi,Subscription,Paytm,Matched
Cred UPI TRANSFER ANITA DEVI REF:662595422888,Cred UPI TRANSFER ANITA DEVI REF:662595422888,9999,9998.5,2026-09-27,2026-09-27,REF99716,REF66964,,,user@federal,Merchant Payment,Paytm,Partial Match
UPI P2P KAVITA REDDY 349014326680,,500,0,2026-11-01,2026-11-01,REF16813,,,,shop@okicici,Insurance Premium,PhonePe,Unmatched
GPay UPI TRANSFER LATA MISHRA REF:300977979313,,100000,0,2026-03-12,2026-09-28,REF40241,,,,shop@okicici,Salary Transfer,GPay,Unmatched
RECEIVED FROM ARUN NAIR VIA PhonePe,UPI REVERSAL 483241421069,50000,-50000,2026-03-17,2026-03-17,REF97598,REF97598,,,shop@okicici,Merchant Payment,GPay,UPI Reversed
INSURANCE PREMIUM ICICI PRUDENTIAL REF:475413811728,UPI PENDING SETTLEMENT 649293104710,1499,1499,2026-10-17,2026-12-13,REF16064,REF16064,CHQ2307,CHQ2307,xyz456@ybl,Subscription,Cred,Pending Settlement
RECHARGE JIO REF:452722400504,,14999,0,2026-08-15,2026-08-15,REF94948,REF16399,CHQ7237,,user@paytm,Merchant Payment,BHIM,Unmatched
EMI PAYMENT KOTAK REF:206865283767,EMI PAYMENT KOTAK REF:206865283767,350,350,2026-08-20,2026-08-20,REF85822,REF85822,,,user@ibl,P2P,PhonePe,Matched
UPI/CR/761942886895/PRIYA PATEL/Subscription,UPI/CR/761942886895/PRIYA PATEL/Subscription,25000,24999.0,2026-08-22,2026-01-28,REF71048,REF71048,,,abc123@paytm,P2P,PhonePe,Partial Match
EMI PAYMENT AXIS REF:629030259005,EMI PAYMENT AXIS REF:629030259005,1750,1750,2026-02-26,2026-02-26,REF13888,REF13888,,,user@ibl,Insurance Premium,AmazonPay,Matched
RECEIVED FROM PRIYA PATEL VIA AmazonPay,RECEIVED FROM PRIYA PATEL VIA AmazonPay,4999,4999,2026-06-22,2026-10-01,REF32995,REF32995,,,merchant@ccavenue,P2P,Cred,Matched
UPI P2P ARUN KUMAR 285097454212,UPI P2P ARUN KUMAR 285097454212,750,750,2026-04-16,2026-02-04,REF15044,REF15044,,,user@paytm,Insurance Premium,PhonePe,Matched
UPI P2P SUNIL VERMA 288390068983,UPI P2P SUNIL VERMA 288390068983,10000,10001.0,2026-11-17,2026-11-17,REF80186,REF70866,,,user@ibl,P2M,Paytm,Partial Match
UPI P2M BSNL 750583946511,UPI PENDING SETTLEMENT 373919835140,3999,3999,2026-10-13,2026-04-10,REF68988,REF95242,,,store@okaxis,Rent Payment,AmazonPay,Pending Settlement
PAYMENT TO DMART VIA BHIM,PAYMENT TO DMART VIA BHIM,14999,14999,2026-11-10,2026-11-10,REF69343,REF69343,,,merchant@ccavenue,Rent Payment,AmazonPay,Matched
NEFT/634870881318/MEERA JOSHI/Mobile Recharge,,1999,0,2026-06-25,2026-06-25,REF55938,REF21148,,,pay@oksbi,Bill Payment,GPay,Unmatched
RECHARGE BSNL REF:972427450515,RECHARGE BSNL REF:972427450515,4999,4999,2026-02-23,2026-02-23,REF52724,REF52724,,,user@axl,EMI Payment,GPay,Matched
EMI PAYMENT KOTAK REF:471711674002,UPI REVERSAL 591819793441,1200,-1200,2026-02-28,2026-02-28,REF52775,REF52775,,,bill@paytm,Bill Payment,Paytm,UPI Reversed
UPI/DR/889604228373/GEETA AGRAWAL/Insurance Premium,UPI/DR/889604228373/GEETA AGRAWAL/Insurance Premium,2999,2999,2026-10-04,2026-10-04,REF38082,REF38082,CHQ9172,CHQ9172,pay@oksbi,Rent Payment,AmazonPay,Matched
EMI PAYMENT ICICI REF:964048744826,UPI FAILED 798636544334,550,0,2026-07-08,2026-07-08,REF71187,REF71187,,,salary@bank,Insurance Premium,PhonePe,UPI Failed
UPI P2P RAHUL SHARMA 558438529956,UPI P2P RAHUL SHARMA 558438529956,15000,15000,2026-06-07,2026-06-07,REF15864,REF15864,CHQ8456,CHQ8456,user@oksbi,Rent Payment,BHIM,Matched
BILL PAYMENT DTH REF:418670073744,BILL PAYMENT DTH REF:418670073744,10000,10000,2026-06-08,2026-07-21,REF26014,REF26014,CHQ3133,CHQ3133,merchant@payu,Salary Transfer,BHIM,Matched
RECHARGE AIRTEL REF:348653105340,RECHARGE AIRTEL REF:348653105340,999,999,2026-04-21,2026-04-21,REF38195,REF38195,,,store@okaxis,Salary Transfer,BHIM,Duplicate
RECHARGE VI REF:470462494306,UPI FAILED 660273755556,5000,0,2026-04-16,2026-04-16,REF67096,REF67096,,,user@apl,P2P,Mobikwik,UPI Failed
UPI P2M HDFC BANK 213747732380,UPI PENDING SETTLEMENT 442145469793,7500,7500,2026-12-14,2026-12-27,REF44346,REF44346,CHQ6835,CHQ6835,abc123@paytm,Mobile Recharge,AmazonPay,Pending Settlement
BILL PAYMENT MOBILE REF:555690625035,BILL PAYMENT MOBILE REF:555690625035,14999,14999.05,2026-07-17,2026-07-17,REF93814,REF93814,,,user@ybl,Salary Transfer,Paytm,Partial Match
UPI/CR/477482421524/MOHAN LAL/EMI Payment,,750,0,2026-03-22,2026-03-22,REF47843,REF75680,,,user@paytm,Mobile Recharge,AmazonPay,Unmatched
UPI/DR/690972549171/SURESH PANDIT/P2M,UPI/DR/690972549171/SURESH PANDIT/P2M,100,100,2026-10-13,2026-10-13,REF41510,REF41510,,,shop@okicici,EMI Payment,AmazonPay,Duplicate
UPI P2P RAHUL SHARMA 871492916817,UPI PENDING SETTLEMENT 472736833974,1499,1499,2026-12-24,2026-07-09,REF70992,REF70992,,,user@oksbi,Mobile Recharge,AmazonPay,Pending Settlement
UPI P2M HDFC LIFE 827058580818,UPI P2M HDFC LIFE 827058580818,1000,1000,2026-01-15,2026-01-15,REF84447,REF59369,,,user@paytm,Merchant Payment,GPay,Matched
UPI/DR/961576520245/RAJESH YADAV/Merchant Payment,UPI/DR/961576520245/RAJESH YADAV/Merchant Payment,450,450,2026-03-24,2026-02-26,REF13437,REF13437,CHQ3123,CHQ3123,merchant@ccavenue,EMI Payment,PhonePe,Matched
IMPS/667992054434/NEHA CHOPRA/EMI Payment,UPI FAILED 489996804482,650,0,2026-12-07,2026-11-13,REF17132,REF17132,,,user@paytm,P2P,GPay,UPI Failed
NEFT/532351381969/DEEPA KAPOOR/Mobile Recharge,NEFT/532351381969/DEEPA KAPOOR/Mobile Recharge,950,950,2026-06-06,2026-06-06,REF37842,REF37842,CHQ6185,CHQ6185,salary@bank,P2M,BHIM,Matched
Paytm UPI TRANSFER MOHAN LAL REF:757718926587,Paytm UPI TRANSFER MOHAN LAL REF:757718926587,2500,2500,2026-12-16,2026-07-21,REF46180,REF46180,,,store@okaxis,Subscription,Paytm,Matched
BHIM UPI TRANSFER LATA MISHRA REF:910521939373,BHIM UPI TRANSFER LATA MISHRA REF:910521939373,1999,1999,2026-03-06,2026-03-06,REF25545,REF25545,CHQ4855,CHQ4855,bill@paytm,P2P,Mobikwik,Matched
UPI/CR/240362540744/VIKAS GUPTA/EMI Payment,,2500,0,2026-12-03,2026-12-03,REF25089,REF88476,CHQ4541,,user@okhdfcbank,Mobile Recharge,Cred,Unmatched
UPI/DR/281055287331/ARUN KUMAR/EMI Payment,UPI/DR/281055287331/ARUN KUMAR/EMI Payment,100000,99999.9,2026-05-04,2026-05-04,REF95922,REF95922,,,merchant@payu,Rent Payment,Cred,Partial Match
RECEIVED FROM DEEPA KAPOOR VIA AmazonPay,RECEIVED FROM DEEPA KAPOOR VIA AmazonPay,3000,3000.1,2026-09-12,2026-09-12,REF83860,REF83860,CHQ4602,CHQ4602,merchant@ccavenue,Merchant Payment,GPay,Partial Match
BHIM UPI TRANSFER AMIT KUMAR REF:378147299335,BHIM UPI TRANSFER AMIT KUMAR REF:378147299335,4999,4999,2026-11-01,2026-11-01,REF99222,REF99222,,,user@ybl,Insurance Premium,Cred,Matched
IMPS/510194010710/SURESH PANDIT/Bill Payment,,100000,0,2026-04-02,2026-04-02,REF30090,REF67135,CHQ3092,,merchant@payu,Subscription,BHIM,Unmatched
AmazonPay UPI TRANSFER MEERA JOSHI REF:785135947585,UPI PENDING SETTLEMENT 655819800049,650,650,2026-07-08,2026-09-05,REF13657,REF13657,,,user@apl,Bill Payment,GPay,Pending Settlement
PAYMENT TO AXIS BANK VIA Mobikwik,,1000,0,2026-08-21,2026-08-21,REF54990,,CHQ6601,,rent@upi,Insurance Premium,Cred,Unmatched
UPI P2M SBI 655673261367,,550,0,2026-07-14,2026-07-14,REF37501,,,,rent@upi,Rent Payment,Paytm,Unmatched
RECHARGE VI REF:151448878274,RECHARGE VI REF:151448878274,500,500,2026-04-11,2026-04-11,REF65902,REF65902,CHQ4156,CHQ4156,user@federal,EMI Payment,Paytm,Matched
RECEIVED FROM KIRAN SINGH VIA PhonePe,,100000,0,2026-08-02,2026-08-02,REF95476,,,,xyz456@ybl,P2M,AmazonPay,Unmatched
NEFT/405731934441/VIKAS GUPTA/Mobile Recharge,UPI PENDING SETTLEMENT 962349378425,3999,3999,2026-08-09,2026-09-08,REF79513,REF79513,CHQ6857,CHQ6857,user@ibl,Rent Payment,PhonePe,Pending Settlement
SUBSCRIPTION APPLE ICLOUD REF:224492917692,SUBSCRIPTION APPLE ICLOUD REF:224492917692,1200,1200.05,2026-09-15,2026-05-01,REF85874,REF85874,,,shop@okicici,P2P,Cred,Partial Match
INSURANCE PREMIUM BAJAJ ALLIANZ REF:716435337980,INSURANCE PREMIUM BAJAJ ALLIANZ REF:716435337980,1999,1999,2026-04-25,2026-02-15,REF12708,REF85890,,,salary@bank,Merchant Payment,Cred,Duplicate
Mobikwik UPI TRANSFER ARUN KUMAR REF:322583869797,Mobikwik UPI TRANSFER ARUN KUMAR REF:322583869797,3000,3000,2026-08-16,2026-08-16,REF99198,REF99198,,,user@ybl,Bill Payment,BHIM,Matched
RECEIVED FROM ARUN KUMAR VIA Cred,RECEIVED FROM ARUN KUMAR VIA Cred,350,350,2026-04-09,2026-04-09,REF88039,REF88039,,,user@axl,EMI Payment,GPay,Matched
BILL PAYMENT WATER REF:493740740865,BILL PAYMENT WATER REF:493740740865,5000,5000,2026-02-15,2026-02-15,REF84733,REF84733,,,user@paytm,P2M,Mobikwik,Matched
UPI P2M AIRTEL 307263502016,,2000,0,2026-01-27,2026-01-27,REF27521,,,,user@axl,Subscription,AmazonPay,Unmatched
UPI/AmazonPay/196339997611/SUNIL VERMA/Bill Payment,UPI/AmazonPay/196339997611/SUNIL VERMA/Bill Payment,499,498.5,2026-03-07,2026-07-19,REF16606,REF16606,,,user@axl,Mobile Recharge,BHIM,Partial Match
EMI PAYMENT KOTAK REF:200339263129,EMI PAYMENT KOTAK REF:200339263129,14999,14999,2026-03-11,2026-03-11,REF63570,REF63570,,,merchant@ccavenue,Insurance Premium,Cred,Matched
RECEIVED FROM RAVI TEJA VIA PhonePe,,550,0,2026-10-21,2026-09-01,REF25355,,CHQ9717,,bill@paytm,Mobile Recharge,AmazonPay,Unmatched
EMI PAYMENT SBI REF:751259884514,UPI REVERSAL 747903905941,2999,-2999,2026-09-14,2026-09-14,REF34979,REF34979,,,shop@okicici,Salary Transfer,PhonePe,UPI Reversed
UPI P2P AMIT KUMAR 983211030404,UPI P2P AMIT KUMAR 983211030404,1100,1100,2026-09-18,2026-09-18,REF99771,REF99771,,,user@okhdfcbank,Salary Transfer,Mobikwik,Matched
BILL PAYMENT INTERNET REF:227938016259,UPI PENDING SETTLEMENT 982990236475,9999,9999,2026-10-23,2026-03-13,REF35184,REF35184,CHQ2432,CHQ2432,merchant@payu,Rent Payment,Mobikwik,Pending Settlement
RECEIVED FROM SUNIL VERMA VIA Paytm,UPI FAILED 727536262529,3999,0,2026-03-24,2026-03-24,REF22724,REF22724,,,merchant@payu,P2P,GPay,UPI Failed
UPI/PhonePe/304437519870/NEHA CHOPRA/Salary Transfer,UPI/PhonePe/304437519870/NEHA CHOPRA/Salary Transfer,499,499,2026-06-01,2026-06-01,REF73868,REF45202,,,user@okhdfcbank,Merchant Payment,Cred,Matched
PAYMENT TO VODAFONE VIA PhonePe,PAYMENT TO VODAFONE VIA PhonePe,850,850,2026-08-27,2026-08-27,REF66690,REF66690,,,user@oksbi,P2M,BHIM,Matched
UPI P2M DMART 902809455556,UPI P2M DMART 902809455556,7500,7505.0,2026-10-11,2026-10-11,REF30193,REF30193,,,user@ybl,Mobile Recharge,Mobikwik,Partial Match
NEFT/376832083103/SUNIL VERMA/Bill Payment,NEFT/376832083103/SUNIL VERMA/Bill Payment,100,100,2026-08-04,2026-08-04,REF96422,REF96422,,,salary@bank,P2M,Cred,Matched
INSURANCE PREMIUM ICICI PRUDENTIAL REF:213525263060,UPI PENDING SETTLEMENT 953234426931,1500,1500,2026-01-16,2026-03-27,REF95033,REF95033,,,user@federal,EMI Payment,GPay,Pending Settlement
UPI/PhonePe/878801125484/SURESH PANDIT/Insurance Premium,UPI/PhonePe/878801125484/SURESH PANDIT/Insurance Premium,1500,1500,2026-05-15,2026-05-15,REF59861,REF59861,,,salary@bank,Salary Transfer,PhonePe,Matched
UPI/Mobikwik/115278366140/PRIYA PATEL/Rent Payment,UPI REVERSAL 663572421273,3999,-3999,2026-03-14,2026-03-14,REF51192,REF51192,,,store@okaxis,Rent Payment,AmazonPay,UPI Reversed
RECEIVED FROM NEHA CHOPRA VIA GPay,RECEIVED FROM NEHA CHOPRA VIA GPay,2500,2499.99,2026-08-04,2026-08-04,REF77646,REF77646,CHQ6341,CHQ6341,abc123@paytm,Rent Payment,GPay,Partial Match
UPI/DR/801642878969/LATA MISHRA/Bill Payment,,14999,0,2026-09-03,2026-09-03,REF19712,,,,rent@upi,P2P,Cred,Unmatched
UPI/CR/882083195433/PRIYA PATEL/Subscription,UPI/CR/882083195433/PRIYA PATEL/Subscription,19999,19999,2026-07-13,2026-07-13,REF95373,REF95373,,,user@oksbi,Rent Payment,Paytm,Duplicate
UPI/GPay/676389530444/ARUN KUMAR/Subscription,UPI REVERSAL 241440598487,550,-550,2026-09-04,2026-12-16,REF67156,REF37158,,,salary@bank,Salary Transfer,Paytm,UPI Reversed
UPI/DR/499197524790/SUNIL VERMA/Merchant Payment,UPI/DR/499197524790/SUNIL VERMA/Merchant Payment,100000,100000,2026-03-05,2026-03-26,REF11498,REF11498,,,pay@oksbi,Insurance Premium,Mobikwik,Matched
INSURANCE PREMIUM SBI LIFE REF:353917064051,INSURANCE PREMIUM SBI LIFE REF:353917064051,1000,999.5,2026-12-10,2026-12-10,REF18163,REF18163,CHQ3448,CHQ3448,xyz456@ybl,Bill Payment,Paytm,Partial Match
UPI/DR/537585348796/GEETA AGRAWAL/Insurance Premium,UPI/DR/537585348796/GEETA AGRAWAL/Insurance Premium,350,350,2026-08-21,2026-08-21,REF24443,REF40300,,,store@okaxis,Merchant Payment,Mobikwik,Matched
INSURANCE PREMIUM ICICI PRUDENTIAL REF:282156411398,INSURANCE PREMIUM ICICI PRUDENTIAL REF:282156411398,850,850,2026-06-11,2026-06-11,REF30425,REF30425,,,user@paytm,EMI Payment,BHIM,Matched
SUBSCRIPTION NETFLIX REF:217975128195,SUBSCRIPTION NETFLIX REF:217975128195,499,499.5,2026-02-20,2026-02-20,REF21579,REF21579,,,merchant@razorpay,Rent Payment,PhonePe,Partial Match
UPI/CR/961892355886/ANITA DEVI/EMI Payment,UPI PENDING SETTLEMENT 359820258359,14999,14999,2026-04-21,2026-10-07,REF33427,REF33427,,,user@paytm,Rent Payment,Paytm,Pending Settlement
EMI PAYMENT HDFC REF:930387757326,UPI PENDING SETTLEMENT 585940257516,1100,1100,2026-05-20,2026-09-03,REF46237,REF46237,CHQ1316,CHQ1316,user@federal,Merchant Payment,Paytm,Pending Settlement
INSURANCE PREMIUM ICICI PRUDENTIAL REF:967067876691,INSURANCE PREMIUM ICICI PRUDENTIAL REF:967067876691,950,950,2026-08-21,2026-08-21,REF21512,REF21512,,,merchant@payu,Mobile Recharge,AmazonPay,Matched
RECHARGE BSNL REF:225867724692,RECHARGE BSNL REF:225867724692,4999,4998.9,2026-01-16,2026-01-16,REF81480,REF81480,,,merchant@ccavenue,Insurance Premium,Cred,Partial Match
PhonePe UPI TRANSFER SNEHA SINGH REF:506306149378,PhonePe UPI TRANSFER SNEHA SINGH REF:506306149378,25000,25000,2026-09-12,2026-09-12,REF77538,REF77538,,,store@okaxis,Subscription,Cred,Matched
IMPS/308977628860/RAJESH YADAV/Salary Transfer,IMPS/308977628860/RAJESH YADAV/Salary Transfer,100,100,2026-09-28,2026-09-28,REF15641,REF15641,,,pay@oksbi,Rent Payment,PhonePe,Matched
UPI P2P RAVI TEJA 604252797625,UPI P2P RAVI TEJA 604252797625,200,200,2026-06-24,2026-06-24,REF58813,REF58813,CHQ5825,CHQ5825,xyz456@ybl,EMI Payment,GPay,Matched
UPI P2M STAR HEALTH 187977367052,UPI P2M STAR HEALTH 187977367052,3999,3999,2026-10-06,2026-10-06,REF73034,REF73034,,,merchant@ccavenue,Insurance Premium,AmazonPay,Matched
PAYMENT TO SWIGGY VIA Cred,PAYMENT TO SWIGGY VIA Cred,2999,2999,2026-06-28,2026-06-28,REF66397,REF78156,CHQ5922,CHQ5922,user@paytm,P2M,Cred,Matched
SUBSCRIPTION APPLE ICLOUD REF:771054797510,SUBSCRIPTION APPLE ICLOUD REF:771054797510,200,200,2026-05-01,2026-05-01,REF26989,REF26989,CHQ6700,CHQ6700,pay@oksbi,P2M,AmazonPay,Matched
GPay UPI TRANSFER MEERA JOSHI REF:451377795927,UPI PENDING SETTLEMENT 832032435186,250,250,2026-06-06,2026-06-07,REF82038,REF82038,,,user@federal,Rent Payment,Cred,Pending Settlement
UPI P2M DMART 887305609371,,75000,0,2026-07-15,2026-07-15,REF72614,,,,user@apl,Merchant Payment,PhonePe,Unmatched
UPI P2P AMIT KUMAR 187946200562,UPI P2P AMIT KUMAR 187946200562,999,999.5,2026-05-05,2026-05-05,REF59828,REF59828,,,user@ybl,P2M,BHIM,Partial Match
UPI/CR/182088432461/ANITA DEVI/Rent Payment,UPI/CR/182088432461/ANITA DEVI/Rent Payment,650,650,2026-01-24,2026-01-24,REF95950,REF95950,CHQ5966,CHQ5966,user@oksbi,Insurance Premium,AmazonPay,Duplicate
UPI/Mobikwik/543445923379/KIRAN SINGH/Bill Payment,UPI FAILED 606320144790,1300,0,2026-09-15,2026-09-15,REF14744,REF14744,,,rent@upi,Rent Payment,PhonePe,UPI Failed
INSURANCE PREMIUM ICICI PRUDENTIAL REF:783298349203,INSURANCE PREMIUM ICICI PRUDENTIAL REF:783298349203,200,200,2026-04-12,2026-04-12,REF85075,REF85075,,,user@paytm,Merchant Payment,GPay,Matched
UPI P2P AMIT KUMAR 452969594792,UPI FAILED 861266574897,1300,0,2026-10-12,2026-10-12,REF93046,REF93046,,,user@federal,Mobile Recharge,Paytm,UPI Failed
EMI PAYMENT KOTAK REF:955415974362,EMI PAYMENT KOTAK REF:955415974362,1100,1100,2026-04-10,2026-04-10,REF81065,REF81065,,,user@federal,P2P,BHIM,Matched
INSURANCE PREMIUM STAR HEALTH REF:871085577256,UPI REVERSAL 289020441466,1000,-1000,2026-10-24,2026-10-24,REF80958,REF80958,CHQ9785,CHQ9785,pay@oksbi,Mobile Recharge,PhonePe,UPI Reversed
SUBSCRIPTION NETFLIX REF:238578060213,SUBSCRIPTION NETFLIX REF:238578060213,15000,15000,2026-10-22,2026-10-22,REF62023,REF62023,CHQ4241,CHQ4241,merchant@payu,Mobile Recharge,AmazonPay,Matched
NEFT/346812169128/ARUN NAIR/Insurance Premium,UPI FAILED 692880003142,550,0,2026-06-21,2026-06-21,REF60000,REF60000,,,user@axl,Merchant Payment,Cred,UPI Failed
PAYMENT TO PRIME VIDEO VIA PhonePe,PAYMENT TO PRIME VIDEO VIA PhonePe,3999,3999,2026-08-17,2026-08-17,REF31297,REF31297,CHQ9401,CHQ9401,merchant@razorpay,Mobile Recharge,Paytm,Matched
UPI P2P SUNIL VERMA 886954711306,UPI PENDING SETTLEMENT 689079925097,950,950,2026-11-21,2026-01-16,REF96298,REF73242,,,store@okaxis,P2M,AmazonPay,Pending Settlement
UPI P2P VIKAS GUPTA 445872951242,,4999,0,2026-02-14,2026-02-14,REF53444,,CHQ4137,,shop@okicici,Insurance Premium,GPay,Unmatched
BILL PAYMENT LANDLINE REF:351215824867,UPI FAILED 842712048516,1200,0,2026-01-04,2026-01-04,REF83440,REF83440,CHQ2418,CHQ2418,abc123@paytm,Merchant Payment,GPay,UPI Failed
UPI P2P KAVITA REDDY 252451454508,,1300,0,2026-08-06,2026-08-06,REF17824,REF73240,,,merchant@razorpay,Insurance Premium,BHIM,Unmatched
IMPS/171179085076/ANITA DEVI/Bill Payment,UPI REVERSAL 597193276866,1999,-1999,2026-12-23,2026-09-11,REF27653,REF27653,CHQ9358,CHQ9358,abc123@paytm,Salary Transfer,PhonePe,UPI Reversed
PAYMENT TO AIRTEL VIA AmazonPay,,499,0,2026-06-09,2026-06-09,REF25524,,,,xyz456@ybl,Merchant Payment,AmazonPay,Unmatched
NEFT/783981581348/AMIT KUMAR/P2M,,1100,0,2026-11-08,2026-11-08,REF11956,,,,abc123@paytm,Insurance Premium,PhonePe,Unmatched
NEFT/260453918251/KIRAN SINGH/Mobile Recharge,NEFT/260453918251/KIRAN SINGH/Mobile Recharge,75000,75000.1,2026-07-28,2026-09-13,REF74250,REF74250,CHQ7219,CHQ7219,xyz456@ybl,Subscription,Mobikwik,Partial Match
RECHARGE JIO REF:581296253828,RECHARGE JIO REF:581296253828,3000,3000,2026-11-01,2026-11-01,REF87161,REF87161,CHQ2476,CHQ2476,user@axl,Bill Payment,BHIM,Matched
Mobikwik UPI TRANSFER ARUN NAIR REF:457449623683,UPI REVERSAL 905392839451,2999,-2999,2026-09-19,2026-09-19,REF95429,REF95429,,,merchant@razorpay,Mobile Recharge,BHIM,UPI Reversed
NEFT/146811552035/LATA MISHRA/Merchant Payment,NEFT/146811552035/LATA MISHRA/Merchant Payment,499,499,2026-08-19,2026-11-05,REF23088,REF23088,CHQ1277,CHQ1277,user@paytm,Rent Payment,AmazonPay,Matched
UPI P2P AMIT KUMAR 974059050690,UPI P2P AMIT KUMAR 974059050690,3999,3999,2026-03-12,2026-03-12,REF35065,REF35065,CHQ7826,CHQ7826,user@oksbi,P2M,AmazonPay,Matched
IMPS/554080275813/LATA MISHRA/EMI Payment,IMPS/554080275813/LATA MISHRA/EMI Payment,14999,14999,2026-02-05,2026-02-05,REF56799,REF56799,CHQ5090,CHQ5090,rent@upi,Subscription,Cred,Matched
IMPS/225380758662/DEEPA KAPOOR/Bill Payment,IMPS/225380758662/DEEPA KAPOOR/Bill Payment,500,500,2026-09-26,2026-09-26,REF35810,REF46181,,,user@apl,EMI Payment,GPay,Matched
Paytm UPI TRANSFER DEEPA KAPOOR REF:921674097306,Paytm UPI TRANSFER DEEPA KAPOOR REF:921674097306,500,500,2026-12-14,2026-12-14,REF52534,REF52534,CHQ2434,CHQ2434,user@okhdfcbank,Rent Payment,Paytm,Matched
UPI P2M NETFLIX 642907125838,UPI P2M NETFLIX 642907125838,7500,7500,2026-07-27,2026-04-02,REF26380,REF26380,CHQ1030,CHQ1030,merchant@payu,EMI Payment,AmazonPay,Matched
INSURANCE PREMIUM ICICI PRUDENTIAL REF:889190346898,INSURANCE PREMIUM ICICI PRUDENTIAL REF:889190346898,1100,1101.0,2026-02-04,2026-07-15,REF74132,REF74132,,,salary@bank,Rent Payment,AmazonPay,Partial Match
UPI P2M LIC 410538378482,,2999,0,2026-01-01,2026-01-01,REF69425,,,,merchant@payu,Mobile Recharge,GPay,Unmatched
BILL PAYMENT ELECTRICITY REF:778915896381,BILL PAYMENT ELECTRICITY REF:778915896381,10000,10000,2026-12-25,2026-12-25,REF92986,REF92986,,,merchant@payu,P2P,BHIM,Matched
SUBSCRIPTION GOOGLE ONE REF:270425769452,,2250,0,2026-02-10,2026-02-10,REF84415,,,,rent@upi,Rent Payment,Mobikwik,Unmatched
RECEIVED FROM LATA MISHRA VIA Mobikwik,RECEIVED FROM LATA MISHRA VIA Mobikwik,950,949.0,2026-11-02,2026-11-02,REF94572,REF50401,CHQ5476,CHQ5476,user@paytm,Merchant Payment,Paytm,Partial Match
UPI P2M NETFLIX 687410577144,UPI FAILED 718200283896,1500,0,2026-12-08,2026-04-07,REF13124,REF13124,,,merchant@payu,P2P,Mobikwik,UPI Failed
RECHARGE JIO REF:583863585293,,999,0,2026-07-25,2026-07-25,REF88219,,CHQ5074,,pay@oksbi,EMI Payment,Mobikwik,Unmatched
UPI P2P MEERA JOSHI 860988768568,UPI P2P MEERA JOSHI 860988768568,2250,2250,2026-01-22,2026-01-22,REF55777,REF55777,CHQ1789,CHQ1789,rent@upi,P2P,Paytm,Matched
PhonePe UPI TRANSFER MOHAN LAL REF:398893683941,,500,0,2026-06-24,2026-06-24,REF40919,,,,xyz456@ybl,Subscription,BHIM,Unmatched
UPI/CR/668715527268/SNEHA SINGH/Mobile Recharge,UPI FAILED 907896297385,1000,0,2026-05-25,2026-05-25,REF69456,REF56918,,,xyz456@ybl,EMI Payment,PhonePe,UPI Failed
UPI P2M STAR HEALTH 584547349070,UPI P2M STAR HEALTH 584547349070,1499,1499,2026-11-05,2026-11-05,REF52985,REF52985,CHQ5252,CHQ5252,pay@oksbi,P2M,AmazonPay,Matched
BILL PAYMENT ELECTRICITY REF:182949860681,BILL PAYMENT ELECTRICITY REF:182949860681,450,450.05,2026-07-10,2026-07-10,REF91996,REF91996,CHQ1590,CHQ1590,user@oksbi,P2M,Paytm,Partial Match
INSURANCE PREMIUM SBI LIFE REF:448131389488,,850,0,2026-02-22,2026-02-22,REF79477,,,,user@ibl,Bill Payment,GPay,Unmatched
EMI PAYMENT SBI REF:138646989950,UPI FAILED 644443921904,1499,0,2026-10-22,2026-10-22,REF70335,REF70335,CHQ5012,CHQ5012,pay@oksbi,Merchant Payment,Paytm,UPI Failed
EMI PAYMENT KOTAK REF:966268245661,UPI FAILED 696524498036,1000,0,2026-02-08,2026-02-08,REF79785,REF94151,,,user@apl,Insurance Premium,AmazonPay,UPI Failed
BILL PAYMENT GAS REF:808660331953,UPI PENDING SETTLEMENT 241227581165,1999,1999,2026-06-04,2026-02-25,REF17020,REF17020,,,user@apl,Bill Payment,Paytm,Pending Settlement
PAYMENT TO BAJAJ FINSERV VIA Mobikwik,UPI PENDING SETTLEMENT 364918565842,7500,7500,2026-05-17,2026-06-22,REF72106,REF72106,,,pay@oksbi,Rent Payment,Mobikwik,Pending Settlement
SUBSCRIPTION GOOGLE ONE REF:738790109318,,3999,0,2026-08-22,2026-08-22,REF44196,REF46785,,,store@okaxis,EMI Payment,PhonePe,Unmatched
SUBSCRIPTION NETFLIX REF:756029718342,UPI PENDING SETTLEMENT 986656629124,15000,15000,2026-12-11,2026-12-19,REF82219,REF82219,CHQ1989,CHQ1989,abc123@paytm,Subscription,BHIM,Pending Settlement
BILL PAYMENT WATER REF:107662876391,BILL PAYMENT WATER REF:107662876391,250,250.05,2026-02-21,2026-02-21,REF45735,REF45735,CHQ3297,CHQ3297,salary@bank,Bill Payment,GPay,Partial Match
UPI P2P KAVITA REDDY 863069246464,,650,0,2026-08-28,2026-08-28,REF65766,,CHQ7418,,store@okaxis,Salary Transfer,AmazonPay,Unmatched
EMI PAYMENT HDFC REF:955239518878,UPI REVERSAL 588124688701,200,-200,2026-06-09,2026-06-09,REF38932,REF38932,,,user@ybl,Mobile Recharge,Mobikwik,UPI Reversed
UPI/Cred/284113604444/GEETA AGRAWAL/Subscription,UPI FAILED 932556524926,25000,0,2026-07-06,2026-07-06,REF71062,REF71062,,,bill@paytm,P2P,GPay,UPI Failed
UPI/CR/936532395417/DEEPA KAPOOR/Rent Payment,UPI/CR/936532395417/DEEPA KAPOOR/Rent Payment,1300,1300,2026-11-12,2026-11-12,REF80763,REF80763,,,user@okhdfcbank,Merchant Payment,AmazonPay,Matched
UPI P2P GEETA AGRAWAL 469166322201,,10000,0,2026-10-12,2026-10-12,REF52290,,,,user@okhdfcbank,Subscription,Mobikwik,Unmatched
UPI/Mobikwik/878933292744/RAVI TEJA/Insurance Premium,UPI PENDING SETTLEMENT 602280091835,2250,2250,2026-11-05,2026-04-14,REF81742,REF81742,,,user@okhdfcbank,P2P,Cred,Pending Settlement
IMPS/715712140643/ARUN KUMAR/EMI Payment,IMPS/715712140643/ARUN KUMAR/EMI Payment,1100,1100,2026-04-03,2026-04-03,REF78974,REF78974,,,xyz456@ybl,Bill Payment,PhonePe,Matched
INSURANCE PREMIUM SBI LIFE REF:526940931706,UPI REVERSAL 651195130267,250,-250,2026-01-13,2026-01-13,REF22473,REF22473,,,user@paytm,P2M,AmazonPay,UPI Reversed
NEFT/407774952328/ARUN KUMAR/Mobile Recharge,NEFT/407774952328/ARUN KUMAR/Mobile Recharge,1750,1750,2026-02-12,2026-02-12,REF95762,REF95762,CHQ2957,CHQ2957,merchant@payu,Rent Payment,Mobikwik,Matched
RECEIVED FROM DEEPA KAPOOR VIA Cred,RECEIVED FROM DEEPA KAPOOR VIA Cred,2000,2000,2026-02-08,2026-11-21,REF78462,REF78462,,,user@oksbi,Rent Payment,PhonePe,Matched
SUBSCRIPTION NETFLIX REF:648140634780,UPI FAILED 213310638456,200,0,2026-09-27,2026-09-27,REF32942,REF32942,,,user@axl,Mobile Recharge,PhonePe,UPI Failed
PAYMENT TO ICICI BANK VIA GPay,PAYMENT TO ICICI BANK VIA GPay,500,500,2026-05-04,2026-01-13,REF11731,REF11731,,,user@apl,Bill Payment,GPay,Matched
RECHARGE BSNL REF:647155020452,RECHARGE BSNL REF:647155020452,750,750,2026-06-18,2026-06-18,REF56606,REF56606,,,store@okaxis,Mobile Recharge,BHIM,Matched
EMI PAYMENT KOTAK REF:911531145900,EMI PAYMENT KOTAK REF:911531145900,100,100,2026-04-14,2026-04-14,REF19784,REF19784,CHQ6487,CHQ6487,user@ibl,P2M,Cred,Matched
IMPS/809367170926/MEERA JOSHI/Subscription,IMPS/809367170926/MEERA JOSHI/Subscription,3000,3000,2026-07-07,2026-07-07,REF58567,REF58567,CHQ4393,CHQ4393,merchant@payu,Insurance Premium,Cred,Matched
RECHARGE BSNL REF:632736458397,,450,0,2026-12-24,2026-12-24,REF92374,,,,user@ibl,Mobile Recharge,AmazonPay,Unmatched
INSURANCE PREMIUM SBI LIFE REF:594219016857,INSURANCE PREMIUM SBI LIFE REF:594219016857,25000,25000,2026-09-18,2026-09-18,REF72173,REF72173,,,user@federal,Salary Transfer,Paytm,Matched
RECHARGE BSNL REF:937697140529,RECHARGE BSNL REF:937697140529,450,449.0,2026-09-02,2026-09-02,REF29938,REF29938,CHQ1014,CHQ1014,xyz456@ybl,Mobile Recharge,BHIM,Partial Match
INSURANCE PREMIUM LIC REF:676082693368,UPI PENDING SETTLEMENT 773240293088,1499,1499,2026-01-09,2026-09-18,REF42018,REF42018,,,bill@paytm,Subscription,AmazonPay,Pending Settlement
UPI P2P GEETA AGRAWAL 107817479832,,500,0,2026-08-22,2026-08-22,REF77166,,,,merchant@payu,Insurance Premium,Cred,Unmatched
RECEIVED FROM ARUN KUMAR VIA Cred,RECEIVED FROM ARUN KUMAR VIA Cred,1300,1300,2026-12-13,2026-12-11,REF91797,REF91797,,,user@okhdfcbank,P2P,Cred,Matched
INSURANCE PREMIUM ICICI PRUDENTIAL REF:339288067108,INSURANCE PREMIUM ICICI PRUDENTIAL REF:339288067108,2000,2000,2026-06-03,2026-06-03,REF79536,REF79536,,,abc123@paytm,EMI Payment,GPay,Matched
RECEIVED FROM MEERA JOSHI VIA Cred,,75000,0,2026-10-24,2026-10-24,REF79249,,CHQ4507,,merchant@payu,Subscription,Mobikwik,Unmatched
INSURANCE PREMIUM STAR HEALTH REF:729121342163,INSURANCE PREMIUM STAR HEALTH REF:729121342163,1500,1500,2026-01-18,2026-01-18,REF82141,REF82141,,,user@ibl,P2M,GPay,Matched
UPI/CR/768232998414/VIKAS GUPTA/Bill Payment,UPI/CR/768232998414/VIKAS GUPTA/Bill Payment,850,850,2026-06-03,2026-06-03,REF43967,REF43967,CHQ5114,CHQ5114,merchant@payu,Salary Transfer,PhonePe,Matched
EMI PAYMENT KOTAK REF:563896118908,,14999,0,2026-11-25,2026-11-25,REF44329,,,,store@okaxis,P2M,AmazonPay,Unmatched
INSURANCE PREMIUM LIC REF:301478478085,,1200,0,2026-12-11,2026-12-11,REF45327,REF80966,CHQ9701,,pay@oksbi,P2P,AmazonPay,Unmatched
EMI PAYMENT AXIS REF:524484042909,,19999,0,2026-04-27,2026-04-27,REF18396,,CHQ1409,,user@okhdfcbank,P2M,GPay,Unmatched
UPI/DR/942615486126/KAVITA REDDY/P2M,UPI/DR/942615486126/KAVITA REDDY/P2M,350,350,2026-06-16,2026-06-16,REF76030,REF46967,,,store@okaxis,Mobile Recharge,BHIM,Duplicate
UPI P2P MOHAN LAL 681783429578,UPI P2P MOHAN LAL 681783429578,1750,1750,2026-10-18,2026-10-18,REF68602,REF68602,,,salary@bank,Insurance Premium,Paytm,Matched
INSURANCE PREMIUM ICICI PRUDENTIAL REF:507491867934,UPI PENDING SETTLEMENT 739657339072,1200,1200,2026-04-03,2026-07-19,REF43236,REF43236,CHQ4559,CHQ4559,salary@bank,Merchant Payment,AmazonPay,Pending Settlement
UPI/BHIM/851208472364/MEERA JOSHI/EMI Payment,UPI PENDING SETTLEMENT 388290628946,500,500,2026-10-21,2026-02-16,REF67481,REF67481,,,user@oksbi,P2M,Cred,Pending Settlement
Paytm UPI TRANSFER AMIT KUMAR REF:934756695317,UPI PENDING SETTLEMENT 729415116112,850,850,2026-05-09,2026-05-24,REF68600,REF68600,,,store@okaxis,Subscription,PhonePe,Pending Settlement
SUBSCRIPTION APPLE ICLOUD REF:889269144575,SUBSCRIPTION APPLE ICLOUD REF:889269144575,250,250,2026-09-24,2026-09-24,REF49056,REF49056,CHQ2952,CHQ2952,user@federal,P2M,AmazonPay,Duplicate
PAYMENT TO CROMA VIA GPay,PAYMENT TO CROMA VIA GPay,15000,15000,2026-10-21,2026-10-21,REF33586,REF21602,,,user@axl,P2P,GPay,Matched
Cred UPI TRANSFER RAJESH YADAV REF:841597451105,,1500,0,2026-09-19,2026-09-19,REF54756,REF99074,,,user@ibl,Rent Payment,BHIM,Unmatched
PAYMENT TO ZOMATO VIA BHIM,UPI REVERSAL 408998003020,2500,-2500,2026-11-15,2026-11-15,REF48468,REF48468,,,user@okhdfcbank,Insurance Premium,PhonePe,UPI Reversed
RECHARGE JIO REF:583772989095,RECHARGE JIO REF:583772989095,100,100,2026-07-01,2026-07-01,REF80644,REF80644,CHQ2340,CHQ2340,merchant@ccavenue,Rent Payment,PhonePe,Duplicate
IMPS/511529185056/ANITA DEVI/Insurance Premium,UPI FAILED 554417390813,2000,0,2026-02-05,2026-02-05,REF93052,REF50814,CHQ5191,CHQ5191,shop@okicici,P2M,Cred,UPI Failed
AmazonPay UPI TRANSFER KIRAN SINGH REF:828666193017,AmazonPay UPI TRANSFER KIRAN SINGH REF:828666193017,10000,10000,2026-10-19,2026-10-19,REF25414,REF25414,,,merchant@razorpay,Merchant Payment,AmazonPay,Matched
NEFT/912654429822/MOHAN LAL/Subscription,UPI FAILED 750761531016,14999,0,2026-07-02,2026-07-02,REF82580,REF82580,,,merchant@razorpay,Merchant Payment,Cred,UPI Failed
INSURANCE PREMIUM ICICI PRUDENTIAL REF:408441032157,INSURANCE PREMIUM ICICI PRUDENTIAL REF:408441032157,750,755.0,2026-01-13,2026-01-13,REF31615,REF31615,,,merchant@razorpay,Bill Payment,PhonePe,Partial Match
IMPS/940660063574/VIKAS GUPTA/Subscription,IMPS/940660063574/VIKAS GUPTA/Subscription,7500,7499.0,2026-08-19,2026-08-19,REF80422,REF80422,,,bill@paytm,Mobile Recharge,Cred,Partial Match
RECEIVED FROM NEHA CHOPRA VIA Cred,UPI FAILED 402198961099,3000,0,2026-11-03,2026-11-03,REF32094,REF32094,,,salary@bank,Salary Transfer,GPay,UPI Failed
UPI P2P SUNIL VERMA 560479549518,UPI P2P SUNIL VERMA 560479549518,999,999,2026-10-11,2026-10-11,REF97621,REF97621,CHQ8345,CHQ8345,user@apl,Mobile Recharge,GPay,Matched
RECHARGE JIO REF:549680044955,RECHARGE JIO REF:549680044955,15000,15001.0,2026-03-14,2026-03-14,REF64497,REF64497,,,abc123@paytm,Merchant Payment,Cred,Partial Match
RECHARGE JIO REF:587236266641,,650,0,2026-01-19,2026-01-19,REF44596,,,,salary@bank,EMI Payment,Mobikwik,Unmatched
UPI/DR/784943929748/GEETA AGRAWAL/Insurance Premium,UPI/DR/784943929748/GEETA AGRAWAL/Insurance Premium,19999,19999,2026-07-21,2026-07-21,REF82911,REF82911,,,rent@upi,P2M,AmazonPay,Matched
UPI/BHIM/175351738052/SURESH PANDIT/Subscription,UPI/BHIM/175351738052/SURESH PANDIT/Subscription,850,850,2026-06-17,2026-06-17,REF81770,REF81770,,,shop@okicici,Bill Payment,Paytm,Duplicate
UPI/CR/822731717695/AMIT KUMAR/P2M,,650,0,2026-01-04,2026-09-09,REF78250,,,,user@oksbi,Insurance Premium,GPay,Unmatched
RECEIVED FROM AMIT KUMAR VIA Mobikwik,UPI REVERSAL 517380997665,3999,-3999,2026-06-27,2026-06-27,REF72025,REF72025,CHQ7021,CHQ7021,user@ibl,P2M,Paytm,UPI Reversed
UPI P2P AMIT KUMAR 114850452212,UPI P2P AMIT KUMAR 114850452212,1750,1750,2026-05-22,2026-05-22,REF37430,REF37430,CHQ2247,CHQ2247,user@ibl,P2P,Mobikwik,Duplicate
UPI P2P KAVITA REDDY 956414484453,UPI P2P KAVITA REDDY 956414484453,1499,1499,2026-05-28,2026-05-28,REF21668,REF21668,,,user@oksbi,Insurance Premium,Mobikwik,Matched
Cred UPI TRANSFER SUNIL VERMA REF:193865720831,UPI PENDING SETTLEMENT 259903696720,650,650,2026-05-02,2026-08-23,REF35485,REF35485,,,abc123@paytm,P2M,Paytm,Pending Settlement
UPI/BHIM/461869993541/RAVI TEJA/Rent Payment,UPI REVERSAL 574079634619,250,-250,2026-09-13,2026-09-13,REF33382,REF33382,,,user@okhdfcbank,Insurance Premium,GPay,UPI Reversed
UPI/DR/967986872971/NEHA CHOPRA/EMI Payment,UPI/DR/967986872971/NEHA CHOPRA/EMI Payment,999,999,2026-11-01,2026-11-01,REF79361,REF79361,,,xyz456@ybl,P2P,PhonePe,Matched
SUBSCRIPTION AMAZON PRIME REF:239196640568,SUBSCRIPTION AMAZON PRIME REF:239196640568,9999,9999,2026-10-27,2026-01-14,REF75104,REF75104,,,user@oksbi,Rent Payment,Paytm,Matched
RECEIVED FROM GEETA AGRAWAL VIA PhonePe,RECEIVED FROM GEETA AGRAWAL VIA PhonePe,1200,1200,2026-05-03,2026-06-05,REF12513,REF12513,,,abc123@paytm,Insurance Premium,Paytm,Matched
SUBSCRIPTION AMAZON PRIME REF:754652950857,UPI REVERSAL 109760881595,19999,-19999,2026-12-09,2026-08-03,REF79553,REF79553,,,store@okaxis,Salary Transfer,Cred,UPI Reversed
UPI P2P SUNIL VERMA 475616110185,,2999,0,2026-11-06,2026-10-18,REF57723,,CHQ9344,,merchant@razorpay,EMI Payment,GPay,Unmatched
SUBSCRIPTION GOOGLE ONE REF:684836211385,SUBSCRIPTION GOOGLE ONE REF:684836211385,750,749.0,2026-01-27,2026-01-27,REF16516,REF16516,,,merchant@payu,P2P,Cred,Partial Match
IMPS/176669760772/RAJESH YADAV/P2P,,499,0,2026-08-20,2026-06-05,REF85536,REF89988,CHQ6241,,rent@upi,Mobile Recharge,Paytm,Unmatched
INSURANCE PREMIUM SBI LIFE REF:516873527812,INSURANCE PREMIUM SBI LIFE REF:516873527812,15000,15000,2026-12-17,2026-01-01,REF49154,REF49154,,,user@oksbi,EMI Payment,Cred,Matched
SUBSCRIPTION APPLE ICLOUD REF:528184127141,UPI FAILED 455454217808,9999,0,2026-09-19,2026-09-19,REF87956,REF87956,,,user@apl,Subscription,BHIM,UPI Failed
SUBSCRIPTION APPLE ICLOUD REF:590482294714,SUBSCRIPTION APPLE ICLOUD REF:590482294714,7500,7500,2026-09-16,2026-09-16,REF28385,REF28385,CHQ3192,CHQ3192,bill@paytm,Merchant Payment,AmazonPay,Matched
BILL PAYMENT WATER REF:920120879064,UPI PENDING SETTLEMENT 409448363325,2500,2500,2026-06-24,2026-05-25,REF71579,REF71579,,,merchant@razorpay,EMI Payment,Cred,Pending Settlement
BILL PAYMENT DTH REF:680364634150,BILL PAYMENT DTH REF:680364634150,20000,20000,2026-06-05,2026-06-05,REF42670,REF42670,CHQ5671,CHQ5671,user@oksbi,Merchant Payment,Paytm,Matched
PAYMENT TO BSNL VIA Paytm,PAYMENT TO BSNL VIA Paytm,1499,1499,2026-05-08,2026-05-08,REF11277,REF11277,,,user@axl,Merchant Payment,Paytm,Matched
EMI PAYMENT HDFC REF:273344170613,,1999,0,2026-06-10,2026-06-10,REF41820,REF93654,CHQ9780,,merchant@payu,EMI Payment,Mobikwik,Unmatched
NEFT/477034152427/NEHA CHOPRA/EMI Payment,UPI FAILED 642854186066,450,0,2026-08-23,2026-05-10,REF98137,REF98137,CHQ6470,CHQ6470,user@ybl,P2M,GPay,UPI Failed
NEFT/294106694757/SUNIL VERMA/P2P,UPI PENDING SETTLEMENT 182880568057,2999,2999,2026-09-28,2026-12-12,REF67456,REF16259,,,rent@upi,Merchant Payment,AmazonPay,Pending Settlement
UPI P2M HDFC BANK 902906402778,UPI PENDING SETTLEMENT 287117831730,350,350,2026-05-05,2026-11-21,REF30836,REF30836,,,user@paytm,Rent Payment,GPay,Pending Settlement
PAYMENT TO BSNL VIA AmazonPay,,650,0,2026-03-25,2026-03-25,REF40054,,CHQ5802,,user@oksbi,Merchant Payment,GPay,Unmatched
UPI P2P RAJESH YADAV 216466722537,UPI P2P RAJESH YADAV 216466722537,5000,5000,2026-02-11,2026-02-11,REF45226,REF45226,CHQ6007,CHQ6007,user@apl,Mobile Recharge,Cred,Matched
RECEIVED FROM SUNIL VERMA VIA BHIM,,9999,0,2026-03-06,2026-03-06,REF67751,,,,abc123@paytm,Merchant Payment,Mobikwik,Unmatched
UPI/DR/487658497281/SNEHA SINGH/Salary Transfer,UPI/DR/487658497281/SNEHA SINGH/Salary Transfer,4999,4999,2026-10-20,2026-10-20,REF62506,REF62506,,,abc123@paytm,Subscription,Mobikwik,Duplicate
BILL PAYMENT DTH REF:180764759105,,1100,0,2026-10-09,2026-10-09,REF25096,,CHQ2452,,user@ibl,Subscription,BHIM,Unmatched
RECEIVED FROM RAHUL SHARMA VIA BHIM,RECEIVED FROM RAHUL SHARMA VIA BHIM,15000,15000,2026-07-26,2026-07-26,REF37350,REF37350,CHQ4681,CHQ4681,merchant@razorpay,P2M,Mobikwik,Matched
UPI/DR/874043017702/VIKAS GUPTA/P2M,UPI/DR/874043017702/VIKAS GUPTA/P2M,650,650,2026-12-16,2026-12-16,REF25080,REF91739,,,user@okhdfcbank,EMI Payment,Cred,Duplicate
UPI/DR/214678521670/RAHUL SHARMA/EMI Payment,UPI/DR/214678521670/RAHUL SHARMA/EMI Payment,1100,1100,2026-03-03,2026-03-03,REF31090,REF31090,,,shop@okicici,Salary Transfer,Paytm,Matched
GPay UPI TRANSFER ARUN NAIR REF:516498475918,GPay UPI TRANSFER ARUN NAIR REF:516498475918,10000,10000,2026-02-04,2026-02-04,REF82217,REF89140,,,user@oksbi,Subscription,BHIM,Matched
UPI P2M PRIME VIDEO 807489236012,UPI PENDING SETTLEMENT 723428997076,1000,1000,2026-11-02,2026-09-12,REF90739,REF90739,,,user@oksbi,Bill Payment,BHIM,Pending Settlement
RECHARGE VI REF:635220867943,UPI PENDING SETTLEMENT 752137989934,2500,2500,2026-04-25,2026-10-28,REF47583,REF47583,,,xyz456@ybl,Subscription,PhonePe,Pending Settlement
UPI P2M HOTSTAR 867930678122,UPI REVERSAL 111192773312,2250,-2250,2026-09-20,2026-09-20,REF25117,REF25117,,,user@ybl,Rent Payment,PhonePe,UPI Reversed
NEFT/731309979021/PRIYA PATEL/EMI Payment,NEFT/731309979021/PRIYA PATEL/EMI Payment,1999,1999,2026-09-16,2026-09-16,REF93728,REF93728,,,bill@paytm,Rent Payment,Cred,Matched
INSURANCE PREMIUM LIC REF:221752160017,INSURANCE PREMIUM LIC REF:221752160017,450,450,2026-09-04,2026-09-04,REF49225,REF49225,,,merchant@razorpay,Merchant Payment,Paytm,Matched
PAYMENT TO ZOMATO VIA Paytm,PAYMENT TO ZOMATO VIA Paytm,2000,2000,2026-09-19,2026-09-19,REF22531,REF22531,CHQ5208,CHQ5208,user@ybl,Salary Transfer,BHIM,Matched
EMI PAYMENT KOTAK REF:744976868705,UPI FAILED 521656382497,7500,0,2026-04-28,2026-04-28,REF67648,REF67648,,,user@paytm,Rent Payment,PhonePe,UPI Failed
INSURANCE PREMIUM ICICI PRUDENTIAL REF:946885454374,,1100,0,2026-12-05,2026-12-05,REF17807,REF59774,,,xyz456@ybl,Salary Transfer,Paytm,Unmatched
UPI/DR/804426168870/SUNIL VERMA/Rent Payment,,450,0,2026-11-04,2026-11-04,REF20798,REF96768,,,merchant@ccavenue,P2M,AmazonPay,Unmatched
INSURANCE PREMIUM STAR HEALTH REF:348009683668,,100000,0,2026-03-12,2026-03-12,REF95704,,,,user@ybl,Bill Payment,GPay,Unmatched
Paytm UPI TRANSFER KAVITA REDDY REF:503322737373,,1200,0,2026-09-16,2026-09-16,REF38622,,,,bill@paytm,EMI Payment,Mobikwik,Unmatched
IMPS/470620358238/RAHUL SHARMA/P2M,IMPS/470620358238/RAHUL SHARMA/P2M,50000,50000,2026-07-07,2026-07-07,REF35894,REF35894,,,merchant@payu,Rent Payment,Cred,Matched
IMPS/354792360396/SNEHA SINGH/Bill Payment,,100000,0,2026-06-17,2026-06-17,REF74254,,CHQ7281,,rent@upi,EMI Payment,BHIM,Unmatched
IMPS/203984951019/SUNIL VERMA/Salary Transfer,UPI PENDING SETTLEMENT 732380496556,1100,1100,2026-01-27,2026-12-02,REF74084,REF74084,,,user@paytm,Insurance Premium,Paytm,Pending Settlement
EMI PAYMENT SBI REF:899884363137,EMI PAYMENT SBI REF:899884363137,850,850,2026-03-18,2026-03-18,REF18749,REF18749,,,xyz456@ybl,Rent Payment,AmazonPay,Matched
SUBSCRIPTION NETFLIX REF:148185217365,SUBSCRIPTION NETFLIX REF:148185217365,1000,1005.0,2026-11-24,2026-02-04,REF42264,REF42264,,,salary@bank,Insurance Premium,Mobikwik,Partial Match
SUBSCRIPTION AMAZON PRIME REF:650270329993,UPI FAILED 333757932348,1000,0,2026-09-24,2026-05-25,REF69028,REF69028,,,store@okaxis,Insurance Premium,Cred,UPI Failed
INSURANCE PREMIUM ICICI PRUDENTIAL REF:541002977164,INSURANCE PREMIUM ICICI PRUDENTIAL REF:541002977164,7500,7500,2026-03-11,2026-03-11,REF53732,REF53732,,,user@axl,Rent Payment,Mobikwik,Matched
RECEIVED FROM MOHAN LAL VIA Paytm,UPI REVERSAL 343593684721,350,-350,2026-11-17,2026-11-17,REF90259,REF90259,,,user@ybl,Merchant Payment,Paytm,UPI Reversed
NEFT/812870683160/LATA MISHRA/Insurance Premium,NEFT/812870683160/LATA MISHRA/Insurance Premium,2999,2999,2026-07-16,2026-10-13,REF99728,REF20252,,,rent@upi,P2P,GPay,Matched
BILL PAYMENT DTH REF:712352589209,BILL PAYMENT DTH REF:712352589209,1100,1100,2026-05-01,2026-05-01,REF51262,REF51262,CHQ8951,CHQ8951,merchant@razorpay,P2M,AmazonPay,Matched
PAYMENT TO NETFLIX VIA BHIM,PAYMENT TO NETFLIX VIA BHIM,1200,1200,2026-08-27,2026-01-02,REF72458,REF50747,,,store@okaxis,Merchant Payment,GPay,Matched
UPI/Paytm/936249060874/NEHA CHOPRA/Insurance Premium,UPI/Paytm/936249060874/NEHA CHOPRA/Insurance Premium,14999,14999,2026-08-04,2026-08-04,REF28475,REF28475,,,user@ybl,Mobile Recharge,AmazonPay,Matched
UPI/DR/934471631356/ARUN KUMAR/EMI Payment,UPI/DR/934471631356/ARUN KUMAR/EMI Payment,650,650,2026-12-19,2026-12-19,REF32713,REF32713,,,store@okaxis,Insurance Premium,GPay,Matched
UPI P2P SNEHA SINGH 135376575525,UPI PENDING SETTLEMENT 142705040400,550,550,2026-02-22,2026-04-02,REF94377,REF94377,,,bill@paytm,Insurance Premium,PhonePe,Pending Settlement
IMPS/756331332822/ARUN NAIR/Mobile Recharge,UPI PENDING SETTLEMENT 246015461958,20000,20000,2026-05-18,2026-04-11,REF72565,REF72565,CHQ3956,CHQ3956,merchant@razorpay,Mobile Recharge,Cred,Pending Settlement
IMPS/678056563769/SNEHA SINGH/Rent Payment,IMPS/678056563769/SNEHA SINGH/Rent Payment,1499,1499,2026-09-02,2026-09-02,REF24658,REF65408,,,bill@paytm,Subscription,PhonePe,Matched
EMI PAYMENT SBI REF:933894779118,EMI PAYMENT SBI REF:933894779118,5000,5000,2026-10-28,2026-10-28,REF84695,REF86493,,,merchant@ccavenue,P2P,Mobikwik,Duplicate
BILL PAYMENT LANDLINE REF:546809326385,BILL PAYMENT LANDLINE REF:546809326385,3999,3999,2026-06-03,2026-06-03,REF77124,REF59589,,,user@paytm,Bill Payment,Mobikwik,Matched
BILL PAYMENT WATER REF:126900147224,BILL PAYMENT WATER REF:126900147224,850,850,2026-10-16,2026-10-16,REF18989,REF18989,,,bill@paytm,Bill Payment,Paytm,Matched
IMPS/331807436608/ANITA DEVI/P2P,,10000,0,2026-01-15,2026-01-15,REF23564,REF52957,,,merchant@razorpay,Salary Transfer,BHIM,Unmatched
BILL PAYMENT LANDLINE REF:715120369527,BILL PAYMENT LANDLINE REF:715120369527,25000,25000,2026-12-13,2026-12-13,REF57744,REF57744,,,xyz456@ybl,Merchant Payment,Mobikwik,Matched
IMPS/246302512764/SNEHA SINGH/Merchant Payment,,15000,0,2026-10-28,2026-06-06,REF68880,,,,user@apl,Bill Payment,Paytm,Unmatched
EMI PAYMENT HDFC REF:820838987726,EMI PAYMENT HDFC REF:820838987726,1500,1500,2026-10-08,2026-10-08,REF35651,REF49850,,,shop@okicici,EMI Payment,Cred,Matched
UPI/CR/459724701475/ANITA DEVI/Bill Payment,UPI FAILED 629199090255,450,0,2026-02-09,2026-02-09,REF95279,REF95279,,,bill@paytm,EMI Payment,Paytm,UPI Failed
UPI/CR/915314401656/RAVI TEJA/Subscription,UPI/CR/915314401656/RAVI TEJA/Subscription,999,999,2026-12-25,2026-12-25,REF92659,REF92659,,,store@okaxis,EMI Payment,GPay,Matched
BILL PAYMENT ELECTRICITY REF:600767726020,UPI PENDING SETTLEMENT 693440257807,1999,1999,2026-02-19,2026-06-18,REF53863,REF39995,CHQ6931,CHQ6931,user@ybl,Rent Payment,PhonePe,Pending Settlement
PAYMENT TO VODAFONE VIA AmazonPay,PAYMENT TO VODAFONE VIA AmazonPay,950,950,2026-04-09,2026-04-09,REF71461,REF68329,,,rent@upi,Bill Payment,GPay,Matched
IMPS/141893769471/MEERA JOSHI/P2M,IMPS/141893769471/MEERA JOSHI/P2M,1300,1300,2026-05-22,2026-05-22,REF30201,REF30201,,,merchant@payu,Insurance Premium,BHIM,Matched
RECHARGE JIO REF:933470216082,UPI PENDING SETTLEMENT 654255589362,1000,1000,2026-03-03,2026-04-08,REF36826,REF36826,CHQ9942,CHQ9942,user@axl,Subscription,PhonePe,Pending Settlement
RECHARGE VI REF:255698300269,RECHARGE VI REF:255698300269,14999,14999,2026-02-10,2026-02-10,REF44334,REF44334,CHQ4912,CHQ4912,merchant@ccavenue,Subscription,BHIM,Matched
PAYMENT TO BAJAJ FINSERV VIA AmazonPay,PAYMENT TO BAJAJ FINSERV VIA AmazonPay,100000,100000,2026-11-10,2026-11-10,REF11282,REF11282,,,store@okaxis,P2M,GPay,Duplicate
PAYMENT TO HDFC BANK VIA BHIM,PAYMENT TO HDFC BANK VIA BHIM,50000,50000,2026-10-02,2026-10-02,REF26449,REF26449,CHQ6001,CHQ6001,bill@paytm,Salary Transfer,BHIM,Matched
UPI P2P MOHAN LAL 805200606580,UPI P2P MOHAN LAL 805200606580,450,450,2026-08-21,2026-08-21,REF38389,REF33319,,,user@oksbi,Bill Payment,GPay,Duplicate
IMPS/519010763869/KIRAN SINGH/Insurance Premium,IMPS/519010763869/KIRAN SINGH/Insurance Premium,2000,1995.0,2026-06-09,2026-04-25,REF49491,REF49491,,,merchant@razorpay,Subscription,BHIM,Partial Match
GPay UPI TRANSFER RAJESH YADAV REF:527273464257,UPI FAILED 857882734137,2999,0,2026-05-27,2026-05-27,REF45410,REF45410,,,user@axl,Insurance Premium,GPay,UPI Failed
RECHARGE VI REF:647187055476,RECHARGE VI REF:647187055476,200,200,2026-10-26,2026-10-26,REF76429,REF76429,,,user@federal,EMI Payment,GPay,Duplicate
SUBSCRIPTION AMAZON PRIME REF:165685016743,UPI REVERSAL 760370024362,3999,-3999,2026-06-11,2026-06-11,REF21865,REF21865,,,merchant@payu,Rent Payment,GPay,UPI Reversed
UPI/DR/779998645791/GEETA AGRAWAL/Insurance Premium,UPI/DR/779998645791/GEETA AGRAWAL/Insurance Premium,750,750,2026-10-16,2026-10-16,REF61122,REF38806,,,rent@upi,P2M,PhonePe,Matched
PAYMENT TO SPOTIFY VIA Cred,PAYMENT TO SPOTIFY VIA Cred,750,750,2026-06-15,2026-06-15,REF28286,REF28286,CHQ3944,CHQ3944,user@paytm,EMI Payment,PhonePe,Matched
UPI P2M SPOTIFY 749411963811,UPI P2M SPOTIFY 749411963811,2500,2500,2026-06-14,2026-10-27,REF99462,REF99462,,,user@ybl,P2M,Mobikwik,Matched
PAYMENT TO BAJAJ FINSERV VIA GPay,UPI FAILED 388361208713,4999,0,2026-07-02,2026-07-02,REF61912,REF61912,,,user@paytm,Insurance Premium,Mobikwik,UPI Failed
UPI/AmazonPay/592276082100/NEHA CHOPRA/Insurance Premium,UPI REVERSAL 739419712523,2250,-2250,2026-06-09,2026-06-09,REF29744,REF29744,,,store@okaxis,Mobile Recharge,GPay,UPI Reversed
UPI/GPay/721254555474/PRIYA PATEL/Mobile Recharge,UPI/GPay/721254555474/PRIYA PATEL/Mobile Recharge,2250,2250.5,2026-04-28,2026-04-28,REF15845,REF15845,,,store@okaxis,Salary Transfer,BHIM,Partial Match
NEFT/933639276412/SUNIL VERMA/Salary Transfer,NEFT/933639276412/SUNIL VERMA/Salary Transfer,9999,9998.0,2026-07-14,2026-07-14,REF93949,REF93949,,,pay@oksbi,Bill Payment,Cred,Partial Match
RECHARGE VI REF:329712381142,RECHARGE VI REF:329712381142,100,99.9,2026-11-02,2026-11-02,REF97913,REF97913,,,salary@bank,Merchant Payment,BHIM,Partial Match
SUBSCRIPTION AMAZON PRIME REF:510194169141,SUBSCRIPTION AMAZON PRIME REF:510194169141,1999,1999,2026-05-13,2026-08-03,REF67120,REF67120,CHQ2813,CHQ2813,shop@okicici,Merchant Payment,PhonePe,Duplicate
EMI PAYMENT SBI REF:659552801485,EMI PAYMENT SBI REF:659552801485,2250,2250,2026-06-06,2026-06-06,REF33772,REF33772,,,bill@paytm,Bill Payment,GPay,Matched
EMI PAYMENT SBI REF:293130039907,EMI PAYMENT SBI REF:293130039907,1200,1200,2026-05-12,2026-05-12,REF17882,REF17882,CHQ9966,CHQ9966,user@okhdfcbank,Merchant Payment,Mobikwik,Matched
RECEIVED FROM NEHA CHOPRA VIA Paytm,RECEIVED FROM NEHA CHOPRA VIA Paytm,1750,1750,2026-01-22,2026-01-22,REF23468,REF23468,,,user@paytm,Mobile Recharge,Mobikwik,Matched
IMPS/689779872415/AMIT KUMAR/P2M,IMPS/689779872415/AMIT KUMAR/P2M,2250,2250,2026-01-12,2026-01-12,REF74082,REF74082,,,pay@oksbi,EMI Payment,PhonePe,Matched
EMI PAYMENT HDFC REF:463530051683,EMI PAYMENT HDFC REF:463530051683,2500,2500,2026-12-17,2026-12-17,REF80140,REF80140,,,salary@bank,Subscription,Cred,Matched
BILL PAYMENT INTERNET REF:345805122412,UPI FAILED 324374735335,5000,0,2026-08-20,2026-08-20,REF11378,REF11378,,,rent@upi,P2M,Cred,UPI Failed
PAYMENT TO CROMA VIA Cred,PAYMENT TO CROMA VIA Cred,9999,9999,2026-10-25,2026-10-25,REF25036,REF49250,,,xyz456@ybl,EMI Payment,PhonePe,Matched
AmazonPay UPI TRANSFER MOHAN LAL REF:886941536120,AmazonPay UPI TRANSFER MOHAN LAL REF:886941536120,850,850,2026-11-21,2026-11-21,REF87786,REF87786,,,shop@okicici,Salary Transfer,AmazonPay,Matched
EMI PAYMENT AXIS REF:409621235222,EMI PAYMENT AXIS REF:409621235222,350,349.99,2026-05-01,2026-05-01,REF53025,REF53025,,,merchant@ccavenue,Subscription,Mobikwik,Partial Match
BHIM UPI TRANSFER KAVITA REDDY REF:459141552804,BHIM UPI TRANSFER KAVITA REDDY REF:459141552804,3000,3000,2026-12-13,2026-12-13,REF78437,REF78437,,,user@okhdfcbank,P2M,Cred,Matched
RECEIVED FROM ARUN NAIR VIA Cred,,650,0,2026-12-12,2026-12-12,REF12340,,CHQ6652,,xyz456@ybl,Bill Payment,GPay,Unmatched
UPI/DR/138806932124/MEERA JOSHI/Insurance Premium,UPI/DR/138806932124/MEERA JOSHI/Insurance Premium,100,100,2026-10-03,2026-10-03,REF16969,REF16969,,,merchant@razorpay,Salary Transfer,Cred,Duplicate
BILL PAYMENT GAS REF:433986937585,BILL PAYMENT GAS REF:433986937585,499,494.0,2026-07-08,2026-05-11,REF81433,REF81433,,,abc123@paytm,EMI Payment,Mobikwik,Partial Match
PAYMENT TO FLIPKART VIA Paytm,PAYMENT TO FLIPKART VIA Paytm,1499,1499,2026-10-20,2026-10-20,REF73812,REF73812,,,shop@okicici,Merchant Payment,GPay,Matched
RECEIVED FROM MEERA JOSHI VIA Cred,UPI PENDING SETTLEMENT 316139589289,2000,2000,2026-04-12,2026-03-05,REF32187,REF32187,,,user@okhdfcbank,Merchant Payment,Cred,Pending Settlement
RECHARGE AIRTEL REF:910960347436,,1000,0,2026-03-17,2026-03-17,REF45259,REF74953,CHQ2612,,user@apl,Mobile Recharge,Cred,Unmatched
SUBSCRIPTION APPLE ICLOUD REF:634717866220,SUBSCRIPTION APPLE ICLOUD REF:634717866220,850,850,2026-09-03,2026-09-03,REF51638,REF51638,,,user@okhdfcbank,Salary Transfer,BHIM,Matched
RECEIVED FROM SUNIL VERMA VIA AmazonPay,UPI FAILED 597269243029,9999,0,2026-02-19,2026-02-19,REF71001,REF71001,,,user@ibl,Insurance Premium,Cred,UPI Failed
INSURANCE PREMIUM ICICI PRUDENTIAL REF:258305858987,INSURANCE PREMIUM ICICI PRUDENTIAL REF:258305858987,450,445.0,2026-07-21,2026-07-21,REF50630,REF50630,,,shop@okicici,Mobile Recharge,Mobikwik,Partial Match
SUBSCRIPTION APPLE ICLOUD REF:477539947732,SUBSCRIPTION APPLE ICLOUD REF:477539947732,500,500,2026-11-19,2026-11-19,REF11496,REF11496,,,user@axl,Bill Payment,PhonePe,Matched
BHIM UPI TRANSFER PRIYA PATEL REF:306545235919,UPI FAILED 966460577380,850,0,2026-04-07,2026-04-07,REF34028,REF34028,CHQ9503,CHQ9503,user@apl,P2P,Paytm,UPI Failed
Cred UPI TRANSFER DEEPA KAPOOR REF:747085351884,Cred UPI TRANSFER DEEPA KAPOOR REF:747085351884,9999,9999,2026-03-25,2026-03-25,REF58718,REF58718,,,user@paytm,P2P,Mobikwik,Matched
Mobikwik UPI TRANSFER RAHUL SHARMA REF:381000383667,UPI REVERSAL 503312955759,100,-100,2026-02-25,2026-02-25,REF94955,REF94955,,,abc123@paytm,P2M,BHIM,UPI Reversed
UPI P2P VIKAS GUPTA 666316185400,,3000,0,2026-07-20,2026-07-20,REF16559,,CHQ2396,,shop@okicici,Bill Payment,Mobikwik,Unmatched
UPI P2M JIO 949423600457,UPI P2M JIO 949423600457,19999,19999,2026-11-07,2026-11-07,REF97733,REF97733,CHQ3031,CHQ3031,xyz456@ybl,Rent Payment,AmazonPay,Matched
PAYMENT TO CROMA VIA GPay,UPI PENDING SETTLEMENT 969940773053,25000,25000,2026-10-03,2026-01-07,REF74689,REF17254,,,user@oksbi,Mobile Recharge,Mobikwik,Pending Settlement
UPI/CR/778760968694/DEEPA KAPOOR/Mobile Recharge,,3999,0,2026-08-24,2026-08-24,REF40456,REF37754,,,user@okhdfcbank,P2P,Paytm,Unmatched
EMI PAYMENT AXIS REF:523383689655,EMI PAYMENT AXIS REF:523383689655,650,650,2026-05-08,2026-05-08,REF29376,REF29376,,,user@ibl,Bill Payment,AmazonPay,Duplicate
UPI/GPay/887086036627/KIRAN SINGH/EMI Payment,UPI/GPay/887086036627/KIRAN SINGH/EMI Payment,5000,5000,2026-05-01,2026-05-01,REF88788,REF88788,,,user@paytm,Subscription,BHIM,Matched
SUBSCRIPTION GOOGLE ONE REF:912905715354,UPI PENDING SETTLEMENT 194343759003,75000,75000,2026-01-25,2026-09-12,REF97400,REF97400,,,merchant@razorpay,Merchant Payment,GPay,Pending Settlement
IMPS/878392562756/MOHAN LAL/P2P,IMPS/878392562756/MOHAN LAL/P2P,2000,2000,2026-08-16,2026-08-16,REF35696,REF35696,,,merchant@ccavenue,Mobile Recharge,BHIM,Matched
UPI/AmazonPay/575559690185/ARUN KUMAR/Rent Payment,UPI REVERSAL 544232379565,1500,-1500,2026-08-15,2026-08-15,REF42363,REF42363,,,merchant@ccavenue,Insurance Premium,BHIM,UPI Reversed
UPI P2P SNEHA SINGH 995284595091,UPI P2P SNEHA SINGH 995284595091,250,250,2026-05-17,2026-05-17,REF88298,REF88298,,,abc123@paytm,P2M,Mobikwik,Matched
NEFT/739005735002/SURESH PANDIT/Rent Payment,NEFT/739005735002/SURESH PANDIT/Rent Payment,1000,1000,2026-09-20,2026-09-20,REF97619,REF97619,CHQ2054,CHQ2054,merchant@ccavenue,P2M,Cred,Duplicate
PAYMENT TO AMAZON VIA AmazonPay,PAYMENT TO AMAZON VIA AmazonPay,650,650,2026-04-15,2026-04-15,REF90941,REF90941,CHQ4733,CHQ4733,pay@oksbi,Rent Payment,AmazonPay,Matched
RECEIVED FROM SNEHA SINGH VIA PhonePe,UPI REVERSAL 387255807278,5000,-5000,2026-06-08,2026-06-08,REF45471,REF45471,CHQ5485,CHQ5485,store@okaxis,Merchant Payment,Mobikwik,UPI Reversed
UPI/CR/236300990046/ARUN NAIR/Subscription,UPI/CR/236300990046/ARUN NAIR/Subscription,1500,1500,2026-04-20,2026-04-20,REF35053,REF35053,CHQ4931,CHQ4931,xyz456@ybl,Bill Payment,PhonePe,Matched
Mobikwik UPI TRANSFER RAVI TEJA REF:502659082096,UPI FAILED 755809385874,1300,0,2026-07-12,2026-07-12,REF24795,REF24795,CHQ5205,CHQ5205,user@oksbi,P2P,GPay,UPI Failed
UPI P2M BSNL 141248958277,UPI P2M BSNL 141248958277,650,649.99,2026-07-03,2026-07-03,REF10920,REF10920,CHQ1645,CHQ1645,user@oksbi,Rent Payment,Cred,Partial Match
RECHARGE AIRTEL REF:743179297304,,500,0,2026-01-08,2026-01-08,REF10790,,CHQ9702,,pay@oksbi,P2P,BHIM,Unmatched
RECHARGE JIO REF:457677965338,RECHARGE JIO REF:457677965338,1100,1100,2026-06-02,2026-06-02,REF88911,REF88911,CHQ1424,CHQ1424,user@ybl,EMI Payment,BHIM,Matched
SUBSCRIPTION APPLE ICLOUD REF:758397720379,UPI FAILED 147302203888,25000,0,2026-11-07,2026-11-07,REF56343,REF56343,,,user@oksbi,EMI Payment,AmazonPay,UPI Failed
RECEIVED FROM MOHAN LAL VIA Cred,RECEIVED FROM MOHAN LAL VIA Cred,19999,19999,2026-05-09,2026-05-09,REF39957,REF39957,,,user@oksbi,P2M,BHIM,Matched
NEFT/217839828204/AMIT KUMAR/EMI Payment,UPI REVERSAL 932950059238,100000,-100000,2026-06-21,2026-06-10,REF70678,REF70678,,,user@okhdfcbank,Bill Payment,Mobikwik,UPI Reversed
INSURANCE PREMIUM SBI LIFE REF:178035098652,INSURANCE PREMIUM SBI LIFE REF:178035098652,15000,15000,2026-10-28,2026-05-15,REF58315,REF58315,CHQ8222,CHQ8222,shop@okicici,EMI Payment,GPay,Duplicate
PAYMENT TO DMART VIA GPay,PAYMENT TO DMART VIA GPay,2000,2000,2026-04-14,2026-04-14,REF33332,REF94577,CHQ9105,CHQ9105,merchant@razorpay,Bill Payment,Mobikwik,Matched
NEFT/443768292945/AMIT KUMAR/Insurance Premium,,7500,0,2026-07-04,2026-07-04,REF35879,,,,user@ybl,Merchant Payment,AmazonPay,Unmatched
IMPS/412189315308/GEETA AGRAWAL/EMI Payment,,75000,0,2026-03-20,2026-03-20,REF39070,,,,merchant@razorpay,P2P,AmazonPay,Unmatched
BILL PAYMENT INTERNET REF:129248014540,BILL PAYMENT INTERNET REF:129248014540,200,200,2026-02-23,2026-02-23,REF26732,REF11874,,,shop@okicici,P2P,PhonePe,Matched
RECEIVED FROM RAVI TEJA VIA BHIM,,2250,0,2026-06-23,2026-06-23,REF56512,,CHQ3614,,user@ybl,Salary Transfer,PhonePe,Unmatched
Paytm UPI TRANSFER MOHAN LAL REF:347630236444,Paytm UPI TRANSFER MOHAN LAL REF:347630236444,350,350,2026-09-24,2026-09-24,REF64965,REF64965,,,user@apl,Rent Payment,Paytm,Matched
UPI/DR/408761043939/SUNIL VERMA/P2M,UPI FAILED 283677674539,14999,0,2026-01-01,2026-01-01,REF16284,REF16284,,,rent@upi,Salary Transfer,PhonePe,UPI Failed
UPI P2M DMART 919028179134,UPI PENDING SETTLEMENT 141956577328,2500,2500,2026-01-13,2026-03-09,REF26615,REF26615,,,rent@upi,Salary Transfer,PhonePe,Pending Settlement
BILL PAYMENT WATER REF:852875110804,BILL PAYMENT WATER REF:852875110804,5000,4999.9,2026-09-21,2026-06-24,REF48465,REF48465,,,abc123@paytm,Salary Transfer,Mobikwik,Partial Match
UPI P2P ANITA DEVI 929995940178,UPI P2P ANITA DEVI 929995940178,2250,2250,2026-07-06,2026-10-14,REF49344,REF49344,CHQ3908,CHQ3908,user@oksbi,Rent Payment,BHIM,Matched
RECEIVED FROM ANITA DEVI VIA GPay,RECEIVED FROM ANITA DEVI VIA GPay,450,450,2026-03-05,2026-03-02,REF48645,REF48645,CHQ4709,CHQ4709,rent@upi,Bill Payment,Cred,Matched
INSURANCE PREMIUM BAJAJ ALLIANZ REF:428642189460,UPI FAILED 457065326263,9999,0,2026-05-01,2026-05-01,REF64481,REF58128,CHQ5215,CHQ5215,merchant@razorpay,Salary Transfer,BHIM,UPI Failed
UPI P2P SUNIL VERMA 351633856326,UPI PENDING SETTLEMENT 415738184803,550,550,2026-11-24,2026-07-19,REF34794,REF34794,,,user@apl,Rent Payment,Paytm,Pending Settlement
IMPS/724234149922/GEETA AGRAWAL/P2M,,1500,0,2026-06-24,2026-06-24,REF92042,,,,user@paytm,Mobile Recharge,Cred,Unmatched
INSURANCE PREMIUM STAR HEALTH REF:162146206611,UPI PENDING SETTLEMENT 403479871127,850,850,2026-05-28,2026-03-28,REF92467,REF92467,,,user@ybl,P2M,AmazonPay,Pending Settlement
UPI/Cred/692246175843/ARUN NAIR/P2P,,999,0,2026-01-12,2026-01-12,REF98120,,,,merchant@ccavenue,Merchant Payment,Paytm,Unmatched
RECHARGE VI REF:126657267271,UPI REVERSAL 934147130119,19999,-19999,2026-05-25,2026-05-25,REF77866,REF77866,,,shop@okicici,Bill Payment,AmazonPay,UPI Reversed
BILL PAYMENT LANDLINE REF:153333792526,UPI FAILED 804736492914,1300,0,2026-05-14,2026-05-14,REF17794,REF17794,,,merchant@ccavenue,Salary Transfer,Mobikwik,UPI Failed
Paytm UPI TRANSFER RAVI TEJA REF:564219894981,UPI REVERSAL 499213329343,150,-150,2026-04-01,2026-04-01,REF11649,REF93240,,,user@axl,P2P,PhonePe,UPI Reversed
NEFT/734020576133/DEEPA KAPOOR/Mobile Recharge,UPI FAILED 771107494947,14999,0,2026-06-01,2026-06-01,REF35099,REF26418,CHQ5476,CHQ5476,user@apl,P2P,Paytm,UPI Failed
SUBSCRIPTION GOOGLE ONE REF:877312184973,SUBSCRIPTION GOOGLE ONE REF:877312184973,2999,2999.5,2026-10-24,2026-09-21,REF36495,REF36495,,,xyz456@ybl,Rent Payment,Mobikwik,Partial Match
BILL PAYMENT DTH REF:565599794271,BILL PAYMENT DTH REF:565599794271,2250,2250,2026-09-15,2026-09-15,REF94064,REF94064,CHQ7378,CHQ7378,rent@upi,Mobile Recharge,AmazonPay,Matched
PAYMENT TO HDFC BANK VIA Cred,PAYMENT TO HDFC BANK VIA Cred,2250,2250,2026-04-21,2026-04-21,REF46101,REF46101,CHQ9074,CHQ9074,user@okhdfcbank,Salary Transfer,AmazonPay,Matched
IMPS/491263366975/SURESH PANDIT/P2M,IMPS/491263366975/SURESH PANDIT/P2M,10000,10000,2026-05-20,2026-05-20,REF33392,REF33392,,,user@okhdfcbank,Rent Payment,PhonePe,Matched
IMPS/661994698782/NEHA CHOPRA/P2M,IMPS/661994698782/NEHA CHOPRA/P2M,25000,25000.05,2026-01-27,2026-01-27,REF17202,REF93568,CHQ9395,CHQ9395,user@okhdfcbank,Bill Payment,PhonePe,Partial Match
NEFT/215037809024/PRIYA PATEL/Merchant Payment,NEFT/215037809024/PRIYA PATEL/Merchant Payment,10000,9999.9,2026-12-09,2026-12-09,REF54064,REF54064,,,abc123@paytm,Rent Payment,Cred,Partial Match
GPay UPI TRANSFER NEHA CHOPRA REF:219689469567,GPay UPI TRANSFER NEHA CHOPRA REF:219689469567,200,200,2026-04-09,2026-04-09,REF43512,REF43512,CHQ9763,CHQ9763,user@ybl,Mobile Recharge,PhonePe,Duplicate
UPI/DR/492365824473/SUNIL VERMA/EMI Payment,,150,0,2026-03-13,2026-03-13,REF47400,,,,merchant@ccavenue,P2M,Mobikwik,Unmatched
INSURANCE PREMIUM ICICI PRUDENTIAL REF:217134871770,UPI REVERSAL 209630792462,350,-350,2026-04-23,2026-04-23,REF18633,REF18633,CHQ1073,CHQ1073,xyz456@ybl,Merchant Payment,PhonePe,UPI Reversed
IMPS/255511806272/AMIT KUMAR/Bill Payment,UPI PENDING SETTLEMENT 765072839045,14999,14999,2026-01-13,2026-12-11,REF48457,REF48457,,,rent@upi,P2M,Cred,Pending Settlement
PAYMENT TO FLIPKART VIA Mobikwik,UPI PENDING SETTLEMENT 179514344045,75000,75000,2026-07-13,2026-10-27,REF67263,REF67263,,,merchant@ccavenue,EMI Payment,AmazonPay,Pending Settlement
NEFT/401470564825/GEETA AGRAWAL/P2P,UPI FAILED 268023511572,1000,0,2026-10-07,2026-10-07,REF12792,REF12792,,,user@okhdfcbank,P2P,AmazonPay,UPI Failed
RECEIVED FROM SUNIL VERMA VIA Paytm,RECEIVED FROM SUNIL VERMA VIA Paytm,7500,7499.5,2026-05-07,2026-05-07,REF17602,REF17602,,,merchant@razorpay,Salary Transfer,Paytm,Partial Match
INSURANCE PREMIUM STAR HEALTH REF:113253819162,INSURANCE PREMIUM STAR HEALTH REF:113253819162,3999,3999,2026-06-27,2026-01-04,REF78228,REF78228,,,merchant@payu,P2P,AmazonPay,Matched
Paytm UPI TRANSFER GEETA AGRAWAL REF:288725416670,Paytm UPI TRANSFER GEETA AGRAWAL REF:288725416670,1500,1500,2026-09-08,2026-09-08,REF98134,REF98134,,,merchant@ccavenue,Subscription,Mobikwik,Matched
UPI/CR/827886676573/AMIT KUMAR/P2P,UPI/CR/827886676573/AMIT KUMAR/P2P,250,250,2026-10-10,2026-10-10,REF98059,REF98059,CHQ9231,CHQ9231,user@federal,Subscription,BHIM,Matched
SUBSCRIPTION GOOGLE ONE REF:705224278497,UPI FAILED 993779279514,100000,0,2026-12-02,2026-12-02,REF45458,REF45458,,,merchant@ccavenue,Mobile Recharge,Cred,UPI Failed
UPI P2M SBI 372294965015,UPI P2M SBI 372294965015,499,499,2026-10-18,2026-10-18,REF48379,REF48379,,,bill@paytm,Bill Payment,Paytm,Matched
PAYMENT TO DMART VIA GPay,,1200,0,2026-11-14,2026-11-14,REF48267,,CHQ8589,,user@axl,P2P,Mobikwik,Unmatched
EMI PAYMENT AXIS REF:403815266270,EMI PAYMENT AXIS REF:403815266270,2000,2000,2026-02-28,2026-02-28,REF60796,REF60796,CHQ2107,CHQ2107,shop@okicici,P2M,Paytm,Matched
RECHARGE JIO REF:343961258300,,650,0,2026-10-22,2026-07-15,REF47000,,CHQ3298,,merchant@payu,Mobile Recharge,Cred,Unmatched
BILL PAYMENT ELECTRICITY REF:138083829065,BILL PAYMENT ELECTRICITY REF:138083829065,499,499,2026-05-22,2026-05-22,REF29329,REF61163,,,salary@bank,P2P,Paytm,Matched
RECHARGE BSNL REF:579451757690,,1750,0,2026-11-27,2026-11-27,REF22319,,CHQ6176,,pay@oksbi,P2P,GPay,Unmatched
INSURANCE PREMIUM LIC REF:289367681633,INSURANCE PREMIUM LIC REF:289367681633,14999,14998.95,2026-09-06,2026-09-06,REF94134,REF94134,,,user@axl,Insurance Premium,GPay,Partial Match
UPI/CR/549437662629/MEERA JOSHI/Salary Transfer,UPI/CR/549437662629/MEERA JOSHI/Salary Transfer,3999,3999,2026-08-03,2026-06-15,REF46513,REF46513,CHQ8135,CHQ8135,user@ibl,Salary Transfer,Paytm,Matched
RECEIVED FROM ANITA DEVI VIA Mobikwik,RECEIVED FROM ANITA DEVI VIA Mobikwik,250,250,2026-11-19,2026-11-19,REF30319,REF30319,,,abc123@paytm,Rent Payment,BHIM,Matched
PAYMENT TO BIGBASKET VIA Paytm,UPI FAILED 880923549310,1999,0,2026-11-13,2026-11-13,REF42162,REF42162,,,abc123@paytm,EMI Payment,PhonePe,UPI Failed
RECEIVED FROM RAJESH YADAV VIA GPay,,2250,0,2026-11-07,2026-07-03,REF94377,,,,user@apl,Rent Payment,GPay,Unmatched
INSURANCE PREMIUM SBI LIFE REF:400609263474,INSURANCE PREMIUM SBI LIFE REF:400609263474,1999,1999.1,2026-04-28,2026-04-28,REF16849,REF16849,,,user@okhdfcbank,Subscription,GPay,Partial Match
UPI P2M HDFC LIFE 277690387564,UPI P2M HDFC LIFE 277690387564,25000,25000,2026-05-12,2026-05-12,REF80708,REF80708,,,user@ibl,Merchant Payment,PhonePe,Matched
PAYMENT TO DMART VIA Paytm,,1200,0,2026-10-09,2026-10-09,REF61196,,CHQ8744,,user@oksbi,Bill Payment,AmazonPay,Unmatched
UPI/DR/844075240793/RAVI TEJA/Subscription,UPI/DR/844075240793/RAVI TEJA/Subscription,3000,3000,2026-12-01,2026-12-01,REF89218,REF89218,,,user@oksbi,Subscription,PhonePe,Matched
UPI P2M HDFC BANK 709683043239,UPI P2M HDFC BANK 709683043239,100,100,2026-09-02,2026-09-02,REF76689,REF76689,,,store@okaxis,Merchant Payment,BHIM,Matched
UPI P2P MOHAN LAL 262778467782,UPI REVERSAL 568161968703,3999,-3999,2026-02-24,2026-09-18,REF12734,REF12734,,,xyz456@ybl,Insurance Premium,PhonePe,UPI Reversed
RECHARGE JIO REF:970917140048,,2000,0,2026-10-21,2026-10-21,REF91694,REF56611,CHQ2977,,user@paytm,P2P,Paytm,Unmatched
UPI P2M NETFLIX 554361742279,UPI PENDING SETTLEMENT 559852055695,1750,1750,2026-05-20,2026-05-22,REF90615,REF90615,CHQ9470,CHQ9470,xyz456@ybl,Merchant Payment,Paytm,Pending Settlement
IMPS/983484096484/RAJESH YADAV/P2P,IMPS/983484096484/RAJESH YADAV/P2P,1100,1099.9,2026-03-12,2026-03-12,REF85139,REF85139,CHQ6446,CHQ6446,user@ibl,Salary Transfer,PhonePe,Partial Match
BILL PAYMENT WATER REF:451126427702,BILL PAYMENT WATER REF:451126427702,200,200,2026-05-04,2026-05-04,REF21569,REF21569,,,merchant@ccavenue,Bill Payment,AmazonPay,Matched
UPI/CR/805909255400/SUNIL VERMA/Insurance Premium,UPI/CR/805909255400/SUNIL VERMA/Insurance Premium,25000,25000,2026-07-27,2026-07-27,REF95815,REF95815,,,merchant@razorpay,Merchant Payment,AmazonPay,Matched
INSURANCE PREMIUM ICICI PRUDENTIAL REF:466630413548,INSURANCE PREMIUM ICICI PRUDENTIAL REF:466630413548,550,549.99,2026-10-14,2026-10-14,REF76352,REF76352,,,bill@paytm,Rent Payment,AmazonPay,Partial Match
UPI P2M HDFC BANK 752412446504,,1999,0,2026-11-25,2026-11-25,REF35465,,,,pay@oksbi,EMI Payment,BHIM,Unmatched
PAYMENT TO STAR HEALTH VIA Paytm,UPI PENDING SETTLEMENT 884827158979,650,650,2026-09-11,2026-10-01,REF20597,REF20597,,,user@oksbi,EMI Payment,PhonePe,Pending Settlement
EMI PAYMENT KOTAK REF:461689239705,EMI PAYMENT KOTAK REF:461689239705,50000,50000,2026-05-19,2026-05-19,REF64555,REF64555,,,bill@paytm,Salary Transfer,PhonePe,Matched
BILL PAYMENT ELECTRICITY REF:853694819756,BILL PAYMENT ELECTRICITY REF:853694819756,2500,2500,2026-05-11,2026-05-11,REF13984,REF13984,,,user@ibl,Mobile Recharge,AmazonPay,Duplicate
Paytm UPI TRANSFER KIRAN SINGH REF:696939698802,Paytm UPI TRANSFER KIRAN SINGH REF:696939698802,75000,74999.99,2026-01-05,2026-05-17,REF20403,REF20403,,,merchant@ccavenue,Merchant Payment,PhonePe,Partial Match
INSURANCE PREMIUM STAR HEALTH REF:566056648682,INSURANCE PREMIUM STAR HEALTH REF:566056648682,1200,1200,2026-11-15,2026-11-15,REF24931,REF24931,,,user@paytm,Insurance Premium,GPay,Matched
RECEIVED FROM MOHAN LAL VIA AmazonPay,RECEIVED FROM MOHAN LAL VIA AmazonPay,50000,50000,2026-04-26,2026-04-26,REF82235,REF82235,,,user@apl,P2P,Cred,Matched
EMI PAYMENT ICICI REF:414610761274,UPI REVERSAL 342471954309,19999,-19999,2026-09-22,2026-09-22,REF91920,REF70551,CHQ7419,CHQ7419,user@paytm,P2P,AmazonPay,UPI Reversed
UPI/DR/635391271420/RAVI TEJA/P2P,,1200,0,2026-03-26,2026-03-26,REF97616,,CHQ2691,,store@okaxis,Subscription,AmazonPay,Unmatched
BILL PAYMENT WATER REF:832181733501,,50000,0,2026-01-04,2026-01-04,REF29356,,CHQ3829,,user@axl,Merchant Payment,GPay,Unmatched
UPI P2P MOHAN LAL 686328861653,UPI P2P MOHAN LAL 686328861653,500,500.01,2026-10-17,2026-10-17,REF26245,REF26245,,,abc123@paytm,P2P,GPay,Partial Match
Paytm UPI TRANSFER GEETA AGRAWAL REF:671179697623,UPI PENDING SETTLEMENT 156477807854,1500,1500,2026-01-15,2026-09-27,REF39306,REF39306,,,store@okaxis,Mobile Recharge,BHIM,Pending Settlement
BILL PAYMENT MOBILE REF:408462506219,UPI PENDING SETTLEMENT 551746851567,3000,3000,2026-04-10,2026-11-15,REF13284,REF27674,,,shop@okicici,P2P,GPay,Pending Settlement
RECEIVED FROM MEERA JOSHI VIA Paytm,,19999,0,2026-09-05,2026-09-05,REF48282,,CHQ2334,,user@oksbi,P2M,GPay,Unmatched
SUBSCRIPTION GOOGLE ONE REF:719599902703,SUBSCRIPTION GOOGLE ONE REF:719599902703,100000,100000,2026-10-13,2026-10-13,REF52252,REF52252,,,user@paytm,Rent Payment,GPay,Matched
UPI P2P RAVI TEJA 461173060949,,4999,0,2026-08-17,2026-08-17,REF39631,,CHQ1420,,store@okaxis,P2M,BHIM,Unmatched
Mobikwik UPI TRANSFER SNEHA SINGH REF:293380793414,Mobikwik UPI TRANSFER SNEHA SINGH REF:293380793414,9999,9999,2026-02-03,2026-02-03,REF84399,REF84399,CHQ5886,CHQ5886,pay@oksbi,Bill Payment,Mobikwik,Matched
RECHARGE JIO REF:567524020442,RECHARGE JIO REF:567524020442,950,950,2026-10-02,2026-10-02,REF80233,REF13426,,,pay@oksbi,EMI Payment,PhonePe,Duplicate
RECHARGE VI REF:514766760700,UPI REVERSAL 467508737660,10000,-10000,2026-08-16,2026-08-16,REF87835,REF87835,,,user@federal,Insurance Premium,AmazonPay,UPI Reversed
PAYMENT TO HDFC BANK VIA Paytm,PAYMENT TO HDFC BANK VIA Paytm,25000,25000,2026-07-03,2026-07-03,REF47944,REF47944,,,rent@upi,P2P,Paytm,Matched
RECEIVED FROM KIRAN SINGH VIA GPay,RECEIVED FROM KIRAN SINGH VIA GPay,1499,1499,2026-08-18,2026-07-15,REF43888,REF43888,,,bill@paytm,Rent Payment,BHIM,Duplicate
UPI/PhonePe/219067928863/RAJESH YADAV/Subscription,UPI REVERSAL 384678200319,25000,-25000,2026-11-07,2026-11-07,REF76648,REF76648,,,user@federal,P2P,Paytm,UPI Reversed
Cred UPI TRANSFER KAVITA REDDY REF:881280914675,UPI REVERSAL 524674701189,1499,-1499,2026-06-07,2026-06-07,REF28941,REF55794,,,rent@upi,Insurance Premium,Cred,UPI Reversed
Cred UPI TRANSFER ANITA DEVI REF:420786045662,Cred UPI TRANSFER ANITA DEVI REF:420786045662,20000,20000,2026-06-16,2026-06-16,REF77770,REF77770,,,merchant@ccavenue,Rent Payment,Paytm,Matched
UPI/CR/107683228368/ARUN KUMAR/P2P,UPI/CR/107683228368/ARUN KUMAR/P2P,200,200,2026-10-12,2026-10-12,REF64333,REF56076,CHQ6692,CHQ6692,abc123@paytm,Merchant Payment,GPay,Matched
PAYMENT TO AIRTEL VIA Cred,PAYMENT TO AIRTEL VIA Cred,1300,1300,2026-07-02,2026-07-02,REF71426,REF71426,,,user@axl,Merchant Payment,GPay,Matched
UPI/PhonePe/301001651709/RAVI TEJA/Bill Payment,UPI REVERSAL 797847149057,3999,-3999,2026-08-19,2026-08-19,REF82309,REF82309,,,user@ybl,Insurance Premium,BHIM,UPI Reversed
UPI/CR/353149635706/AMIT KUMAR/Subscription,,9999,0,2026-03-07,2026-03-07,REF62240,REF95394,,,pay@oksbi,Mobile Recharge,BHIM,Unmatched
PAYMENT TO LIC VIA GPay,UPI PENDING SETTLEMENT 728569531074,3999,3999,2026-12-24,2026-08-08,REF42732,REF42732,,,xyz456@ybl,Rent Payment,Mobikwik,Pending Settlement
PAYMENT TO TATACLIQ VIA AmazonPay,,850,0,2026-11-03,2026-11-03,REF98736,REF77729,,,merchant@payu,Rent Payment,PhonePe,Unmatched
EMI PAYMENT ICICI REF:266313313798,,499,0,2026-11-11,2026-11-11,REF46823,,,,bill@paytm,EMI Payment,AmazonPay,Unmatched
RECEIVED FROM SUNIL VERMA VIA Cred,UPI PENDING SETTLEMENT 102397057548,750,750,2026-02-25,2026-03-25,REF62630,REF62630,,,salary@bank,EMI Payment,Paytm,Pending Settlement
UPI/DR/788364709776/MEERA JOSHI/Merchant Payment,UPI/DR/788364709776/MEERA JOSHI/Merchant Payment,1999,1999,2026-10-02,2026-10-02,REF76577,REF49694,,,salary@bank,EMI Payment,PhonePe,Matched
RECHARGE JIO REF:156849768712,RECHARGE JIO REF:156849768712,2000,2000,2026-04-18,2026-04-18,REF31169,REF58715,CHQ1600,CHQ1600,abc123@paytm,Rent Payment,GPay,Matched
RECEIVED FROM SUNIL VERMA VIA GPay,RECEIVED FROM SUNIL VERMA VIA GPay,1499,1499,2026-07-14,2026-07-14,REF76165,REF76165,,,bill@paytm,Subscription,Mobikwik,Matched
UPI P2M RELIANCE RETAIL 445461378340,UPI P2M RELIANCE RETAIL 445461378340,2500,2500,2026-03-22,2026-03-22,REF73604,REF84786,CHQ2927,CHQ2927,user@apl,EMI Payment,BHIM,Matched
BILL PAYMENT ELECTRICITY REF:906230696638,BILL PAYMENT ELECTRICITY REF:906230696638,1200,1200,2026-10-14,2026-10-14,REF71821,REF71821,CHQ1217,CHQ1217,merchant@ccavenue,Insurance Premium,GPay,Matched
UPI/DR/752697348929/RAVI TEJA/Bill Payment,UPI/DR/752697348929/RAVI TEJA/Bill Payment,15000,15000.5,2026-02-05,2026-02-05,REF79218,REF79218,,,merchant@razorpay,P2M,BHIM,Partial Match
BILL PAYMENT GAS REF:904249143256,,1499,0,2026-12-08,2026-12-08,REF13591,REF56606,,,user@federal,Insurance Premium,Paytm,Unmatched
RECEIVED FROM KAVITA REDDY VIA Cred,UPI PENDING SETTLEMENT 714596151490,15000,15000,2026-01-01,2026-03-25,REF73024,REF73024,CHQ3690,CHQ3690,user@federal,Bill Payment,AmazonPay,Pending Settlement
INSURANCE PREMIUM SBI LIFE REF:218186451331,INSURANCE PREMIUM SBI LIFE REF:218186451331,1000,1000,2026-05-15,2026-05-15,REF48249,REF52892,,,user@axl,P2M,GPay,Matched
SUBSCRIPTION APPLE ICLOUD REF:668530562522,UPI FAILED 500309769926,1300,0,2026-01-20,2026-01-20,REF87269,REF87269,,,shop@okicici,Merchant Payment,AmazonPay,UPI Failed
PAYMENT TO BIGBASKET VIA Mobikwik,PAYMENT TO BIGBASKET VIA Mobikwik,75000,75000,2026-02-14,2026-02-11,REF34375,REF34375,,,store@okaxis,Bill Payment,GPay,Matched
RECHARGE VI REF:130873683669,RECHARGE VI REF:130873683669,350,350,2026-02-25,2026-02-25,REF77725,REF62512,CHQ4328,CHQ4328,user@paytm,P2P,AmazonPay,Matched
EMI PAYMENT AXIS REF:248418350069,EMI PAYMENT AXIS REF:248418350069,150,150,2026-06-13,2026-09-03,REF49406,REF49406,,,store@okaxis,Merchant Payment,Mobikwik,Matched
UPI P2M BAJAJ FINSERV 933661669169,UPI P2M BAJAJ FINSERV 933661669169,1300,1300,2026-04-08,2026-04-08,REF62005,REF62005,CHQ1715,CHQ1715,salary@bank,Mobile Recharge,Paytm,Matched
NEFT/819896901043/KAVITA REDDY/P2M,NEFT/819896901043/KAVITA REDDY/P2M,450,450,2026-04-12,2026-04-12,REF70818,REF70818,,,user@federal,EMI Payment,AmazonPay,Matched
RECEIVED FROM ARUN NAIR VIA BHIM,RECEIVED FROM ARUN NAIR VIA BHIM,20000,19995.0,2026-04-13,2026-07-03,REF59642,REF59642,,,merchant@razorpay,Rent Payment,GPay,Partial Match
NEFT/361289087663/RAJESH YADAV/EMI Payment,NEFT/361289087663/RAJESH YADAV/EMI Payment,1200,1200,2026-01-04,2026-01-04,REF48323,REF48323,,,user@apl,Subscription,Paytm,Matched
PAYMENT TO DMART VIA PhonePe,PAYMENT TO DMART VIA PhonePe,999,999,2026-10-03,2026-10-03,REF76154,REF76154,CHQ7457,CHQ7457,user@okhdfcbank,Merchant Payment,Mobikwik,Duplicate
UPI/DR/904350946688/RAJESH YADAV/P2P,UPI/DR/904350946688/RAJESH YADAV/P2P,4999,4999,2026-02-23,2026-02-23,REF46984,REF46984,CHQ3502,CHQ3502,store@okaxis,P2M,GPay,Matched
PhonePe UPI TRANSFER PRIYA PATEL REF:967975274494,UPI REVERSAL 312283298373,5000,-5000,2026-01-10,2026-01-10,REF82941,REF82941,,,user@ybl,Merchant Payment,BHIM,UPI Reversed
Paytm UPI TRANSFER SUNIL VERMA REF:130304103068,,1100,0,2026-02-03,2026-07-10,REF99428,,,,store@okaxis,EMI Payment,BHIM,Unmatched
UPI P2M SWIGGY 310858513565,UPI P2M SWIGGY 310858513565,250,255.0,2026-11-08,2026-11-08,REF66267,REF66267,,,rent@upi,EMI Payment,Paytm,Partial Match
RECHARGE JIO REF:662857660077,,499,0,2026-12-06,2026-12-06,REF63226,,CHQ2487,,user@ibl,Salary Transfer,PhonePe,Unmatched
UPI/CR/412021877550/MOHAN LAL/Subscription,UPI REVERSAL 675834316381,950,-950,2026-11-28,2026-11-28,REF37386,REF48829,,,user@paytm,Merchant Payment,Paytm,UPI Reversed
RECEIVED FROM SNEHA SINGH VIA Paytm,RECEIVED FROM SNEHA SINGH VIA Paytm,5000,4995.0,2026-10-28,2026-10-28,REF50712,REF50712,,,xyz456@ybl,Insurance Premium,PhonePe,Partial Match
BILL PAYMENT LANDLINE REF:286077059587,,2250,0,2026-04-09,2026-04-09,REF28267,,,,salary@bank,Insurance Premium,Mobikwik,Unmatched
PAYMENT TO RELIANCE RETAIL VIA Mobikwik,UPI FAILED 869494463000,1999,0,2026-05-22,2026-05-22,REF58126,REF58126,,,abc123@paytm,Rent Payment,GPay,UPI Failed
IMPS/794582182564/AMIT KUMAR/Bill Payment,,150,0,2026-08-06,2026-09-16,REF66576,,,,salary@bank,Rent Payment,Mobikwik,Unmatched
UPI/DR/762890059409/AMIT KUMAR/Insurance Premium,,7500,0,2026-06-18,2026-06-18,REF97149,,,,user@okhdfcbank,P2P,AmazonPay,Unmatched
UPI P2P NEHA CHOPRA 453850945502,UPI FAILED 486899543425,1999,0,2026-12-25,2026-12-25,REF90756,REF90756,,,xyz456@ybl,EMI Payment,Mobikwik,UPI Failed
EMI PAYMENT HDFC REF:184003236766,,25000,0,2026-02-11,2026-02-11,REF42300,REF23077,,,user@ybl,Merchant Payment,BHIM,Unmatched
INSURANCE PREMIUM ICICI PRUDENTIAL REF:739360397976,UPI PENDING SETTLEMENT 554967692739,75000,75000,2026-05-03,2026-10-22,REF79234,REF54935,,,user@ybl,Insurance Premium,Cred,Pending Settlement
NEFT/963591337382/PRIYA PATEL/Subscription,NEFT/963591337382/PRIYA PATEL/Subscription,2999,2999,2026-08-26,2026-08-26,REF29434,REF29434,,,user@federal,Salary Transfer,BHIM,Matched
INSURANCE PREMIUM LIC REF:833732604057,UPI FAILED 221232778220,499,0,2026-11-17,2026-06-23,REF49219,REF49219,CHQ1469,CHQ1469,user@federal,Bill Payment,PhonePe,UPI Failed
SUBSCRIPTION GOOGLE ONE REF:654103983446,UPI PENDING SETTLEMENT 993303627943,950,950,2026-07-18,2026-08-09,REF27754,REF27754,CHQ5513,CHQ5513,store@okaxis,Subscription,AmazonPay,Pending Settlement
UPI P2M DMART 459272979735,UPI P2M DMART 459272979735,500,500,2026-05-01,2026-05-01,REF71957,REF71957,,,user@ybl,P2P,Mobikwik,Matched
EMI PAYMENT ICICI REF:451341866890,EMI PAYMENT ICICI REF:451341866890,1300,1300,2026-07-08,2026-07-08,REF19278,REF19278,,,user@paytm,Mobile Recharge,Paytm,Matched
UPI/GPay/334608351934/MEERA JOSHI/Rent Payment,UPI/GPay/334608351934/MEERA JOSHI/Rent Payment,250,250,2026-09-13,2026-09-13,REF41620,REF23914,,,shop@okicici,Insurance Premium,Cred,Matched
UPI/DR/763317367629/SUNIL VERMA/Rent Payment,UPI FAILED 392311373778,50000,0,2026-11-14,2026-09-01,REF79796,REF20676,,,pay@oksbi,Salary Transfer,Paytm,UPI Failed
RECEIVED FROM RAHUL SHARMA VIA Paytm,UPI PENDING SETTLEMENT 203298850310,150,150,2026-02-28,2026-04-04,REF38165,REF38165,,,pay@oksbi,P2P,Cred,Pending Settlement
UPI/Cred/603723575379/SNEHA SINGH/Merchant Payment,UPI/Cred/603723575379/SNEHA SINGH/Merchant Payment,1499,1499,2026-05-03,2026-04-11,REF83371,REF83371,,,user@paytm,Merchant Payment,AmazonPay,Duplicate
BILL PAYMENT INTERNET REF:105871303432,BILL PAYMENT INTERNET REF:105871303432,999,999,2026-07-22,2026-07-22,REF59826,REF88798,,,store@okaxis,P2P,PhonePe,Duplicate
RECHARGE VI REF:948117041539,UPI PENDING SETTLEMENT 211691408848,150,150,2026-02-25,2026-01-08,REF64497,REF64497,,,shop@okicici,EMI Payment,AmazonPay,Pending Settlement
BILL PAYMENT DTH REF:884365270393,BILL PAYMENT DTH REF:884365270393,4999,4998.0,2026-08-14,2026-08-14,REF62493,REF62493,CHQ6901,CHQ6901,user@ybl,Subscription,Paytm,Partial Match
SUBSCRIPTION GOOGLE ONE REF:143180675875,SUBSCRIPTION GOOGLE ONE REF:143180675875,550,550,2026-02-03,2026-02-03,REF92578,REF92578,,,salary@bank,Mobile Recharge,AmazonPay,Matched
PAYMENT TO BAJAJ FINSERV VIA AmazonPay,,250,0,2026-03-08,2026-03-08,REF71857,,CHQ8010,,abc123@paytm,P2M,BHIM,Unmatched
RECHARGE BSNL REF:410906850848,RECHARGE BSNL REF:410906850848,550,550,2026-02-05,2026-02-05,REF48991,REF48991,,,user@federal,EMI Payment,AmazonPay,Matched
UPI P2M BSNL 757063329319,UPI P2M BSNL 757063329319,650,650,2026-01-07,2026-01-07,REF57157,REF57157,,,merchant@ccavenue,Bill Payment,AmazonPay,Matched
NEFT/678415132709/GEETA AGRAWAL/EMI Payment,NEFT/678415132709/GEETA AGRAWAL/EMI Payment,100000,100000,2026-09-16,2026-09-16,REF50921,REF13974,CHQ1647,CHQ1647,merchant@payu,P2P,AmazonPay,Matched
BHIM UPI TRANSFER GEETA AGRAWAL REF:383925235384,BHIM UPI TRANSFER GEETA AGRAWAL REF:383925235384,750,749.9,2026-09-06,2026-02-10,REF72444,REF71084,,,user@okhdfcbank,Insurance Premium,Paytm,Partial Match
UPI/CR/502691960513/SUNIL VERMA/Subscription,,1100,0,2026-07-03,2026-07-03,REF19903,,,,merchant@payu,Insurance Premium,AmazonPay,Unmatched
NEFT/167734570634/RAVI TEJA/Subscription,UPI REVERSAL 831243089632,50000,-50000,2026-08-22,2026-08-22,REF82253,REF82253,CHQ2985,CHQ2985,user@ibl,Subscription,GPay,UPI Reversed
RECHARGE VI REF:291731439441,RECHARGE VI REF:291731439441,1499,1498.5,2026-02-26,2026-02-26,REF70337,REF70337,,,salary@bank,Bill Payment,Paytm,Partial Match
PAYMENT TO HOTSTAR VIA Cred,PAYMENT TO HOTSTAR VIA Cred,750,750,2026-05-02,2026-05-02,REF62561,REF62561,,,merchant@ccavenue,P2M,BHIM,Matched
INSURANCE PREMIUM STAR HEALTH REF:518993758571,UPI REVERSAL 102304849720,100,-100,2026-10-27,2026-10-27,REF77360,REF77360,,,user@okhdfcbank,Bill Payment,PhonePe,UPI Reversed
NEFT/777639587466/DEEPA KAPOOR/P2M,NEFT/777639587466/DEEPA KAPOOR/P2M,9999,9999,2026-01-04,2026-01-04,REF97864,REF97864,,,xyz456@ybl,Merchant Payment,BHIM,Matched
UPI P2P LATA MISHRA 510559168752,UPI FAILED 469764958903,950,0,2026-10-21,2026-02-19,REF11194,REF11194,,,abc123@paytm,Salary Transfer,GPay,UPI Failed
PAYMENT TO RELIANCE RETAIL VIA Cred,PAYMENT TO RELIANCE RETAIL VIA Cred,2000,2000,2026-10-25,2026-09-16,REF97455,REF97455,,,merchant@razorpay,Insurance Premium,BHIM,Matched
SUBSCRIPTION GOOGLE ONE REF:232907524229,SUBSCRIPTION GOOGLE ONE REF:232907524229,650,650,2026-11-12,2026-11-12,REF31509,REF31509,,,user@apl,Salary Transfer,Mobikwik,Matched
EMI PAYMENT AXIS REF:130375600597,EMI PAYMENT AXIS REF:130375600597,25000,25000,2026-08-21,2026-12-23,REF89207,REF89207,,,xyz456@ybl,P2M,Cred,Matched
UPI/CR/582174196315/RAVI TEJA/Mobile Recharge,UPI/CR/582174196315/RAVI TEJA/Mobile Recharge,2000,2000,2026-07-10,2026-07-10,REF35978,REF35978,,,abc123@paytm,Salary Transfer,GPay,Duplicate
BILL PAYMENT MOBILE REF:516928026781,BILL PAYMENT MOBILE REF:516928026781,350,350,2026-06-04,2026-06-04,REF44666,REF44666,,,user@oksbi,Bill Payment,BHIM,Matched
EMI PAYMENT HDFC REF:983023491080,UPI PENDING SETTLEMENT 403616981554,1300,1300,2026-05-24,2026-12-07,REF50393,REF50393,,,user@ibl,Subscription,AmazonPay,Pending Settlement
NEFT/570858751035/SUNIL VERMA/P2P,NEFT/570858751035/SUNIL VERMA/P2P,3999,3999,2026-04-08,2026-04-08,REF26367,REF26367,,,merchant@razorpay,Bill Payment,Mobikwik,Matched
INSURANCE PREMIUM LIC REF:382307559113,INSURANCE PREMIUM LIC REF:382307559113,2500,2500,2026-10-03,2026-10-03,REF79467,REF79467,,,user@oksbi,Merchant Payment,Paytm,Matched
UPI/DR/673954871516/SNEHA SINGH/Bill Payment,UPI/DR/673954871516/SNEHA SINGH/Bill Payment,1000,1000,2026-06-19,2026-06-19,REF43934,REF43934,CHQ7429,CHQ7429,pay@oksbi,Merchant Payment,AmazonPay,Matched
EMI PAYMENT ICICI REF:286583730306,UPI FAILED 910531100831,2999,0,2026-06-03,2026-06-03,REF35779,REF35779,CHQ1286,CHQ1286,user@apl,Insurance Premium,Cred,UPI Failed
RECEIVED FROM ARUN KUMAR VIA Cred,UPI FAILED 332320460274,5000,0,2026-12-24,2026-12-24,REF73472,REF73472,,,salary@bank,Mobile Recharge,Mobikwik,UPI Failed
UPI/Paytm/183264848176/MOHAN LAL/Subscription,UPI FAILED 536871465416,550,0,2026-08-13,2026-08-13,REF70935,REF70935,CHQ9366,CHQ9366,user@ybl,EMI Payment,AmazonPay,UPI Failed
SUBSCRIPTION SPOTIFY REF:770166231180,SUBSCRIPTION SPOTIFY REF:770166231180,550,550,2026-10-25,2026-10-25,REF47318,REF47318,,,user@federal,Bill Payment,Cred,Matched
BILL PAYMENT LANDLINE REF:220394367598,UPI PENDING SETTLEMENT 313508555573,9999,9999,2026-11-22,2026-08-01,REF11639,REF11639,CHQ8443,CHQ8443,user@ibl,Bill Payment,Paytm,Pending Settlement
UPI P2P RAVI TEJA 121644420890,,75000,0,2026-03-24,2026-03-24,REF18494,REF77203,,,shop@okicici,Bill Payment,Paytm,Unmatched
UPI/Cred/671259902290/ARUN KUMAR/Rent Payment,,100000,0,2026-06-22,2026-06-22,REF61414,,,,merchant@razorpay,P2M,BHIM,Unmatched
INSURANCE PREMIUM LIC REF:733930333755,INSURANCE PREMIUM LIC REF:733930333755,20000,20000,2026-01-02,2026-08-28,REF13913,REF13913,,,user@okhdfcbank,Mobile Recharge,PhonePe,Matched
UPI P2M PRIME VIDEO 903356129738,UPI P2M PRIME VIDEO 903356129738,1999,1999,2026-09-11,2026-09-11,REF56802,REF56802,,,xyz456@ybl,Merchant Payment,BHIM,Matched
SUBSCRIPTION GOOGLE ONE REF:325262355705,UPI PENDING SETTLEMENT 734895462828,1300,1300,2026-06-12,2026-10-23,REF20084,REF20084,,,user@federal,P2M,Cred,Pending Settlement
BILL PAYMENT WATER REF:192200643448,,1499,0,2026-02-03,2026-02-27,REF46645,REF73476,,,user@oksbi,Salary Transfer,Cred,Unmatched
PAYMENT TO RELIANCE RETAIL VIA BHIM,UPI PENDING SETTLEMENT 668205603106,2999,2999,2026-08-28,2026-07-11,REF65069,REF65069,,,merchant@razorpay,Merchant Payment,PhonePe,Pending Settlement
IMPS/929051225115/ARUN KUMAR/Rent Payment,IMPS/929051225115/ARUN KUMAR/Rent Payment,1100,1100,2026-09-02,2026-03-26,REF30489,REF30489,CHQ4312,CHQ4312,user@apl,Bill Payment,GPay,Duplicate
PAYMENT TO AMAZON VIA AmazonPay,PAYMENT TO AMAZON VIA AmazonPay,50000,50000,2026-05-17,2026-05-17,REF92895,REF35522,CHQ8605,CHQ8605,user@apl,Mobile Recharge,Paytm,Matched
UPI P2P MOHAN LAL 344565208761,UPI P2P MOHAN LAL 344565208761,100,100,2026-06-02,2026-06-02,REF51872,REF51872,,,shop@okicici,Insurance Premium,BHIM,Matched
NEFT/538188134492/KIRAN SINGH/Bill Payment,NEFT/538188134492/KIRAN SINGH/Bill Payment,15000,15000,2026-10-05,2026-10-05,REF45148,REF82129,,,user@ybl,Bill Payment,GPay,Matched
IMPS/308395337927/SUNIL VERMA/Mobile Recharge,IMPS/308395337927/SUNIL VERMA/Mobile Recharge,19999,19999,2026-08-12,2026-08-12,REF66164,REF80494,,,user@ibl,Subscription,AmazonPay,Matched
RECEIVED FROM ARUN NAIR VIA BHIM,UPI REVERSAL 149128410207,150,-150,2026-08-25,2026-08-25,REF89767,REF89767,CHQ2488,CHQ2488,abc123@paytm,Merchant Payment,Mobikwik,UPI Reversed
UPI P2M BIGBASKET 521272287046,UPI REVERSAL 849816725093,1100,-1100,2026-12-26,2026-12-26,REF53432,REF66487,,,merchant@razorpay,Subscription,BHIM,UPI Reversed
INSURANCE PREMIUM STAR HEALTH REF:101347034389,INSURANCE PREMIUM STAR HEALTH REF:101347034389,19999,19999,2026-04-10,2026-04-10,REF33685,REF33685,,,bill@paytm,Bill Payment,Paytm,Duplicate
PAYMENT TO SWIGGY VIA AmazonPay,,100,0,2026-05-12,2026-05-12,REF49164,,CHQ8101,,merchant@payu,Bill Payment,Cred,Unmatched
UPI/DR/946387750485/AMIT KUMAR/Subscription,UPI REVERSAL 180509166673,1300,-1300,2026-09-25,2026-08-04,REF35252,REF35252,CHQ9330,CHQ9330,user@axl,Subscription,PhonePe,UPI Reversed
UPI/DR/115496931521/RAJESH YADAV/Salary Transfer,UPI FAILED 680733437184,1000,0,2026-08-16,2026-08-16,REF29721,REF29721,,,pay@oksbi,Subscription,Mobikwik,UPI Failed
UPI/CR/224441255886/SNEHA SINGH/Bill Payment,UPI FAILED 710895770919,50000,0,2026-03-28,2026-05-12,REF68958,REF65257,,,user@apl,Insurance Premium,BHIM,UPI Failed
NEFT/710351482660/MEERA JOSHI/Merchant Payment,,950,0,2026-08-04,2026-08-04,REF50015,,CHQ3783,,user@oksbi,P2P,AmazonPay,Unmatched
Paytm UPI TRANSFER ARUN NAIR REF:445537246337,Paytm UPI TRANSFER ARUN NAIR REF:445537246337,5000,5000,2026-05-20,2026-05-20,REF45487,REF45487,,,user@ibl,Merchant Payment,GPay,Matched
SUBSCRIPTION APPLE ICLOUD REF:703723315839,UPI REVERSAL 966102126286,7500,-7500,2026-10-06,2026-10-06,REF49809,REF49809,,,merchant@razorpay,Bill Payment,Cred,UPI Reversed
AmazonPay UPI TRANSFER VIKAS GUPTA REF:889822832565,,15000,0,2026-06-01,2026-06-01,REF40215,,,,salary@bank,EMI Payment,GPay,Unmatched
BILL PAYMENT ELECTRICITY REF:583552985111,UPI PENDING SETTLEMENT 363729582769,999,999,2026-09-17,2026-02-28,REF78716,REF78716,CHQ7495,CHQ7495,pay@oksbi,Mobile Recharge,BHIM,Pending Settlement
IMPS/979054795679/KAVITA REDDY/Subscription,UPI REVERSAL 715310215056,2999,-2999,2026-01-21,2026-01-21,REF64442,REF64442,,,user@axl,Bill Payment,Mobikwik,UPI Reversed
UPI P2M PRIME VIDEO 134104605824,UPI P2M PRIME VIDEO 134104605824,100,99.99,2026-07-19,2026-07-19,REF25613,REF25613,,,merchant@ccavenue,P2M,GPay,Partial Match
INSURANCE PREMIUM STAR HEALTH REF:373994205152,INSURANCE PREMIUM STAR HEALTH REF:373994205152,9999,9999,2026-03-07,2026-03-07,REF25366,REF25366,,,shop@okicici,Insurance Premium,Paytm,Matched
IMPS/696707069299/RAJESH YADAV/Insurance Premium,IMPS/696707069299/RAJESH YADAV/Insurance Premium,850,850,2026-09-23,2026-09-23,REF91614,REF91614,CHQ4914,CHQ4914,user@federal,Merchant Payment,GPay,Matched
EMI PAYMENT ICICI REF:382152727479,UPI PENDING SETTLEMENT 386976015981,250,250,2026-04-26,2026-08-24,REF82875,REF82875,,,abc123@paytm,Salary Transfer,Cred,Pending Settlement
EMI PAYMENT HDFC REF:229442884958,UPI PENDING SETTLEMENT 749208490197,75000,75000,2026-09-24,2026-09-03,REF22931,REF22931,CHQ1168,CHQ1168,user@ibl,P2P,BHIM,Pending Settlement
UPI/AmazonPay/394496129513/RAJESH YADAV/P2M,UPI FAILED 727929916411,499,0,2026-04-16,2026-08-04,REF72921,REF72921,,,user@ibl,P2P,AmazonPay,UPI Failed
UPI/CR/678058757347/MEERA JOSHI/P2P,UPI FAILED 283869227483,250,0,2026-09-27,2026-09-27,REF25858,REF25858,,,shop@okicici,Bill Payment,GPay,UPI Failed
BILL PAYMENT ELECTRICITY REF:170079815402,BILL PAYMENT ELECTRICITY REF:170079815402,10000,10005.0,2026-04-18,2026-04-18,REF43690,REF43690,CHQ5651,CHQ5651,user@axl,Insurance Premium,BHIM,Partial Match
UPI/PhonePe/135690721489/ARUN KUMAR/Insurance Premium,UPI/PhonePe/135690721489/ARUN KUMAR/Insurance Premium,50000,50000,2026-08-22,2026-01-17,REF74395,REF74395,CHQ8884,CHQ8884,merchant@razorpay,Rent Payment,Cred,Matched
RECEIVED FROM KIRAN SINGH VIA Paytm,RECEIVED FROM KIRAN SINGH VIA Paytm,850,850,2026-11-17,2026-11-17,REF65224,REF65224,,,user@oksbi,Merchant Payment,AmazonPay,Matched
UPI/CR/338298537494/RAHUL SHARMA/P2M,UPI/CR/338298537494/RAHUL SHARMA/P2M,10000,10000,2026-02-26,2026-02-26,REF26463,REF26463,,,merchant@payu,Subscription,Paytm,Matched
UPI P2M CROMA 768505692253,UPI P2M CROMA 768505692253,19999,19999,2026-08-07,2026-08-07,REF13984,REF13984,,,pay@oksbi,Insurance Premium,Cred,Duplicate
IMPS/980405579126/SNEHA SINGH/EMI Payment,IMPS/980405579126/SNEHA SINGH/EMI Payment,650,650,2026-05-10,2026-05-10,REF48581,REF48581,,,pay@oksbi,Mobile Recharge,BHIM,Matched
Paytm UPI TRANSFER GEETA AGRAWAL REF:965725401807,UPI PENDING SETTLEMENT 559446210110,100,100,2026-08-06,2026-04-04,REF50609,REF50609,,,user@ibl,Bill Payment,PhonePe,Pending Settlement
RECEIVED FROM VIKAS GUPTA VIA GPay,RECEIVED FROM VIKAS GUPTA VIA GPay,1100,1100.5,2026-05-28,2026-05-28,REF13703,REF13703,,,salary@bank,Insurance Premium,PhonePe,Partial Match
BILL PAYMENT GAS REF:303849905882,BILL PAYMENT GAS REF:303849905882,5000,5000,2026-06-03,2026-06-03,REF62292,REF62292,,,user@ibl,Insurance Premium,BHIM,Matched
UPI P2M CROMA 460468987681,UPI PENDING SETTLEMENT 647859398998,150,150,2026-08-03,2026-10-16,REF77432,REF70119,,,xyz456@ybl,Bill Payment,PhonePe,Pending Settlement
SUBSCRIPTION SPOTIFY REF:328272279573,UPI FAILED 858154725561,75000,0,2026-12-08,2026-12-08,REF34048,REF34048,,,merchant@ccavenue,P2M,BHIM,UPI Failed
UPI/PhonePe/847146328344/RAVI TEJA/Insurance Premium,,3000,0,2026-02-24,2026-01-18,REF38742,,,,user@apl,P2M,Cred,Unmatched
NEFT/845763391856/SUNIL VERMA/Salary Transfer,UPI REVERSAL 420887646827,2999,-2999,2026-04-21,2026-04-21,REF49996,REF49996,,,abc123@paytm,P2P,Paytm,UPI Reversed
RECEIVED FROM DEEPA KAPOOR VIA BHIM,RECEIVED FROM DEEPA KAPOOR VIA BHIM,20000,20000,2026-05-14,2026-06-11,REF84604,REF84604,,,user@ibl,EMI Payment,Cred,Matched
EMI PAYMENT KOTAK REF:998506915104,EMI PAYMENT KOTAK REF:998506915104,1200,1200,2026-12-02,2026-12-02,REF51569,REF27551,,,shop@okicici,Subscription,AmazonPay,Matched
BILL PAYMENT WATER REF:284905719257,BILL PAYMENT WATER REF:284905719257,10000,10000,2026-05-06,2026-05-16,REF89634,REF89634,,,shop@okicici,Subscription,AmazonPay,Matched
UPI P2P RAVI TEJA 974464360559,UPI REVERSAL 517555520502,3999,-3999,2026-11-11,2026-11-11,REF31573,REF31573,,,user@federal,Mobile Recharge,Cred,UPI Reversed
UPI/CR/299125165156/DEEPA KAPOOR/Salary Transfer,,499,0,2026-07-03,2026-01-25,REF67228,,,,user@ibl,Merchant Payment,Mobikwik,Unmatched
RECHARGE JIO REF:955197115950,RECHARGE JIO REF:955197115950,1499,1499,2026-07-07,2026-07-07,REF61866,REF68267,,,merchant@ccavenue,P2M,Cred,Duplicate
RECEIVED FROM KAVITA REDDY VIA Paytm,RECEIVED FROM KAVITA REDDY VIA Paytm,1750,1750,2026-01-22,2026-01-22,REF29851,REF96304,CHQ7696,CHQ7696,user@oksbi,Mobile Recharge,AmazonPay,Matched
NEFT/508209288002/VIKAS GUPTA/Bill Payment,UPI REVERSAL 627618539440,7500,-7500,2026-06-07,2026-06-07,REF94788,REF64447,,,xyz456@ybl,Merchant Payment,PhonePe,UPI Reversed
UPI/GPay/855520547047/PRIYA PATEL/Bill Payment,,14999,0,2026-05-08,2026-12-22,REF52620,,,,user@oksbi,Bill Payment,AmazonPay,Unmatched
INSURANCE PREMIUM SBI LIFE REF:754215055289,INSURANCE PREMIUM SBI LIFE REF:754215055289,750,750,2026-11-12,2026-11-24,REF34037,REF34037,CHQ9188,CHQ9188,user@ybl,Subscription,PhonePe,Matched
PAYMENT TO SWIGGY VIA Cred,PAYMENT TO SWIGGY VIA Cred,3000,3000,2026-07-16,2026-07-16,REF39335,REF39335,,,user@apl,P2M,Cred,Duplicate
UPI/DR/381215403535/ARUN KUMAR/Bill Payment,UPI/DR/381215403535/ARUN KUMAR/Bill Payment,5000,5000,2026-11-04,2026-07-04,REF31976,REF31976,,,merchant@payu,P2P,AmazonPay,Matched
RECEIVED FROM MOHAN LAL VIA Mobikwik,,550,0,2026-12-07,2026-12-07,REF15523,,,,rent@upi,Subscription,Mobikwik,Unmatched
UPI/GPay/344800997757/RAHUL SHARMA/Subscription,UPI/GPay/344800997757/RAHUL SHARMA/Subscription,1200,1200,2026-10-23,2026-10-23,REF69275,REF51617,,,user@paytm,Mobile Recharge,BHIM,Matched
BILL PAYMENT GAS REF:342373292832,BILL PAYMENT GAS REF:342373292832,7500,7500,2026-06-20,2026-08-12,REF16767,REF27370,,,store@okaxis,Insurance Premium,BHIM,Matched
IMPS/344820426053/RAHUL SHARMA/EMI Payment,IMPS/344820426053/RAHUL SHARMA/EMI Payment,1999,1999,2026-09-09,2026-09-09,REF28846,REF28846,CHQ5362,CHQ5362,user@ybl,Subscription,AmazonPay,Matched
UPI/PhonePe/124119533708/KAVITA REDDY/Rent Payment,UPI PENDING SETTLEMENT 301922468821,4999,4999,2026-05-07,2026-05-04,REF80679,REF80679,,,user@ybl,Bill Payment,Paytm,Pending Settlement
NEFT/452964540324/ARUN KUMAR/P2P,NEFT/452964540324/ARUN KUMAR/P2P,50000,50000,2026-05-16,2026-05-16,REF38263,REF38263,CHQ5201,CHQ5201,pay@oksbi,Mobile Recharge,AmazonPay,Duplicate
INSURANCE PREMIUM SBI LIFE REF:793253858926,INSURANCE PREMIUM SBI LIFE REF:793253858926,9999,9999.05,2026-10-25,2026-10-25,REF36084,REF36084,,,user@paytm,P2M,Cred,Partial Match
IMPS/193386890924/RAVI TEJA/Mobile Recharge,UPI REVERSAL 675804435333,650,-650,2026-04-26,2026-04-26,REF12393,REF12393,,,salary@bank,Insurance Premium,PhonePe,UPI Reversed
RECEIVED FROM KAVITA REDDY VIA Cred,RECEIVED FROM KAVITA REDDY VIA Cred,1000,1000,2026-06-12,2026-06-12,REF29393,REF29393,,,merchant@payu,EMI Payment,AmazonPay,Matched
UPI P2P ANITA DEVI 129309890193,UPI FAILED 763799487627,1500,0,2026-05-10,2026-05-10,REF88090,REF88090,,,user@oksbi,Rent Payment,Cred,UPI Failed
IMPS/326551555155/ARUN NAIR/Merchant Payment,IMPS/326551555155/ARUN NAIR/Merchant Payment,350,350,2026-11-14,2026-11-14,REF45615,REF45615,,,user@oksbi,Mobile Recharge,GPay,Matched
EMI PAYMENT HDFC REF:933161920278,EMI PAYMENT HDFC REF:933161920278,25000,25000.05,2026-07-17,2026-07-17,REF46058,REF46058,CHQ9055,CHQ9055,merchant@razorpay,P2M,AmazonPay,Partial Match
BILL PAYMENT GAS REF:370340549276,,7500,0,2026-01-26,2026-01-26,REF94636,,,,pay@oksbi,P2P,AmazonPay,Unmatched
UPI/CR/544339736343/ARUN NAIR/Subscription,UPI/CR/544339736343/ARUN NAIR/Subscription,4999,4999,2026-09-28,2026-09-28,REF76563,REF76563,CHQ4962,CHQ4962,user@okhdfcbank,Salary Transfer,PhonePe,Matched
RECEIVED FROM PRIYA PATEL VIA PhonePe,UPI REVERSAL 497601570252,1500,-1500,2026-03-24,2026-03-24,REF11162,REF11162,CHQ9051,CHQ9051,merchant@ccavenue,Merchant Payment,GPay,UPI Reversed
RECEIVED FROM NEHA CHOPRA VIA AmazonPay,RECEIVED FROM NEHA CHOPRA VIA AmazonPay,75000,75000,2026-01-08,2026-01-08,REF91774,REF34381,CHQ4016,CHQ4016,merchant@payu,P2M,Mobikwik,Matched
IMPS/136691310738/VIKAS GUPTA/Salary Transfer,IMPS/136691310738/VIKAS GUPTA/Salary Transfer,9999,9999,2026-09-19,2026-09-19,REF23595,REF23595,,,user@ibl,Salary Transfer,PhonePe,Matched
RECHARGE AIRTEL REF:375141161818,RECHARGE AIRTEL REF:375141161818,1100,1100,2026-02-05,2026-02-05,REF67614,REF67614,,,user@paytm,EMI Payment,PhonePe,Matched
UPI P2M SPOTIFY 581339732181,,19999,0,2026-10-12,2026-10-12,REF85154,REF88412,,,salary@bank,Merchant Payment,Mobikwik,Unmatched
UPI P2P MEERA JOSHI 828249092968,UPI P2P MEERA JOSHI 828249092968,25000,25000,2026-01-23,2026-01-23,REF72766,REF72766,,,user@oksbi,EMI Payment,Mobikwik,Matched
BHIM UPI TRANSFER SURESH PANDIT REF:487081253886,BHIM UPI TRANSFER SURESH PANDIT REF:487081253886,1500,1500,2026-11-26,2026-11-26,REF91300,REF59092,,,abc123@paytm,P2P,Mobikwik,Matched
INSURANCE PREMIUM BAJAJ ALLIANZ REF:528593681051,,3999,0,2026-11-23,2026-11-23,REF78925,,,,user@axl,Merchant Payment,GPay,Unmatched
UPI P2P MEERA JOSHI 228758631934,UPI PENDING SETTLEMENT 805452265409,350,350,2026-07-10,2026-03-28,REF41871,REF58511,,,user@federal,EMI Payment,PhonePe,Pending Settlement
SUBSCRIPTION APPLE ICLOUD REF:725750994173,SUBSCRIPTION APPLE ICLOUD REF:725750994173,2999,2999,2026-06-14,2026-06-14,REF10981,REF10981,,,user@federal,P2P,Cred,Matched
INSURANCE PREMIUM LIC REF:979056384284,UPI FAILED 655622088492,150,0,2026-01-10,2026-01-10,REF24797,REF24797,,,merchant@razorpay,EMI Payment,AmazonPay,UPI Failed
SUBSCRIPTION AMAZON PRIME REF:280426006066,SUBSCRIPTION AMAZON PRIME REF:280426006066,2000,2000,2026-09-27,2026-09-27,REF57302,REF57302,CHQ7160,CHQ7160,bill@paytm,P2M,Cred,Matched
IMPS/558471907408/AMIT KUMAR/Rent Payment,IMPS/558471907408/AMIT KUMAR/Rent Payment,550,549.95,2026-10-12,2026-10-12,REF52576,REF52576,,,xyz456@ybl,Bill Payment,GPay,Partial Match
BILL PAYMENT MOBILE REF:831266847700,UPI REVERSAL 895320012057,1100,-1100,2026-03-13,2026-03-15,REF91408,REF91408,,,user@oksbi,P2P,BHIM,UPI Reversed
PAYMENT TO AXIS BANK VIA AmazonPay,PAYMENT TO AXIS BANK VIA AmazonPay,1200,1199.95,2026-03-07,2026-03-07,REF45117,REF45117,CHQ5057,CHQ5057,user@okhdfcbank,P2M,AmazonPay,Partial Match
UPI P2P GEETA AGRAWAL 673861843077,UPI PENDING SETTLEMENT 990076002602,1500,1500,2026-04-02,2026-06-13,REF36401,REF36401,,,user@okhdfcbank,Bill Payment,Paytm,Pending Settlement
UPI P2M HOTSTAR 616527640040,UPI P2M HOTSTAR 616527640040,20000,20000,2026-12-08,2026-06-04,REF16577,REF16577,CHQ8652,CHQ8652,abc123@paytm,Salary Transfer,PhonePe,Matched
INSURANCE PREMIUM ICICI PRUDENTIAL REF:504330173458,INSURANCE PREMIUM ICICI PRUDENTIAL REF:504330173458,1100,1100,2026-09-05,2026-09-05,REF35184,REF35184,,,abc123@paytm,Insurance Premium,PhonePe,Matched
NEFT/447288868670/KIRAN SINGH/P2P,NEFT/447288868670/KIRAN SINGH/P2P,2500,2500,2026-07-13,2026-07-13,REF53500,REF53500,,,pay@oksbi,Bill Payment,Mobikwik,Matched
UPI/CR/316521067768/NEHA CHOPRA/Merchant Payment,UPI/CR/316521067768/NEHA CHOPRA/Merchant Payment,19999,19999,2026-12-28,2026-12-28,REF34707,REF34707,CHQ3839,CHQ3839,user@okhdfcbank,P2M,GPay,Matched
Mobikwik UPI TRANSFER VIKAS GUPTA REF:610476861358,Mobikwik UPI TRANSFER VIKAS GUPTA REF:610476861358,19999,19999,2026-05-16,2026-05-16,REF19625,REF19625,,,merchant@razorpay,P2P,BHIM,Duplicate
UPI/Cred/974045892299/KIRAN SINGH/P2P,UPI/Cred/974045892299/KIRAN SINGH/P2P,2999,2999,2026-04-04,2026-04-04,REF34397,REF34397,,,user@federal,Rent Payment,BHIM,Matched
UPI/CR/794255026378/PRIYA PATEL/Insurance Premium,,650,0,2026-01-22,2026-01-22,REF64870,,,,user@federal,Rent Payment,BHIM,Unmatched
NEFT/917489123131/MEERA JOSHI/Rent Payment,NEFT/917489123131/MEERA JOSHI/Rent Payment,7500,7500,2026-04-07,2026-04-10,REF12819,REF71127,,,pay@oksbi,Mobile Recharge,BHIM,Matched
UPI P2M HOTSTAR 109866531508,UPI P2M HOTSTAR 109866531508,3000,3000,2026-05-05,2026-05-05,REF78196,REF78196,CHQ6458,CHQ6458,user@ibl,Subscription,GPay,Matched
UPI P2M CROMA 231534999125,UPI P2M CROMA 231534999125,450,450,2026-11-26,2026-11-26,REF68616,REF11318,,,merchant@ccavenue,P2M,BHIM,Matched
SUBSCRIPTION APPLE ICLOUD REF:511352830991,SUBSCRIPTION APPLE ICLOUD REF:511352830991,350,350,2026-02-10,2026-06-23,REF36402,REF36402,CHQ2027,CHQ2027,bill@paytm,EMI Payment,Paytm,Duplicate
EMI PAYMENT AXIS REF:996712985360,EMI PAYMENT AXIS REF:996712985360,1000,999.5,2026-08-06,2026-08-06,REF20465,REF20465,,,store@okaxis,Salary Transfer,Paytm,Partial Match
BHIM UPI TRANSFER PRIYA PATEL REF:323310486990,BHIM UPI TRANSFER PRIYA PATEL REF:323310486990,2250,2250,2026-12-01,2026-12-01,REF45268,REF45268,,,user@ibl,P2M,GPay,Matched
BILL PAYMENT INTERNET REF:418936554855,,150,0,2026-10-20,2026-10-20,REF25331,REF17420,,,user@paytm,P2M,Mobikwik,Unmatched
INSURANCE PREMIUM BAJAJ ALLIANZ REF:334242013051,INSURANCE PREMIUM BAJAJ ALLIANZ REF:334242013051,550,550,2026-07-05,2026-07-05,REF93029,REF93029,,,abc123@paytm,P2P,GPay,Matched
UPI/CR/525493042694/RAVI TEJA/P2P,UPI/CR/525493042694/RAVI TEJA/P2P,10000,10000,2026-03-16,2026-03-16,REF20548,REF20548,CHQ3483,CHQ3483,user@axl,Subscription,BHIM,Matched
INSURANCE PREMIUM LIC REF:250834161775,UPI REVERSAL 244129122516,750,-750,2026-07-05,2026-07-05,REF64749,REF20281,,,xyz456@ybl,Insurance Premium,Cred,UPI Reversed
PAYMENT TO ZOMATO VIA Cred,PAYMENT TO ZOMATO VIA Cred,750,750,2026-12-27,2026-12-27,REF41249,REF41249,,,user@okhdfcbank,Bill Payment,Mobikwik,Matched
Mobikwik UPI TRANSFER KAVITA REDDY REF:957026489535,,2999,0,2026-07-22,2026-07-22,REF32017,,,,user@oksbi,Insurance Premium,AmazonPay,Unmatched
IMPS/192634583655/ARUN KUMAR/Bill Payment,UPI FAILED 547380253920,5000,0,2026-11-21,2026-11-21,REF58778,REF58778,,,xyz456@ybl,Salary Transfer,PhonePe,UPI Failed
INSURANCE PREMIUM ICICI PRUDENTIAL REF:225102916807,,20000,0,2026-06-14,2026-06-14,REF49196,,,,user@ybl,Subscription,PhonePe,Unmatched
IMPS/612544509441/KAVITA REDDY/Rent Payment,,3000,0,2026-03-10,2026-03-10,REF62712,,,,merchant@payu,Merchant Payment,Mobikwik,Unmatched
INSURANCE PREMIUM BAJAJ ALLIANZ REF:996489842627,INSURANCE PREMIUM BAJAJ ALLIANZ REF:996489842627,14999,14999,2026-04-11,2026-04-11,REF12645,REF12645,,,user@axl,P2P,PhonePe,Matched
UPI/BHIM/140540504512/RAHUL SHARMA/P2M,UPI/BHIM/140540504512/RAHUL SHARMA/P2M,3999,3994.0,2026-09-08,2026-09-08,REF75872,REF75872,,,user@ybl,P2P,AmazonPay,Partial Match
NEFT/198536864767/VIKAS GUPTA/Merchant Payment,UPI FAILED 760796728254,450,0,2026-01-28,2026-01-28,REF14571,REF14571,,,pay@oksbi,Subscription,Paytm,UPI Failed
NEFT/156339015360/RAJESH YADAV/Insurance Premium,,100,0,2026-09-16,2026-09-16,REF83481,REF77344,CHQ3509,,user@axl,Insurance Premium,BHIM,Unmatched
NEFT/629912062499/MOHAN LAL/Mobile Recharge,UPI REVERSAL 406753620274,5000,-5000,2026-08-09,2026-08-09,REF16831,REF16831,,,xyz456@ybl,P2M,AmazonPay,UPI Reversed
RECEIVED FROM KAVITA REDDY VIA PhonePe,RECEIVED FROM KAVITA REDDY VIA PhonePe,10000,10000,2026-11-18,2026-11-18,REF49647,REF49647,,,xyz456@ybl,P2M,PhonePe,Matched
Paytm UPI TRANSFER SNEHA SINGH REF:248191329513,Paytm UPI TRANSFER SNEHA SINGH REF:248191329513,250,250,2026-03-20,2026-03-20,REF33714,REF33714,,,merchant@ccavenue,P2M,BHIM,Matched
RECHARGE AIRTEL REF:480694211741,,550,0,2026-05-05,2026-05-05,REF39394,REF77268,,,user@oksbi,Rent Payment,BHIM,Unmatched
UPI P2P DEEPA KAPOOR 292139285472,UPI P2P DEEPA KAPOOR 292139285472,9999,9999,2026-02-22,2026-02-22,REF98124,REF98124,,,merchant@ccavenue,Salary Transfer,AmazonPay,Matched
Paytm UPI TRANSFER MOHAN LAL REF:185502574685,Paytm UPI TRANSFER MOHAN LAL REF:185502574685,1499,1498.0,2026-06-02,2026-06-02,REF87516,REF87516,,,salary@bank,Subscription,Paytm,Partial Match
IMPS/904192522810/ARUN NAIR/Mobile Recharge,UPI FAILED 914484295356,10000,0,2026-05-03,2026-05-03,REF26277,REF94418,CHQ9276,CHQ9276,user@ibl,Rent Payment,BHIM,UPI Failed
NEFT/967701175581/KIRAN SINGH/Rent Payment,NEFT/967701175581/KIRAN SINGH/Rent Payment,100000,99999.9,2026-09-15,2026-04-23,REF32261,REF32261,,,abc123@paytm,Rent Payment,BHIM,Partial Match
UPI/Cred/362499311121/SUNIL VERMA/Rent Payment,UPI/Cred/362499311121/SUNIL VERMA/Rent Payment,2999,2999.1,2026-01-19,2026-04-06,REF82787,REF19221,,,merchant@ccavenue,Mobile Recharge,Cred,Partial Match
UPI/CR/654899356458/SNEHA SINGH/EMI Payment,UPI/CR/654899356458/SNEHA SINGH/EMI Payment,14999,14999,2026-05-06,2026-05-06,REF62570,REF62570,,,shop@okicici,P2M,AmazonPay,Matched
NEFT/915223736256/RAVI TEJA/P2P,NEFT/915223736256/RAVI TEJA/P2P,1999,1999,2026-06-10,2026-06-10,REF19539,REF19539,,,pay@oksbi,Rent Payment,AmazonPay,Duplicate
IMPS/117412061654/SURESH PANDIT/Bill Payment,UPI PENDING SETTLEMENT 906080329400,25000,25000,2026-05-09,2026-06-22,REF90183,REF90183,,,store@okaxis,Rent Payment,BHIM,Pending Settlement
INSURANCE PREMIUM ICICI PRUDENTIAL REF:246517423489,UPI FAILED 534127110649,2000,0,2026-05-13,2026-07-08,REF74884,REF74884,,,user@paytm,Bill Payment,GPay,UPI Failed
UPI/Paytm/998143883803/ANITA DEVI/Mobile Recharge,,750,0,2026-11-15,2026-11-15,REF66817,REF10997,,,user@ybl,Rent Payment,Cred,Unmatched
EMI PAYMENT KOTAK REF:312894000666,EMI PAYMENT KOTAK REF:312894000666,999,998.99,2026-12-07,2026-12-07,REF92235,REF92235,CHQ2942,CHQ2942,user@ibl,EMI Payment,PhonePe,Partial Match
PAYMENT TO ZOMATO VIA BHIM,UPI PENDING SETTLEMENT 371099207556,9999,9999,2026-03-19,2026-12-12,REF24741,REF75988,,,pay@oksbi,P2P,Mobikwik,Pending Settlement
UPI/AmazonPay/119506929695/RAVI TEJA/Salary Transfer,UPI/AmazonPay/119506929695/RAVI TEJA/Salary Transfer,2250,2250,2026-04-07,2026-04-07,REF45562,REF45562,CHQ7077,CHQ7077,user@ybl,Insurance Premium,GPay,Matched
PAYMENT TO STAR HEALTH VIA Mobikwik,PAYMENT TO STAR HEALTH VIA Mobikwik,100,100.1,2026-01-27,2026-01-27,REF52372,REF46347,,,merchant@payu,Mobile Recharge,Mobikwik,Partial Match
RECEIVED FROM RAJESH YADAV VIA GPay,UPI REVERSAL 234448352778,999,-999,2026-09-01,2026-09-01,REF22083,REF22083,,,abc123@paytm,Bill Payment,Mobikwik,UPI Reversed
UPI/DR/608540087970/LATA MISHRA/Bill Payment,UPI FAILED 980552772081,100000,0,2026-11-06,2026-12-11,REF31727,REF31727,,,user@okhdfcbank,Merchant Payment,AmazonPay,UPI Failed
PAYMENT TO FLIPKART VIA PhonePe,PAYMENT TO FLIPKART VIA PhonePe,3999,3999,2026-12-07,2026-12-07,REF22680,REF22680,,,merchant@razorpay,Mobile Recharge,GPay,Matched
UPI/DR/666693257886/AMIT KUMAR/Rent Payment,UPI PENDING SETTLEMENT 106448513790,20000,20000,2026-06-17,2026-12-23,REF81868,REF35945,,,user@ibl,Bill Payment,AmazonPay,Pending Settlement
UPI/DR/589968311143/MOHAN LAL/P2P,,9999,0,2026-03-19,2026-03-19,REF34905,,,,store@okaxis,Mobile Recharge,Paytm,Unmatched
IMPS/479458159628/VIKAS GUPTA/Salary Transfer,UPI REVERSAL 180691835572,950,-950,2026-04-08,2026-04-08,REF11044,REF11044,CHQ2461,CHQ2461,user@oksbi,Mobile Recharge,Paytm,UPI Reversed
BILL PAYMENT DTH REF:867250081442,UPI PENDING SETTLEMENT 956991469816,200,200,2026-02-05,2026-07-09,REF69106,REF69106,CHQ8869,CHQ8869,pay@oksbi,Rent Payment,AmazonPay,Pending Settlement
UPI/DR/990645685180/SNEHA SINGH/P2P,UPI/DR/990645685180/SNEHA SINGH/P2P,1999,1999,2026-12-26,2026-12-26,REF14547,REF14547,CHQ3654,CHQ3654,salary@bank,Insurance Premium,Paytm,Matched
PAYMENT TO RELIANCE RETAIL VIA PhonePe,PAYMENT TO RELIANCE RETAIL VIA PhonePe,250,250,2026-10-21,2026-10-21,REF70373,REF70373,CHQ1918,CHQ1918,xyz456@ybl,Rent Payment,Mobikwik,Matched
EMI PAYMENT ICICI REF:358134374618,EMI PAYMENT ICICI REF:358134374618,7500,7500.01,2026-10-17,2026-10-17,REF34469,REF34469,,,merchant@ccavenue,Salary Transfer,BHIM,Partial Match
INSURANCE PREMIUM STAR HEALTH REF:247169030881,UPI FAILED 660618797444,2500,0,2026-03-15,2026-03-15,REF72909,REF69154,,,user@apl,Subscription,Paytm,UPI Failed
PhonePe UPI TRANSFER LATA MISHRA REF:388614869292,PhonePe UPI TRANSFER LATA MISHRA REF:388614869292,75000,75000,2026-07-28,2026-07-28,REF57170,REF57170,,,user@apl,Subscription,Cred,Matched
BHIM UPI TRANSFER KAVITA REDDY REF:168153722759,UPI PENDING SETTLEMENT 695093869824,350,350,2026-08-26,2026-03-14,REF84871,REF84871,,,user@ybl,P2M,Cred,Pending Settlement
UPI P2M AMAZON 990066152400,UPI P2M AMAZON 990066152400,1499,1499,2026-03-18,2026-03-18,REF12968,REF12968,,,user@ibl,Rent Payment,PhonePe,Matched
UPI/CR/953666792314/NEHA CHOPRA/Bill Payment,UPI PENDING SETTLEMENT 414519403834,7500,7500,2026-02-17,2026-02-07,REF44580,REF44580,,,pay@oksbi,P2P,AmazonPay,Pending Settlement
RECHARGE VI REF:621814064419,UPI PENDING SETTLEMENT 557305662450,15000,15000,2026-01-19,2026-02-22,REF58467,REF58467,,,user@ybl,EMI Payment,BHIM,Pending Settlement
PAYMENT TO HDFC BANK VIA Cred,PAYMENT TO HDFC BANK VIA Cred,100000,100000,2026-06-26,2026-06-26,REF55434,REF24295,,,rent@upi,Insurance Premium,Cred,Matched
INSURANCE PREMIUM ICICI PRUDENTIAL REF:959115053864,UPI FAILED 710258710542,9999,0,2026-12-08,2026-12-08,REF89896,REF89896,,,user@ybl,Mobile Recharge,BHIM,UPI Failed
SUBSCRIPTION AMAZON PRIME REF:959184160028,,14999,0,2026-12-16,2026-12-16,REF84207,,,,shop@okicici,Merchant Payment,Paytm,Unmatched
RECHARGE BSNL REF:312682637076,RECHARGE BSNL REF:312682637076,250,250,2026-04-25,2026-10-24,REF91397,REF91397,,,rent@upi,Bill Payment,Paytm,Matched
UPI P2M JIO 263811579305,UPI P2M JIO 263811579305,5000,5000,2026-12-21,2026-12-21,REF54977,REF54977,,,user@oksbi,Rent Payment,Paytm,Matched
SUBSCRIPTION GOOGLE ONE REF:898791973468,SUBSCRIPTION GOOGLE ONE REF:898791973468,20000,20000,2026-05-22,2026-05-22,REF91998,REF45090,,,store@okaxis,P2M,BHIM,Matched
UPI/CR/580727512308/ARUN NAIR/Bill Payment,UPI REVERSAL 524719285847,10000,-10000,2026-05-23,2026-05-23,REF39749,REF39749,CHQ5881,CHQ5881,user@ibl,EMI Payment,GPay,UPI Reversed
UPI/DR/590089289123/SURESH PANDIT/P2P,UPI/DR/590089289123/SURESH PANDIT/P2P,25000,25000,2026-11-03,2026-11-03,REF24608,REF24608,,,user@axl,Mobile Recharge,GPay,Matched
NEFT/117590379190/LATA MISHRA/P2P,UPI FAILED 587588928130,1100,0,2026-06-18,2026-06-18,REF96851,REF96851,,,store@okaxis,Subscription,AmazonPay,UPI Failed
UPI/CR/364418581423/KIRAN SINGH/Merchant Payment,UPI/CR/364418581423/KIRAN SINGH/Merchant Payment,9999,9999,2026-09-06,2026-09-06,REF94263,REF94263,,,user@paytm,Mobile Recharge,GPay,Matched
AmazonPay UPI TRANSFER SURESH PANDIT REF:599091528478,,350,0,2026-09-09,2026-09-09,REF86284,REF74480,,,user@apl,Subscription,PhonePe,Unmatched
INSURANCE PREMIUM BAJAJ ALLIANZ REF:984661383647,,1750,0,2026-09-05,2026-09-05,REF78646,,,,user@apl,Rent Payment,Cred,Unmatched
EMI PAYMENT AXIS REF:429815220874,EMI PAYMENT AXIS REF:429815220874,25000,24999.99,2026-12-14,2026-12-14,REF65621,REF65621,CHQ8386,CHQ8386,merchant@razorpay,Salary Transfer,AmazonPay,Partial Match
NEFT/783467583907/KIRAN SINGH/Merchant Payment,,2000,0,2026-04-24,2026-09-04,REF55476,,CHQ9501,,rent@upi,P2P,PhonePe,Unmatched
UPI P2P RAVI TEJA 943022417987,UPI P2P RAVI TEJA 943022417987,1500,1500.01,2026-12-18,2026-12-18,REF64267,REF64267,,,user@paytm,Mobile Recharge,GPay,Partial Match
UPI P2P GEETA AGRAWAL 299136704699,UPI P2P GEETA AGRAWAL 299136704699,950,950,2026-09-18,2026-09-18,REF76621,REF76621,CHQ5079,CHQ5079,user@paytm,Salary Transfer,BHIM,Matched
UPI P2M VODAFONE 101032078699,UPI REVERSAL 771014336623,499,-499,2026-09-19,2026-09-19,REF24915,REF24915,,,shop@okicici,Merchant Payment,AmazonPay,UPI Reversed
UPI/CR/160654627272/RAHUL SHARMA/Rent Payment,,850,0,2026-04-04,2026-04-04,REF67197,,,,user@ibl,P2P,Paytm,Unmatched
IMPS/561662895207/SUNIL VERMA/P2M,IMPS/561662895207/SUNIL VERMA/P2M,2500,2500,2026-01-13,2026-01-13,REF18077,REF18077,,,user@oksbi,Merchant Payment,GPay,Duplicate
NEFT/695870712633/SUNIL VERMA/Insurance Premium,UPI REVERSAL 583041161467,450,-450,2026-07-25,2026-07-25,REF14284,REF20972,,,bill@paytm,Rent Payment,PhonePe,UPI Reversed
INSURANCE PREMIUM LIC REF:986130679699,UPI FAILED 357136517491,25000,0,2026-11-24,2026-11-24,REF23923,REF23923,,,user@axl,Mobile Recharge,Cred,UPI Failed
UPI/CR/271895400516/ARUN KUMAR/P2P,UPI/CR/271895400516/ARUN KUMAR/P2P,950,950,2026-04-22,2026-11-16,REF99732,REF99151,CHQ6204,CHQ6204,user@federal,Mobile Recharge,PhonePe,Matched
PAYMENT TO LIC VIA Cred,UPI PENDING SETTLEMENT 887868962814,1500,1500,2026-12-23,2026-04-28,REF61862,REF62512,,,user@paytm,Rent Payment,GPay,Pending Settlement
INSURANCE PREMIUM LIC REF:315944317865,INSURANCE PREMIUM LIC REF:315944317865,7500,7500,2026-10-02,2026-10-02,REF15942,REF57247,,,user@ibl,Rent Payment,Mobikwik,Matched
UPI P2M HDFC LIFE 927559933396,UPI P2M HDFC LIFE 927559933396,7500,7500,2026-01-23,2026-01-23,REF82447,REF43464,,,merchant@ccavenue,P2M,Mobikwik,Matched
UPI P2M STAR HEALTH 652376147089,UPI P2M STAR HEALTH 652376147089,850,850,2026-03-11,2026-03-25,REF98018,REF98018,CHQ1515,CHQ1515,bill@paytm,P2P,GPay,Matched
SUBSCRIPTION AMAZON PRIME REF:483483343676,UPI REVERSAL 526899203003,1200,-1200,2026-03-07,2026-03-07,REF18342,REF18342,CHQ6955,CHQ6955,user@federal,EMI Payment,PhonePe,UPI Reversed
EMI PAYMENT SBI REF:546764827699,UPI REVERSAL 222612411606,999,-999,2026-09-13,2026-09-13,REF96175,REF96175,,,abc123@paytm,P2M,Cred,UPI Reversed
INSURANCE PREMIUM BAJAJ ALLIANZ REF:350046245411,UPI REVERSAL 844738625376,750,-750,2026-07-18,2026-07-18,REF50411,REF50411,,,merchant@ccavenue,Subscription,PhonePe,UPI Reversed
UPI/CR/927222648561/GEETA AGRAWAL/Bill Payment,UPI/CR/927222648561/GEETA AGRAWAL/Bill Payment,150,150,2026-02-04,2026-02-04,REF66088,REF66088,,,user@oksbi,Mobile Recharge,GPay,Matched
INSURANCE PREMIUM ICICI PRUDENTIAL REF:361206424572,UPI PENDING SETTLEMENT 129773307840,25000,25000,2026-01-15,2026-11-14,REF86323,REF86323,,,user@federal,P2P,BHIM,Pending Settlement
PAYMENT TO AMAZON VIA Cred,UPI FAILED 671340311207,19999,0,2026-09-15,2026-09-15,REF25538,REF25538,CHQ8380,CHQ8380,user@oksbi,EMI Payment,Mobikwik,UPI Failed
SUBSCRIPTION APPLE ICLOUD REF:651048269990,SUBSCRIPTION APPLE ICLOUD REF:651048269990,450,450,2026-11-15,2026-11-15,REF92751,REF92751,,,abc123@paytm,EMI Payment,PhonePe,Matched
INSURANCE PREMIUM ICICI PRUDENTIAL REF:977771247000,INSURANCE PREMIUM ICICI PRUDENTIAL REF:977771247000,1200,1200,2026-05-06,2026-10-23,REF34317,REF34317,,,user@ybl,EMI Payment,BHIM,Matched
UPI/CR/592955697473/RAJESH YADAV/EMI Payment,UPI/CR/592955697473/RAJESH YADAV/EMI Payment,2250,2249.5,2026-05-25,2026-05-25,REF24766,REF24766,,,user@paytm,EMI Payment,PhonePe,Partial Match
BHIM UPI TRANSFER NEHA CHOPRA REF:909866829507,UPI PENDING SETTLEMENT 742225913974,150,150,2026-02-10,2026-10-26,REF61748,REF61748,,,xyz456@ybl,Bill Payment,GPay,Pending Settlement
PAYMENT TO AMAZON VIA Cred,,999,0,2026-04-09,2026-07-14,REF31045,REF24425,,,user@ybl,P2P,Paytm,Unmatched
RECEIVED FROM KAVITA REDDY VIA Paytm,UPI PENDING SETTLEMENT 404505363483,4999,4999,2026-01-07,2026-01-26,REF62699,REF50640,,,rent@upi,Bill Payment,AmazonPay,Pending Settlement
PAYMENT TO VODAFONE VIA AmazonPay,UPI PENDING SETTLEMENT 708286960009,10000,10000,2026-03-27,2026-03-14,REF67493,REF67493,CHQ6774,CHQ6774,user@okhdfcbank,Merchant Payment,BHIM,Pending Settlement
UPI/DR/836589259168/ARUN KUMAR/Subscription,UPI/DR/836589259168/ARUN KUMAR/Subscription,499,499,2026-03-10,2026-03-10,REF87212,REF87212,,,abc123@paytm,Bill Payment,GPay,Matched
BILL PAYMENT MOBILE REF:328560718917,BILL PAYMENT MOBILE REF:328560718917,1750,1750,2026-10-16,2026-10-16,REF11382,REF11382,,,user@oksbi,EMI Payment,Cred,Matched
UPI/CR/387739400572/SUNIL VERMA/EMI Payment,,500,0,2026-07-16,2026-07-16,REF69954,,CHQ4925,,abc123@paytm,EMI Payment,BHIM,Unmatched
UPI/GPay/255016785509/RAJESH YADAV/Subscription,UPI PENDING SETTLEMENT 143059481172,2999,2999,2026-08-21,2026-01-26,REF35939,REF35939,,,shop@okicici,Salary Transfer,Mobikwik,Pending Settlement
INSURANCE PREMIUM SBI LIFE REF:408904996835,INSURANCE PREMIUM SBI LIFE REF:408904996835,75000,75000,2026-11-27,2026-11-27,REF65914,REF65914,CHQ2930,CHQ2930,pay@oksbi,EMI Payment,PhonePe,Matched
NEFT/360457589923/LATA MISHRA/P2M,NEFT/360457589923/LATA MISHRA/P2M,1499,1499,2026-06-05,2026-10-16,REF68797,REF68797,CHQ3342,CHQ3342,user@federal,Rent Payment,Cred,Matched
EMI PAYMENT KOTAK REF:204504637944,EMI PAYMENT KOTAK REF:204504637944,10000,10000,2026-05-13,2026-05-13,REF69324,REF69324,,,user@axl,Subscription,AmazonPay,Duplicate
IMPS/957494963295/MOHAN LAL/P2P,IMPS/957494963295/MOHAN LAL/P2P,1300,1300,2026-09-15,2026-09-15,REF68198,REF68198,CHQ2049,CHQ2049,bill@paytm,P2M,BHIM,Matched
INSURANCE PREMIUM LIC REF:521348289185,INSURANCE PREMIUM LIC REF:521348289185,999,999,2026-06-11,2026-06-11,REF65500,REF65500,,,store@okaxis,P2M,Cred,Matched
EMI PAYMENT SBI REF:929608345889,EMI PAYMENT SBI REF:929608345889,3999,3999.1,2026-07-01,2026-07-01,REF22520,REF22520,CHQ4932,CHQ4932,bill@paytm,P2M,AmazonPay,Partial Match
UPI/DR/690915951214/LATA MISHRA/Salary Transfer,UPI/DR/690915951214/LATA MISHRA/Salary Transfer,499,494.0,2026-02-05,2026-02-05,REF57989,REF17891,CHQ1683,CHQ1683,user@oksbi,P2M,GPay,Partial Match
UPI P2P ARUN NAIR 972727289637,,650,0,2026-11-07,2026-11-07,REF34122,REF37051,CHQ9240,,shop@okicici,Insurance Premium,BHIM,Unmatched
BILL PAYMENT ELECTRICITY REF:988286552857,UPI PENDING SETTLEMENT 577172563957,4999,4999,2026-12-03,2026-03-03,REF82790,REF82790,,,user@apl,Rent Payment,Cred,Pending Settlement
EMI PAYMENT SBI REF:837854930762,EMI PAYMENT SBI REF:837854930762,950,950,2026-02-05,2026-02-05,REF34442,REF66267,,,store@okaxis,P2M,Paytm,Matched
UPI P2P MOHAN LAL 475369447823,UPI P2P MOHAN LAL 475369447823,500,500,2026-06-23,2026-06-23,REF70635,REF70635,,,pay@oksbi,Mobile Recharge,AmazonPay,Matched
GPay UPI TRANSFER GEETA AGRAWAL REF:719019924112,GPay UPI TRANSFER GEETA AGRAWAL REF:719019924112,1200,1200,2026-02-21,2026-02-21,REF77178,REF77178,,,rent@upi,Rent Payment,Paytm,Matched
RECEIVED FROM ARUN NAIR VIA GPay,RECEIVED FROM ARUN NAIR VIA GPay,1300,1300.05,2026-07-16,2026-07-16,REF75628,REF75628,CHQ3433,CHQ3433,merchant@ccavenue,Merchant Payment,BHIM,Partial Match
UPI/GPay/483206466244/KIRAN SINGH/Bill Payment,UPI/GPay/483206466244/KIRAN SINGH/Bill Payment,999,999,2026-06-03,2026-06-03,REF96239,REF96239,,,rent@upi,EMI Payment,PhonePe,Matched
RECEIVED FROM MOHAN LAL VIA Cred,,3999,0,2026-05-07,2026-05-07,REF34700,,,,xyz456@ybl,Mobile Recharge,PhonePe,Unmatched
UPI/CR/419122735359/PRIYA PATEL/Merchant Payment,UPI/CR/419122735359/PRIYA PATEL/Merchant Payment,499,499,2026-03-16,2026-04-22,REF75768,REF75768,,,shop@okicici,Mobile Recharge,AmazonPay,Matched
Mobikwik UPI TRANSFER ARUN NAIR REF:898295624645,Mobikwik UPI TRANSFER ARUN NAIR REF:898295624645,1100,1100,2026-03-05,2026-03-05,REF17339,REF17339,CHQ4471,CHQ4471,xyz456@ybl,Subscription,GPay,Matched
PAYMENT TO BIGBASKET VIA Paytm,PAYMENT TO BIGBASKET VIA Paytm,200,200,2026-06-26,2026-06-26,REF42296,REF92853,,,user@okhdfcbank,Subscription,AmazonPay,Matched
INSURANCE PREMIUM BAJAJ ALLIANZ REF:795541499789,INSURANCE PREMIUM BAJAJ ALLIANZ REF:795541499789,7500,7500,2026-01-23,2026-01-23,REF55995,REF27815,,,xyz456@ybl,Bill Payment,AmazonPay,Matched
PAYMENT TO RELIANCE RETAIL VIA GPay,,2000,0,2026-11-26,2026-05-03,REF59066,,,,abc123@paytm,Insurance Premium,Paytm,Unmatched
RECEIVED FROM RAVI TEJA VIA GPay,UPI PENDING SETTLEMENT 685172782648,350,350,2026-04-14,2026-08-10,REF25951,REF25951,CHQ1957,CHQ1957,user@ibl,Mobile Recharge,Paytm,Pending Settlement
BILL PAYMENT ELECTRICITY REF:132702172330,UPI PENDING SETTLEMENT 171139558154,1750,1750,2026-10-23,2026-05-19,REF60573,REF60573,,,user@okhdfcbank,Salary Transfer,GPay,Pending Settlement
PAYMENT TO DMART VIA BHIM,UPI REVERSAL 887911627903,999,-999,2026-05-16,2026-05-16,REF17270,REF13317,CHQ8298,CHQ8298,merchant@razorpay,EMI Payment,Cred,UPI Reversed
SUBSCRIPTION NETFLIX REF:780248746539,SUBSCRIPTION NETFLIX REF:780248746539,100000,100000,2026-04-02,2026-04-02,REF35498,REF82200,CHQ3825,CHQ3825,user@ibl,P2P,Mobikwik,Matched
RECEIVED FROM NEHA CHOPRA VIA PhonePe,RECEIVED FROM NEHA CHOPRA VIA PhonePe,10000,10000,2026-12-27,2026-12-27,REF97914,REF97914,CHQ7872,CHQ7872,merchant@payu,Mobile Recharge,Mobikwik,Duplicate
PAYMENT TO SBI VIA Paytm,,20000,0,2026-05-06,2026-05-06,REF64807,,CHQ3427,,user@axl,P2P,AmazonPay,Unmatched
RECEIVED FROM MOHAN LAL VIA Mobikwik,RECEIVED FROM MOHAN LAL VIA Mobikwik,25000,25000,2026-05-27,2026-05-27,REF13923,REF13923,,,merchant@razorpay,EMI Payment,Cred,Matched
UPI/DR/894783042658/MOHAN LAL/P2M,UPI/DR/894783042658/MOHAN LAL/P2M,1999,1999,2026-01-20,2026-08-21,REF90125,REF90125,CHQ6630,CHQ6630,merchant@payu,Subscription,AmazonPay,Matched
SUBSCRIPTION APPLE ICLOUD REF:417938398408,SUBSCRIPTION APPLE ICLOUD REF:417938398408,1100,1100,2026-04-12,2026-04-12,REF21109,REF21109,,,user@ybl,Rent Payment,Mobikwik,Matched
RECEIVED FROM RAJESH YADAV VIA PhonePe,RECEIVED FROM RAJESH YADAV VIA PhonePe,1750,1750,2026-11-20,2026-11-20,REF49934,REF49934,,,user@apl,Merchant Payment,BHIM,Matched
IMPS/759094501666/RAHUL SHARMA/P2P,UPI PENDING SETTLEMENT 545833738057,550,550,2026-03-18,2026-05-28,REF95261,REF95261,CHQ3784,CHQ3784,user@oksbi,Merchant Payment,Mobikwik,Pending Settlement
IMPS/924697634435/MOHAN LAL/Subscription,IMPS/924697634435/MOHAN LAL/Subscription,2000,2000,2026-03-24,2026-03-24,REF17483,REF17483,CHQ8907,CHQ8907,user@ibl,Merchant Payment,Paytm,Matched
RECEIVED FROM RAVI TEJA VIA AmazonPay,RECEIVED FROM RAVI TEJA VIA AmazonPay,4999,4999,2026-12-05,2026-12-05,REF32639,REF32639,,,bill@paytm,Mobile Recharge,Cred,Matched
EMI PAYMENT ICICI REF:385265145396,,100000,0,2026-07-04,2026-07-04,REF82553,,,,user@axl,EMI Payment,Mobikwik,Unmatched
IMPS/660067509865/LATA MISHRA/Bill Payment,IMPS/660067509865/LATA MISHRA/Bill Payment,50000,50000,2026-12-01,2026-12-01,REF81224,REF81224,CHQ4196,CHQ4196,abc123@paytm,Insurance Premium,Paytm,Matched
RECHARGE JIO REF:855900316892,RECHARGE JIO REF:855900316892,19999,19999,2026-05-25,2026-05-25,REF58053,REF58053,,,merchant@razorpay,Merchant Payment,Paytm,Matched
NEFT/406679650251/AMIT KUMAR/Merchant Payment,NEFT/406679650251/AMIT KUMAR/Merchant Payment,14999,14999,2026-04-06,2026-08-28,REF80582,REF80582,CHQ9415,CHQ9415,user@okhdfcbank,EMI Payment,Mobikwik,Matched
RECHARGE AIRTEL REF:220414812008,RECHARGE AIRTEL REF:220414812008,2000,2001.0,2026-08-10,2026-08-10,REF68776,REF68776,,,user@oksbi,EMI Payment,PhonePe,Partial Match
INSURANCE PREMIUM ICICI PRUDENTIAL REF:925683587733,UPI REVERSAL 400027314376,1200,-1200,2026-08-12,2026-08-12,REF32253,REF33872,,,bill@paytm,Merchant Payment,BHIM,UPI Reversed
UPI/DR/259566008402/PRIYA PATEL/Mobile Recharge,UPI/DR/259566008402/PRIYA PATEL/Mobile Recharge,15000,14999.5,2026-05-21,2026-05-21,REF90764,REF77965,CHQ1687,CHQ1687,user@federal,P2M,AmazonPay,Partial Match
BILL PAYMENT GAS REF:280733682972,UPI PENDING SETTLEMENT 152407309429,1500,1500,2026-06-08,2026-03-26,REF84459,REF84459,CHQ9499,CHQ9499,pay@oksbi,Salary Transfer,BHIM,Pending Settlement
EMI PAYMENT HDFC REF:322930256383,EMI PAYMENT HDFC REF:322930256383,499,499,2026-01-08,2026-01-08,REF57776,REF57776,,,salary@bank,Salary Transfer,AmazonPay,Matched
GPay UPI TRANSFER LATA MISHRA REF:977879378845,GPay UPI TRANSFER LATA MISHRA REF:977879378845,1499,1499,2026-06-23,2026-06-23,REF33765,REF33765,,,merchant@ccavenue,Merchant Payment,Cred,Matched
PAYMENT TO JIO VIA AmazonPay,UPI REVERSAL 618991904690,1200,-1200,2026-02-02,2026-03-23,REF91876,REF91876,,,salary@bank,EMI Payment,BHIM,UPI Reversed
SUBSCRIPTION NETFLIX REF:320720962164,UPI PENDING SETTLEMENT 741800142533,999,999,2026-10-28,2026-09-18,REF33966,REF33966,,,user@okhdfcbank,Mobile Recharge,Cred,Pending Settlement
Mobikwik UPI TRANSFER ANITA DEVI REF:406821837507,UPI FAILED 330948903739,14999,0,2026-05-08,2026-01-09,REF44480,REF44480,CHQ4688,CHQ4688,rent@upi,Salary Transfer,GPay,UPI Failed
EMI PAYMENT ICICI REF:753451769249,,100,0,2026-11-09,2026-11-09,REF98884,,,,merchant@ccavenue,P2M,PhonePe,Unmatched
RECHARGE AIRTEL REF:742974574883,RECHARGE AIRTEL REF:742974574883,2500,2500,2026-09-15,2026-09-15,REF12686,REF12686,,,user@federal,Salary Transfer,AmazonPay,Matched
UPI P2M SWIGGY 405407162717,UPI PENDING SETTLEMENT 520767677827,999,999,2026-07-23,2026-12-22,REF74666,REF74666,,,merchant@ccavenue,Bill Payment,GPay,Pending Settlement
BILL PAYMENT INTERNET REF:320113116892,UPI FAILED 228377983532,2000,0,2026-09-06,2026-09-06,REF17801,REF17801,,,user@ybl,Subscription,BHIM,UPI Failed
UPI/Cred/886492290660/PRIYA PATEL/Merchant Payment,UPI/Cred/886492290660/PRIYA PATEL/Merchant Payment,25000,25000,2026-05-20,2026-05-20,REF88733,REF88733,CHQ7446,CHQ7446,user@federal,Merchant Payment,PhonePe,Matched
UPI/DR/371886744243/RAVI TEJA/P2M,,75000,0,2026-05-27,2026-05-27,REF57584,,,,rent@upi,P2P,Mobikwik,Unmatched
BILL PAYMENT GAS REF:149458343403,BILL PAYMENT GAS REF:149458343403,1000,1000,2026-06-18,2026-06-18,REF87445,REF87445,,,user@axl,Merchant Payment,AmazonPay,Matched
PAYMENT TO SWIGGY VIA BHIM,PAYMENT TO SWIGGY VIA BHIM,450,450,2026-01-20,2026-10-03,REF94821,REF94821,,,abc123@paytm,Insurance Premium,AmazonPay,Matched
UPI P2M HDFC LIFE 455881127425,UPI P2M HDFC LIFE 455881127425,650,655.0,2026-12-13,2026-12-13,REF96889,REF96889,CHQ9020,CHQ9020,bill@paytm,EMI Payment,PhonePe,Partial Match
UPI/DR/320428429929/RAJESH YADAV/EMI Payment,UPI/DR/320428429929/RAJESH YADAV/EMI Payment,999,999,2026-09-04,2026-09-04,REF56013,REF56013,,,abc123@paytm,P2P,Mobikwik,Duplicate
EMI PAYMENT ICICI REF:781181404829,EMI PAYMENT ICICI REF:781181404829,499,499,2026-04-12,2026-04-12,REF81305,REF81305,,,user@ybl,EMI Payment,Mobikwik,Matched
UPI P2M AMAZON 218398969074,,1999,0,2026-04-16,2026-04-16,REF89694,,,,merchant@ccavenue,Subscription,Mobikwik,Unmatched
PAYMENT TO HDFC LIFE VIA AmazonPay,PAYMENT TO HDFC LIFE VIA AmazonPay,2500,2500,2026-06-20,2026-06-20,REF76306,REF76306,,,salary@bank,Merchant Payment,PhonePe,Matched
BHIM UPI TRANSFER PRIYA PATEL REF:942425341800,BHIM UPI TRANSFER PRIYA PATEL REF:942425341800,250,249.99,2026-07-15,2026-07-15,REF78568,REF78568,,,xyz456@ybl,Rent Payment,BHIM,Partial Match
INSURANCE PREMIUM LIC REF:606543269312,UPI REVERSAL 497894272033,19999,-19999,2026-01-15,2026-01-15,REF58885,REF72443,,,shop@okicici,Subscription,GPay,UPI Reversed
RECHARGE AIRTEL REF:141079775941,,100000,0,2026-12-19,2026-12-19,REF15077,,,,merchant@payu,Subscription,Mobikwik,Unmatched
UPI/DR/721158255977/AMIT KUMAR/Mobile Recharge,UPI/DR/721158255977/AMIT KUMAR/Mobile Recharge,10000,10000,2026-06-21,2026-06-21,REF24211,REF24211,,,merchant@razorpay,Insurance Premium,Cred,Matched
UPI P2M BIGBASKET 205432734971,UPI P2M BIGBASKET 205432734971,2250,2249.0,2026-02-27,2026-02-27,REF45120,REF49051,,,user@oksbi,P2M,PhonePe,Partial Match
UPI/CR/351101896929/KIRAN SINGH/Merchant Payment,UPI/CR/351101896929/KIRAN SINGH/Merchant Payment,7500,7500,2026-02-24,2026-02-24,REF36518,REF36518,,,shop@okicici,P2P,Paytm,Matched
Cred UPI TRANSFER KAVITA REDDY REF:641531457589,UPI PENDING SETTLEMENT 398152911213,550,550,2026-09-05,2026-08-02,REF40368,REF66180,,,shop@okicici,Rent Payment,GPay,Pending Settlement
PAYMENT TO AXIS BANK VIA Paytm,UPI PENDING SETTLEMENT 148296333379,15000,15000,2026-06-23,2026-06-07,REF45872,REF45872,CHQ6332,CHQ6332,pay@oksbi,Insurance Premium,PhonePe,Pending Settlement
SUBSCRIPTION APPLE ICLOUD REF:806926993525,SUBSCRIPTION APPLE ICLOUD REF:806926993525,750,750,2026-03-27,2026-03-27,REF62771,REF62771,CHQ4707,CHQ4707,shop@okicici,Salary Transfer,Mobikwik,Matched
EMI PAYMENT ICICI REF:831246538331,UPI REVERSAL 993604083730,1999,-1999,2026-05-23,2026-06-07,REF14157,REF39018,,,merchant@razorpay,Mobile Recharge,Mobikwik,UPI Reversed
PAYMENT TO SPOTIFY VIA GPay,PAYMENT TO SPOTIFY VIA GPay,1499,1499,2026-07-13,2026-07-13,REF69568,REF69568,,,shop@okicici,Rent Payment,Cred,Matched
PAYMENT TO RELIANCE RETAIL VIA GPay,UPI PENDING SETTLEMENT 261050151170,499,499,2026-08-06,2026-04-06,REF31187,REF31187,,,salary@bank,P2P,BHIM,Pending Settlement
SUBSCRIPTION AMAZON PRIME REF:681677503266,SUBSCRIPTION AMAZON PRIME REF:681677503266,25000,25000,2026-08-13,2026-08-13,REF89166,REF89166,,,shop@okicici,Salary Transfer,PhonePe,Matched
UPI/DR/811294796168/NEHA CHOPRA/Mobile Recharge,UPI/DR/811294796168/NEHA CHOPRA/Mobile Recharge,14999,14999,2026-07-18,2026-07-18,REF73631,REF73631,CHQ1843,CHQ1843,user@oksbi,Subscription,Mobikwik,Duplicate
UPI/PhonePe/281087537981/PRIYA PATEL/Subscription,UPI/PhonePe/281087537981/PRIYA PATEL/Subscription,10000,10000,2026-05-08,2026-05-08,REF33650,REF33650,,,user@ibl,Subscription,GPay,Duplicate
UPI/CR/507471817731/SNEHA SINGH/Insurance Premium,UPI/CR/507471817731/SNEHA SINGH/Insurance Premium,15000,15000,2026-01-19,2026-01-19,REF77469,REF77469,CHQ8144,CHQ8144,user@okhdfcbank,Subscription,Paytm,Matched
PAYMENT TO HDFC BANK VIA Mobikwik,PAYMENT TO HDFC BANK VIA Mobikwik,75000,75000,2026-06-06,2026-06-06,REF31987,REF97408,,,user@ybl,Salary Transfer,Mobikwik,Matched
UPI P2P KAVITA REDDY 335680588302,UPI P2P KAVITA REDDY 335680588302,1500,1500,2026-08-14,2026-08-14,REF83975,REF83975,,,pay@oksbi,P2P,GPay,Matched
UPI P2P ANITA DEVI 566058824316,UPI P2P ANITA DEVI 566058824316,7500,7501.0,2026-09-01,2026-09-01,REF72499,REF72499,CHQ7704,CHQ7704,user@ybl,Subscription,Paytm,Partial Match
BILL PAYMENT MOBILE REF:717512171339,BILL PAYMENT MOBILE REF:717512171339,850,850,2026-12-08,2026-12-08,REF80900,REF80900,CHQ9264,CHQ9264,user@federal,Merchant Payment,BHIM,Matched
IMPS/368978868543/RAVI TEJA/Subscription,IMPS/368978868543/RAVI TEJA/Subscription,150,150,2026-06-10,2026-06-10,REF28684,REF28684,,,salary@bank,Merchant Payment,Mobikwik,Matched
INSURANCE PREMIUM ICICI PRUDENTIAL REF:984476938553,UPI REVERSAL 486964154362,2500,-2500,2026-05-01,2026-05-01,REF82617,REF82617,,,merchant@ccavenue,Salary Transfer,PhonePe,UPI Reversed
UPI/DR/827434694244/RAJESH YADAV/Salary Transfer,UPI/DR/827434694244/RAJESH YADAV/Salary Transfer,1200,1200,2026-07-05,2026-07-05,REF69730,REF47932,,,merchant@razorpay,Salary Transfer,GPay,Matched
RECHARGE JIO REF:737908349413,RECHARGE JIO REF:737908349413,950,950,2026-08-06,2026-08-06,REF59269,REF59269,,,merchant@payu,Bill Payment,Mobikwik,Matched
UPI/DR/148674839745/RAVI TEJA/Mobile Recharge,UPI/DR/148674839745/RAVI TEJA/Mobile Recharge,850,849.0,2026-09-07,2026-09-07,REF54545,REF54545,,,abc123@paytm,Salary Transfer,PhonePe,Partial Match
RECHARGE AIRTEL REF:539642641513,,450,0,2026-06-21,2026-06-21,REF65810,,,,merchant@razorpay,Insurance Premium,Mobikwik,Unmatched
PAYMENT TO SWIGGY VIA PhonePe,UPI PENDING SETTLEMENT 768862236287,25000,25000,2026-03-26,2026-08-28,REF50853,REF50853,,,user@ibl,Rent Payment,Paytm,Pending Settlement
UPI/DR/116719260034/MOHAN LAL/Merchant Payment,UPI FAILED 291256990132,150,0,2026-07-23,2026-02-21,REF66189,REF66189,,,xyz456@ybl,Mobile Recharge,Cred,UPI Failed
RECHARGE AIRTEL REF:464379741029,RECHARGE AIRTEL REF:464379741029,1300,1300,2026-12-12,2026-07-06,REF21702,REF21702,,,rent@upi,Rent Payment,Paytm,Matched
UPI P2P AMIT KUMAR 344777818928,UPI P2P AMIT KUMAR 344777818928,1300,1300,2026-12-16,2026-12-16,REF80940,REF80940,,,merchant@ccavenue,Rent Payment,Paytm,Duplicate
UPI/DR/856889540443/ARUN KUMAR/Mobile Recharge,UPI/DR/856889540443/ARUN KUMAR/Mobile Recharge,350,351.0,2026-10-02,2026-10-02,REF63225,REF26512,,,abc123@paytm,Bill Payment,Cred,Partial Match
IMPS/630045767194/MEERA JOSHI/Salary Transfer,IMPS/630045767194/MEERA JOSHI/Salary Transfer,650,650,2026-11-17,2026-11-17,REF24131,REF24131,,,user@axl,Salary Transfer,Cred,Matched
SUBSCRIPTION AMAZON PRIME REF:701948447392,UPI REVERSAL 164758441089,20000,-20000,2026-06-18,2026-06-18,REF39677,REF39677,,,shop@okicici,Insurance Premium,AmazonPay,UPI Reversed
PAYMENT TO CROMA VIA GPay,,1500,0,2026-01-10,2026-07-08,REF83657,,CHQ7830,,store@okaxis,Subscription,BHIM,Unmatched
NEFT/868427506913/PRIYA PATEL/Salary Transfer,NEFT/868427506913/PRIYA PATEL/Salary Transfer,10000,10000,2026-11-22,2026-11-22,REF23284,REF23284,,,shop@okicici,Salary Transfer,Cred,Matched
IMPS/877762153499/MOHAN LAL/Insurance Premium,UPI FAILED 639121427523,1499,0,2026-07-24,2026-07-24,REF29051,REF29051,CHQ2532,CHQ2532,user@paytm,Subscription,Mobikwik,UPI Failed
UPI/DR/266260079077/VIKAS GUPTA/Merchant Payment,UPI/DR/266260079077/VIKAS GUPTA/Merchant Payment,450,450,2026-10-25,2026-10-25,REF71622,REF95952,,,user@oksbi,EMI Payment,Cred,Matched
INSURANCE PREMIUM SBI LIFE REF:307057495464,INSURANCE PREMIUM SBI LIFE REF:307057495464,499,499,2026-08-22,2026-05-26,REF99695,REF71477,CHQ5188,CHQ5188,shop@okicici,Insurance Premium,PhonePe,Matched
Mobikwik UPI TRANSFER PRIYA PATEL REF:896347671890,Mobikwik UPI TRANSFER PRIYA PATEL REF:896347671890,19999,19998.99,2026-12-16,2026-09-02,REF99703,REF99703,,,user@axl,Mobile Recharge,PhonePe,Partial Match
INSURANCE PREMIUM ICICI PRUDENTIAL REF:517119730979,INSURANCE PREMIUM ICICI PRUDENTIAL REF:517119730979,75000,75000,2026-06-16,2026-06-16,REF55517,REF39609,,,bill@paytm,Merchant Payment,Cred,Matched
PAYMENT TO BSNL VIA Paytm,PAYMENT TO BSNL VIA Paytm,50000,50000,2026-09-19,2026-09-19,REF16688,REF88007,CHQ1326,CHQ1326,merchant@ccavenue,Rent Payment,BHIM,Matched
UPI P2M DMART 824454190878,UPI P2M DMART 824454190878,19999,19999.05,2026-04-19,2026-04-19,REF89965,REF89965,,,user@ibl,EMI Payment,Paytm,Partial Match
SUBSCRIPTION GOOGLE ONE REF:481924088385,UPI PENDING SETTLEMENT 583920743752,5000,5000,2026-03-27,2026-08-08,REF87596,REF87596,,,shop@okicici,EMI Payment,Paytm,Pending Settlement
EMI PAYMENT SBI REF:904472907543,EMI PAYMENT SBI REF:904472907543,20000,20000,2026-09-02,2026-02-24,REF94024,REF94024,,,merchant@payu,P2P,PhonePe,Matched
UPI/DR/178000502786/MEERA JOSHI/P2P,,999,0,2026-10-25,2026-10-25,REF29742,,,,user@ybl,Rent Payment,GPay,Unmatched
BILL PAYMENT MOBILE REF:487955335377,BILL PAYMENT MOBILE REF:487955335377,999,998.99,2026-12-24,2026-12-24,REF57300,REF57300,,,salary@bank,Merchant Payment,GPay,Partial Match
BHIM UPI TRANSFER ANITA DEVI REF:991719862798,UPI REVERSAL 139503742091,2500,-2500,2026-06-28,2026-07-10,REF84020,REF84020,,,shop@okicici,Salary Transfer,BHIM,UPI Reversed
NEFT/309800223853/MEERA JOSHI/Salary Transfer,NEFT/309800223853/MEERA JOSHI/Salary Transfer,4999,4999,2026-06-19,2026-06-19,REF58533,REF58533,CHQ3557,CHQ3557,merchant@razorpay,Merchant Payment,Cred,Matched
NEFT/293406717229/KIRAN SINGH/Insurance Premium,NEFT/293406717229/KIRAN SINGH/Insurance Premium,9999,10004.0,2026-10-11,2026-10-11,REF38882,REF38882,,,xyz456@ybl,Insurance Premium,BHIM,Partial Match
UPI/CR/339953817910/AMIT KUMAR/Salary Transfer,UPI REVERSAL 926602308229,19999,-19999,2026-04-11,2026-04-11,REF66393,REF66393,CHQ9418,CHQ9418,user@okhdfcbank,Merchant Payment,AmazonPay,UPI Reversed
IMPS/417900640235/AMIT KUMAR/Bill Payment,UPI REVERSAL 730414254610,550,-550,2026-01-02,2026-01-02,REF25266,REF28111,,,shop@okicici,Subscription,Cred,UPI Reversed
UPI/CR/626247270894/VIKAS GUPTA/Rent Payment,UPI PENDING SETTLEMENT 459764586293,19999,19999,2026-11-25,2026-12-20,REF16080,REF92662,,,rent@upi,Mobile Recharge,PhonePe,Pending Settlement
BILL PAYMENT LANDLINE REF:762980820280,UPI PENDING SETTLEMENT 621610761471,750,750,2026-02-09,2026-03-27,REF67228,REF81558,,,store@okaxis,Salary Transfer,Mobikwik,Pending Settlement
EMI PAYMENT KOTAK REF:448738526541,EMI PAYMENT KOTAK REF:448738526541,1200,1200,2026-07-09,2026-07-09,REF26024,REF13562,,,xyz456@ybl,Bill Payment,Mobikwik,Matched
EMI PAYMENT HDFC REF:698374877321,EMI PAYMENT HDFC REF:698374877321,15000,15000,2026-10-20,2026-10-20,REF81888,REF81888,CHQ9909,CHQ9909,merchant@payu,P2M,Paytm,Duplicate
UPI P2P ANITA DEVI 425802783472,UPI PENDING SETTLEMENT 604773137823,1000,1000,2026-10-03,2026-06-18,REF87858,REF87858,CHQ8357,CHQ8357,merchant@ccavenue,EMI Payment,Cred,Pending Settlement
IMPS/525946662448/RAHUL SHARMA/P2P,,450,0,2026-12-04,2026-12-04,REF17425,,CHQ2793,,user@paytm,P2P,Mobikwik,Unmatched
BILL PAYMENT MOBILE REF:584918515155,BILL PAYMENT MOBILE REF:584918515155,1999,1999,2026-09-07,2026-09-08,REF28075,REF28075,,,pay@oksbi,Mobile Recharge,BHIM,Matched
UPI/AmazonPay/606910884949/RAJESH YADAV/Insurance Premium,UPI/AmazonPay/606910884949/RAJESH YADAV/Insurance Premium,5000,5000,2026-09-07,2026-09-07,REF67573,REF67573,,,xyz456@ybl,Subscription,PhonePe,Matched
UPI P2M SPOTIFY 908466296469,UPI REVERSAL 854011795021,9999,-9999,2026-02-12,2026-02-12,REF91720,REF91720,CHQ2630,CHQ2630,rent@upi,Rent Payment,BHIM,UPI Reversed
UPI P2P AMIT KUMAR 505318097076,UPI PENDING SETTLEMENT 785140370947,850,850,2026-07-16,2026-10-14,REF87842,REF87842,,,pay@oksbi,EMI Payment,Cred,Pending Settlement
EMI PAYMENT AXIS REF:839991384014,UPI PENDING SETTLEMENT 482281999151,1999,1999,2026-08-13,2026-08-01,REF20759,REF20759,CHQ8884,CHQ8884,salary@bank,P2M,PhonePe,Pending Settlement
IMPS/434182274290/GEETA AGRAWAL/Bill Payment,IMPS/434182274290/GEETA AGRAWAL/Bill Payment,150,150,2026-02-17,2026-02-17,REF29944,REF29944,,,merchant@razorpay,P2P,Mobikwik,Matched
Cred UPI TRANSFER SURESH PANDIT REF:104096085756,Cred UPI TRANSFER SURESH PANDIT REF:104096085756,100,100,2026-10-20,2026-10-20,REF58289,REF58289,,,user@paytm,P2M,Mobikwik,Matched
UPI P2P LATA MISHRA 388029875777,UPI P2P LATA MISHRA 388029875777,75000,75000,2026-08-20,2026-08-20,REF90653,REF90653,,,merchant@razorpay,Bill Payment,Paytm,Matched
Mobikwik UPI TRANSFER PRIYA PATEL REF:310968924730,Mobikwik UPI TRANSFER PRIYA PATEL REF:310968924730,1100,1100,2026-08-08,2026-08-08,REF38096,REF38096,CHQ1678,CHQ1678,salary@bank,Subscription,PhonePe,Matched
AmazonPay UPI TRANSFER PRIYA PATEL REF:821527187418,AmazonPay UPI TRANSFER PRIYA PATEL REF:821527187418,650,650,2026-04-19,2026-04-19,REF36269,REF36269,CHQ9228,CHQ9228,xyz456@ybl,P2P,Paytm,Matched
RECEIVED FROM KIRAN SINGH VIA GPay,RECEIVED FROM KIRAN SINGH VIA GPay,1500,1505.0,2026-02-08,2026-02-08,REF56219,REF56219,CHQ3004,CHQ3004,abc123@paytm,Insurance Premium,GPay,Partial Match
EMI PAYMENT HDFC REF:421956510086,UPI PENDING SETTLEMENT 365662631069,1200,1200,2026-07-19,2026-04-26,REF39685,REF39685,,,salary@bank,P2P,BHIM,Pending Settlement
UPI P2M BIGBASKET 812524912757,UPI P2M BIGBASKET 812524912757,2250,2250,2026-09-28,2026-09-28,REF23495,REF23495,,,abc123@paytm,Rent Payment,GPay,Matched
BILL PAYMENT GAS REF:148434193354,BILL PAYMENT GAS REF:148434193354,850,850,2026-10-22,2026-10-22,REF23706,REF23706,CHQ2891,CHQ2891,user@federal,Merchant Payment,Cred,Matched
EMI PAYMENT SBI REF:856327434015,UPI FAILED 874182492405,10000,0,2026-06-14,2026-06-14,REF94521,REF94521,,,abc123@paytm,Rent Payment,BHIM,UPI Failed
RECHARGE AIRTEL REF:377054222434,RECHARGE AIRTEL REF:377054222434,19999,19999,2026-03-10,2026-09-02,REF36936,REF36936,CHQ8941,CHQ8941,user@ybl,Subscription,BHIM,Matched
PAYMENT TO RELIANCE RETAIL VIA GPay,PAYMENT TO RELIANCE RETAIL VIA GPay,350,350,2026-07-20,2026-07-20,REF14121,REF14121,CHQ2947,CHQ2947,user@ibl,EMI Payment,Paytm,Matched
UPI/CR/296324709369/AMIT KUMAR/Rent Payment,UPI/CR/296324709369/AMIT KUMAR/Rent Payment,200,200,2026-11-06,2026-11-06,REF28742,REF28742,,,user@oksbi,Subscription,AmazonPay,Matched
IMPS/503450562237/KIRAN SINGH/Merchant Payment,IMPS/503450562237/KIRAN SINGH/Merchant Payment,50000,50000,2026-01-24,2026-01-24,REF13639,REF13639,,,user@oksbi,Merchant Payment,GPay,Matched
PAYMENT TO AMAZON VIA PhonePe,,25000,0,2026-12-14,2026-12-14,REF35818,,CHQ1343,,user@apl,Bill Payment,GPay,Unmatched
RECEIVED FROM SURESH PANDIT VIA PhonePe,UPI REVERSAL 605539115171,1200,-1200,2026-04-10,2026-04-10,REF25752,REF25752,CHQ3690,CHQ3690,store@okaxis,Mobile Recharge,Mobikwik,UPI Reversed
UPI/AmazonPay/496382535579/AMIT KUMAR/Insurance Premium,UPI/AmazonPay/496382535579/AMIT KUMAR/Insurance Premium,19999,19999,2026-07-10,2026-07-10,REF36092,REF36092,,,user@okhdfcbank,Mobile Recharge,Paytm,Matched
Paytm UPI TRANSFER RAVI TEJA REF:444334899222,Paytm UPI TRANSFER RAVI TEJA REF:444334899222,1999,1999,2026-11-16,2026-11-16,REF16096,REF16096,,,merchant@payu,Insurance Premium,Paytm,Matched
UPI P2P GEETA AGRAWAL 446012313713,UPI P2P GEETA AGRAWAL 446012313713,2250,2250,2026-01-21,2026-01-21,REF79125,REF44491,CHQ8305,CHQ8305,user@federal,Merchant Payment,AmazonPay,Matched
IMPS/699938971416/ANITA DEVI/Subscription,IMPS/699938971416/ANITA DEVI/Subscription,15000,15000,2026-09-08,2026-09-08,REF41182,REF41182,,,user@ibl,Mobile Recharge,Cred,Matched
RECHARGE VI REF:836845089043,RECHARGE VI REF:836845089043,1999,1999,2026-01-15,2026-01-15,REF21994,REF65327,,,merchant@ccavenue,Merchant Payment,GPay,Matched
UPI/DR/227086273128/SNEHA SINGH/Subscription,,150,0,2026-09-22,2026-09-22,REF77254,,,,user@okhdfcbank,Mobile Recharge,BHIM,Unmatched
UPI P2P KIRAN SINGH 166331842872,UPI P2P KIRAN SINGH 166331842872,250,250,2026-03-23,2026-03-23,REF58645,REF58645,CHQ9455,CHQ9455,merchant@payu,EMI Payment,GPay,Matched
UPI/CR/998266483460/ARUN NAIR/Insurance Premium,UPI PENDING SETTLEMENT 314733376407,19999,19999,2026-12-20,2026-01-12,REF83665,REF83665,,,merchant@payu,Rent Payment,PhonePe,Pending Settlement
UPI P2M CROMA 369388827626,UPI P2M CROMA 369388827626,750,750,2026-05-28,2026-05-28,REF73051,REF73051,,,merchant@payu,P2P,GPay,Matched
UPI/CR/305203584171/LATA MISHRA/Salary Transfer,UPI/CR/305203584171/LATA MISHRA/Salary Transfer,2000,2000,2026-12-09,2026-12-09,REF30365,REF30365,,,xyz456@ybl,Bill Payment,PhonePe,Matched
INSURANCE PREMIUM STAR HEALTH REF:671223996933,INSURANCE PREMIUM STAR HEALTH REF:671223996933,3000,3000,2026-02-18,2026-02-18,REF38918,REF38918,CHQ4330,CHQ4330,store@okaxis,Bill Payment,GPay,Matched
SUBSCRIPTION AMAZON PRIME REF:715012785427,SUBSCRIPTION AMAZON PRIME REF:715012785427,2250,2250,2026-01-22,2026-01-22,REF32064,REF32064,,,user@oksbi,P2P,GPay,Matched
EMI PAYMENT SBI REF:702758924720,UPI REVERSAL 114422438208,950,-950,2026-09-02,2026-09-02,REF47317,REF47317,CHQ9925,CHQ9925,abc123@paytm,Bill Payment,BHIM,UPI Reversed
EMI PAYMENT ICICI REF:181324667343,,1200,0,2026-05-21,2026-05-21,REF18761,,CHQ9620,,user@ibl,Insurance Premium,GPay,Unmatched
IMPS/357201499581/SNEHA SINGH/Merchant Payment,,75000,0,2026-01-22,2026-01-22,REF88962,,CHQ6345,,user@ybl,Subscription,Cred,Unmatched
UPI P2P LATA MISHRA 375967314675,UPI P2P LATA MISHRA 375967314675,2250,2250,2026-11-10,2026-06-02,REF41702,REF41702,,,merchant@payu,Rent Payment,Paytm,Matched
UPI/CR/806719651363/RAVI TEJA/P2M,UPI/CR/806719651363/RAVI TEJA/P2M,7500,7499.99,2026-02-27,2026-02-27,REF23682,REF23682,,,bill@paytm,Merchant Payment,Cred,Partial Match
NEFT/846234676572/ARUN KUMAR/EMI Payment,UPI FAILED 148742860343,3000,0,2026-08-23,2026-08-23,REF27944,REF27944,,,shop@okicici,Rent Payment,Cred,UPI Failed
UPI/CR/711642974121/AMIT KUMAR/P2P,UPI/CR/711642974121/AMIT KUMAR/P2P,3000,3000,2026-01-15,2026-01-15,REF42514,REF42514,CHQ7062,CHQ7062,merchant@razorpay,Merchant Payment,AmazonPay,Matched
NEFT/507318330406/AMIT KUMAR/Salary Transfer,NEFT/507318330406/AMIT KUMAR/Salary Transfer,2250,2250,2026-02-23,2026-02-23,REF74903,REF74903,,,abc123@paytm,Subscription,Cred,Matched
UPI/CR/916924123789/KIRAN SINGH/Subscription,UPI/CR/916924123789/KIRAN SINGH/Subscription,850,850,2026-03-03,2026-07-18,REF92066,REF92066,,,user@oksbi,P2P,Mobikwik,Matched
Mobikwik UPI TRANSFER NEHA CHOPRA REF:563082068209,UPI REVERSAL 582376074080,750,-750,2026-12-03,2026-12-03,REF12704,REF12704,CHQ4745,CHQ4745,pay@oksbi,Merchant Payment,Cred,UPI Reversed
EMI PAYMENT KOTAK REF:311154323902,UPI FAILED 281460415419,9999,0,2026-09-04,2026-09-04,REF83098,REF95574,,,user@ybl,Rent Payment,Cred,UPI Failed
RECHARGE VI REF:408086044323,RECHARGE VI REF:408086044323,2250,2250,2026-03-22,2026-03-22,REF20693,REF20693,,,user@axl,Subscription,PhonePe,Matched
PAYMENT TO HDFC LIFE VIA BHIM,,10000,0,2026-02-05,2026-02-05,REF54840,REF61080,,,user@axl,Subscription,AmazonPay,Unmatched
UPI P2M AXIS BANK 379648068731,UPI P2M AXIS BANK 379648068731,100,100,2026-04-08,2026-04-08,REF10606,REF10606,,,rent@upi,Salary Transfer,PhonePe,Duplicate
EMI PAYMENT KOTAK REF:633997444393,UPI FAILED 870966246720,100000,0,2026-07-27,2026-07-27,REF99526,REF99526,,,user@oksbi,P2P,BHIM,UPI Failed
BILL PAYMENT LANDLINE REF:613404165206,BILL PAYMENT LANDLINE REF:613404165206,15000,15000,2026-03-01,2026-03-01,REF33775,REF40289,,,shop@okicici,EMI Payment,Mobikwik,Matched
NEFT/289005573964/GEETA AGRAWAL/Subscription,UPI REVERSAL 416996222461,1999,-1999,2026-09-03,2026-09-03,REF92926,REF83838,,,user@okhdfcbank,Salary Transfer,Mobikwik,UPI Reversed
EMI PAYMENT HDFC REF:473317368633,EMI PAYMENT HDFC REF:473317368633,4999,4998.9,2026-06-14,2026-06-14,REF92831,REF19781,,,user@ibl,Bill Payment,Paytm,Partial Match
RECEIVED FROM LATA MISHRA VIA Paytm,UPI FAILED 487550159084,10000,0,2026-11-27,2026-05-11,REF63540,REF63540,,,pay@oksbi,EMI Payment,PhonePe,UPI Failed
SUBSCRIPTION APPLE ICLOUD REF:953840031895,UPI REVERSAL 372834300442,100,-100,2026-05-04,2026-05-04,REF52343,REF52343,,,user@oksbi,Subscription,Paytm,UPI Reversed
UPI P2M HDFC BANK 234110224628,UPI P2M HDFC BANK 234110224628,850,849.99,2026-10-05,2026-10-05,REF86858,REF45355,,,user@paytm,Salary Transfer,PhonePe,Partial Match
BILL PAYMENT ELECTRICITY REF:671522492323,UPI FAILED 287644629146,750,0,2026-02-05,2026-02-05,REF87123,REF70902,CHQ5191,CHQ5191,user@paytm,Bill Payment,Cred,UPI Failed
INSURANCE PREMIUM SBI LIFE REF:963732253604,UPI REVERSAL 496702431611,15000,-15000,2026-05-13,2026-05-13,REF54067,REF54067,,,merchant@payu,Mobile Recharge,PhonePe,UPI Reversed
UPI/DR/212991481412/SNEHA SINGH/Mobile Recharge,UPI/DR/212991481412/SNEHA SINGH/Mobile Recharge,75000,75000.5,2026-11-28,2026-09-23,REF52729,REF52729,,,user@ibl,Mobile Recharge,Cred,Partial Match
PAYMENT TO HDFC LIFE VIA PhonePe,UPI PENDING SETTLEMENT 672385708034,3000,3000,2026-09-26,2026-04-10,REF68111,REF68111,CHQ2777,CHQ2777,user@oksbi,EMI Payment,BHIM,Pending Settlement
UPI/CR/749140639745/ANITA DEVI/Insurance Premium,UPI REVERSAL 183131099166,750,-750,2026-01-02,2026-01-02,REF69160,REF33349,,,user@oksbi,Rent Payment,GPay,UPI Reversed
IMPS/965780563707/KIRAN SINGH/Insurance Premium,IMPS/965780563707/KIRAN SINGH/Insurance Premium,7500,7500,2026-05-07,2026-04-24,REF24719,REF24719,CHQ7034,CHQ7034,abc123@paytm,Merchant Payment,BHIM,Matched
UPI/BHIM/962898255296/GEETA AGRAWAL/Subscription,UPI REVERSAL 681522095056,950,-950,2026-03-08,2026-03-08,REF34080,REF32195,CHQ2415,CHQ2415,user@oksbi,Salary Transfer,BHIM,UPI Reversed
IMPS/254088835557/PRIYA PATEL/Salary Transfer,IMPS/254088835557/PRIYA PATEL/Salary Transfer,200,200,2026-04-08,2026-04-08,REF34694,REF63419,,,rent@upi,P2M,BHIM,Matched
IMPS/282942062332/LATA MISHRA/Subscription,UPI PENDING SETTLEMENT 249390865166,2999,2999,2026-08-06,2026-10-19,REF89076,REF89076,CHQ5214,CHQ5214,xyz456@ybl,Bill Payment,Cred,Pending Settlement
Mobikwik UPI TRANSFER MEERA JOSHI REF:563123674356,Mobikwik UPI TRANSFER MEERA JOSHI REF:563123674356,1500,1499.95,2026-03-14,2026-03-14,REF76072,REF46963,,,user@okhdfcbank,Insurance Premium,GPay,Partial Match
RECHARGE VI REF:755278469903,RECHARGE VI REF:755278469903,14999,14999.5,2026-10-16,2026-10-16,REF49305,REF49305,CHQ2381,CHQ2381,user@apl,P2P,Paytm,Partial Match
Cred UPI TRANSFER GEETA AGRAWAL REF:774804513640,UPI PENDING SETTLEMENT 776672337769,4999,4999,2026-06-21,2026-01-02,REF70971,REF70971,CHQ6818,CHQ6818,rent@upi,P2P,Mobikwik,Pending Settlement
Mobikwik UPI TRANSFER NEHA CHOPRA REF:797506367854,,850,0,2026-12-18,2026-12-18,REF75900,REF28908,,,store@okaxis,Mobile Recharge,AmazonPay,Unmatched
UPI/CR/526149260650/ANITA DEVI/Insurance Premium,UPI/CR/526149260650/ANITA DEVI/Insurance Premium,850,850,2026-03-03,2026-03-03,REF84089,REF84089,CHQ9575,CHQ9575,merchant@razorpay,P2M,BHIM,Matched
UPI P2P VIKAS GUPTA 888509569603,UPI P2P VIKAS GUPTA 888509569603,2999,2998.0,2026-05-01,2026-10-25,REF55909,REF55909,,,merchant@razorpay,Subscription,Paytm,Partial Match
NEFT/696011095386/LATA MISHRA/P2M,NEFT/696011095386/LATA MISHRA/P2M,5000,5000,2026-07-24,2026-07-24,REF21206,REF83306,,,salary@bank,Mobile Recharge,GPay,Matched
SUBSCRIPTION APPLE ICLOUD REF:988069338442,SUBSCRIPTION APPLE ICLOUD REF:988069338442,9999,9999,2026-06-26,2026-06-26,REF20013,REF20013,,,user@axl,P2P,Paytm,Matched
SUBSCRIPTION SPOTIFY REF:283022322450,SUBSCRIPTION SPOTIFY REF:283022322450,250,250,2026-01-27,2026-01-27,REF45989,REF45989,,,salary@bank,Mobile Recharge,Cred,Matched
UPI P2M CROMA 895866305432,UPI PENDING SETTLEMENT 400698528993,1300,1300,2026-12-02,2026-04-16,REF82118,REF73308,CHQ6133,CHQ6133,merchant@razorpay,EMI Payment,BHIM,Pending Settlement
Cred UPI TRANSFER SUNIL VERMA REF:192536452167,Cred UPI TRANSFER SUNIL VERMA REF:192536452167,999,999,2026-03-10,2026-03-10,REF64444,REF64444,CHQ8735,CHQ8735,rent@upi,P2M,PhonePe,Duplicate
EMI PAYMENT HDFC REF:788730014558,UPI PENDING SETTLEMENT 797334387592,450,450,2026-01-15,2026-11-15,REF90289,REF90289,,,user@okhdfcbank,Merchant Payment,GPay,Pending Settlement
RECHARGE BSNL REF:659760649370,RECHARGE BSNL REF:659760649370,150,150,2026-11-06,2026-11-06,REF53575,REF67731,,,user@oksbi,Bill Payment,BHIM,Matched
UPI/AmazonPay/612922062600/SURESH PANDIT/P2P,UPI/AmazonPay/612922062600/SURESH PANDIT/P2P,7500,7500,2026-02-15,2026-02-15,REF86874,REF86874,CHQ8032,CHQ8032,user@apl,Subscription,Cred,Matched
GPay UPI TRANSFER LATA MISHRA REF:103669959510,GPay UPI TRANSFER LATA MISHRA REF:103669959510,1300,1300,2026-05-13,2026-05-13,REF42683,REF42683,,,xyz456@ybl,Subscription,PhonePe,Matched
UPI/CR/123149925989/RAVI TEJA/Insurance Premium,UPI REVERSAL 617996212451,10000,-10000,2026-04-06,2026-04-06,REF70251,REF70251,CHQ5338,CHQ5338,user@axl,Rent Payment,PhonePe,UPI Reversed
EMI PAYMENT SBI REF:920729326317,UPI PENDING SETTLEMENT 108645408584,20000,20000,2026-08-08,2026-11-04,REF57586,REF30455,,,user@apl,P2P,GPay,Pending Settlement
AmazonPay UPI TRANSFER RAVI TEJA REF:283501776673,AmazonPay UPI TRANSFER RAVI TEJA REF:283501776673,450,449.5,2026-06-01,2026-06-01,REF81224,REF81224,,,abc123@paytm,Salary Transfer,Cred,Partial Match
UPI P2M BIGBASKET 556066278496,UPI P2M BIGBASKET 556066278496,2999,2998.95,2026-02-13,2026-02-13,REF33299,REF33299,,,user@apl,Mobile Recharge,Mobikwik,Partial Match
UPI P2M TATACLIQ 903709801507,UPI P2M TATACLIQ 903709801507,25000,25000,2026-02-01,2026-02-01,REF33142,REF33142,,,user@ybl,Insurance Premium,Mobikwik,Duplicate
Cred UPI TRANSFER SURESH PANDIT REF:148764384460,Cred UPI TRANSFER SURESH PANDIT REF:148764384460,1999,1999,2026-12-21,2026-04-03,REF83393,REF83393,,,merchant@payu,Merchant Payment,PhonePe,Matched
RECEIVED FROM SNEHA SINGH VIA Mobikwik,RECEIVED FROM SNEHA SINGH VIA Mobikwik,1100,1101.0,2026-03-09,2026-03-09,REF46267,REF46267,,,bill@paytm,Insurance Premium,BHIM,Partial Match
UPI P2P PRIYA PATEL 462394676139,UPI REVERSAL 874065333360,2500,-2500,2026-02-11,2026-02-11,REF34052,REF34052,,,merchant@razorpay,Insurance Premium,Mobikwik,UPI Reversed
UPI/CR/187836647785/KIRAN SINGH/Subscription,UPI/CR/187836647785/KIRAN SINGH/Subscription,50000,50000,2026-02-06,2026-09-25,REF52206,REF52206,CHQ3543,CHQ3543,store@okaxis,Rent Payment,GPay,Matched
Cred UPI TRANSFER DEEPA KAPOOR REF:491714276241,UPI PENDING SETTLEMENT 920607926143,150,150,2026-02-06,2026-10-13,REF35580,REF65789,,,user@apl,Subscription,Paytm,Pending Settlement
EMI PAYMENT SBI REF:843943601977,EMI PAYMENT SBI REF:843943601977,5000,5001.0,2026-11-12,2026-11-12,REF96025,REF96025,CHQ9812,CHQ9812,user@ibl,Insurance Premium,Cred,Partial Match
IMPS/478625458927/RAJESH YADAV/Mobile Recharge,IMPS/478625458927/RAJESH YADAV/Mobile Recharge,5000,5000,2026-09-20,2026-09-20,REF85923,REF85923,,,user@federal,P2P,Paytm,Matched
UPI/BHIM/533967866312/LATA MISHRA/Insurance Premium,UPI/BHIM/533967866312/LATA MISHRA/Insurance Premium,2999,3000.0,2026-06-11,2026-02-23,REF73736,REF73736,,,xyz456@ybl,Merchant Payment,Mobikwik,Partial Match
IMPS/959119333860/PRIYA PATEL/EMI Payment,UPI FAILED 928103362930,3000,0,2026-02-20,2026-02-20,REF32027,REF32027,,,xyz456@ybl,P2P,Paytm,UPI Failed
RECEIVED FROM ARUN NAIR VIA Paytm,UPI REVERSAL 648071441781,550,-550,2026-12-25,2026-12-25,REF46490,REF46490,,,user@ibl,P2M,Mobikwik,UPI Reversed
UPI P2P MEERA JOSHI 139634381178,UPI P2P MEERA JOSHI 139634381178,1100,1100,2026-11-06,2026-11-06,REF56430,REF56430,CHQ3794,CHQ3794,user@federal,Salary Transfer,Mobikwik,Matched
UPI/GPay/991893670099/PRIYA PATEL/P2P,UPI/GPay/991893670099/PRIYA PATEL/P2P,500,500,2026-01-10,2026-01-10,REF56094,REF56094,CHQ9227,CHQ9227,user@ibl,P2M,AmazonPay,Matched
RECHARGE BSNL REF:589900729556,UPI FAILED 965299182503,2000,0,2026-05-23,2026-05-23,REF47516,REF47516,CHQ9344,CHQ9344,rent@upi,EMI Payment,Paytm,UPI Failed
UPI P2P AMIT KUMAR 538332404338,UPI P2P AMIT KUMAR 538332404338,9999,9998.0,2026-03-09,2026-03-09,REF81754,REF67036,,,abc123@paytm,Bill Payment,Mobikwik,Partial Match
IMPS/546492129336/SNEHA SINGH/Rent Payment,IMPS/546492129336/SNEHA SINGH/Rent Payment,3999,3999,2026-02-01,2026-02-01,REF78478,REF49626,CHQ9378,CHQ9378,salary@bank,Mobile Recharge,BHIM,Matched
UPI P2P ANITA DEVI 483028863944,UPI REVERSAL 649802955483,100,-100,2026-06-03,2026-06-03,REF40700,REF40700,,,user@axl,Subscription,BHIM,UPI Reversed
IMPS/692880182904/SNEHA SINGH/Salary Transfer,IMPS/692880182904/SNEHA SINGH/Salary Transfer,7500,7500,2026-04-07,2026-04-07,REF87937,REF87937,CHQ6563,CHQ6563,merchant@razorpay,Bill Payment,Mobikwik,Matched
EMI PAYMENT AXIS REF:737604972958,UPI PENDING SETTLEMENT 343172378889,2250,2250,2026-06-21,2026-07-23,REF71337,REF71337,CHQ1616,CHQ1616,user@ybl,P2M,GPay,Pending Settlement
BILL PAYMENT ELECTRICITY REF:246163827829,UPI FAILED 941988986196,10000,0,2026-07-01,2026-01-08,REF58865,REF64152,,,user@okhdfcbank,P2P,GPay,UPI Failed
UPI/CR/190677931573/LATA MISHRA/P2M,UPI REVERSAL 993240852778,4999,-4999,2026-04-21,2026-06-18,REF83168,REF99115,,,shop@okicici,EMI Payment,Paytm,UPI Reversed
UPI/CR/394238364576/ARUN NAIR/Subscription,,1300,0,2026-09-15,2026-09-15,REF39107,,,,store@okaxis,Bill Payment,Cred,Unmatched
GPay UPI TRANSFER AMIT KUMAR REF:960169952051,GPay UPI TRANSFER AMIT KUMAR REF:960169952051,1999,1999,2026-07-07,2026-07-07,REF17319,REF57370,CHQ9244,CHQ9244,abc123@paytm,Salary Transfer,PhonePe,Matched
UPI/GPay/674626888475/VIKAS GUPTA/Subscription,UPI FAILED 408826748791,3000,0,2026-10-09,2026-10-09,REF96122,REF10265,,,pay@oksbi,Rent Payment,Cred,UPI Failed
RECEIVED FROM SNEHA SINGH VIA BHIM,RECEIVED FROM SNEHA SINGH VIA BHIM,100,100,2026-06-01,2026-06-01,REF75185,REF75185,,,merchant@payu,Merchant Payment,Cred,Matched
INSURANCE PREMIUM BAJAJ ALLIANZ REF:548499195833,INSURANCE PREMIUM BAJAJ ALLIANZ REF:548499195833,1999,1999,2026-01-18,2026-03-21,REF96063,REF96063,,,merchant@ccavenue,Salary Transfer,Mobikwik,Matched
UPI/DR/490492993282/VIKAS GUPTA/Merchant Payment,UPI/DR/490492993282/VIKAS GUPTA/Merchant Payment,7500,7500,2026-08-09,2026-08-09,REF73317,REF73317,CHQ3308,CHQ3308,user@axl,P2P,Cred,Matched
RECHARGE BSNL REF:154539070756,UPI FAILED 622935480996,20000,0,2026-06-23,2026-04-06,REF94929,REF94929,,,user@axl,P2P,Cred,UPI Failed
RECHARGE VI REF:630779916350,UPI PENDING SETTLEMENT 282523526103,100,100,2026-03-20,2026-07-01,REF22086,REF22086,,,user@okhdfcbank,Subscription,GPay,Pending Settlement
UPI/AmazonPay/328408150207/SURESH PANDIT/Salary Transfer,,999,0,2026-02-24,2026-02-24,REF25108,,CHQ6049,,user@ybl,P2M,Cred,Unmatched
RECEIVED FROM AMIT KUMAR VIA PhonePe,UPI PENDING SETTLEMENT 830964636894,1500,1500,2026-09-06,2026-02-01,REF78612,REF78612,,,merchant@ccavenue,Salary Transfer,Cred,Pending Settlement
BILL PAYMENT GAS REF:113202493570,UPI FAILED 781324480921,100,0,2026-08-08,2026-11-21,REF40705,REF40705,CHQ2230,CHQ2230,merchant@razorpay,Salary Transfer,GPay,UPI Failed
UPI/CR/146080038923/AMIT KUMAR/Salary Transfer,UPI/CR/146080038923/AMIT KUMAR/Salary Transfer,10000,10000,2026-01-24,2026-01-24,REF99764,REF99764,,,user@federal,Rent Payment,Mobikwik,Matched
UPI P2P SUNIL VERMA 750379454860,UPI P2P SUNIL VERMA 750379454860,9999,9998.0,2026-04-26,2026-09-05,REF25675,REF25675,CHQ3551,CHQ3551,shop@okicici,Bill Payment,GPay,Partial Match
PhonePe UPI TRANSFER SNEHA SINGH REF:726870779506,PhonePe UPI TRANSFER SNEHA SINGH REF:726870779506,15000,15000,2026-04-19,2026-04-19,REF69106,REF11868,,,user@federal,Rent Payment,AmazonPay,Matched
EMI PAYMENT SBI REF:561013802825,,100,0,2026-02-09,2026-02-09,REF98966,,CHQ5397,,salary@bank,Bill Payment,GPay,Unmatched
RECHARGE VI REF:597791876204,RECHARGE VI REF:597791876204,2000,1995.0,2026-05-27,2026-05-27,REF48444,REF73366,,,merchant@razorpay,Insurance Premium,BHIM,Partial Match
BILL PAYMENT MOBILE REF:500827466371,UPI FAILED 582908056492,250,0,2026-12-23,2026-12-23,REF83069,REF83069,,,merchant@razorpay,P2P,Cred,UPI Failed
BHIM UPI TRANSFER LATA MISHRA REF:398018103568,,15000,0,2026-07-02,2026-07-02,REF83895,,,,merchant@payu,Bill Payment,GPay,Unmatched
PAYMENT TO DMART VIA GPay,UPI PENDING SETTLEMENT 265004554317,1500,1500,2026-04-08,2026-09-20,REF85315,REF85315,,,merchant@ccavenue,Insurance Premium,Mobikwik,Pending Settlement
PhonePe UPI TRANSFER SUNIL VERMA REF:472432306904,,2000,0,2026-05-03,2026-05-03,REF60046,,,,user@apl,Rent Payment,BHIM,Unmatched
IMPS/493287390004/SUNIL VERMA/P2M,IMPS/493287390004/SUNIL VERMA/P2M,20000,20000,2026-03-24,2026-03-24,REF98275,REF98275,CHQ8587,CHQ8587,user@ibl,Mobile Recharge,Mobikwik,Matched
RECEIVED FROM NEHA CHOPRA VIA Paytm,RECEIVED FROM NEHA CHOPRA VIA Paytm,499,499,2026-02-22,2026-02-22,REF93605,REF93605,CHQ4314,CHQ4314,user@okhdfcbank,Bill Payment,PhonePe,Matched
IMPS/594826672924/MOHAN LAL/P2M,IMPS/594826672924/MOHAN LAL/P2M,1100,1100,2026-10-04,2026-10-04,REF72876,REF72876,CHQ4121,CHQ4121,user@apl,Merchant Payment,Paytm,Matched
UPI/CR/705914732577/VIKAS GUPTA/Insurance Premium,UPI/CR/705914732577/VIKAS GUPTA/Insurance Premium,250,250,2026-08-25,2026-08-25,REF71170,REF71170,,,user@apl,Merchant Payment,BHIM,Matched
NEFT/216965087504/ARUN KUMAR/Subscription,UPI REVERSAL 503812852313,14999,-14999,2026-04-06,2026-04-06,REF35530,REF64612,,,user@oksbi,P2P,Paytm,UPI Reversed
RECHARGE JIO REF:506443821759,RECHARGE JIO REF:506443821759,1000,1000,2026-05-13,2026-05-13,REF93783,REF93783,,,user@okhdfcbank,EMI Payment,Cred,Matched
INSURANCE PREMIUM ICICI PRUDENTIAL REF:895399006994,INSURANCE PREMIUM ICICI PRUDENTIAL REF:895399006994,10000,9999.99,2026-10-16,2026-10-16,REF93886,REF28193,,,merchant@ccavenue,Bill Payment,PhonePe,Partial Match
NEFT/390106177201/PRIYA PATEL/Bill Payment,NEFT/390106177201/PRIYA PATEL/Bill Payment,950,950,2026-05-19,2026-05-19,REF92954,REF92954,CHQ3772,CHQ3772,merchant@razorpay,Rent Payment,Cred,Duplicate
SUBSCRIPTION APPLE ICLOUD REF:214033489699,UPI FAILED 522460604938,200,0,2026-07-19,2026-07-19,REF28045,REF28045,,,salary@bank,Bill Payment,GPay,UPI Failed
UPI P2M LIC 853693548993,UPI P2M LIC 853693548993,500,500,2026-05-09,2026-05-09,REF32136,REF32136,,,xyz456@ybl,Rent Payment,AmazonPay,Matched
EMI PAYMENT SBI REF:740355815392,EMI PAYMENT SBI REF:740355815392,1200,1200,2026-07-09,2026-07-09,REF57585,REF38721,,,salary@bank,P2M,Mobikwik,Matched
IMPS/610427976975/RAHUL SHARMA/P2M,IMPS/610427976975/RAHUL SHARMA/P2M,2250,2250,2026-08-16,2026-08-16,REF20644,REF20644,,,user@ybl,Rent Payment,Paytm,Matched
UPI P2P RAHUL SHARMA 487863750613,UPI P2P RAHUL SHARMA 487863750613,20000,20000,2026-09-21,2026-09-21,REF71025,REF71025,,,merchant@ccavenue,Insurance Premium,AmazonPay,Matched
UPI/CR/121557056699/MEERA JOSHI/P2P,UPI/CR/121557056699/MEERA JOSHI/P2P,7500,7500,2026-03-16,2026-03-16,REF84238,REF84238,,,merchant@payu,Merchant Payment,Paytm,Matched
IMPS/970292835418/ARUN KUMAR/P2P,UPI REVERSAL 928539556810,999,-999,2026-12-06,2026-12-06,REF36520,REF12576,CHQ9992,CHQ9992,merchant@razorpay,Insurance Premium,BHIM,UPI Reversed
PhonePe UPI TRANSFER KAVITA REDDY REF:638065460758,PhonePe UPI TRANSFER KAVITA REDDY REF:638065460758,1750,1750,2026-11-27,2026-11-27,REF27620,REF27620,CHQ7171,CHQ7171,merchant@payu,Insurance Premium,Cred,Matched
EMI PAYMENT ICICI REF:228373018099,EMI PAYMENT ICICI REF:228373018099,999,998.0,2026-07-09,2026-07-09,REF58245,REF58245,,,user@okhdfcbank,Bill Payment,PhonePe,Partial Match
RECEIVED FROM AMIT KUMAR VIA GPay,RECEIVED FROM AMIT KUMAR VIA GPay,100000,100000,2026-02-21,2026-02-21,REF42249,REF42249,,,shop@okicici,Mobile Recharge,PhonePe,Matched
IMPS/600831985295/SUNIL VERMA/Rent Payment,IMPS/600831985295/SUNIL VERMA/Rent Payment,500,500,2026-12-22,2026-12-22,REF74532,REF74532,,,merchant@payu,Insurance Premium,Cred,Matched
EMI PAYMENT ICICI REF:242403145219,EMI PAYMENT ICICI REF:242403145219,150,149.5,2026-05-22,2026-05-22,REF50485,REF50485,,,abc123@paytm,P2M,Paytm,Partial Match
RECEIVED FROM KAVITA REDDY VIA BHIM,RECEIVED FROM KAVITA REDDY VIA BHIM,999,999,2026-07-06,2026-07-06,REF67360,REF67360,,,user@apl,Mobile Recharge,BHIM,Matched
UPI/DR/922235234212/ANITA DEVI/Bill Payment,UPI FAILED 429683940225,2999,0,2026-07-01,2026-07-01,REF96085,REF96085,,,salary@bank,Rent Payment,BHIM,UPI Failed
BILL PAYMENT WATER REF:925599263195,BILL PAYMENT WATER REF:925599263195,850,850,2026-11-16,2026-11-26,REF39985,REF39985,CHQ4209,CHQ4209,user@axl,Merchant Payment,GPay,Matched
UPI P2M FLIPKART 222178770967,UPI P2M FLIPKART 222178770967,999,999,2026-12-11,2026-12-11,REF74217,REF74217,CHQ8311,CHQ8311,user@okhdfcbank,Bill Payment,Mobikwik,Matched
UPI P2M HDFC LIFE 298799982415,UPI P2M HDFC LIFE 298799982415,25000,25000,2026-05-07,2026-05-07,REF81638,REF81638,,,xyz456@ybl,Rent Payment,PhonePe,Matched
PAYMENT TO LIC VIA Mobikwik,PAYMENT TO LIC VIA Mobikwik,14999,14999,2026-09-26,2026-09-26,REF27260,REF27260,CHQ1081,CHQ1081,user@paytm,Insurance Premium,AmazonPay,Matched
SUBSCRIPTION GOOGLE ONE REF:463334935161,UPI REVERSAL 178524400534,2500,-2500,2026-06-11,2026-06-11,REF43928,REF43928,,,user@federal,Merchant Payment,AmazonPay,UPI Reversed
EMI PAYMENT KOTAK REF:185974266828,,20000,0,2026-02-23,2026-02-23,REF96099,,,,merchant@razorpay,Merchant Payment,PhonePe,Unmatched
RECEIVED FROM VIKAS GUPTA VIA PhonePe,RECEIVED FROM VIKAS GUPTA VIA PhonePe,100,99.95,2026-03-14,2026-03-14,REF95205,REF95205,CHQ5662,CHQ5662,shop@okicici,P2M,BHIM,Partial Match
NEFT/260974599203/MEERA JOSHI/Rent Payment,UPI PENDING SETTLEMENT 428330912432,500,500,2026-01-17,2026-03-01,REF78330,REF78330,CHQ2337,CHQ2337,user@federal,Subscription,Cred,Pending Settlement
INSURANCE PREMIUM LIC REF:316444402316,INSURANCE PREMIUM LIC REF:316444402316,9999,9998.95,2026-11-26,2026-11-26,REF64356,REF64356,,,pay@oksbi,P2P,GPay,Partial Match
EMI PAYMENT AXIS REF:539111155685,UPI REVERSAL 170613178073,50000,-50000,2026-10-07,2026-10-07,REF84692,REF26974,,,pay@oksbi,EMI Payment,Cred,UPI Reversed
SUBSCRIPTION AMAZON PRIME REF:352309641138,SUBSCRIPTION AMAZON PRIME REF:352309641138,25000,25000,2026-01-13,2026-01-13,REF78194,REF78194,,,rent@upi,Subscription,Cred,Matched
BILL PAYMENT ELECTRICITY REF:702799394992,UPI FAILED 763814000150,1000,0,2026-06-27,2026-06-27,REF93507,REF93507,,,shop@okicici,Subscription,Cred,UPI Failed
PhonePe UPI TRANSFER KIRAN SINGH REF:516605368576,PhonePe UPI TRANSFER KIRAN SINGH REF:516605368576,950,949.0,2026-04-16,2026-04-16,REF32707,REF32707,,,bill@paytm,P2P,Cred,Partial Match
PAYMENT TO BSNL VIA PhonePe,UPI PENDING SETTLEMENT 586290499905,50000,50000,2026-12-27,2026-02-06,REF78880,REF78880,,,user@axl,EMI Payment,Mobikwik,Pending Settlement
NEFT/365110634439/LATA MISHRA/Merchant Payment,NEFT/365110634439/LATA MISHRA/Merchant Payment,999,1000.0,2026-02-28,2026-02-28,REF92097,REF92097,CHQ1631,CHQ1631,user@apl,Merchant Payment,Cred,Partial Match
UPI/CR/309179416627/AMIT KUMAR/Salary Transfer,UPI REVERSAL 411558991036,2250,-2250,2026-09-20,2026-09-20,REF62019,REF76259,CHQ9667,CHQ9667,user@federal,Rent Payment,AmazonPay,UPI Reversed
RECEIVED FROM SUNIL VERMA VIA Cred,RECEIVED FROM SUNIL VERMA VIA Cred,19999,19999,2026-06-20,2026-06-20,REF20862,REF31269,,,user@apl,P2M,Mobikwik,Duplicate
RECHARGE BSNL REF:415699906147,RECHARGE BSNL REF:415699906147,3000,3000,2026-04-06,2026-04-06,REF74946,REF74946,,,pay@oksbi,Salary Transfer,BHIM,Matched
EMI PAYMENT HDFC REF:404210466223,UPI PENDING SETTLEMENT 845488341036,650,650,2026-08-11,2026-01-10,REF66268,REF66268,,,user@axl,EMI Payment,Cred,Pending Settlement
UPI/CR/779281982666/SUNIL VERMA/P2P,UPI/CR/779281982666/SUNIL VERMA/P2P,50000,50000,2026-09-17,2026-09-17,REF21895,REF60663,,,xyz456@ybl,P2P,Cred,Matched
BILL PAYMENT LANDLINE REF:561086063050,BILL PAYMENT LANDLINE REF:561086063050,14999,14999,2026-11-14,2026-11-14,REF80003,REF80003,CHQ8532,CHQ8532,user@ibl,EMI Payment,GPay,Matched
EMI PAYMENT ICICI REF:339085656393,,3000,0,2026-06-14,2026-06-14,REF54830,REF85705,,,user@oksbi,Insurance Premium,PhonePe,Unmatched
UPI/DR/106841684911/AMIT KUMAR/Mobile Recharge,UPI PENDING SETTLEMENT 262427169438,950,950,2026-10-03,2026-07-02,REF57716,REF57716,,,user@okhdfcbank,EMI Payment,GPay,Pending Settlement
UPI/CR/368803372519/AMIT KUMAR/Mobile Recharge,UPI FAILED 202433668095,1000,0,2026-04-03,2026-04-03,REF64787,REF64787,CHQ9328,CHQ9328,rent@upi,Subscription,GPay,UPI Failed
RECHARGE VI REF:690928537705,RECHARGE VI REF:690928537705,100000,99999.5,2026-10-19,2026-10-19,REF83171,REF83171,,,merchant@payu,EMI Payment,Paytm,Partial Match
UPI/DR/557590152479/ARUN KUMAR/Insurance Premium,UPI/DR/557590152479/ARUN KUMAR/Insurance Premium,2250,2250,2026-08-20,2026-10-01,REF43164,REF84615,,,abc123@paytm,Salary Transfer,Paytm,Matched
NEFT/998960506690/GEETA AGRAWAL/EMI Payment,UPI FAILED 236311184152,1200,0,2026-09-25,2026-09-25,REF28000,REF28000,,,pay@oksbi,Rent Payment,Mobikwik,UPI Failed
INSURANCE PREMIUM SBI LIFE REF:870366362092,INSURANCE PREMIUM SBI LIFE REF:870366362092,1499,1499,2026-11-12,2026-11-12,REF46436,REF46436,,,merchant@razorpay,Bill Payment,Mobikwik,Matched
SUBSCRIPTION NETFLIX REF:897197063084,SUBSCRIPTION NETFLIX REF:897197063084,2250,2250,2026-08-18,2026-08-18,REF65488,REF65488,CHQ4471,CHQ4471,user@apl,Subscription,Paytm,Matched
BILL PAYMENT INTERNET REF:786373458966,BILL PAYMENT INTERNET REF:786373458966,14999,14999,2026-01-13,2026-01-13,REF46150,REF46150,,,merchant@razorpay,Merchant Payment,Cred,Matched
EMI PAYMENT AXIS REF:938459662901,UPI REVERSAL 703067876412,450,-450,2026-01-26,2026-01-26,REF43841,REF43841,,,user@ibl,P2P,AmazonPay,UPI Reversed
SUBSCRIPTION GOOGLE ONE REF:492832005990,UPI REVERSAL 330119886375,3000,-3000,2026-05-26,2026-05-26,REF84110,REF84110,,,user@axl,Insurance Premium,GPay,UPI Reversed
RECEIVED FROM MEERA JOSHI VIA AmazonPay,RECEIVED FROM MEERA JOSHI VIA AmazonPay,50000,50000,2026-07-06,2026-07-06,REF20332,REF20332,CHQ4012,CHQ4012,salary@bank,Mobile Recharge,Mobikwik,Matched
UPI P2P ARUN KUMAR 619924793992,UPI P2P ARUN KUMAR 619924793992,1000,1000,2026-03-04,2026-03-04,REF49205,REF49205,,,bill@paytm,Bill Payment,Cred,Matched
BILL PAYMENT ELECTRICITY REF:797445607092,BILL PAYMENT ELECTRICITY REF:797445607092,1999,1999,2026-05-07,2026-05-04,REF13330,REF13330,CHQ9529,CHQ9529,user@ibl,P2M,PhonePe,Matched
Paytm UPI TRANSFER RAHUL SHARMA REF:656515673768,,499,0,2026-12-08,2026-08-21,REF79304,,CHQ2455,,user@axl,Merchant Payment,BHIM,Unmatched
UPI P2P MOHAN LAL 463840621697,UPI P2P MOHAN LAL 463840621697,999,999,2026-01-17,2026-01-17,REF66461,REF66461,,,user@oksbi,Bill Payment,Mobikwik,Matched
INSURANCE PREMIUM SBI LIFE REF:276084272618,INSURANCE PREMIUM SBI LIFE REF:276084272618,2250,2251.0,2026-05-28,2026-05-28,REF80506,REF80506,CHQ1476,CHQ1476,user@ybl,Subscription,AmazonPay,Partial Match
RECEIVED FROM MEERA JOSHI VIA BHIM,RECEIVED FROM MEERA JOSHI VIA BHIM,1300,1300,2026-12-05,2026-05-07,REF84142,REF78631,,,store@okaxis,Subscription,BHIM,Matched
PAYMENT TO STAR HEALTH VIA GPay,PAYMENT TO STAR HEALTH VIA GPay,14999,14998.95,2026-03-14,2026-03-14,REF76287,REF76287,CHQ4575,CHQ4575,rent@upi,Rent Payment,Cred,Partial Match
UPI/Mobikwik/474912550685/ARUN NAIR/Merchant Payment,UPI/Mobikwik/474912550685/ARUN NAIR/Merchant Payment,1750,1751.0,2026-07-22,2026-07-22,REF47126,REF47126,,,abc123@paytm,Salary Transfer,Cred,Partial Match
UPI/DR/973749518611/ARUN KUMAR/Rent Payment,UPI/DR/973749518611/ARUN KUMAR/Rent Payment,1500,1500,2026-02-04,2026-02-04,REF79406,REF92496,,,user@apl,Subscription,Paytm,Matched
INSURANCE PREMIUM STAR HEALTH REF:141804507329,UPI PENDING SETTLEMENT 729786351950,3000,3000,2026-06-02,2026-04-03,REF71216,REF71216,CHQ4691,CHQ4691,shop@okicici,EMI Payment,GPay,Pending Settlement
RECHARGE AIRTEL REF:900341522430,RECHARGE AIRTEL REF:900341522430,1100,1100.1,2026-10-06,2026-10-06,REF31320,REF31320,,,xyz456@ybl,EMI Payment,Mobikwik,Partial Match
BILL PAYMENT WATER REF:699224070242,BILL PAYMENT WATER REF:699224070242,850,850,2026-03-24,2026-03-24,REF31890,REF31890,,,user@okhdfcbank,Mobile Recharge,GPay,Matched
UPI P2P DEEPA KAPOOR 682938536290,UPI P2P DEEPA KAPOOR 682938536290,1499,1499,2026-12-21,2026-12-21,REF88024,REF88024,,,merchant@payu,Bill Payment,GPay,Duplicate
Cred UPI TRANSFER ARUN NAIR REF:270154292821,UPI FAILED 716651276339,350,0,2026-01-14,2026-01-14,REF81374,REF94812,,,user@oksbi,Mobile Recharge,AmazonPay,UPI Failed
UPI/CR/305402122753/SUNIL VERMA/Subscription,UPI/CR/305402122753/SUNIL VERMA/Subscription,850,849.9,2026-03-28,2026-03-28,REF64236,REF64236,,,user@federal,P2P,Mobikwik,Partial Match
INSURANCE PREMIUM STAR HEALTH REF:360123991293,UPI REVERSAL 957292607914,499,-499,2026-11-05,2026-11-05,REF68394,REF68394,,,user@axl,P2P,Mobikwik,UPI Reversed
BILL PAYMENT WATER REF:177187135641,BILL PAYMENT WATER REF:177187135641,3999,3999,2026-11-26,2026-11-26,REF45894,REF45894,,,user@okhdfcbank,Bill Payment,Paytm,Matched
UPI/DR/639439687876/RAHUL SHARMA/Bill Payment,UPI/DR/639439687876/RAHUL SHARMA/Bill Payment,2000,2000,2026-08-28,2026-08-28,REF66890,REF66890,,,user@paytm,Rent Payment,BHIM,Matched
UPI/DR/971356207432/RAHUL SHARMA/Salary Transfer,UPI/DR/971356207432/RAHUL SHARMA/Salary Transfer,2250,2250,2026-12-28,2026-12-28,REF34444,REF34444,,,merchant@ccavenue,Bill Payment,Mobikwik,Matched
UPI P2M SWIGGY 391574776987,UPI P2M SWIGGY 391574776987,950,950,2026-05-17,2026-05-17,REF36824,REF36824,,,user@okhdfcbank,Subscription,Paytm,Matched
BILL PAYMENT WATER REF:237756493311,BILL PAYMENT WATER REF:237756493311,499,499,2026-06-05,2026-06-05,REF56120,REF56120,,,user@okhdfcbank,Rent Payment,PhonePe,Matched
BILL PAYMENT GAS REF:209696192470,BILL PAYMENT GAS REF:209696192470,2000,2000,2026-03-24,2026-03-24,REF32623,REF32623,,,rent@upi,P2M,Mobikwik,Matched
UPI/DR/803499690696/LATA MISHRA/Insurance Premium,UPI/DR/803499690696/LATA MISHRA/Insurance Premium,2999,2999,2026-08-25,2026-08-25,REF12834,REF12834,,,pay@oksbi,Insurance Premium,BHIM,Matched
BILL PAYMENT LANDLINE REF:617127578391,UPI FAILED 476710861879,75000,0,2026-06-01,2026-06-01,REF35353,REF35353,,,merchant@ccavenue,Rent Payment,Paytm,UPI Failed
UPI/CR/524462414721/LATA MISHRA/Bill Payment,UPI/CR/524462414721/LATA MISHRA/Bill Payment,5000,5000,2026-11-10,2026-11-10,REF84762,REF68616,CHQ4364,CHQ4364,user@paytm,Rent Payment,PhonePe,Matched
UPI/GPay/265102764445/KIRAN SINGH/Mobile Recharge,UPI/GPay/265102764445/KIRAN SINGH/Mobile Recharge,3000,3000,2026-09-01,2026-12-13,REF99473,REF12598,,,user@apl,Rent Payment,GPay,Matched
RECEIVED FROM RAHUL SHARMA VIA Paytm,,950,0,2026-08-22,2026-08-22,REF90307,,,,merchant@razorpay,EMI Payment,BHIM,Unmatched
Cred UPI TRANSFER VIKAS GUPTA REF:860834261487,Cred UPI TRANSFER VIKAS GUPTA REF:860834261487,9999,9999,2026-11-28,2026-11-28,REF48026,REF51444,,,salary@bank,P2M,AmazonPay,Matched
IMPS/249818576513/ARUN KUMAR/Insurance Premium,IMPS/249818576513/ARUN KUMAR/Insurance Premium,200,200,2026-07-03,2026-07-03,REF31213,REF31213,,,store@okaxis,Subscription,GPay,Matched
PAYMENT TO HOTSTAR VIA Paytm,UPI FAILED 494682171572,2250,0,2026-10-11,2026-10-11,REF30469,REF30469,CHQ6927,CHQ6927,merchant@payu,Insurance Premium,AmazonPay,UPI Failed
UPI P2P PRIYA PATEL 444261690259,UPI PENDING SETTLEMENT 653502171259,25000,25000,2026-02-16,2026-12-05,REF40169,REF40169,,,user@axl,Bill Payment,AmazonPay,Pending Settlement
NEFT/788931563291/DEEPA KAPOOR/P2M,NEFT/788931563291/DEEPA KAPOOR/P2M,950,950,2026-12-15,2026-12-15,REF14638,REF14638,,,merchant@ccavenue,Merchant Payment,Mobikwik,Matched
SUBSCRIPTION APPLE ICLOUD REF:647292565349,SUBSCRIPTION APPLE ICLOUD REF:647292565349,14999,14999,2026-06-09,2026-06-09,REF55079,REF69625,,,merchant@razorpay,EMI Payment,PhonePe,Matched
UPI/CR/182938584562/VIKAS GUPTA/Rent Payment,UPI/CR/182938584562/VIKAS GUPTA/Rent Payment,1300,1300,2026-03-21,2026-03-21,REF36639,REF36639,,,user@oksbi,P2M,Paytm,Duplicate
RECHARGE BSNL REF:157009388468,RECHARGE BSNL REF:157009388468,2999,2999,2026-08-17,2026-08-17,REF66925,REF66925,,,abc123@paytm,EMI Payment,Paytm,Matched
UPI/DR/816993611911/ARUN NAIR/Bill Payment,UPI/DR/816993611911/ARUN NAIR/Bill Payment,950,950,2026-01-15,2026-01-15,REF80811,REF80811,CHQ4875,CHQ4875,merchant@payu,Salary Transfer,Mobikwik,Duplicate
INSURANCE PREMIUM STAR HEALTH REF:543205571963,INSURANCE PREMIUM STAR HEALTH REF:543205571963,250,250,2026-09-07,2026-09-07,REF99556,REF99556,,,xyz456@ybl,Insurance Premium,GPay,Matched
UPI P2P GEETA AGRAWAL 585894537355,UPI PENDING SETTLEMENT 266588254390,7500,7500,2026-05-17,2026-08-02,REF37530,REF65201,CHQ6324,CHQ6324,user@ibl,Bill Payment,Cred,Pending Settlement
UPI P2M AMAZON 359176649204,UPI PENDING SETTLEMENT 999308458078,1100,1100,2026-03-04,2026-03-04,REF39591,REF84397,,,abc123@paytm,EMI Payment,Cred,Pending Settlement
PhonePe UPI TRANSFER KAVITA REDDY REF:116166171177,PhonePe UPI TRANSFER KAVITA REDDY REF:116166171177,200,200,2026-06-16,2026-06-16,REF38103,REF38103,CHQ9030,CHQ9030,salary@bank,EMI Payment,PhonePe,Matched
PAYMENT TO BAJAJ FINSERV VIA BHIM,,100,0,2026-08-16,2026-08-16,REF35527,,,,pay@oksbi,Insurance Premium,Mobikwik,Unmatched
EMI PAYMENT SBI REF:612648519098,UPI REVERSAL 755017912244,750,-750,2026-06-01,2026-06-01,REF95402,REF95402,,,salary@bank,Bill Payment,AmazonPay,UPI Reversed
INSURANCE PREMIUM ICICI PRUDENTIAL REF:957945721879,,19999,0,2026-03-16,2026-03-16,REF71363,,CHQ3210,,user@ibl,Mobile Recharge,Mobikwik,Unmatched
IMPS/617711504507/ARUN NAIR/P2M,IMPS/617711504507/ARUN NAIR/P2M,19999,19999,2026-02-27,2026-02-27,REF29171,REF29171,,,salary@bank,Salary Transfer,AmazonPay,Duplicate
NEFT/480480389086/VIKAS GUPTA/P2M,UPI FAILED 589908692770,1300,0,2026-07-17,2026-07-17,REF48062,REF48062,,,shop@okicici,Salary Transfer,Mobikwik,UPI Failed
UPI/Mobikwik/664476779700/RAHUL SHARMA/Mobile Recharge,UPI/Mobikwik/664476779700/RAHUL SHARMA/Mobile Recharge,499,499,2026-03-27,2026-03-27,REF30732,REF30732,CHQ3144,CHQ3144,user@federal,Mobile Recharge,AmazonPay,Matched
UPI P2M SWIGGY 399273940876,,14999,0,2026-03-15,2026-03-15,REF12728,,CHQ7073,,user@axl,Insurance Premium,GPay,Unmatched
INSURANCE PREMIUM BAJAJ ALLIANZ REF:854606873575,,100,0,2026-07-14,2026-07-14,REF97980,REF95907,CHQ6454,,merchant@razorpay,P2M,Mobikwik,Unmatched
IMPS/654236808864/KIRAN SINGH/P2M,IMPS/654236808864/KIRAN SINGH/P2M,499,499.01,2026-10-23,2026-08-18,REF32079,REF32079,,,shop@okicici,Merchant Payment,AmazonPay,Partial Match
UPI P2P LATA MISHRA 696549977969,UPI P2P LATA MISHRA 696549977969,1300,1300,2026-06-03,2026-06-03,REF36727,REF36727,,,user@paytm,P2M,GPay,Matched
EMI PAYMENT AXIS REF:555754573457,EMI PAYMENT AXIS REF:555754573457,750,750,2026-02-23,2026-05-05,REF40031,REF40031,,,rent@upi,Insurance Premium,GPay,Matched
UPI P2M BIGBASKET 821065365121,UPI P2M BIGBASKET 821065365121,650,650,2026-03-05,2026-03-05,REF85742,REF85742,CHQ7513,CHQ7513,user@apl,Salary Transfer,BHIM,Matched
UPI/DR/819065979801/AMIT KUMAR/P2M,UPI/DR/819065979801/AMIT KUMAR/P2M,2000,2000,2026-09-12,2026-09-12,REF97352,REF97352,,,salary@bank,Mobile Recharge,GPay,Matched
EMI PAYMENT HDFC REF:652461763398,,100000,0,2026-10-16,2026-10-16,REF44781,,,,user@federal,Bill Payment,Paytm,Unmatched
NEFT/241718795282/ARUN NAIR/Rent Payment,NEFT/241718795282/ARUN NAIR/Rent Payment,1000,1000,2026-02-15,2026-07-04,REF61624,REF61624,,,rent@upi,P2M,Paytm,Matched
GPay UPI TRANSFER NEHA CHOPRA REF:426054743529,GPay UPI TRANSFER NEHA CHOPRA REF:426054743529,200,200,2026-01-03,2026-08-13,REF84710,REF84710,,,user@paytm,P2P,Paytm,Matched
NEFT/939025367283/RAHUL SHARMA/P2M,,1499,0,2026-03-07,2026-03-07,REF30747,REF22361,CHQ8419,,abc123@paytm,EMI Payment,Paytm,Unmatched
PAYMENT TO SWIGGY VIA AmazonPay,,4999,0,2026-01-23,2026-01-23,REF88734,,,,pay@oksbi,P2P,BHIM,Unmatched
RECHARGE BSNL REF:694631324352,UPI PENDING SETTLEMENT 196338923435,20000,20000,2026-12-08,2026-02-22,REF61699,REF61699,,,user@oksbi,Subscription,Cred,Pending Settlement
UPI P2M ZOMATO 621307261781,UPI REVERSAL 702740647338,1300,-1300,2026-09-27,2026-09-27,REF77302,REF77302,CHQ8953,CHQ8953,salary@bank,Subscription,GPay,UPI Reversed
Paytm UPI TRANSFER ARUN KUMAR REF:272004124194,Paytm UPI TRANSFER ARUN KUMAR REF:272004124194,999,999,2026-06-03,2026-02-07,REF34587,REF34587,CHQ4630,CHQ4630,pay@oksbi,Salary Transfer,BHIM,Duplicate
IMPS/211189900331/LATA MISHRA/EMI Payment,UPI PENDING SETTLEMENT 152613655121,3999,3999,2026-04-09,2026-12-07,REF73030,REF73030,CHQ5353,CHQ5353,store@okaxis,P2P,PhonePe,Pending Settlement
SUBSCRIPTION SPOTIFY REF:649139259959,SUBSCRIPTION SPOTIFY REF:649139259959,499,499,2026-12-06,2026-12-06,REF87506,REF87506,,,user@apl,Rent Payment,AmazonPay,Matched
UPI/DR/620714281094/RAJESH YADAV/Rent Payment,UPI/DR/620714281094/RAJESH YADAV/Rent Payment,950,950,2026-01-22,2026-01-22,REF82569,REF82569,,,salary@bank,Rent Payment,Paytm,Matched
UPI P2M NETFLIX 597314641924,UPI P2M NETFLIX 597314641924,350,350,2026-10-18,2026-10-18,REF28026,REF38985,,,store@okaxis,Insurance Premium,BHIM,Matched
RECEIVED FROM ANITA DEVI VIA Mobikwik,UPI REVERSAL 876750861604,750,-750,2026-01-13,2026-01-13,REF54798,REF54798,,,store@okaxis,Merchant Payment,Cred,UPI Reversed
UPI P2M SPOTIFY 619567884829,UPI P2M SPOTIFY 619567884829,10000,10000,2026-06-14,2026-06-14,REF36394,REF36394,CHQ5128,CHQ5128,abc123@paytm,Merchant Payment,PhonePe,Matched
Paytm UPI TRANSFER SURESH PANDIT REF:768745962323,Paytm UPI TRANSFER SURESH PANDIT REF:768745962323,499,499,2026-08-05,2026-08-05,REF64067,REF64067,CHQ2589,CHQ2589,xyz456@ybl,Merchant Payment,PhonePe,Matched
UPI/DR/788658081743/GEETA AGRAWAL/Rent Payment,UPI/DR/788658081743/GEETA AGRAWAL/Rent Payment,2500,2500,2026-04-24,2026-04-24,REF17541,REF20098,CHQ4407,CHQ4407,merchant@razorpay,Subscription,Mobikwik,Duplicate
IMPS/628750669420/NEHA CHOPRA/EMI Payment,UPI REVERSAL 395002394701,3999,-3999,2026-02-24,2026-03-27,REF24887,REF24887,CHQ9755,CHQ9755,abc123@paytm,Merchant Payment,GPay,UPI Reversed
RECHARGE VI REF:916869024611,,850,0,2026-04-15,2026-04-18,REF86254,,CHQ8554,,rent@upi,P2P,Mobikwik,Unmatched
UPI/BHIM/774334997020/MOHAN LAL/EMI Payment,UPI/BHIM/774334997020/MOHAN LAL/EMI Payment,1300,1301.0,2026-03-08,2026-04-19,REF31653,REF65377,CHQ9484,CHQ9484,bill@paytm,P2P,BHIM,Partial Match
UPI/CR/259836268061/ARUN NAIR/Salary Transfer,,75000,0,2026-10-21,2026-10-21,REF35384,,CHQ9841,,pay@oksbi,Salary Transfer,GPay,Unmatched
BILL PAYMENT GAS REF:679951450273,BILL PAYMENT GAS REF:679951450273,2999,2998.99,2026-02-22,2026-02-22,REF11372,REF11372,CHQ2988,CHQ2988,bill@paytm,Merchant Payment,Mobikwik,Partial Match
INSURANCE PREMIUM SBI LIFE REF:620670820402,INSURANCE PREMIUM SBI LIFE REF:620670820402,3000,3000,2026-02-21,2026-01-15,REF68956,REF30473,,,user@federal,Bill Payment,PhonePe,Duplicate
EMI PAYMENT ICICI REF:872099058009,EMI PAYMENT ICICI REF:872099058009,15000,15000,2026-06-15,2026-06-15,REF47003,REF47003,,,shop@okicici,EMI Payment,PhonePe,Matched
SUBSCRIPTION NETFLIX REF:369503662574,UPI REVERSAL 330126317688,3999,-3999,2026-03-28,2026-03-28,REF80905,REF80905,,,store@okaxis,EMI Payment,Paytm,UPI Reversed
EMI PAYMENT SBI REF:171416287896,UPI FAILED 122935901578,75000,0,2026-03-02,2026-02-25,REF12508,REF12508,,,user@federal,Subscription,GPay,UPI Failed
EMI PAYMENT KOTAK REF:378776108543,,2500,0,2026-02-24,2026-02-02,REF47284,,CHQ3065,,bill@paytm,Mobile Recharge,BHIM,Unmatched
NEFT/261768042107/MOHAN LAL/P2M,,650,0,2026-11-09,2026-11-09,REF92409,,CHQ4165,,abc123@paytm,Mobile Recharge,Paytm,Unmatched
UPI/CR/987795275176/AMIT KUMAR/Mobile Recharge,UPI/CR/987795275176/AMIT KUMAR/Mobile Recharge,2500,2500,2026-07-04,2026-07-04,REF81853,REF81853,CHQ3334,CHQ3334,salary@bank,Bill Payment,Paytm,Duplicate
BILL PAYMENT ELECTRICITY REF:510182257683,UPI FAILED 295419545710,850,0,2026-06-24,2026-06-24,REF71676,REF23664,,,pay@oksbi,Insurance Premium,Cred,UPI Failed
Cred UPI TRANSFER SUNIL VERMA REF:853166426205,Cred UPI TRANSFER SUNIL VERMA REF:853166426205,14999,14999,2026-07-02,2026-07-02,REF24984,REF84161,CHQ6018,CHQ6018,xyz456@ybl,Subscription,PhonePe,Matched
NEFT/559329154452/SURESH PANDIT/EMI Payment,NEFT/559329154452/SURESH PANDIT/EMI Payment,750,750,2026-08-24,2026-08-24,REF68631,REF10506,CHQ7814,CHQ7814,merchant@ccavenue,Salary Transfer,GPay,Matched
UPI/CR/694832127565/SNEHA SINGH/Mobile Recharge,UPI FAILED 250067859898,1100,0,2026-10-06,2026-10-06,REF36416,REF36416,,,user@ybl,Mobile Recharge,PhonePe,UPI Failed
NEFT/163197148022/SNEHA SINGH/Rent Payment,NEFT/163197148022/SNEHA SINGH/Rent Payment,2500,2500.5,2026-12-17,2026-12-17,REF25779,REF25779,,,user@ybl,Insurance Premium,PhonePe,Partial Match
UPI/DR/879169046632/MEERA JOSHI/Bill Payment,UPI/DR/879169046632/MEERA JOSHI/Bill Payment,100,99.9,2026-06-09,2026-06-09,REF17173,REF17173,CHQ2421,CHQ2421,user@ibl,Bill Payment,Mobikwik,Partial Match
EMI PAYMENT HDFC REF:838491833276,EMI PAYMENT HDFC REF:838491833276,1750,1750,2026-05-26,2026-05-26,REF57802,REF57802,,,xyz456@ybl,EMI Payment,Mobikwik,Matched
IMPS/189543591898/KIRAN SINGH/EMI Payment,UPI REVERSAL 544044218963,2500,-2500,2026-02-06,2026-07-04,REF33302,REF54639,,,shop@okicici,Subscription,GPay,UPI Reversed
BILL PAYMENT GAS REF:867085464720,BILL PAYMENT GAS REF:867085464720,750,750,2026-01-05,2026-10-03,REF38714,REF93394,,,rent@upi,Salary Transfer,PhonePe,Matched
RECHARGE JIO REF:488635051892,UPI FAILED 513778207589,9999,0,2026-02-11,2026-11-19,REF30867,REF30867,,,merchant@razorpay,Bill Payment,AmazonPay,UPI Failed
INSURANCE PREMIUM LIC REF:298394324078,INSURANCE PREMIUM LIC REF:298394324078,7500,7500,2026-10-24,2026-10-24,REF44568,REF44568,CHQ8047,CHQ8047,user@paytm,Rent Payment,Paytm,Matched
NEFT/874745535716/KAVITA REDDY/P2P,NEFT/874745535716/KAVITA REDDY/P2P,10000,10000,2026-06-01,2026-06-01,REF81419,REF81419,,,user@apl,P2P,AmazonPay,Matched
UPI/DR/421122646966/PRIYA PATEL/EMI Payment,UPI/DR/421122646966/PRIYA PATEL/EMI Payment,14999,14999,2026-05-09,2026-05-09,REF49301,REF52552,,,user@ybl,EMI Payment,Paytm,Matched
RECHARGE VI REF:691070419226,UPI FAILED 730980984311,200,0,2026-08-05,2026-08-05,REF72398,REF72398,CHQ5505,CHQ5505,shop@okicici,Salary Transfer,BHIM,UPI Failed
RECEIVED FROM AMIT KUMAR VIA Cred,RECEIVED FROM AMIT KUMAR VIA Cred,5000,5000,2026-03-12,2026-03-12,REF67818,REF67818,CHQ6867,CHQ6867,user@apl,P2P,Mobikwik,Matched
SUBSCRIPTION AMAZON PRIME REF:822459112731,SUBSCRIPTION AMAZON PRIME REF:822459112731,1300,1300,2026-06-08,2026-06-08,REF29146,REF29146,CHQ3591,CHQ3591,user@okhdfcbank,Merchant Payment,BHIM,Matched
UPI/CR/765379818358/ARUN KUMAR/EMI Payment,UPI REVERSAL 183338277958,150,-150,2026-10-14,2026-10-14,REF72878,REF72878,CHQ7123,CHQ7123,user@paytm,P2M,GPay,UPI Reversed
EMI PAYMENT AXIS REF:381572688522,EMI PAYMENT AXIS REF:381572688522,650,650,2026-09-26,2026-09-26,REF24881,REF24881,,,user@ibl,Insurance Premium,GPay,Matched
INSURANCE PREMIUM ICICI PRUDENTIAL REF:539455700161,,950,0,2026-08-02,2026-08-02,REF87331,,CHQ6856,,user@apl,Mobile Recharge,BHIM,Unmatched
RECEIVED FROM MOHAN LAL VIA PhonePe,RECEIVED FROM MOHAN LAL VIA PhonePe,10000,10000,2026-06-06,2026-06-06,REF78929,REF78929,,,user@oksbi,Insurance Premium,Paytm,Matched
INSURANCE PREMIUM SBI LIFE REF:520943967903,UPI FAILED 207614946580,100,0,2026-04-23,2026-04-23,REF88891,REF88891,CHQ2512,CHQ2512,bill@paytm,P2M,GPay,UPI Failed
INSURANCE PREMIUM ICICI PRUDENTIAL REF:385893896785,,250,0,2026-05-25,2026-05-25,REF14592,,,,user@oksbi,Insurance Premium,Cred,Unmatched
PAYMENT TO ICICI BANK VIA Paytm,UPI REVERSAL 198472387709,10000,-10000,2026-11-03,2026-01-08,REF45518,REF40898,CHQ5235,CHQ5235,bill@paytm,Salary Transfer,BHIM,UPI Reversed
EMI PAYMENT HDFC REF:276556144964,,2000,0,2026-03-11,2026-03-11,REF55208,REF22657,,,salary@bank,Insurance Premium,PhonePe,Unmatched
UPI/CR/832034102046/SURESH PANDIT/EMI Payment,,4999,0,2026-08-07,2026-08-07,REF76265,,,,merchant@payu,Subscription,GPay,Unmatched
RECEIVED FROM LATA MISHRA VIA Cred,RECEIVED FROM LATA MISHRA VIA Cred,550,550,2026-01-23,2026-01-23,REF35624,REF35624,CHQ9151,CHQ9151,user@axl,P2P,PhonePe,Matched
PAYMENT TO HOTSTAR VIA Cred,PAYMENT TO HOTSTAR VIA Cred,750,749.95,2026-07-20,2026-07-20,REF63678,REF63678,,,pay@oksbi,P2P,GPay,Partial Match
UPI/DR/536118347717/SURESH PANDIT/Salary Transfer,UPI PENDING SETTLEMENT 113216868486,450,450,2026-02-28,2026-07-18,REF84747,REF84895,,,user@oksbi,P2P,Cred,Pending Settlement
Cred UPI TRANSFER RAVI TEJA REF:374122552769,Cred UPI TRANSFER RAVI TEJA REF:374122552769,1499,1499,2026-06-24,2026-06-24,REF69775,REF69775,,,user@paytm,Insurance Premium,Paytm,Matched
UPI P2P ARUN NAIR 961274411343,UPI REVERSAL 639179312074,19999,-19999,2026-03-12,2026-03-12,REF26379,REF26379,CHQ6346,CHQ6346,store@okaxis,Rent Payment,BHIM,UPI Reversed
UPI/Paytm/336156193029/KIRAN SINGH/P2P,UPI/Paytm/336156193029/KIRAN SINGH/P2P,750,750,2026-12-20,2026-06-23,REF28052,REF28052,CHQ6086,CHQ6086,store@okaxis,P2P,PhonePe,Matched
IMPS/862702655424/SUNIL VERMA/Mobile Recharge,UPI PENDING SETTLEMENT 124299335873,499,499,2026-06-10,2026-04-15,REF61844,REF32981,,,xyz456@ybl,Bill Payment,AmazonPay,Pending Settlement
UPI P2P KAVITA REDDY 778521822354,,250,0,2026-09-22,2026-09-22,REF48259,,CHQ6177,,store@okaxis,Bill Payment,BHIM,Unmatched
BILL PAYMENT ELECTRICITY REF:960422216176,BILL PAYMENT ELECTRICITY REF:960422216176,750,750,2026-07-23,2026-07-23,REF94689,REF94689,CHQ9190,CHQ9190,user@ibl,Salary Transfer,PhonePe,Matched
UPI/DR/699754930280/SUNIL VERMA/Subscription,UPI/DR/699754930280/SUNIL VERMA/Subscription,950,950,2026-08-06,2026-08-06,REF84524,REF84524,,,pay@oksbi,Merchant Payment,Cred,Matched
INSURANCE PREMIUM BAJAJ ALLIANZ REF:998406831965,,50000,0,2026-08-23,2026-08-23,REF53515,,,,xyz456@ybl,Merchant Payment,GPay,Unmatched
BILL PAYMENT LANDLINE REF:136384619721,,5000,0,2026-04-03,2026-04-03,REF71825,,,,user@oksbi,Bill Payment,Paytm,Unmatched
PAYMENT TO AXIS BANK VIA AmazonPay,UPI FAILED 109786317302,9999,0,2026-07-07,2026-07-07,REF87753,REF87753,CHQ7790,CHQ7790,salary@bank,Salary Transfer,Mobikwik,UPI Failed
INSURANCE PREMIUM ICICI PRUDENTIAL REF:608518569654,INSURANCE PREMIUM ICICI PRUDENTIAL REF:608518569654,1999,1999,2026-08-27,2026-08-27,REF34551,REF59956,CHQ9742,CHQ9742,shop@okicici,Rent Payment,BHIM,Matched
PhonePe UPI TRANSFER KAVITA REDDY REF:288378144249,PhonePe UPI TRANSFER KAVITA REDDY REF:288378144249,1500,1500,2026-07-14,2026-07-14,REF80496,REF80496,CHQ8108,CHQ8108,bill@paytm,Subscription,GPay,Matched
INSURANCE PREMIUM STAR HEALTH REF:925673355887,UPI PENDING SETTLEMENT 635962321888,100,100,2026-09-25,2026-03-20,REF42759,REF42759,,,rent@upi,Subscription,GPay,Pending Settlement
RECHARGE BSNL REF:930043553524,RECHARGE BSNL REF:930043553524,1500,1500,2026-11-23,2026-11-23,REF26236,REF37031,,,user@apl,Rent Payment,GPay,Matched
BILL PAYMENT DTH REF:529209532413,,100000,0,2026-01-23,2026-01-23,REF27014,,,,user@okhdfcbank,P2P,GPay,Unmatched
UPI P2M PRIME VIDEO 895317871614,UPI FAILED 535358439001,1499,0,2026-11-15,2026-11-15,REF75727,REF75727,CHQ9323,CHQ9323,store@okaxis,Mobile Recharge,AmazonPay,UPI Failed
PAYMENT TO DMART VIA Paytm,UPI FAILED 199324366602,2250,0,2026-11-07,2026-02-19,REF81510,REF81510,,,user@oksbi,Salary Transfer,Mobikwik,UPI Failed
Paytm UPI TRANSFER MEERA JOSHI REF:339961751885,,50000,0,2026-11-24,2026-11-24,REF36295,,CHQ3601,,user@oksbi,Merchant Payment,GPay,Unmatched
INSURANCE PREMIUM ICICI PRUDENTIAL REF:613369971329,INSURANCE PREMIUM ICICI PRUDENTIAL REF:613369971329,1500,1500,2026-12-11,2026-12-11,REF23479,REF23479,,,abc123@paytm,Subscription,PhonePe,Matched
UPI P2P RAHUL SHARMA 176714926230,,19999,0,2026-11-12,2026-11-12,REF23370,REF80567,,,pay@oksbi,Subscription,BHIM,Unmatched
RECEIVED FROM ARUN KUMAR VIA Mobikwik,RECEIVED FROM ARUN KUMAR VIA Mobikwik,10000,10000,2026-12-27,2026-11-18,REF13637,REF13637,,,bill@paytm,Merchant Payment,Paytm,Matched
UPI/CR/124647352863/PRIYA PATEL/Bill Payment,UPI/CR/124647352863/PRIYA PATEL/Bill Payment,15000,15000,2026-12-13,2026-12-13,REF44912,REF44912,,,user@federal,P2P,Mobikwik,Matched
NEFT/208253980908/AMIT KUMAR/Mobile Recharge,UPI FAILED 441336844636,750,0,2026-01-09,2026-01-09,REF18335,REF18335,,,user@paytm,Merchant Payment,PhonePe,UPI Failed
UPI/CR/167345707240/SNEHA SINGH/Merchant Payment,UPI/CR/167345707240/SNEHA SINGH/Merchant Payment,100,100,2026-01-19,2026-01-19,REF24920,REF24920,CHQ8093,CHQ8093,bill@paytm,EMI Payment,Paytm,Matched
SUBSCRIPTION NETFLIX REF:317017967789,SUBSCRIPTION NETFLIX REF:317017967789,850,850.01,2026-08-06,2026-06-07,REF72528,REF72528,,,store@okaxis,Subscription,AmazonPay,Partial Match
UPI P2M NETFLIX 184936064650,UPI P2M NETFLIX 184936064650,10000,10000,2026-12-16,2026-12-16,REF70730,REF29241,,,salary@bank,Salary Transfer,Mobikwik,Matched
PAYMENT TO JIO VIA AmazonPay,UPI REVERSAL 259591501974,20000,-20000,2026-05-02,2026-05-02,REF81062,REF81062,,,user@paytm,Merchant Payment,GPay,UPI Reversed
INSURANCE PREMIUM LIC REF:846290520173,INSURANCE PREMIUM LIC REF:846290520173,1300,1300,2026-05-22,2026-05-22,REF10751,REF10751,,,pay@oksbi,Merchant Payment,GPay,Matched
EMI PAYMENT AXIS REF:528811566871,EMI PAYMENT AXIS REF:528811566871,250,250,2026-10-14,2026-10-14,REF47034,REF47034,CHQ9178,CHQ9178,xyz456@ybl,Rent Payment,GPay,Matched
RECHARGE VI REF:931051234367,RECHARGE VI REF:931051234367,10000,10000,2026-12-09,2026-12-09,REF57921,REF47015,,,store@okaxis,Mobile Recharge,GPay,Matched
UPI P2P SNEHA SINGH 592386052153,UPI P2P SNEHA SINGH 592386052153,1300,1300,2026-07-07,2026-07-07,REF29263,REF29263,CHQ5269,CHQ5269,user@ibl,Insurance Premium,Paytm,Duplicate
AmazonPay UPI TRANSFER VIKAS GUPTA REF:882720175795,AmazonPay UPI TRANSFER VIKAS GUPTA REF:882720175795,15000,15000.1,2026-05-07,2026-05-07,REF58115,REF58115,CHQ4021,CHQ4021,salary@bank,Mobile Recharge,BHIM,Partial Match
UPI P2M STAR HEALTH 372929012505,UPI FAILED 552822673714,20000,0,2026-06-18,2026-06-18,REF82199,REF82199,,,bill@paytm,Mobile Recharge,BHIM,UPI Failed
PAYMENT TO HOTSTAR VIA Mobikwik,UPI PENDING SETTLEMENT 779468387664,1999,1999,2026-07-15,2026-07-08,REF90334,REF90334,,,user@ibl,P2M,Mobikwik,Pending Settlement
UPI/BHIM/593249697062/VIKAS GUPTA/Salary Transfer,UPI PENDING SETTLEMENT 855761086094,1000,1000,2026-09-22,2026-02-03,REF85133,REF85133,CHQ4853,CHQ4853,user@paytm,Mobile Recharge,PhonePe,Pending Settlement
PhonePe UPI TRANSFER GEETA AGRAWAL REF:547237969624,PhonePe UPI TRANSFER GEETA AGRAWAL REF:547237969624,200,200,2026-02-23,2026-02-23,REF14889,REF60892,,,user@apl,Subscription,GPay,Matched
UPI/DR/290548786185/KAVITA REDDY/EMI Payment,UPI/DR/290548786185/KAVITA REDDY/EMI Payment,3000,3005.0,2026-02-12,2026-02-12,REF79501,REF79501,CHQ3783,CHQ3783,user@apl,Merchant Payment,GPay,Partial Match
BILL PAYMENT MOBILE REF:894111781470,BILL PAYMENT MOBILE REF:894111781470,1300,1300,2026-02-09,2026-02-09,REF53203,REF53203,CHQ9694,CHQ9694,merchant@ccavenue,Insurance Premium,GPay,Duplicate
Mobikwik UPI TRANSFER NEHA CHOPRA REF:757245545284,Mobikwik UPI TRANSFER NEHA CHOPRA REF:757245545284,9999,9999,2026-06-11,2026-10-16,REF90503,REF90503,,,user@ybl,Bill Payment,BHIM,Matched
BILL PAYMENT WATER REF:399448409305,BILL PAYMENT WATER REF:399448409305,1500,1500,2026-10-24,2026-10-24,REF41539,REF41539,CHQ8330,CHQ8330,user@okhdfcbank,EMI Payment,Paytm,Matched
BILL PAYMENT LANDLINE REF:288860587738,BILL PAYMENT LANDLINE REF:288860587738,50000,50000,2026-10-11,2026-10-11,REF19528,REF19528,,,user@ybl,Subscription,PhonePe,Matched
EMI PAYMENT SBI REF:992680499123,EMI PAYMENT SBI REF:992680499123,25000,25000,2026-12-13,2026-12-13,REF18654,REF59529,,,user@ybl,Merchant Payment,BHIM,Matched
UPI/AmazonPay/371978189270/DEEPA KAPOOR/Salary Transfer,,2250,0,2026-05-13,2026-05-13,REF20498,,CHQ3868,,user@paytm,Bill Payment,Mobikwik,Unmatched
UPI/DR/308774000774/MOHAN LAL/P2M,UPI PENDING SETTLEMENT 871739766274,5000,5000,2026-09-21,2026-08-06,REF16314,REF16314,CHQ8525,CHQ8525,merchant@razorpay,Insurance Premium,BHIM,Pending Settlement
UPI P2P GEETA AGRAWAL 289314735778,UPI P2P GEETA AGRAWAL 289314735778,1500,1500,2026-03-05,2026-03-05,REF46792,REF46792,,,shop@okicici,Insurance Premium,GPay,Matched
UPI P2M AIRTEL 323403173620,UPI P2M AIRTEL 323403173620,3000,3000.01,2026-09-18,2026-03-20,REF54238,REF22415,,,merchant@razorpay,Insurance Premium,Mobikwik,Partial Match
UPI P2M SBI 586926307575,UPI PENDING SETTLEMENT 651771071564,7500,7500,2026-11-12,2026-12-13,REF93686,REF93686,,,merchant@payu,Bill Payment,Mobikwik,Pending Settlement
UPI P2P MOHAN LAL 179957009034,UPI PENDING SETTLEMENT 621061668501,9999,9999,2026-08-08,2026-05-05,REF16180,REF16180,,,merchant@ccavenue,Mobile Recharge,Paytm,Pending Settlement
BILL PAYMENT ELECTRICITY REF:526067769142,BILL PAYMENT ELECTRICITY REF:526067769142,1500,1500,2026-07-28,2026-07-28,REF40963,REF40963,,,user@oksbi,Merchant Payment,PhonePe,Matched
UPI/AmazonPay/301026049043/SUNIL VERMA/Salary Transfer,UPI/AmazonPay/301026049043/SUNIL VERMA/Salary Transfer,1100,1099.9,2026-01-28,2026-01-28,REF54874,REF54874,,,merchant@payu,Bill Payment,AmazonPay,Partial Match
BILL PAYMENT GAS REF:471902624497,UPI REVERSAL 370634716437,2500,-2500,2026-11-02,2026-11-02,REF75257,REF75257,CHQ2311,CHQ2311,user@oksbi,P2P,BHIM,UPI Reversed
EMI PAYMENT KOTAK REF:137038994770,EMI PAYMENT KOTAK REF:137038994770,75000,75000,2026-05-12,2026-05-12,REF74233,REF51035,,,user@apl,EMI Payment,GPay,Matched
UPI P2P GEETA AGRAWAL 151620592888,,10000,0,2026-03-22,2026-03-22,REF48882,,,,rent@upi,Rent Payment,Mobikwik,Unmatched
SUBSCRIPTION GOOGLE ONE REF:282963813455,SUBSCRIPTION GOOGLE ONE REF:282963813455,1000,1001.0,2026-11-09,2026-11-09,REF54332,REF54332,CHQ9122,CHQ9122,shop@okicici,Insurance Premium,BHIM,Partial Match
UPI/DR/955874171423/AMIT KUMAR/Merchant Payment,UPI/DR/955874171423/AMIT KUMAR/Merchant Payment,14999,14999,2026-09-08,2026-08-25,REF18537,REF18537,,,pay@oksbi,Subscription,PhonePe,Matched
UPI/DR/298661909558/MOHAN LAL/Insurance Premium,UPI/DR/298661909558/MOHAN LAL/Insurance Premium,50000,50000,2026-07-20,2026-07-20,REF62840,REF62840,,,bill@paytm,P2P,PhonePe,Matched
UPI P2P ANITA DEVI 854433826232,UPI P2P ANITA DEVI 854433826232,550,550,2026-10-07,2026-05-13,REF26467,REF26467,,,shop@okicici,P2P,PhonePe,Matched
RECEIVED FROM LATA MISHRA VIA PhonePe,RECEIVED FROM LATA MISHRA VIA PhonePe,2250,2245.0,2026-06-23,2026-06-23,REF60776,REF60776,CHQ8754,CHQ8754,merchant@payu,Rent Payment,PhonePe,Partial Match
Paytm UPI TRANSFER ANITA DEVI REF:823847911465,UPI REVERSAL 472826686556,750,-750,2026-02-19,2026-02-19,REF70496,REF70496,,,rent@upi,P2P,AmazonPay,UPI Reversed
BILL PAYMENT LANDLINE REF:630833392040,BILL PAYMENT LANDLINE REF:630833392040,2250,2250,2026-12-05,2026-12-05,REF87343,REF87343,,,user@ibl,P2P,Paytm,Matched
INSURANCE PREMIUM STAR HEALTH REF:610957158889,INSURANCE PREMIUM STAR HEALTH REF:610957158889,999,999,2026-11-01,2026-11-01,REF56480,REF56480,,,user@ibl,P2M,Mobikwik,Matched
PAYMENT TO AIRTEL VIA GPay,UPI FAILED 758487033642,750,0,2026-10-24,2026-03-24,REF47557,REF47557,,,user@okhdfcbank,Subscription,Mobikwik,UPI Failed
BILL PAYMENT INTERNET REF:885550849773,BILL PAYMENT INTERNET REF:885550849773,14999,14999,2026-07-07,2026-07-07,REF98480,REF98480,,,pay@oksbi,Mobile Recharge,GPay,Matched
RECEIVED FROM SNEHA SINGH VIA GPay,RECEIVED FROM SNEHA SINGH VIA GPay,100000,99999.0,2026-05-20,2026-05-20,REF14493,REF14493,,,user@axl,Mobile Recharge,BHIM,Partial Match
INSURANCE PREMIUM ICICI PRUDENTIAL REF:503192155465,,3999,0,2026-11-01,2026-03-03,REF30224,,,,pay@oksbi,Salary Transfer,Mobikwik,Unmatched
BILL PAYMENT MOBILE REF:329974767283,UPI PENDING SETTLEMENT 521578169729,750,750,2026-11-05,2026-06-18,REF59080,REF59080,,,store@okaxis,Mobile Recharge,Cred,Pending Settlement
IMPS/677417815296/ARUN KUMAR/P2P,UPI FAILED 270583491859,1500,0,2026-10-14,2026-10-14,REF63812,REF63812,,,salary@bank,P2M,Mobikwik,UPI Failed
IMPS/465035851197/PRIYA PATEL/EMI Payment,IMPS/465035851197/PRIYA PATEL/EMI Payment,850,850,2026-04-17,2026-04-17,REF15564,REF15564,CHQ2227,CHQ2227,salary@bank,P2M,GPay,Matched
Cred UPI TRANSFER ANITA DEVI REF:832356737328,Cred UPI TRANSFER ANITA DEVI REF:832356737328,1499,1498.95,2026-04-03,2026-04-03,REF29270,REF29270,,,user@ibl,P2P,AmazonPay,Partial Match
INSURANCE PREMIUM BAJAJ ALLIANZ REF:436292951057,INSURANCE PREMIUM BAJAJ ALLIANZ REF:436292951057,3999,3999.05,2026-03-13,2026-03-13,REF74509,REF82663,,,user@axl,Rent Payment,Cred,Partial Match
NEFT/335412711564/VIKAS GUPTA/Rent Payment,NEFT/335412711564/VIKAS GUPTA/Rent Payment,100,95.0,2026-04-14,2026-04-14,REF84824,REF84824,,,abc123@paytm,Insurance Premium,PhonePe,Partial Match
EMI PAYMENT AXIS REF:651508551286,EMI PAYMENT AXIS REF:651508551286,500,500,2026-07-11,2026-07-11,REF65002,REF65002,,,user@axl,EMI Payment,PhonePe,Matched
BILL PAYMENT DTH REF:798466082825,BILL PAYMENT DTH REF:798466082825,10000,9999.0,2026-10-05,2026-10-05,REF99082,REF70184,,,merchant@payu,Mobile Recharge,Paytm,Partial Match
IMPS/826400836108/ARUN KUMAR/Salary Transfer,IMPS/826400836108/ARUN KUMAR/Salary Transfer,10000,10000,2026-04-02,2026-04-02,REF12306,REF62348,,,user@ybl,Merchant Payment,PhonePe,Matched
RECHARGE AIRTEL REF:872658213313,,4999,0,2026-07-22,2026-07-22,REF96090,,CHQ8483,,merchant@razorpay,EMI Payment,Mobikwik,Unmatched
UPI/CR/587510476807/RAJESH YADAV/Merchant Payment,UPI/CR/587510476807/RAJESH YADAV/Merchant Payment,250,250,2026-04-05,2026-04-05,REF85136,REF85136,,,pay@oksbi,Subscription,BHIM,Matched
SUBSCRIPTION APPLE ICLOUD REF:606595126909,UPI PENDING SETTLEMENT 373647037907,550,550,2026-11-14,2026-08-08,REF35053,REF35053,,,xyz456@ybl,Subscription,PhonePe,Pending Settlement
RECHARGE AIRTEL REF:145504193418,RECHARGE AIRTEL REF:145504193418,25000,25000,2026-11-10,2026-11-10,REF96258,REF96258,CHQ5353,CHQ5353,merchant@ccavenue,Insurance Premium,Mobikwik,Matched
INSURANCE PREMIUM LIC REF:533425346807,UPI FAILED 378096584999,550,0,2026-07-12,2026-07-12,REF40003,REF40003,,,merchant@razorpay,Bill Payment,GPay,UPI Failed
EMI PAYMENT SBI REF:873801384172,EMI PAYMENT SBI REF:873801384172,2500,2500,2026-05-10,2026-05-10,REF96421,REF96421,,,store@okaxis,P2P,Cred,Duplicate
RECEIVED FROM DEEPA KAPOOR VIA Cred,RECEIVED FROM DEEPA KAPOOR VIA Cred,200,200,2026-10-28,2026-10-28,REF37057,REF37057,,,merchant@ccavenue,Bill Payment,Paytm,Matched
RECEIVED FROM NEHA CHOPRA VIA GPay,,1750,0,2026-05-27,2026-05-27,REF85471,,,,user@apl,Merchant Payment,AmazonPay,Unmatched
BHIM UPI TRANSFER SNEHA SINGH REF:898125459638,BHIM UPI TRANSFER SNEHA SINGH REF:898125459638,100000,100000,2026-02-03,2026-02-03,REF15950,REF15950,CHQ7126,CHQ7126,rent@upi,Merchant Payment,Mobikwik,Matched
RECEIVED FROM VIKAS GUPTA VIA Mobikwik,,950,0,2026-09-10,2026-09-10,REF99616,,,,merchant@payu,Subscription,BHIM,Unmatched
UPI/CR/907445746738/RAJESH YADAV/Salary Transfer,UPI/CR/907445746738/RAJESH YADAV/Salary Transfer,75000,75000,2026-06-21,2026-06-21,REF13795,REF13795,,,user@axl,Merchant Payment,Paytm,Matched
UPI/DR/166391319053/SNEHA SINGH/Insurance Premium,UPI/DR/166391319053/SNEHA SINGH/Insurance Premium,1200,1200,2026-01-20,2026-03-16,REF17069,REF17069,CHQ3948,CHQ3948,merchant@ccavenue,P2P,BHIM,Matched
EMI PAYMENT HDFC REF:367475381168,EMI PAYMENT HDFC REF:367475381168,1200,1200,2026-11-03,2026-11-03,REF30682,REF43167,CHQ8881,CHQ8881,store@okaxis,Merchant Payment,Mobikwik,Matched
UPI P2P RAJESH YADAV 685538993097,UPI P2P RAJESH YADAV 685538993097,2999,2999,2026-09-26,2026-09-26,REF20980,REF20980,,,bill@paytm,Bill Payment,GPay,Matched
UPI P2M AIRTEL 759455649196,UPI PENDING SETTLEMENT 978034448431,2500,2500,2026-03-08,2026-07-05,REF54318,REF54318,,,rent@upi,Insurance Premium,Paytm,Pending Settlement
BILL PAYMENT LANDLINE REF:688137832406,BILL PAYMENT LANDLINE REF:688137832406,1100,1100,2026-09-10,2026-09-10,REF70249,REF70249,,,pay@oksbi,Merchant Payment,BHIM,Duplicate
RECEIVED FROM ANITA DEVI VIA GPay,RECEIVED FROM ANITA DEVI VIA GPay,2500,2500,2026-06-14,2026-06-14,REF72081,REF72081,CHQ6008,CHQ6008,xyz456@ybl,Insurance Premium,BHIM,Duplicate
RECEIVED FROM SNEHA SINGH VIA BHIM,RECEIVED FROM SNEHA SINGH VIA BHIM,50000,50000,2026-04-02,2026-02-17,REF51253,REF75953,,,xyz456@ybl,Bill Payment,AmazonPay,Matched
NEFT/534653259329/LATA MISHRA/P2P,NEFT/534653259329/LATA MISHRA/P2P,14999,14999,2026-03-05,2026-03-05,REF60775,REF60775,CHQ6090,CHQ6090,merchant@razorpay,Merchant Payment,Mobikwik,Matched
UPI/CR/569134119871/ARUN NAIR/Insurance Premium,UPI PENDING SETTLEMENT 388604698734,15000,15000,2026-08-21,2026-04-25,REF27495,REF31056,,,user@paytm,Mobile Recharge,BHIM,Pending Settlement
IMPS/403272988394/SURESH PANDIT/Rent Payment,UPI PENDING SETTLEMENT 243843155923,2250,2250,2026-10-13,2026-06-19,REF74752,REF74752,,,rent@upi,Subscription,GPay,Pending Settlement
PAYMENT TO RELIANCE RETAIL VIA Cred,PAYMENT TO RELIANCE RETAIL VIA Cred,499,499,2026-05-21,2026-05-21,REF25788,REF25788,,,bill@paytm,Bill Payment,AmazonPay,Matched
UPI/CR/543567568048/SNEHA SINGH/P2M,UPI FAILED 569105359407,1499,0,2026-02-21,2026-08-13,REF23501,REF96447,,,shop@okicici,Salary Transfer,AmazonPay,UPI Failed
UPI P2M STAR HEALTH 224429475216,UPI P2M STAR HEALTH 224429475216,3999,3999,2026-02-18,2026-02-18,REF97016,REF97016,CHQ8560,CHQ8560,user@okhdfcbank,Mobile Recharge,Paytm,Matched
UPI P2M AIRTEL 121011591998,UPI P2M AIRTEL 121011591998,1499,1499,2026-10-10,2026-10-10,REF49737,REF49737,,,user@axl,EMI Payment,Cred,Duplicate
EMI PAYMENT ICICI REF:292360732577,EMI PAYMENT ICICI REF:292360732577,999,999,2026-05-19,2026-05-19,REF65032,REF65032,CHQ3853,CHQ3853,user@federal,EMI Payment,Paytm,Matched
RECHARGE BSNL REF:302631600445,UPI REVERSAL 810996064344,750,-750,2026-07-05,2026-07-05,REF52443,REF52443,,,salary@bank,P2M,PhonePe,UPI Reversed
RECEIVED FROM RAJESH YADAV VIA Paytm,RECEIVED FROM RAJESH YADAV VIA Paytm,1750,1750,2026-05-13,2026-05-13,REF47942,REF47942,CHQ4458,CHQ4458,merchant@razorpay,P2P,Mobikwik,Matched
UPI/CR/176432737511/SUNIL VERMA/Insurance Premium,UPI/CR/176432737511/SUNIL VERMA/Insurance Premium,499,498.99,2026-08-11,2026-08-11,REF52765,REF52765,,,user@federal,P2P,AmazonPay,Partial Match
IMPS/315451329520/KIRAN SINGH/Merchant Payment,IMPS/315451329520/KIRAN SINGH/Merchant Payment,1300,1300,2026-11-23,2026-11-23,REF18056,REF18056,,,shop@okicici,P2M,BHIM,Matched
EMI PAYMENT HDFC REF:991347575022,EMI PAYMENT HDFC REF:991347575022,4999,4999,2026-12-10,2026-12-10,REF81565,REF81565,,,merchant@ccavenue,Salary Transfer,Mobikwik,Matched
AmazonPay UPI TRANSFER AMIT KUMAR REF:611277680448,AmazonPay UPI TRANSFER AMIT KUMAR REF:611277680448,50000,50000,2026-07-10,2026-07-10,REF11329,REF11329,,,user@ybl,Mobile Recharge,GPay,Matched
SUBSCRIPTION NETFLIX REF:495739479073,UPI FAILED 627922316201,950,0,2026-08-05,2026-03-28,REF66560,REF66560,,,user@paytm,Insurance Premium,Cred,UPI Failed
EMI PAYMENT HDFC REF:792556053249,EMI PAYMENT HDFC REF:792556053249,1300,1295.0,2026-04-08,2026-04-08,REF94971,REF94971,,,user@apl,Rent Payment,BHIM,Partial Match
IMPS/577476572419/GEETA AGRAWAL/Insurance Premium,UPI FAILED 561789121368,850,0,2026-12-04,2026-11-10,REF73326,REF73326,CHQ3173,CHQ3173,store@okaxis,Insurance Premium,PhonePe,UPI Failed
PAYMENT TO AXIS BANK VIA Cred,UPI PENDING SETTLEMENT 655468473479,1750,1750,2026-05-27,2026-01-19,REF87706,REF87706,CHQ1068,CHQ1068,store@okaxis,Salary Transfer,GPay,Pending Settlement
Mobikwik UPI TRANSFER NEHA CHOPRA REF:202065454292,Mobikwik UPI TRANSFER NEHA CHOPRA REF:202065454292,950,950,2026-08-23,2026-08-23,REF73815,REF73815,,,merchant@payu,P2M,AmazonPay,Duplicate
NEFT/964210532980/ANITA DEVI/Salary Transfer,NEFT/964210532980/ANITA DEVI/Salary Transfer,1200,1200,2026-12-19,2026-12-19,REF23904,REF25202,,,xyz456@ybl,Rent Payment,AmazonPay,Matched
EMI PAYMENT KOTAK REF:363450482715,,3000,0,2026-08-03,2026-08-03,REF37428,,CHQ7780,,abc123@paytm,P2M,AmazonPay,Unmatched
