Date,Transaction_Text,Debit Amount,Credit Amount,Amount,Type,Predicted_Category,Confidence,Ledger,Journal,Financial_Statement,Status,GST_Type,GST_Amount,CGST,SGST,GST_Status
01-Apr-25,PG LALIT KALA ACADEMY,514481.25,0.0,514481.25,Debit,Asset,0.09999999999999998,Fixed Asset,Fixed Asset Dr | To Bank,Asset,REVIEW,B2B,92606.62,46303.31,46303.31,REVIEW
02-Apr-25,SBI OD A/C- 6791,0.0,1225000.0,1225000.0,Credit,Asset,0.09999999999999998,Fixed Asset,Fixed Asset Dr | To Bank,Asset,REVIEW,B2B,220500.0,110250.0,110250.0,REVIEW
02-Apr-25,SBI BANK- 54238,0.0,900000.0,900000.0,Credit,Bank Charges,0.7364774865051836,Bank Charges Expense,Bank Charges Expense Dr | To Bank,Expense,OK,GST Payment,162000.0,81000.0,81000.0,OK
02-Apr-25,Electricity Expenses,940.0,0.0,940.0,Debit,Utilities,0.7281419932878501,Utilities Expense,Utilities Expense Dr | To Bank,Expense,OK,Debit Note,169.2,84.6,84.6,OK
02-Apr-25,BANK CHARGES,47.0,0.0,47.0,Debit,Bank Charges,0.34234595217777647,Bank Charges Expense,Bank Charges Expense Dr | To Bank,Expense,OK,GST Payment,8.46,4.23,4.23,REVIEW
02-Apr-25,SARASWATI ENTERPRISES,4012.0,0.0,4012.0,Debit,Asset,0.09999999999999998,Fixed Asset,Fixed Asset Dr | To Bank,Asset,REVIEW,B2B,722.16,361.08,361.08,REVIEW
02-Apr-25,SALARY PAYABLE,575090.0,0.0,575090.0,Debit,Payroll,0.09999999999999998,Salary Expense,Salary Expense Dr | To Bank,Expense,OK,B2B,103516.2,51758.1,51758.1,REVIEW
02-Apr-25,KENT RO SYSTEMS LIMITED,8895.0,0.0,8895.0,Debit,Asset,0.09999999999999998,Fixed Asset,Fixed Asset Dr | To Bank,Asset,REVIEW,B2B,1601.1,800.55,800.55,REVIEW
02-Apr-25,CONVEYANCE EXPENSES,3020.0,0.0,3020.0,Debit,Asset,0.7281419932878501,Fixed Asset,Fixed Asset Dr | To Bank,Asset,REVIEW,Debit Note,543.6,271.8,271.8,OK
02-Apr-25,PG QGC,0.0,211058.0,211058.0,Credit,Asset,0.09999999999999998,Fixed Asset,Fixed Asset Dr | To Bank,Asset,REVIEW,B2B,37990.44,18995.22,18995.22,REVIEW
02-Apr-25,PG QGC,0.0,629270.0,629270.0,Credit,Asset,0.09999999999999998,Fixed Asset,Fixed Asset Dr | To Bank,Asset,REVIEW,B2B,113268.6,56634.3,56634.3,REVIEW
02-Apr-25,Uniform Expense,2600.0,0.0,2600.0,Debit,Marketing,0.09999999999999998,Marketing Expense,Marketing Expense Dr | To Bank,Expense,REVIEW,B2B,468.0,234.0,234.0,REVIEW
02-Apr-25,PRINTING AND STATIONARY,4625.0,0.0,4625.0,Debit,Asset,0.09999999999999998,Fixed Asset,Fixed Asset Dr | To Bank,Asset,REVIEW,B2B,832.5,416.25,416.25,REVIEW
02-Apr-25,Miscellaneous,8895.0,0.0,8895.0,Debit,Asset,0.09999999999999998,Fixed Asset,Fixed Asset Dr | To Bank,Asset,REVIEW,B2B,1601.1,800.55,800.55,REVIEW
02-Apr-25,Vehicle Hire Charges,49000.0,0.0,49000.0,Debit,Asset,0.4771037584455656,Fixed Asset,Fixed Asset Dr | To Bank,Asset,REVIEW,Debit Note,8820.0,4410.0,4410.0,REVIEW
03-Apr-25,CONVEYANCE EXPENSES,1736.0,0.0,1736.0,Debit,Asset,0.7281419932878501,Fixed Asset,Fixed Asset Dr | To Bank,Asset,REVIEW,Debit Note,312.48,156.24,156.24,OK
03-Apr-25,CONVEYANCE EXPENSES,1736.0,0.0,1736.0,Debit,Asset,0.7281419932878501,Fixed Asset,Fixed Asset Dr | To Bank,Asset,REVIEW,Debit Note,312.48,156.24,156.24,OK
04-Apr-25,BANK CHARGES,118.0,0.0,118.0,Debit,Bank Charges,0.34234595217777647,Bank Charges Expense,Bank Charges Expense Dr | To Bank,Expense,OK,GST Payment,21.24,10.62,10.62,REVIEW
04-Apr-25,TAX DEDUCTED AT SOURCE 94I (RENT),7000.0,0.0,7000.0,Debit,GST,0.4452796264190966,GST Payable,GST Payable Dr | To Bank,Liability,REVIEW,GST Payment,1260.0,630.0,630.0,REVIEW
04-Apr-25,CONVEYANCE EXPENSES,2232.0,0.0,2232.0,Debit,Asset,0.7281419932878501,Fixed Asset,Fixed Asset Dr | To Bank,Asset,REVIEW,Debit Note,401.76,200.88,200.88,OK
04-Apr-25,CONVEYANCE EXPENSES,420.0,0.0,420.0,Debit,Asset,0.7281419932878501,Fixed Asset,Fixed Asset Dr | To Bank,Asset,REVIEW,Debit Note,75.6,37.8,37.8,OK
04-Apr-25,COL  SUNIL DALAL (PROPRIETOR),0.0,125000.0,125000.0,Credit,Asset,0.09999999999999998,Fixed Asset,Fixed Asset Dr | To Bank,Asset,REVIEW,B2B,22500.0,11250.0,11250.0,REVIEW
04-Apr-25,SALARY PAYABLE,0.0,50000.0,50000.0,Credit,Payroll,0.09999999999999998,Salary Expense,Salary Expense Dr | To Bank,Expense,OK,B2B,9000.0,4500.0,4500.0,REVIEW
05-Apr-25,ROHIT TIWARI,47510.0,0.0,47510.0,Debit,Asset,0.09999999999999998,Fixed Asset,Fixed Asset Dr | To Bank,Asset,REVIEW,B2B,8551.8,4275.9,4275.9,REVIEW
05-Apr-25,KENT RO SYSTEMS LIMITED,8895.0,0.0,8895.0,Debit,Asset,0.09999999999999998,Fixed Asset,Fixed Asset Dr | To Bank,Asset,REVIEW,B2B,1601.1,800.55,800.55,REVIEW
05-Apr-25,CONVEYANCE EXPENSES,1750.0,0.0,1750.0,Debit,Asset,0.7281419932878501,Fixed Asset,Fixed Asset Dr | To Bank,Asset,REVIEW,Debit Note,315.0,157.5,157.5,OK
05-Apr-25,COL  SUNIL DALAL (PROPRIETOR),0.0,50000.0,50000.0,Credit,Asset,0.09999999999999998,Fixed Asset,Fixed Asset Dr | To Bank,Asset,REVIEW,B2B,9000.0,4500.0,4500.0,REVIEW
05-Apr-25,Miscellaneous,7538.14,0.0,7538.14,Debit,Asset,0.09999999999999998,Fixed Asset,Fixed Asset Dr | To Bank,Asset,REVIEW,B2B,1356.87,678.43,678.43,REVIEW
06-Apr-25,AIRTEL POSTPAID BILL,1811.3,0.0,1811.3,Debit,Utilities,0.8402233707166438,Utilities Expense,Utilities Expense Dr | To Bank,Expense,OK,B2C,326.03,163.02,163.02,OK
07-Apr-25,Common Other Misc. Services,8772.0,0.0,8772.0,Debit,Asset,0.09999999999999998,Fixed Asset,Fixed Asset Dr | To Bank,Asset,REVIEW,B2B,1578.96,789.48,789.48,REVIEW
07-Apr-25,BANK CHARGES,5.9,0.0,5.9,Debit,Bank Charges,0.34234595217777647,Bank Charges Expense,Bank Charges Expense Dr | To Bank,Expense,OK,GST Payment,1.06,0.53,0.53,REVIEW
07-Apr-25,Bharat Sanchar Nigam Limited,0.0,1220122.0,1220122.0,Credit,Asset,0.09999999999999998,Fixed Asset,Fixed Asset Dr | To Bank,Asset,REVIEW,B2B,219621.96,109810.98,109810.98,REVIEW
08-Apr-25,SBI BANK- 54238,0.0,321490.56,321490.56,Credit,Bank Charges,0.7364774865051836,Bank Charges Expense,Bank Charges Expense Dr | To Bank,Expense,OK,GST Payment,57868.3,28934.15,28934.15,OK
08-Apr-25,COL  SUNIL DALAL (PROPRIETOR),940000.0,0.0,940000.0,Debit,Asset,0.09999999999999998,Fixed Asset,Fixed Asset Dr | To Bank,Asset,REVIEW,B2B,169200.0,84600.0,84600.0,REVIEW
08-Apr-25,CONVEYANCE EXPENSES,3376.0,0.0,3376.0,Debit,Asset,0.7281419932878501,Fixed Asset,Fixed Asset Dr | To Bank,Asset,REVIEW,Debit Note,607.68,303.84,303.84,OK
08-Apr-25,CONVEYANCE EXPENSES,1040.0,0.0,1040.0,Debit,Asset,0.7281419932878501,Fixed Asset,Fixed Asset Dr | To Bank,Asset,REVIEW,Debit Note,187.2,93.6,93.6,OK
09-Apr-25,COL  SUNIL DALAL (PROPRIETOR),380000.0,0.0,380000.0,Debit,Asset,0.09999999999999998,Fixed Asset,Fixed Asset Dr | To Bank,Asset,REVIEW,B2B,68400.0,34200.0,34200.0,REVIEW
09-Apr-25,CONVEYANCE EXPENSES,2485.0,0.0,2485.0,Debit,Asset,0.7281419932878501,Fixed Asset,Fixed Asset Dr | To Bank,Asset,REVIEW,Debit Note,447.3,223.65,223.65,OK
09-Apr-25,DEPARTMENT OF SPACE,0.0,374056.0,374056.0,Credit,Asset,0.3891124283615845,Fixed Asset,Fixed Asset Dr | To Bank,Asset,REVIEW,GST Refund,67330.08,33665.04,33665.04,REVIEW
10-Apr-25,COMPUTER,2500.0,0.0,2500.0,Debit,Asset,0.09999999999999998,Fixed Asset,Fixed Asset Dr | To Bank,Asset,OK,B2B,450.0,225.0,225.0,REVIEW
11-Apr-25,COL  SUNIL DALAL (PROPRIETOR),430000.0,0.0,430000.0,Debit,Asset,0.09999999999999998,Fixed Asset,Fixed Asset Dr | To Bank,Asset,REVIEW,B2B,77400.0,38700.0,38700.0,REVIEW
11-Apr-25,COL  SUNIL DALAL (PROPRIETOR),3720000.0,0.0,3720000.0,Debit,Asset,0.09999999999999998,Fixed Asset,Fixed Asset Dr | To Bank,Asset,REVIEW,B2B,669600.0,334800.0,334800.0,REVIEW
11-Apr-25,BANK CHARGES,17.7,0.0,17.7,Debit,Bank Charges,0.34234595217777647,Bank Charges Expense,Bank Charges Expense Dr | To Bank,Expense,OK,GST Payment,3.19,1.59,1.59,REVIEW
11-Apr-25,QUTAB GOLF COURSE,0.0,140400.0,140400.0,Credit,Asset,0.09999999999999998,Fixed Asset,Fixed Asset Dr | To Bank,Asset,REVIEW,B2B,25272.0,12636.0,12636.0,REVIEW
11-Apr-25,QUTAB GOLF COURSE,0.0,290653.0,290653.0,Credit,Asset,0.09999999999999998,Fixed Asset,Fixed Asset Dr | To Bank,Asset,REVIEW,B2B,52317.54,26158.77,26158.77,REVIEW
11-Apr-25,Dwarka Project  Division 1,0.0,3719832.0,3719832.0,Credit,Asset,0.09999999999999998,Fixed Asset,Fixed Asset Dr | To Bank,Asset,REVIEW,B2B,669569.76,334784.88,334784.88,REVIEW
12-Apr-25,CONVEYANCE EXPENSES,3276.0,0.0,3276.0,Debit,Asset,0.7281419932878501,Fixed Asset,Fixed Asset Dr | To Bank,Asset,REVIEW,Debit Note,589.68,294.84,294.84,OK
12-Apr-25,Water Expense,3890.0,0.0,3890.0,Debit,Utilities,0.09999999999999998,Utilities Expense,Utilities Expense Dr | To Bank,Expense,OK,B2B,700.2,350.1,350.1,REVIEW
14-Apr-25,SBI OD A/C- 6791,0.0,1650000.0,1650000.0,Credit,Asset,0.09999999999999998,Fixed Asset,Fixed Asset Dr | To Bank,Asset,REVIEW,B2B,297000.0,148500.0,148500.0,REVIEW
14-Apr-25,PF PAYABLE,1471342.0,0.0,1471342.0,Debit,Asset,0.09999999999999998,Fixed Asset,Fixed Asset Dr | To Bank,Asset,REVIEW,B2B,264841.56,132420.78,132420.78,REVIEW
14-Apr-25,Esic Payable,69594.0,0.0,69594.0,Debit,Asset,0.09999999999999998,Fixed Asset,Fixed Asset Dr | To Bank,Asset,REVIEW,B2B,12526.92,6263.46,6263.46,REVIEW
15-Apr-25,MUSKAN ENTERPRISE,1475.0,0.0,1475.0,Debit,Asset,0.09999999999999998,Fixed Asset,Fixed Asset Dr | To Bank,Asset,REVIEW,B2B,265.5,132.75,132.75,REVIEW
15-Apr-25,RAJA PROPERTIES & CONSTRUCTION,63000.0,0.0,63000.0,Debit,Asset,0.09999999999999998,Fixed Asset,Fixed Asset Dr | To Bank,Asset,REVIEW,B2B,11340.0,5670.0,5670.0,REVIEW
15-Apr-25,CONVEYANCE EXPENSES,2057.0,0.0,2057.0,Debit,Asset,0.7281419932878501,Fixed Asset,Fixed Asset Dr | To Bank,Asset,REVIEW,Debit Note,370.26,185.13,185.13,OK
15-Apr-25,COL  SUNIL DALAL (PROPRIETOR),0.0,100000.0,100000.0,Credit,Asset,0.09999999999999998,Fixed Asset,Fixed Asset Dr | To Bank,Asset,REVIEW,B2B,18000.0,9000.0,9000.0,REVIEW
15-Apr-25,STATIONERY FOR OFFICE,1250.0,0.0,1250.0,Debit,Asset,0.501040898307841,Fixed Asset,Fixed Asset Dr | To Bank,Asset,REVIEW,Debit Note,225.0,112.5,112.5,REVIEW
15-Apr-25,Uniform Expense,17721.0,0.0,17721.0,Debit,Marketing,0.09999999999999998,Marketing Expense,Marketing Expense Dr | To Bank,Expense,REVIEW,B2B,3189.78,1594.89,1594.89,REVIEW
15-Apr-25,RENT DELHI OFFICE,70000.0,0.0,70000.0,Debit,Rent,0.09999999999999998,Rent Expense,Rent Expense Dr | To Bank,Expense,OK,B2B,12600.0,6300.0,6300.0,REVIEW
15-Apr-25,"EXECUTIVE ENGR, HCD 10",226654.0,0.0,226654.0,Debit,Asset,0.09999999999999998,Fixed Asset,Fixed Asset Dr | To Bank,Asset,REVIEW,B2B,40797.72,20398.86,20398.86,REVIEW
15-Apr-25,Ex Engineer NPD 8,95423.0,0.0,95423.0,Debit,Asset,0.09999999999999998,Fixed Asset,Fixed Asset Dr | To Bank,Asset,REVIEW,B2B,17176.14,8588.07,8588.07,REVIEW
16-Apr-25,MASTER RUBER WORKSS,19848.0,0.0,19848.0,Debit,Asset,0.09999999999999998,Fixed Asset,Fixed Asset Dr | To Bank,Asset,REVIEW,B2B,3572.64,1786.32,1786.32,REVIEW
16-Apr-25,ASIAR SOLUTIONS PVT LTD DELHI 2025-26,66080.0,0.0,66080.0,Debit,Asset,0.6681878861830516,Fixed Asset,Fixed Asset Dr | To Bank,Asset,REVIEW,B2B,11894.4,5947.2,5947.2,REVIEW
16-Apr-25,COL  SUNIL DALAL (PROPRIETOR),0.0,50000.0,50000.0,Credit,Asset,0.09999999999999998,Fixed Asset,Fixed Asset Dr | To Bank,Asset,REVIEW,B2B,9000.0,4500.0,4500.0,REVIEW
16-Apr-25,ASIAR SOLUTIONS PVT LTD DELHI 2025-26,0.0,66080.0,66080.0,Credit,Asset,0.6681878861830516,Fixed Asset,Fixed Asset Dr | To Bank,Asset,REVIEW,B2B,11894.4,5947.2,5947.2,REVIEW
17-Apr-25,SBI BANK- 54238,0.0,1650000.0,1650000.0,Credit,Bank Charges,0.7364774865051836,Bank Charges Expense,Bank Charges Expense Dr | To Bank,Expense,OK,GST Payment,297000.0,148500.0,148500.0,OK
17-Apr-25,Common Other Misc. Services,25000.0,0.0,25000.0,Debit,Asset,0.09999999999999998,Fixed Asset,Fixed Asset Dr | To Bank,Asset,REVIEW,B2B,4500.0,2250.0,2250.0,REVIEW
17-Apr-25,COL  SUNIL DALAL (PROPRIETOR),1630000.0,0.0,1630000.0,Debit,Asset,0.09999999999999998,Fixed Asset,Fixed Asset Dr | To Bank,Asset,REVIEW,B2B,293400.0,146700.0,146700.0,REVIEW
17-Apr-25,LTS ROAD SAFETY,1263.0,0.0,1263.0,Debit,Asset,0.09999999999999998,Fixed Asset,Fixed Asset Dr | To Bank,Asset,REVIEW,B2B,227.34,113.67,113.67,REVIEW
17-Apr-25,Sub Regional Office Esic,0.0,769885.0,769885.0,Credit,Asset,0.09999999999999998,Fixed Asset,Fixed Asset Dr | To Bank,Asset,REVIEW,B2B,138579.3,69289.65,69289.65,REVIEW
17-Apr-25,MAHANAGAR  TELEPHONE NIGAM LTD,0.0,1226280.0,1226280.0,Credit,Utilities,0.3718113284165679,Utilities Expense,Utilities Expense Dr | To Bank,Expense,OK,B2B,220730.4,110365.2,110365.2,REVIEW
17-Apr-25,Bharat Sanchar Nigam Limited,0.0,1220122.0,1220122.0,Credit,Asset,0.09999999999999998,Fixed Asset,Fixed Asset Dr | To Bank,Asset,REVIEW,B2B,219621.96,109810.98,109810.98,REVIEW
17-Apr-25,Office  Equipments,1070.0,0.0,1070.0,Debit,Asset,0.09999999999999998,Fixed Asset,Fixed Asset Dr | To Bank,Asset,REVIEW,B2B,192.6,96.3,96.3,REVIEW
18-Apr-25,GST PAYABLE,2233270.0,0.0,2233270.0,Debit,GST,0.4642212308239418,GST Payable,GST Payable Dr | To Bank,Liability,OK,GST Refund,401988.6,200994.3,200994.3,REVIEW
19-Apr-25,Other Expenses,6000.0,0.0,6000.0,Debit,Asset,0.7281419932878501,Fixed Asset,Fixed Asset Dr | To Bank,Asset,REVIEW,Debit Note,1080.0,540.0,540.0,OK
19-Apr-25,MAHANAGAR  TELEPHONE NIGAM LTD,0.0,66681.0,66681.0,Credit,Utilities,0.3718113284165679,Utilities Expense,Utilities Expense Dr | To Bank,Expense,OK,B2B,12002.58,6001.29,6001.29,REVIEW
20-Apr-25,UPI-The Dinners Club,1066.0,0.0,1066.0,Debit,Asset,0.09999999999999998,Fixed Asset,Fixed Asset Dr | To Bank,Asset,REVIEW,B2B,191.88,95.94,95.94,REVIEW
20-Apr-25,Miscellaneous,274.0,0.0,274.0,Debit,Asset,0.09999999999999998,Fixed Asset,Fixed Asset Dr | To Bank,Asset,REVIEW,B2B,49.32,24.66,24.66,REVIEW
20-Apr-25,Other Expenses,518.0,0.0,518.0,Debit,Asset,0.7281419932878501,Fixed Asset,Fixed Asset Dr | To Bank,Asset,REVIEW,Debit Note,93.24,46.62,46.62,OK
20-Apr-25,Miscellaneous,1066.0,0.0,1066.0,Debit,Asset,0.09999999999999998,Fixed Asset,Fixed Asset Dr | To Bank,Asset,REVIEW,B2B,191.88,95.94,95.94,REVIEW
21-Apr-25,Haryana Offfice Rent,9000.0,0.0,9000.0,Debit,Rent,0.09999999999999998,Rent Expense,Rent Expense Dr | To Bank,Expense,OK,B2B,1620.0,810.0,810.0,REVIEW
21-Apr-25,UP Office Rent,4500.0,0.0,4500.0,Debit,Rent,0.09999999999999998,Rent Expense,Rent Expense Dr | To Bank,Expense,OK,B2B,810.0,405.0,405.0,REVIEW
21-Apr-25,IT SYSTEMS,10200.0,0.0,10200.0,Debit,Asset,0.6872998236737516,Fixed Asset,Fixed Asset Dr | To Bank,Asset,REVIEW,Export,1836.0,918.0,918.0,REVIEW
21-Apr-25,A.K. TECH,2950.0,0.0,2950.0,Debit,Asset,0.5642396285884725,Fixed Asset,Fixed Asset Dr | To Bank,Asset,REVIEW,B2B,531.0,265.5,265.5,REVIEW
21-Apr-25,INCOME TAX,15000.0,0.0,15000.0,Debit,GST,0.4452796264190966,GST Payable,GST Payable Dr | To Bank,Liability,REVIEW,GST Payment,2700.0,1350.0,1350.0,REVIEW
21-Apr-25,Fisheries Animal Husbandry and Dairying,0.0,122452.0,122452.0,Credit,Asset,0.09999999999999998,Fixed Asset,Fixed Asset Dr | To Bank,Asset,REVIEW,B2B,22041.36,11020.68,11020.68,REVIEW
21-Apr-25,PRINTING AND STATIONARY,10200.0,0.0,10200.0,Debit,Asset,0.09999999999999998,Fixed Asset,Fixed Asset Dr | To Bank,Asset,REVIEW,B2B,1836.0,918.0,918.0,REVIEW
22-Apr-25,SBI BANK- 54238,0.0,200000.0,200000.0,Credit,Bank Charges,0.7364774865051836,Bank Charges Expense,Bank Charges Expense Dr | To Bank,Expense,OK,GST Payment,36000.0,18000.0,18000.0,OK
22-Apr-25,A.K.R.K. STEEL,4500.0,0.0,4500.0,Debit,Asset,0.5113323845651636,Fixed Asset,Fixed Asset Dr | To Bank,Asset,REVIEW,B2B,810.0,405.0,405.0,REVIEW
22-Apr-25,ELEGANT APPARELS,37852.0,0.0,37852.0,Debit,Asset,0.09999999999999998,Fixed Asset,Fixed Asset Dr | To Bank,Asset,REVIEW,B2B,6813.36,3406.68,3406.68,REVIEW
22-Apr-25,PRINTING AND STATIONARY,125.0,0.0,125.0,Debit,Asset,0.09999999999999998,Fixed Asset,Fixed Asset Dr | To Bank,Asset,REVIEW,B2B,22.5,11.25,11.25,REVIEW
22-Apr-25,Office  Equipments,4017.86,0.0,4017.86,Debit,Asset,0.09999999999999998,Fixed Asset,Fixed Asset Dr | To Bank,Asset,REVIEW,B2B,723.21,361.61,361.61,REVIEW
22-Apr-25,Uniform Expense,36050.0,0.0,36050.0,Debit,Marketing,0.09999999999999998,Marketing Expense,Marketing Expense Dr | To Bank,Expense,REVIEW,B2B,6489.0,3244.5,3244.5,REVIEW
23-Apr-25,SBI BANK- 54238,0.0,2033180.0,2033180.0,Credit,Bank Charges,0.7364774865051836,Bank Charges Expense,Bank Charges Expense Dr | To Bank,Expense,OK,GST Payment,365972.4,182986.2,182986.2,OK
23-Apr-25,Airtel Postpaid Bill (Wifi),7016.1,0.0,7016.1,Debit,Utilities,0.8402233707166438,Utilities Expense,Utilities Expense Dr | To Bank,Expense,OK,B2C,1262.9,631.45,631.45,OK
23-Apr-25,Airtel Postpaid Bill (Wifi),7000.37,0.0,7000.37,Debit,Utilities,0.8402233707166438,Utilities Expense,Utilities Expense Dr | To Bank,Expense,OK,B2C,1260.07,630.03,630.03,OK
23-Apr-25,BANK CHARGES,5.9,0.0,5.9,Debit,Bank Charges,0.34234595217777647,Bank Charges Expense,Bank Charges Expense Dr | To Bank,Expense,OK,GST Payment,1.06,0.53,0.53,REVIEW
23-Apr-25,COL  SUNIL DALAL (PROPRIETOR),2635000.0,0.0,2635000.0,Debit,Asset,0.09999999999999998,Fixed Asset,Fixed Asset Dr | To Bank,Asset,REVIEW,B2B,474300.0,237150.0,237150.0,REVIEW
23-Apr-25,Ex Engineer NPD 8,0.0,665959.0,665959.0,Credit,Asset,0.09999999999999998,Fixed Asset,Fixed Asset Dr | To Bank,Asset,REVIEW,B2B,119872.62,59936.31,59936.31,REVIEW
23-Apr-25,EX. ENGR  NPD 6,0.0,4003199.0,4003199.0,Credit,Asset,0.09999999999999998,Fixed Asset,Fixed Asset Dr | To Bank,Asset,REVIEW,B2B,720575.82,360287.91,360287.91,REVIEW
23-Apr-25,COL  SUNIL DALAL (PROPRIETOR),0.0,50000.0,50000.0,Credit,Asset,0.09999999999999998,Fixed Asset,Fixed Asset Dr | To Bank,Asset,REVIEW,B2B,9000.0,4500.0,4500.0,REVIEW
23-Apr-25,TDS Receivable @ 2%,72097.0,0.0,72097.0,Debit,Asset,0.09999999999999998,Fixed Asset,Fixed Asset Dr | To Bank,Asset,REVIEW,B2B,12977.46,6488.73,6488.73,REVIEW
24-Apr-25,MAHANAGAR  TELEPHONE NIGAM LTD,0.0,69205.0,69205.0,Credit,Utilities,0.3718113284165679,Utilities Expense,Utilities Expense Dr | To Bank,Expense,OK,B2B,12456.9,6228.45,6228.45,REVIEW
25-Apr-25,COL  SUNIL DALAL (PROPRIETOR),4480000.0,0.0,4480000.0,Debit,Asset,0.09999999999999998,Fixed Asset,Fixed Asset Dr | To Bank,Asset,REVIEW,B2B,806400.0,403200.0,403200.0,REVIEW
25-Apr-25,FDR Interest,0.0,14095.0,14095.0,Credit,Asset,0.09999999999999998,Fixed Asset,Fixed Asset Dr | To Bank,Asset,REVIEW,B2B,2537.1,1268.55,1268.55,REVIEW
25-Apr-25,"Dy. Director, Hort 5",0.0,214370.0,214370.0,Credit,Asset,0.7769971290038511,Fixed Asset,Fixed Asset Dr | To Bank,Asset,REVIEW,Reverse Charge,38586.6,19293.3,19293.3,OK
25-Apr-25,"Dy. Director, Hort 5",0.0,318240.0,318240.0,Credit,Asset,0.7769971290038511,Fixed Asset,Fixed Asset Dr | To Bank,Asset,REVIEW,Reverse Charge,57283.2,28641.6,28641.6,OK
25-Apr-25,"Dy. Director, Hort 5",0.0,90893.0,90893.0,Credit,Asset,0.7769971290038511,Fixed Asset,Fixed Asset Dr | To Bank,Asset,REVIEW,Reverse Charge,16360.74,8180.37,8180.37,OK
25-Apr-25,"Dy. Director, Hort 5",0.0,648302.0,648302.0,Credit,Asset,0.7769971290038511,Fixed Asset,Fixed Asset Dr | To Bank,Asset,REVIEW,Reverse Charge,116694.36,58347.18,58347.18,OK
25-Apr-25,HORT DIV  9,0.0,384593.0,384593.0,Credit,Asset,0.09999999999999998,Fixed Asset,Fixed Asset Dr | To Bank,Asset,REVIEW,B2B,69226.74,34613.37,34613.37,REVIEW
25-Apr-25,DY DIRECTOR(HOR) DIV 6,0.0,132750.0,132750.0,Credit,Asset,0.7769971290038511,Fixed Asset,Fixed Asset Dr | To Bank,Asset,REVIEW,Reverse Charge,23895.0,11947.5,11947.5,OK
25-Apr-25,HORT DIV  9,0.0,630038.0,630038.0,Credit,Asset,0.09999999999999998,Fixed Asset,Fixed Asset Dr | To Bank,Asset,REVIEW,B2B,113406.84,56703.42,56703.42,REVIEW
25-Apr-25,HORT DIV  9,0.0,1974879.0,1974879.0,Credit,Asset,0.09999999999999998,Fixed Asset,Fixed Asset Dr | To Bank,Asset,REVIEW,B2B,355478.22,177739.11,177739.11,REVIEW
26-Apr-25,CONVEYANCE EXPENSES,1680.0,0.0,1680.0,Debit,Asset,0.7281419932878501,Fixed Asset,Fixed Asset Dr | To Bank,Asset,REVIEW,Debit Note,302.4,151.2,151.2,OK
26-Apr-25,CONVEYANCE EXPENSES,1680.0,0.0,1680.0,Debit,Asset,0.7281419932878501,Fixed Asset,Fixed Asset Dr | To Bank,Asset,REVIEW,Debit Note,302.4,151.2,151.2,OK
28-Apr-25,SBI OD A/C- 6791,0.0,250000.0,250000.0,Credit,Asset,0.09999999999999998,Fixed Asset,Fixed Asset Dr | To Bank,Asset,REVIEW,B2B,45000.0,22500.0,22500.0,REVIEW
28-Apr-25,ELEGANT APPARELS,15937.0,0.0,15937.0,Debit,Asset,0.09999999999999998,Fixed Asset,Fixed Asset Dr | To Bank,Asset,REVIEW,B2B,2868.66,1434.33,1434.33,REVIEW
29-Apr-25,PG Sukhdev College,247561.0,0.0,247561.0,Debit,Asset,0.09999999999999998,Fixed Asset,Fixed Asset Dr | To Bank,Asset,REVIEW,B2B,44560.98,22280.49,22280.49,REVIEW
29-Apr-25,QUTAB GOLF COURSE,0.0,1723736.0,1723736.0,Credit,Asset,0.09999999999999998,Fixed Asset,Fixed Asset Dr | To Bank,Asset,REVIEW,B2B,310272.48,155136.24,155136.24,REVIEW
29-Apr-25,TDS Receivable @ 2%,37884.0,0.0,37884.0,Debit,Asset,0.09999999999999998,Fixed Asset,Fixed Asset Dr | To Bank,Asset,REVIEW,B2B,6819.12,3409.56,3409.56,REVIEW
30-Apr-25,SBI BANK- 54238,0.0,250000.0,250000.0,Credit,Bank Charges,0.7364774865051836,Bank Charges Expense,Bank Charges Expense Dr | To Bank,Expense,OK,GST Payment,45000.0,22500.0,22500.0,OK
30-Apr-25,COL  SUNIL DALAL (PROPRIETOR),1470000.0,0.0,1470000.0,Debit,Asset,0.09999999999999998,Fixed Asset,Fixed Asset Dr | To Bank,Asset,REVIEW,B2B,264600.0,132300.0,132300.0,REVIEW
30-Apr-25,COL  SUNIL DALAL (PROPRIETOR),348000.0,0.0,348000.0,Debit,Asset,0.09999999999999998,Fixed Asset,Fixed Asset Dr | To Bank,Asset,REVIEW,B2B,62640.0,31320.0,31320.0,REVIEW
30-Apr-25,CONVEYANCE EXPENSES,1684.0,0.0,1684.0,Debit,Asset,0.7281419932878501,Fixed Asset,Fixed Asset Dr | To Bank,Asset,REVIEW,Debit Note,303.12,151.56,151.56,OK
30-Apr-25,Diesel and Petrol Charges,34977.66,0.0,34977.66,Debit,Bank Charges,0.4771037584455656,Bank Charges Expense,Bank Charges Expense Dr | To Bank,Expense,REVIEW,Debit Note,6295.98,3147.99,3147.99,REVIEW
30-Apr-25,Interest,5126.0,0.0,5126.0,Debit,Asset,0.09999999999999998,Fixed Asset,Fixed Asset Dr | To Bank,Asset,REVIEW,B2B,922.68,461.34,461.34,REVIEW
30-Apr-25,QUTAB GOLF COURSE,0.0,340959.0,340959.0,Credit,Asset,0.09999999999999998,Fixed Asset,Fixed Asset Dr | To Bank,Asset,REVIEW,B2B,61372.62,30686.31,30686.31,REVIEW
30-Apr-25,THE RIGHT CHOICE,0.0,5873.0,5873.0,Credit,Asset,0.09999999999999998,Fixed Asset,Fixed Asset Dr | To Bank,Asset,REVIEW,B2B,1057.14,528.57,528.57,REVIEW
30-Apr-25,Salary,12675939.1,0.0,12675939.1,Debit,Payroll,0.09999999999999998,Salary Expense,Salary Expense Dr | To Bank,Expense,OK,B2B,2281669.04,1140834.52,1140834.52,REVIEW
30-Apr-25,PF Employer Contribution,676945.0,0.0,676945.0,Debit,Asset,0.09999999999999998,Fixed Asset,Fixed Asset Dr | To Bank,Asset,REVIEW,B2B,121850.1,60925.05,60925.05,REVIEW
30-Apr-25,ESIC Employers Contribution,47632.52,0.0,47632.52,Debit,Asset,0.09999999999999998,Fixed Asset,Fixed Asset Dr | To Bank,Asset,REVIEW,B2B,8573.85,4286.93,4286.93,REVIEW
30-Apr-25,OUTPUT CGST@9%,452186.66,0.0,452186.66,Debit,Asset,0.09999999999999998,Fixed Asset,Fixed Asset Dr | To Bank,Asset,REVIEW,B2B,81393.6,40696.8,40696.8,REVIEW
30-Apr-25,TDS Credit CGST,130255.0,0.0,130255.0,Debit,Asset,0.9063700918777899,Fixed Asset,Fixed Asset Dr | To Bank,Asset,REVIEW,Credit Note,23445.9,11722.95,11722.95,OK
30-Apr-25,Salary,65000.0,0.0,65000.0,Debit,Payroll,0.09999999999999998,Salary Expense,Salary Expense Dr | To Bank,Expense,OK,B2B,11700.0,5850.0,5850.0,REVIEW
01-May-25,SBI OD A/C- 6791,0.0,7350000.0,7350000.0,Credit,Asset,0.09999999999999998,Fixed Asset,Fixed Asset Dr | To Bank,Asset,REVIEW,B2B,1323000.0,661500.0,661500.0,REVIEW
01-May-25,Miscellaneous,14160.0,0.0,14160.0,Debit,Asset,0.09999999999999998,Fixed Asset,Fixed Asset Dr | To Bank,Asset,REVIEW,B2B,2548.8,1274.4,1274.4,REVIEW
01-May-25,Salary,172000.0,0.0,172000.0,Debit,Payroll,0.09999999999999998,Salary Expense,Salary Expense Dr | To Bank,Expense,OK,B2B,30960.0,15480.0,15480.0,REVIEW
01-May-25,SALARY PAYABLE,5605672.0,0.0,5605672.0,Debit,Payroll,0.09999999999999998,Salary Expense,Salary Expense Dr | To Bank,Expense,OK,B2B,1009020.96,504510.48,504510.48,REVIEW
01-May-25,COL  SUNIL DALAL (PROPRIETOR),0.0,250000.0,250000.0,Credit,Asset,0.09999999999999998,Fixed Asset,Fixed Asset Dr | To Bank,Asset,REVIEW,B2B,45000.0,22500.0,22500.0,REVIEW
01-May-25,SALARY PAYABLE,0.0,14615.0,14615.0,Credit,Payroll,0.09999999999999998,Salary Expense,Salary Expense Dr | To Bank,Expense,OK,B2B,2630.7,1315.35,1315.35,REVIEW
01-May-25,Vehicle Hire Charges,49000.0,0.0,49000.0,Debit,Asset,0.4771037584455656,Fixed Asset,Fixed Asset Dr | To Bank,Asset,REVIEW,Debit Note,8820.0,4410.0,4410.0,REVIEW
01-May-25,EX. ENGR  NPD 6,4397931.31,0.0,4397931.31,Debit,Asset,0.09999999999999998,Fixed Asset,Fixed Asset Dr | To Bank,Asset,REVIEW,B2B,791627.64,395813.82,395813.82,REVIEW
01-May-25,Dwarka Project  Division 1,2366910.24,0.0,2366910.24,Debit,Asset,0.09999999999999998,Fixed Asset,Fixed Asset Dr | To Bank,Asset,REVIEW,B2B,426043.84,213021.92,213021.92,REVIEW
01-May-25,Hort DWK,2870685.12,0.0,2870685.12,Debit,Asset,0.09999999999999998,Fixed Asset,Fixed Asset Dr | To Bank,Asset,REVIEW,B2B,516723.32,258361.66,258361.66,REVIEW
01-May-25,QUTAB GOLF COURSE,2224289.98,0.0,2224289.98,Debit,Asset,0.09999999999999998,Fixed Asset,Fixed Asset Dr | To Bank,Asset,REVIEW,B2B,400372.2,200186.1,200186.1,REVIEW
01-May-25,Sub Regional Office Esic,814749.04,0.0,814749.04,Debit,Asset,0.09999999999999998,Fixed Asset,Fixed Asset Dr | To Bank,Asset,REVIEW,B2B,146654.83,73327.41,73327.41,REVIEW
01-May-25,Bharat Sanchar Nigam Limited,1271912.66,0.0,1271912.66,Debit,Asset,0.09999999999999998,Fixed Asset,Fixed Asset Dr | To Bank,Asset,REVIEW,B2B,228944.28,114472.14,114472.14,REVIEW
01-May-25,DEPARTMENT OF SPACE,385435.94,0.0,385435.94,Debit,Asset,0.3891124283615845,Fixed Asset,Fixed Asset Dr | To Bank,Asset,REVIEW,GST Refund,69378.47,34689.23,34689.23,REVIEW
01-May-25,Fisheries Animal Husbandry and Dairying,134022.83,0.0,134022.83,Debit,Asset,0.09999999999999998,Fixed Asset,Fixed Asset Dr | To Bank,Asset,REVIEW,B2B,24124.11,12062.05,12062.05,REVIEW
01-May-25,"DEPUTY DIRECTOR, HORT . DIVN 8",2184216.72,0.0,2184216.72,Debit,Asset,0.7769971290038511,Fixed Asset,Fixed Asset Dr | To Bank,Asset,REVIEW,Reverse Charge,393159.01,196579.5,196579.5,OK
01-May-25,DY.DIRECTOR  HR   DIV  7,2482059.2,0.0,2482059.2,Debit,Asset,0.7769971290038511,Fixed Asset,Fixed Asset Dr | To Bank,Asset,REVIEW,Reverse Charge,446770.66,223385.33,223385.33,OK
01-May-25,HORT DIV  9,1533015.18,0.0,1533015.18,Debit,Asset,0.09999999999999998,Fixed Asset,Fixed Asset Dr | To Bank,Asset,REVIEW,B2B,275942.73,137971.37,137971.37,REVIEW
01-May-25,DY DIRECTOR(HOR) DIV 6,2039757.44,0.0,2039757.44,Debit,Asset,0.7769971290038511,Fixed Asset,Fixed Asset Dr | To Bank,Asset,REVIEW,Reverse Charge,367156.34,183578.17,183578.17,OK
02-May-25,SBI OD A/C- 6791,0.0,1900000.0,1900000.0,Credit,Asset,0.09999999999999998,Fixed Asset,Fixed Asset Dr | To Bank,Asset,REVIEW,B2B,342000.0,171000.0,171000.0,REVIEW
02-May-25,Miscellaneous,5000.0,0.0,5000.0,Debit,Asset,0.09999999999999998,Fixed Asset,Fixed Asset Dr | To Bank,Asset,REVIEW,B2B,900.0,450.0,450.0,REVIEW
02-May-25,Bharat Sanchar Nigam Limited,0.0,1271912.66,1271912.66,Credit,Asset,0.09999999999999998,Fixed Asset,Fixed Asset Dr | To Bank,Asset,REVIEW,B2B,228944.28,114472.14,114472.14,REVIEW
03-May-25,SARASWATI ENTERPRISES,5458.0,0.0,5458.0,Debit,Asset,0.09999999999999998,Fixed Asset,Fixed Asset Dr | To Bank,Asset,REVIEW,B2B,982.44,491.22,491.22,REVIEW
03-May-25,Electricity Expenses,5050.0,0.0,5050.0,Debit,Utilities,0.7281419932878501,Utilities Expense,Utilities Expense Dr | To Bank,Expense,OK,Debit Note,909.0,454.5,454.5,OK
03-May-25,ROHIT TIWARI,42927.0,0.0,42927.0,Debit,Asset,0.09999999999999998,Fixed Asset,Fixed Asset Dr | To Bank,Asset,REVIEW,B2B,7726.86,3863.43,3863.43,REVIEW
03-May-25,THE RIGHT CHOICE,5873.0,0.0,5873.0,Debit,Asset,0.09999999999999998,Fixed Asset,Fixed Asset Dr | To Bank,Asset,REVIEW,B2B,1057.14,528.57,528.57,REVIEW
03-May-25,Miscellaneous,2500.0,0.0,2500.0,Debit,Asset,0.09999999999999998,Fixed Asset,Fixed Asset Dr | To Bank,Asset,REVIEW,B2B,450.0,225.0,225.0,REVIEW
03-May-25,SALARY PAYABLE,1505517.0,0.0,1505517.0,Debit,Payroll,0.09999999999999998,Salary Expense,Salary Expense Dr | To Bank,Expense,OK,B2B,270993.06,135496.53,135496.53,REVIEW
03-May-25,TAX DEDUCTED SOURCES 94C,490.0,0.0,490.0,Debit,GST,0.4452796264190966,GST Payable,GST Payable Dr | To Bank,Liability,REVIEW,GST Payment,88.2,44.1,44.1,REVIEW
03-May-25,COL  SUNIL DALAL (PROPRIETOR),0.0,50000.0,50000.0,Credit,Asset,0.09999999999999998,Fixed Asset,Fixed Asset Dr | To Bank,Asset,REVIEW,B2B,9000.0,4500.0,4500.0,REVIEW
04-May-25,AIRTEL POSTPAID BILL,1829.0,0.0,1829.0,Debit,Utilities,0.8402233707166438,Utilities Expense,Utilities Expense Dr | To Bank,Expense,OK,B2C,329.22,164.61,164.61,OK
05-May-25,BANK CHARGES,5.9,0.0,5.9,Debit,Bank Charges,0.34234595217777647,Bank Charges Expense,Bank Charges Expense Dr | To Bank,Expense,OK,GST Payment,1.06,0.53,0.53,REVIEW
05-May-25,CONVEYANCE EXPENSES,10675.0,0.0,10675.0,Debit,Asset,0.7281419932878501,Fixed Asset,Fixed Asset Dr | To Bank,Asset,REVIEW,Debit Note,1921.5,960.75,960.75,OK
06-May-25,Expertsoul Consultancy Services,21830.0,0.0,21830.0,Debit,Professional Fees,0.09999999999999998,Manual Review,Manual Journal Required,Unknown,OK,B2B,3929.4,1964.7,1964.7,REVIEW
06-May-25,SAMPURAN FURNITURE,9200.0,0.0,9200.0,Debit,Asset,0.09999999999999998,Fixed Asset,Fixed Asset Dr | To Bank,Asset,OK,B2B,1656.0,828.0,828.0,REVIEW
06-May-25,GOVERNMENT MARKETPLACE (GEM),92055.91,0.0,92055.91,Debit,Asset,0.09999999999999998,Fixed Asset,Fixed Asset Dr | To Bank,Asset,REVIEW,B2B,16570.06,8285.03,8285.03,REVIEW
06-May-25,GOVERNMENT MARKETPLACE (GEM),33932.25,0.0,33932.25,Debit,Asset,0.09999999999999998,Fixed Asset,Fixed Asset Dr | To Bank,Asset,REVIEW,B2B,6107.81,3053.9,3053.9,REVIEW
06-May-25,"PAO, DDA",23720.0,0.0,23720.0,Debit,Asset,0.09999999999999998,Fixed Asset,Fixed Asset Dr | To Bank,Asset,REVIEW,B2B,4269.6,2134.8,2134.8,REVIEW
06-May-25,COL  SUNIL DALAL (PROPRIETOR),0.0,50000.0,50000.0,Credit,Asset,0.09999999999999998,Fixed Asset,Fixed Asset Dr | To Bank,Asset,REVIEW,B2B,9000.0,4500.0,4500.0,REVIEW
06-May-25,COL  SUNIL DALAL (PROPRIETOR),0.0,100000.0,100000.0,Credit,Asset,0.09999999999999998,Fixed Asset,Fixed Asset Dr | To Bank,Asset,REVIEW,B2B,18000.0,9000.0,9000.0,REVIEW
06-May-25,SAMPURAN FURNITURE,0.0,9200.0,9200.0,Credit,Asset,0.09999999999999998,Fixed Asset,Fixed Asset Dr | To Bank,Asset,OK,B2B,1656.0,828.0,828.0,REVIEW
06-May-25,Licenses,18500.0,0.0,18500.0,Debit,Asset,0.09999999999999998,Fixed Asset,Fixed Asset Dr | To Bank,Asset,REVIEW,B2B,3330.0,1665.0,1665.0,REVIEW
06-May-25,Annual Milestone Charges,10000.0,0.0,10000.0,Debit,Bank Charges,0.4771037584455656,Bank Charges Expense,Bank Charges Expense Dr | To Bank,Expense,REVIEW,Debit Note,1800.0,900.0,900.0,REVIEW
06-May-25,Annual Maintainance Charge,23600.0,0.0,23600.0,Debit,Asset,0.827070856053993,Fixed Asset,Fixed Asset Dr | To Bank,Asset,REVIEW,Reverse Charge,4248.0,2124.0,2124.0,OK
06-May-25,TRANSACTION CHARGES,79854.34,0.0,79854.34,Debit,Bank Charges,0.4771037584455656,Bank Charges Expense,Bank Charges Expense Dr | To Bank,Expense,OK,Debit Note,14373.78,7186.89,7186.89,REVIEW
07-May-25,Other Expenses,2769.0,0.0,2769.0,Debit,Asset,0.7281419932878501,Fixed Asset,Fixed Asset Dr | To Bank,Asset,REVIEW,Debit Note,498.42,249.21,249.21,OK
07-May-25,COL  SUNIL DALAL (PROPRIETOR),0.0,900000.0,900000.0,Credit,Asset,0.09999999999999998,Fixed Asset,Fixed Asset Dr | To Bank,Asset,REVIEW,B2B,162000.0,81000.0,81000.0,REVIEW
07-May-25,Dwarka Project  Division 1,0.0,379452.0,379452.0,Credit,Asset,0.09999999999999998,Fixed Asset,Fixed Asset Dr | To Bank,Asset,REVIEW,B2B,68301.36,34150.68,34150.68,REVIEW
08-May-25,SBI BANK- 54238,0.0,3153000.0,3153000.0,Credit,Bank Charges,0.7364774865051836,Bank Charges Expense,Bank Charges Expense Dr | To Bank,Expense,OK,GST Payment,567540.0,283770.0,283770.0,OK
08-May-25,SBI BANK- 54238,0.0,2248000.0,2248000.0,Credit,Bank Charges,0.7364774865051836,Bank Charges Expense,Bank Charges Expense Dr | To Bank,Expense,OK,GST Payment,404640.0,202320.0,202320.0,OK
08-May-25,Salary,10100.0,0.0,10100.0,Debit,Payroll,0.09999999999999998,Salary Expense,Salary Expense Dr | To Bank,Expense,OK,B2B,1818.0,909.0,909.0,REVIEW
08-May-25,SALARY PAYABLE,20000.0,0.0,20000.0,Debit,Payroll,0.09999999999999998,Salary Expense,Salary Expense Dr | To Bank,Expense,OK,B2B,3600.0,1800.0,1800.0,REVIEW
08-May-25,SALARY PAYABLE,14615.0,0.0,14615.0,Debit,Payroll,0.09999999999999998,Salary Expense,Salary Expense Dr | To Bank,Expense,OK,B2B,2630.7,1315.35,1315.35,REVIEW
08-May-25,SALARY PAYABLE,15200.0,0.0,15200.0,Debit,Payroll,0.09999999999999998,Salary Expense,Salary Expense Dr | To Bank,Expense,OK,B2B,2736.0,1368.0,1368.0,REVIEW
08-May-25,PG NCLAT,887270.0,0.0,887270.0,Debit,Asset,0.09999999999999998,Fixed Asset,Fixed Asset Dr | To Bank,Asset,REVIEW,B2B,159708.6,79854.3,79854.3,REVIEW
08-May-25,CONVEYANCE EXPENSES,1144.0,0.0,1144.0,Debit,Asset,0.7281419932878501,Fixed Asset,Fixed Asset Dr | To Bank,Asset,REVIEW,Debit Note,205.92,102.96,102.96,OK
08-May-25,CONVEYANCE EXPENSES,2148.0,0.0,2148.0,Debit,Asset,0.7281419932878501,Fixed Asset,Fixed Asset Dr | To Bank,Asset,REVIEW,Debit Note,386.64,193.32,193.32,OK
08-May-25,COL  SUNIL DALAL (PROPRIETOR),0.0,60000.0,60000.0,Credit,Asset,0.09999999999999998,Fixed Asset,Fixed Asset Dr | To Bank,Asset,REVIEW,B2B,10800.0,5400.0,5400.0,REVIEW
08-May-25,Hort DWK,0.0,437901.0,437901.0,Credit,Asset,0.09999999999999998,Fixed Asset,Fixed Asset Dr | To Bank,Asset,REVIEW,B2B,78822.18,39411.09,39411.09,REVIEW
08-May-25,Hort DWK,0.0,437901.0,437901.0,Credit,Asset,0.09999999999999998,Fixed Asset,Fixed Asset Dr | To Bank,Asset,REVIEW,B2B,78822.18,39411.09,39411.09,REVIEW
08-May-25,Hort DWK,0.0,206489.0,206489.0,Credit,Asset,0.09999999999999998,Fixed Asset,Fixed Asset Dr | To Bank,Asset,REVIEW,B2B,37168.02,18584.01,18584.01,REVIEW
08-May-25,Hort DWK,0.0,207639.0,207639.0,Credit,Asset,0.09999999999999998,Fixed Asset,Fixed Asset Dr | To Bank,Asset,REVIEW,B2B,37375.02,18687.51,18687.51,REVIEW
08-May-25,Hort DWK,0.0,102989.0,102989.0,Credit,Asset,0.09999999999999998,Fixed Asset,Fixed Asset Dr | To Bank,Asset,REVIEW,B2B,18538.02,9269.01,9269.01,REVIEW
08-May-25,Hort DWK,0.0,206489.0,206489.0,Credit,Asset,0.09999999999999998,Fixed Asset,Fixed Asset Dr | To Bank,Asset,REVIEW,B2B,37168.02,18584.01,18584.01,REVIEW
08-May-25,Hort DWK,0.0,222540.0,222540.0,Credit,Asset,0.09999999999999998,Fixed Asset,Fixed Asset Dr | To Bank,Asset,REVIEW,B2B,40057.2,20028.6,20028.6,REVIEW
08-May-25,"EXECUTIVE ENGR, HCD 10",0.0,833062.0,833062.0,Credit,Asset,0.09999999999999998,Fixed Asset,Fixed Asset Dr | To Bank,Asset,REVIEW,B2B,149951.16,74975.58,74975.58,REVIEW
08-May-25,Hort DWK,0.0,2247482.0,2247482.0,Credit,Asset,0.09999999999999998,Fixed Asset,Fixed Asset Dr | To Bank,Asset,REVIEW,B2B,404546.76,202273.38,202273.38,REVIEW
09-May-25,Miscellaneous,26116.0,0.0,26116.0,Debit,Asset,0.09999999999999998,Fixed Asset,Fixed Asset Dr | To Bank,Asset,REVIEW,B2B,4700.88,2350.44,2350.44,REVIEW
09-May-25,TECH ARMY ENVIRONMENTA,8483.0,0.0,8483.0,Debit,Asset,0.5642396285884725,Fixed Asset,Fixed Asset Dr | To Bank,Asset,REVIEW,B2B,1526.94,763.47,763.47,REVIEW
09-May-25,BANK CHARGES,5.9,0.0,5.9,Debit,Bank Charges,0.34234595217777647,Bank Charges Expense,Bank Charges Expense Dr | To Bank,Expense,OK,GST Payment,1.06,0.53,0.53,REVIEW
09-May-25,CONVEYANCE EXPENSES,2170.0,0.0,2170.0,Debit,Asset,0.7281419932878501,Fixed Asset,Fixed Asset Dr | To Bank,Asset,REVIEW,Debit Note,390.6,195.3,195.3,OK
09-May-25,CONVEYANCE EXPENSES,2528.0,0.0,2528.0,Debit,Asset,0.7281419932878501,Fixed Asset,Fixed Asset Dr | To Bank,Asset,REVIEW,Debit Note,455.04,227.52,227.52,OK
09-May-25,COL  SUNIL DALAL (PROPRIETOR),0.0,50000.0,50000.0,Credit,Asset,0.09999999999999998,Fixed Asset,Fixed Asset Dr | To Bank,Asset,REVIEW,B2B,9000.0,4500.0,4500.0,REVIEW
09-May-25,Uniform Expense,16110.0,0.0,16110.0,Debit,Marketing,0.09999999999999998,Marketing Expense,Marketing Expense Dr | To Bank,Expense,REVIEW,B2B,2899.8,1449.9,1449.9,REVIEW
14-May-25,DIVYA ENTERPRISES,4900.0,0.0,4900.0,Debit,Asset,0.09999999999999998,Fixed Asset,Fixed Asset Dr | To Bank,Asset,REVIEW,B2B,882.0,441.0,441.0,REVIEW
14-May-25,ELEGANT APPARELS,40000.0,0.0,40000.0,Debit,Asset,0.09999999999999998,Fixed Asset,Fixed Asset Dr | To Bank,Asset,REVIEW,B2B,7200.0,3600.0,3600.0,REVIEW
14-May-25,COL  SUNIL DALAL (PROPRIETOR),0.0,50000.0,50000.0,Credit,Asset,0.09999999999999998,Fixed Asset,Fixed Asset Dr | To Bank,Asset,REVIEW,B2B,9000.0,4500.0,4500.0,REVIEW
14-May-25,Uniform Expense,54220.0,0.0,54220.0,Debit,Marketing,0.09999999999999998,Marketing Expense,Marketing Expense Dr | To Bank,Expense,REVIEW,B2B,9759.6,4879.8,4879.8,REVIEW
14-May-25,Uniform Expense,4900.0,0.0,4900.0,Debit,Marketing,0.09999999999999998,Marketing Expense,Marketing Expense Dr | To Bank,Expense,REVIEW,B2B,882.0,441.0,441.0,REVIEW
15-May-25,SBI OD A/C- 6791,0.0,2000000.0,2000000.0,Credit,Asset,0.09999999999999998,Fixed Asset,Fixed Asset Dr | To Bank,Asset,REVIEW,B2B,360000.0,180000.0,180000.0,REVIEW
15-May-25,Esic Payable,66735.0,0.0,66735.0,Debit,Asset,0.09999999999999998,Fixed Asset,Fixed Asset Dr | To Bank,Asset,REVIEW,B2B,12012.3,6006.15,6006.15,REVIEW
15-May-25,PF PAYABLE,1410302.0,0.0,1410302.0,Debit,Asset,0.09999999999999998,Fixed Asset,Fixed Asset Dr | To Bank,Asset,REVIEW,B2B,253854.36,126927.18,126927.18,REVIEW
15-May-25,Common Other Misc. Services,17700.0,0.0,17700.0,Debit,Asset,0.09999999999999998,Fixed Asset,Fixed Asset Dr | To Bank,Asset,REVIEW,B2B,3186.0,1593.0,1593.0,REVIEW
15-May-25,Common Other Misc. Services,3540.0,0.0,3540.0,Debit,Asset,0.09999999999999998,Fixed Asset,Fixed Asset Dr | To Bank,Asset,REVIEW,B2B,637.2,318.6,318.6,REVIEW
15-May-25,CONVEYANCE EXPENSES,620.0,0.0,620.0,Debit,Asset,0.7281419932878501,Fixed Asset,Fixed Asset Dr | To Bank,Asset,REVIEW,Debit Note,111.6,55.8,55.8,OK
15-May-25,CONVEYANCE EXPENSES,3552.0,0.0,3552.0,Debit,Asset,0.7281419932878501,Fixed Asset,Fixed Asset Dr | To Bank,Asset,REVIEW,Debit Note,639.36,319.68,319.68,OK
15-May-25,CONVEYANCE EXPENSES,2660.0,0.0,2660.0,Debit,Asset,0.7281419932878501,Fixed Asset,Fixed Asset Dr | To Bank,Asset,REVIEW,Debit Note,478.8,239.4,239.4,OK
15-May-25,Sub Regional Office Esic,0.0,771622.0,771622.0,Credit,Asset,0.09999999999999998,Fixed Asset,Fixed Asset Dr | To Bank,Asset,REVIEW,B2B,138891.96,69445.98,69445.98,REVIEW
15-May-25,RENT DELHI OFFICE,70000.0,0.0,70000.0,Debit,Rent,0.09999999999999998,Rent Expense,Rent Expense Dr | To Bank,Expense,OK,B2B,12600.0,6300.0,6300.0,REVIEW
16-May-25,ADVERTISMENT AND PUBLICITY,500.0,0.0,500.0,Debit,Asset,0.09999999999999998,Fixed Asset,Fixed Asset Dr | To Bank,Asset,REVIEW,B2B,90.0,45.0,45.0,REVIEW
16-May-25,RAJA PROPERTIES & CONSTRUCTION,63000.0,0.0,63000.0,Debit,Asset,0.09999999999999998,Fixed Asset,Fixed Asset Dr | To Bank,Asset,REVIEW,B2B,11340.0,5670.0,5670.0,REVIEW
16-May-25,Other Expenses,7700.0,0.0,7700.0,Debit,Asset,0.7281419932878501,Fixed Asset,Fixed Asset Dr | To Bank,Asset,REVIEW,Debit Note,1386.0,693.0,693.0,OK
16-May-25,COL  SUNIL DALAL (PROPRIETOR),0.0,70000.0,70000.0,Credit,Asset,0.09999999999999998,Fixed Asset,Fixed Asset Dr | To Bank,Asset,REVIEW,B2B,12600.0,6300.0,6300.0,REVIEW
16-May-25,QUTAB GOLF COURSE,156815.0,0.0,156815.0,Debit,Asset,0.09999999999999998,Fixed Asset,Fixed Asset Dr | To Bank,Asset,REVIEW,B2B,28226.7,14113.35,14113.35,REVIEW
16-May-25,"DEPUTY DIRECTOR, HORT . DIVN 8",225136.0,0.0,225136.0,Debit,Asset,0.7769971290038511,Fixed Asset,Fixed Asset Dr | To Bank,Asset,REVIEW,Reverse Charge,40524.48,20262.24,20262.24,OK
16-May-25,EX. ENGR  NPD 6,346409.0,0.0,346409.0,Debit,Asset,0.09999999999999998,Fixed Asset,Fixed Asset Dr | To Bank,Asset,REVIEW,B2B,62353.62,31176.81,31176.81,REVIEW
16-May-25,DY.DIRECTOR  HR   DIV  7,201222.0,0.0,201222.0,Debit,Asset,0.7769971290038511,Fixed Asset,Fixed Asset Dr | To Bank,Asset,REVIEW,Reverse Charge,36219.96,18109.98,18109.98,OK
16-May-25,HORT DIV  9,151466.0,0.0,151466.0,Debit,Asset,0.09999999999999998,Fixed Asset,Fixed Asset Dr | To Bank,Asset,REVIEW,B2B,27263.88,13631.94,13631.94,REVIEW
16-May-25,Hort DWK,228273.0,0.0,228273.0,Debit,Asset,0.09999999999999998,Fixed Asset,Fixed Asset Dr | To Bank,Asset,REVIEW,B2B,41089.14,20544.57,20544.57,REVIEW
16-May-25,DY DIRECTOR(HOR) DIV 6,215908.0,0.0,215908.0,Debit,Asset,0.7769971290038511,Fixed Asset,Fixed Asset Dr | To Bank,Asset,REVIEW,Reverse Charge,38863.44,19431.72,19431.72,OK
16-May-25,Dwarka Project  Division 1,221852.0,0.0,221852.0,Debit,Asset,0.09999999999999998,Fixed Asset,Fixed Asset Dr | To Bank,Asset,REVIEW,B2B,39933.36,19966.68,19966.68,REVIEW
17-May-25,COL  SUNIL DALAL (PROPRIETOR),0.0,20000.0,20000.0,Credit,Asset,0.09999999999999998,Fixed Asset,Fixed Asset Dr | To Bank,Asset,REVIEW,B2B,3600.0,1800.0,1800.0,REVIEW
17-May-25,Fisheries Animal Husbandry and Dairying,0.0,129479.0,129479.0,Credit,Asset,0.09999999999999998,Fixed Asset,Fixed Asset Dr | To Bank,Asset,REVIEW,B2B,23306.22,11653.11,11653.11,REVIEW
19-May-25,CONVEYANCE EXPENSES,9568.0,0.0,9568.0,Debit,Asset,0.7281419932878501,Fixed Asset,Fixed Asset Dr | To Bank,Asset,REVIEW,Debit Note,1722.24,861.12,861.12,OK
19-May-25,GST PAYABLE,619242.0,0.0,619242.0,Debit,GST,0.4642212308239418,GST Payable,GST Payable Dr | To Bank,Liability,OK,GST Refund,111463.56,55731.78,55731.78,REVIEW
20-May-25,Other Expenses,500.0,0.0,500.0,Debit,Asset,0.7281419932878501,Fixed Asset,Fixed Asset Dr | To Bank,Asset,REVIEW,Debit Note,90.0,45.0,45.0,OK
20-May-25,DEPARTMENT OF SPACE,0.0,372371.0,372371.0,Credit,Asset,0.3891124283615845,Fixed Asset,Fixed Asset Dr | To Bank,Asset,REVIEW,GST Refund,67026.78,33513.39,33513.39,REVIEW
20-May-25,HORT DIV  9,0.0,1214719.0,1214719.0,Credit,Asset,0.09999999999999998,Fixed Asset,Fixed Asset Dr | To Bank,Asset,REVIEW,B2B,218649.42,109324.71,109324.71,REVIEW
20-May-25,HORT DIV  9,0.0,812374.0,812374.0,Credit,Asset,0.09999999999999998,Fixed Asset,Fixed Asset Dr | To Bank,Asset,REVIEW,B2B,146227.32,73113.66,73113.66,REVIEW
20-May-25,DY.DIRECTOR  HR   DIV  7,0.0,1966715.0,1966715.0,Credit,Asset,0.7769971290038511,Fixed Asset,Fixed Asset Dr | To Bank,Asset,REVIEW,Reverse Charge,354008.7,177004.35,177004.35,OK
20-May-25,DY.DIRECTOR  HR   DIV  7,0.0,381397.0,381397.0,Credit,Asset,0.7769971290038511,Fixed Asset,Fixed Asset Dr | To Bank,Asset,REVIEW,Reverse Charge,68651.46,34325.73,34325.73,OK
20-May-25,DY.DIRECTOR  HR   DIV  7,0.0,173792.0,173792.0,Credit,Asset,0.7769971290038511,Fixed Asset,Fixed Asset Dr | To Bank,Asset,REVIEW,Reverse Charge,31282.56,15641.28,15641.28,OK
20-May-25,HORT DIV  9,0.0,154816.0,154816.0,Credit,Asset,0.09999999999999998,Fixed Asset,Fixed Asset Dr | To Bank,Asset,REVIEW,B2B,27866.88,13933.44,13933.44,REVIEW
20-May-25,Security Deposit,0.0,495450.0,495450.0,Credit,Asset,0.09999999999999998,Fixed Asset,Fixed Asset Dr | To Bank,Asset,REVIEW,B2B,89181.0,44590.5,44590.5,REVIEW
20-May-25,TRAINING SERVICES,600.0,0.0,600.0,Debit,Asset,0.09999999999999998,Fixed Asset,Fixed Asset Dr | To Bank,Asset,REVIEW,B2B,108.0,54.0,54.0,REVIEW
21-May-25,SBI BANK- 54238,0.0,6473000.0,6473000.0,Credit,Bank Charges,0.7364774865051836,Bank Charges Expense,Bank Charges Expense Dr | To Bank,Expense,OK,GST Payment,1165140.0,582570.0,582570.0,OK
21-May-25,ADVERTISMENT AND PUBLICITY,122148.0,0.0,122148.0,Debit,Asset,0.09999999999999998,Fixed Asset,Fixed Asset Dr | To Bank,Asset,REVIEW,B2B,21986.64,10993.32,10993.32,REVIEW
22-May-25,ADONIS CREATIONS  PVT LTD,128256.0,0.0,128256.0,Debit,Asset,0.6681878861830516,Fixed Asset,Fixed Asset Dr | To Bank,Asset,REVIEW,B2B,23086.08,11543.04,11543.04,REVIEW
22-May-25,Haryana Offfice Rent,9000.0,0.0,9000.0,Debit,Rent,0.09999999999999998,Rent Expense,Rent Expense Dr | To Bank,Expense,OK,B2B,1620.0,810.0,810.0,REVIEW
22-May-25,UP Office Rent,4500.0,0.0,4500.0,Debit,Rent,0.09999999999999998,Rent Expense,Rent Expense Dr | To Bank,Expense,OK,B2B,810.0,405.0,405.0,REVIEW
22-May-25,COL  SUNIL DALAL (PROPRIETOR),0.0,100000.0,100000.0,Credit,Asset,0.09999999999999998,Fixed Asset,Fixed Asset Dr | To Bank,Asset,REVIEW,B2B,18000.0,9000.0,9000.0,REVIEW
22-May-25,Bharat Sanchar Nigam Limited,1245021.84,0.0,1245021.84,Debit,Asset,0.09999999999999998,Fixed Asset,Fixed Asset Dr | To Bank,Asset,REVIEW,B2B,224103.93,112051.97,112051.97,REVIEW
23-May-25,STATIONERY FOR OFFICE,3968.0,0.0,3968.0,Debit,Asset,0.501040898307841,Fixed Asset,Fixed Asset Dr | To Bank,Asset,REVIEW,Debit Note,714.24,357.12,357.12,REVIEW
26-May-25,ADVERTISMENT AND PUBLICITY,10000.0,0.0,10000.0,Debit,Asset,0.09999999999999998,Fixed Asset,Fixed Asset Dr | To Bank,Asset,REVIEW,B2B,1800.0,900.0,900.0,REVIEW
26-May-25,DATA XGEN TECHNOLOGIES PVT LTD,295.0,0.0,295.0,Debit,Asset,0.6681878861830516,Fixed Asset,Fixed Asset Dr | To Bank,Asset,REVIEW,B2B,53.1,26.55,26.55,REVIEW
26-May-25,COL  SUNIL DALAL (PROPRIETOR),0.0,25000.0,25000.0,Credit,Asset,0.09999999999999998,Fixed Asset,Fixed Asset Dr | To Bank,Asset,REVIEW,B2B,4500.0,2250.0,2250.0,REVIEW
27-May-25,A.B.S.A. TRADERS PRIVATE LIMITED,5380.0,0.0,5380.0,Debit,Asset,0.09999999999999998,Fixed Asset,Fixed Asset Dr | To Bank,Asset,REVIEW,B2B,968.4,484.2,484.2,REVIEW
27-May-25,SALARY PAYABLE,10.0,0.0,10.0,Debit,Payroll,0.09999999999999998,Salary Expense,Salary Expense Dr | To Bank,Expense,OK,B2B,1.8,0.9,0.9,REVIEW
27-May-25,SALARY PAYABLE,10.0,0.0,10.0,Debit,Payroll,0.09999999999999998,Salary Expense,Salary Expense Dr | To Bank,Expense,OK,B2B,1.8,0.9,0.9,REVIEW
27-May-25,SALARY PAYABLE,10.0,0.0,10.0,Debit,Payroll,0.09999999999999998,Salary Expense,Salary Expense Dr | To Bank,Expense,OK,B2B,1.8,0.9,0.9,REVIEW
27-May-25,SALARY PAYABLE,10.0,0.0,10.0,Debit,Payroll,0.09999999999999998,Salary Expense,Salary Expense Dr | To Bank,Expense,OK,B2B,1.8,0.9,0.9,REVIEW
27-May-25,SALARY PAYABLE,10.0,0.0,10.0,Debit,Payroll,0.09999999999999998,Salary Expense,Salary Expense Dr | To Bank,Expense,OK,B2B,1.8,0.9,0.9,REVIEW
27-May-25,SALARY PAYABLE,30000.0,0.0,30000.0,Debit,Payroll,0.09999999999999998,Salary Expense,Salary Expense Dr | To Bank,Expense,OK,B2B,5400.0,2700.0,2700.0,REVIEW
27-May-25,SALARY PAYABLE,55000.0,0.0,55000.0,Debit,Payroll,0.09999999999999998,Salary Expense,Salary Expense Dr | To Bank,Expense,OK,B2B,9900.0,4950.0,4950.0,REVIEW
27-May-25,SALARY PAYABLE,31800.0,0.0,31800.0,Debit,Payroll,0.09999999999999998,Salary Expense,Salary Expense Dr | To Bank,Expense,OK,B2B,5724.0,2862.0,2862.0,REVIEW
27-May-25,SALARY PAYABLE,65000.0,0.0,65000.0,Debit,Payroll,0.09999999999999998,Salary Expense,Salary Expense Dr | To Bank,Expense,OK,B2B,11700.0,5850.0,5850.0,REVIEW
27-May-25,SALARY PAYABLE,20000.0,0.0,20000.0,Debit,Payroll,0.09999999999999998,Salary Expense,Salary Expense Dr | To Bank,Expense,OK,B2B,3600.0,1800.0,1800.0,REVIEW
27-May-25,SALARY PAYABLE,20000.0,0.0,20000.0,Debit,Payroll,0.09999999999999998,Salary Expense,Salary Expense Dr | To Bank,Expense,OK,B2B,3600.0,1800.0,1800.0,REVIEW
27-May-25,SALARY PAYABLE,20000.0,0.0,20000.0,Debit,Payroll,0.09999999999999998,Salary Expense,Salary Expense Dr | To Bank,Expense,OK,B2B,3600.0,1800.0,1800.0,REVIEW
27-May-25,SALARY PAYABLE,23000.0,0.0,23000.0,Debit,Payroll,0.09999999999999998,Salary Expense,Salary Expense Dr | To Bank,Expense,OK,B2B,4140.0,2070.0,2070.0,REVIEW
27-May-25,Software,250.0,0.0,250.0,Debit,Asset,0.522049633061683,Fixed Asset,Fixed Asset Dr | To Bank,Asset,REVIEW,Export,45.0,22.5,22.5,REVIEW
27-May-25,Office  Equipments,4867.86,0.0,4867.86,Debit,Asset,0.09999999999999998,Fixed Asset,Fixed Asset Dr | To Bank,Asset,REVIEW,B2B,876.21,438.11,438.11,REVIEW
28-May-25,COL  SUNIL DALAL (PROPRIETOR),1953000.0,0.0,1953000.0,Debit,Asset,0.09999999999999998,Fixed Asset,Fixed Asset Dr | To Bank,Asset,REVIEW,B2B,351540.0,175770.0,175770.0,REVIEW
28-May-25,MAHANAGAR  TELEPHONE NIGAM LTD,0.0,1721415.0,1721415.0,Credit,Utilities,0.3718113284165679,Utilities Expense,Utilities Expense Dr | To Bank,Expense,OK,B2B,309854.7,154927.35,154927.35,REVIEW
28-May-25,ELEGANT APPARELS,0.0,19387.25,19387.25,Credit,Asset,0.09999999999999998,Fixed Asset,Fixed Asset Dr | To Bank,Asset,REVIEW,B2B,3489.7,1744.85,1744.85,REVIEW
29-May-25,Airtel Postpaid Bill (Wifi),5900.0,0.0,5900.0,Debit,Utilities,0.8402233707166438,Utilities Expense,Utilities Expense Dr | To Bank,Expense,OK,B2C,1062.0,531.0,531.0,OK
29-May-25,Airtel Postpaid Bill (Wifi),6698.87,0.0,6698.87,Debit,Utilities,0.8402233707166438,Utilities Expense,Utilities Expense Dr | To Bank,Expense,OK,B2C,1205.8,602.9,602.9,OK
29-May-25,MASTER RUBER WORKSS,18043.0,0.0,18043.0,Debit,Asset,0.09999999999999998,Fixed Asset,Fixed Asset Dr | To Bank,Asset,REVIEW,B2B,3247.74,1623.87,1623.87,REVIEW
29-May-25,BANK CHARGES,5.9,0.0,5.9,Debit,Bank Charges,0.34234595217777647,Bank Charges Expense,Bank Charges Expense Dr | To Bank,Expense,OK,GST Payment,1.06,0.53,0.53,REVIEW
29-May-25,COL  SUNIL DALAL (PROPRIETOR),1065000.0,0.0,1065000.0,Debit,Asset,0.09999999999999998,Fixed Asset,Fixed Asset Dr | To Bank,Asset,REVIEW,B2B,191700.0,95850.0,95850.0,REVIEW
29-May-25,COL  SUNIL DALAL (PROPRIETOR),0.0,20000.0,20000.0,Credit,Asset,0.09999999999999998,Fixed Asset,Fixed Asset Dr | To Bank,Asset,REVIEW,B2B,3600.0,1800.0,1800.0,REVIEW
29-May-25,PG MTNL,0.0,927046.0,927046.0,Credit,Asset,0.09999999999999998,Fixed Asset,Fixed Asset Dr | To Bank,Asset,REVIEW,B2B,166868.28,83434.14,83434.14,REVIEW
29-May-25,QUTAB GOLF COURSE,0.0,140400.0,140400.0,Credit,Asset,0.09999999999999998,Fixed Asset,Fixed Asset Dr | To Bank,Asset,REVIEW,B2B,25272.0,12636.0,12636.0,REVIEW
30-May-25,Miscellaneous,3000.0,0.0,3000.0,Debit,Asset,0.09999999999999998,Fixed Asset,Fixed Asset Dr | To Bank,Asset,REVIEW,B2B,540.0,270.0,270.0,REVIEW
31-May-25,BANK CHARGES,70.8,0.0,70.8,Debit,Bank Charges,0.34234595217777647,Bank Charges Expense,Bank Charges Expense Dr | To Bank,Expense,OK,GST Payment,12.74,6.37,6.37,REVIEW
31-May-25,R.S. ELECTRIC COMPANY,2950.0,0.0,2950.0,Debit,Asset,0.09999999999999998,Fixed Asset,Fixed Asset Dr | To Bank,Asset,REVIEW,B2B,531.0,265.5,265.5,REVIEW
31-May-25,ADVERTISMENT AND PUBLICITY,1654.49,0.0,1654.49,Debit,Asset,0.09999999999999998,Fixed Asset,Fixed Asset Dr | To Bank,Asset,REVIEW,B2B,297.81,148.9,148.9,REVIEW
31-May-25,Diesel and Petrol Charges,28585.12,0.0,28585.12,Debit,Bank Charges,0.4771037584455656,Bank Charges Expense,Bank Charges Expense Dr | To Bank,Expense,REVIEW,Debit Note,5145.32,2572.66,2572.66,REVIEW
31-May-25,Interest,35103.0,0.0,35103.0,Debit,Asset,0.09999999999999998,Fixed Asset,Fixed Asset Dr | To Bank,Asset,REVIEW,B2B,6318.54,3159.27,3159.27,REVIEW
31-May-25,Office  Equipments,2400.0,0.0,2400.0,Debit,Asset,0.09999999999999998,Fixed Asset,Fixed Asset Dr | To Bank,Asset,REVIEW,B2B,432.0,216.0,216.0,REVIEW
31-May-25,Salary,13732083.4,0.0,13732083.4,Debit,Payroll,0.09999999999999998,Salary Expense,Salary Expense Dr | To Bank,Expense,OK,B2B,2471775.01,1235887.51,1235887.51,REVIEW
31-May-25,PF Employer Contribution,743408.0,0.0,743408.0,Debit,Asset,0.09999999999999998,Fixed Asset,Fixed Asset Dr | To Bank,Asset,REVIEW,B2B,133813.44,66906.72,66906.72,REVIEW
31-May-25,ESIC Employers Contribution,58804.24,0.0,58804.24,Debit,Asset,0.09999999999999998,Fixed Asset,Fixed Asset Dr | To Bank,Asset,REVIEW,B2B,10584.76,5292.38,5292.38,REVIEW
31-May-25,OUTPUT CGST@9%,1634725.9,0.0,1634725.9,Debit,Asset,0.09999999999999998,Fixed Asset,Fixed Asset Dr | To Bank,Asset,REVIEW,B2B,294250.66,147125.33,147125.33,REVIEW
31-May-25,TDS Credit CGST,86807.0,0.0,86807.0,Debit,Asset,0.9063700918777899,Fixed Asset,Fixed Asset Dr | To Bank,Asset,REVIEW,Credit Note,15625.26,7812.63,7812.63,OK
31-May-25,Salary,65000.0,0.0,65000.0,Debit,Payroll,0.09999999999999998,Salary Expense,Salary Expense Dr | To Bank,Expense,OK,B2B,11700.0,5850.0,5850.0,REVIEW
02-Jun-25,CONVEYANCE EXPENSES,4500.0,0.0,4500.0,Debit,Asset,0.7281419932878501,Fixed Asset,Fixed Asset Dr | To Bank,Asset,REVIEW,Debit Note,810.0,405.0,405.0,OK
02-Jun-25,Office Petty Expenses,274.0,0.0,274.0,Debit,Asset,0.7281419932878501,Fixed Asset,Fixed Asset Dr | To Bank,Asset,REVIEW,Debit Note,49.32,24.66,24.66,OK
02-Jun-25,CONVEYANCE EXPENSES,400.0,0.0,400.0,Debit,Asset,0.7281419932878501,Fixed Asset,Fixed Asset Dr | To Bank,Asset,REVIEW,Debit Note,72.0,36.0,36.0,OK
02-Jun-25,CONVEYANCE EXPENSES,400.0,0.0,400.0,Debit,Asset,0.7281419932878501,Fixed Asset,Fixed Asset Dr | To Bank,Asset,REVIEW,Debit Note,72.0,36.0,36.0,OK
02-Jun-25,Hort DWK,0.0,206489.0,206489.0,Credit,Asset,0.09999999999999998,Fixed Asset,Fixed Asset Dr | To Bank,Asset,REVIEW,B2B,37168.02,18584.01,18584.01,REVIEW
02-Jun-25,"DEPUTY DIRECTOR, HORT . DIVN 8",0.0,169324.0,169324.0,Credit,Asset,0.7769971290038511,Fixed Asset,Fixed Asset Dr | To Bank,Asset,REVIEW,Reverse Charge,30478.32,15239.16,15239.16,OK
02-Jun-25,"DEPUTY DIRECTOR, HORT . DIVN 8",0.0,322261.0,322261.0,Credit,Asset,0.7769971290038511,Fixed Asset,Fixed Asset Dr | To Bank,Asset,REVIEW,Reverse Charge,58006.98,29003.49,29003.49,OK
02-Jun-25,"DEPUTY DIRECTOR, HORT . DIVN 8",0.0,1722712.0,1722712.0,Credit,Asset,0.7769971290038511,Fixed Asset,Fixed Asset Dr | To Bank,Asset,REVIEW,Reverse Charge,310088.16,155044.08,155044.08,OK
02-Jun-25,DY DIRECTOR(HOR) DIV 6,0.0,1637389.0,1637389.0,Credit,Asset,0.7769971290038511,Fixed Asset,Fixed Asset Dr | To Bank,Asset,REVIEW,Reverse Charge,294730.02,147365.01,147365.01,OK
02-Jun-25,"DEPUTY DIRECTOR, HORT . DIVN 8",0.0,187192.0,187192.0,Credit,Asset,0.7769971290038511,Fixed Asset,Fixed Asset Dr | To Bank,Asset,REVIEW,Reverse Charge,33694.56,16847.28,16847.28,OK
02-Jun-25,DY DIRECTOR(HOR) DIV 6,0.0,474255.0,474255.0,Credit,Asset,0.7769971290038511,Fixed Asset,Fixed Asset Dr | To Bank,Asset,REVIEW,Reverse Charge,85365.9,42682.95,42682.95,OK
02-Jun-25,Hort DWK,0.0,423544.0,423544.0,Credit,Asset,0.09999999999999998,Fixed Asset,Fixed Asset Dr | To Bank,Asset,REVIEW,B2B,76237.92,38118.96,38118.96,REVIEW
02-Jun-25,Dwarka Project  Division 1,0.0,2227505.0,2227505.0,Credit,Asset,0.09999999999999998,Fixed Asset,Fixed Asset Dr | To Bank,Asset,REVIEW,B2B,400950.9,200475.45,200475.45,REVIEW
02-Jun-25,TDS Receivable @ 2%,37021.0,0.0,37021.0,Debit,Asset,0.09999999999999998,Fixed Asset,Fixed Asset Dr | To Bank,Asset,REVIEW,B2B,6663.78,3331.89,3331.89,REVIEW
02-Jun-25,Vehicle Hire Charges,49000.0,0.0,49000.0,Debit,Asset,0.4771037584455656,Fixed Asset,Fixed Asset Dr | To Bank,Asset,REVIEW,Debit Note,8820.0,4410.0,4410.0,REVIEW
02-Jun-25,Licenses,600.0,0.0,600.0,Debit,Asset,0.09999999999999998,Fixed Asset,Fixed Asset Dr | To Bank,Asset,REVIEW,B2B,108.0,54.0,54.0,REVIEW
03-Jun-25,SALARY PAYABLE,5750224.0,0.0,5750224.0,Debit,Payroll,0.09999999999999998,Salary Expense,Salary Expense Dr | To Bank,Expense,OK,B2B,1035040.32,517520.16,517520.16,REVIEW
03-Jun-25,Airtech Private Limited,13917.0,0.0,13917.0,Debit,Asset,0.09999999999999998,Fixed Asset,Fixed Asset Dr | To Bank,Asset,REVIEW,B2B,2505.06,1252.53,1252.53,REVIEW
03-Jun-25,Office Petty Expenses,2118.0,0.0,2118.0,Debit,Asset,0.7281419932878501,Fixed Asset,Fixed Asset Dr | To Bank,Asset,REVIEW,Debit Note,381.24,190.62,190.62,OK
03-Jun-25,Office Petty Expenses,432.0,0.0,432.0,Debit,Asset,0.7281419932878501,Fixed Asset,Fixed Asset Dr | To Bank,Asset,REVIEW,Debit Note,77.76,38.88,38.88,OK
03-Jun-25,Other Expenses,1000.0,0.0,1000.0,Debit,Asset,0.7281419932878501,Fixed Asset,Fixed Asset Dr | To Bank,Asset,REVIEW,Debit Note,180.0,90.0,90.0,OK
03-Jun-25,OFFICE  MAINTENANCE,2400.0,0.0,2400.0,Debit,Asset,0.09999999999999998,Fixed Asset,Fixed Asset Dr | To Bank,Asset,REVIEW,B2B,432.0,216.0,216.0,REVIEW
03-Jun-25,CONVEYANCE EXPENSES,140.0,0.0,140.0,Debit,Asset,0.7281419932878501,Fixed Asset,Fixed Asset Dr | To Bank,Asset,REVIEW,Debit Note,25.2,12.6,12.6,OK
03-Jun-25,COL  SUNIL DALAL (PROPRIETOR),0.0,1000000.0,1000000.0,Credit,Asset,0.09999999999999998,Fixed Asset,Fixed Asset Dr | To Bank,Asset,REVIEW,B2B,180000.0,90000.0,90000.0,REVIEW
03-Jun-25,SALARY PAYABLE,0.0,11882.0,11882.0,Credit,Payroll,0.09999999999999998,Salary Expense,Salary Expense Dr | To Bank,Expense,OK,B2B,2138.76,1069.38,1069.38,REVIEW
03-Jun-25,Airtech Private Limited,0.0,15000.0,15000.0,Credit,Asset,0.09999999999999998,Fixed Asset,Fixed Asset Dr | To Bank,Asset,REVIEW,B2B,2700.0,1350.0,1350.0,REVIEW
04-Jun-25,SBI OD A/C- 6791,0.0,1200000.0,1200000.0,Credit,Asset,0.09999999999999998,Fixed Asset,Fixed Asset Dr | To Bank,Asset,REVIEW,B2B,216000.0,108000.0,108000.0,REVIEW
04-Jun-25,BANK CHARGES,4.02,0.0,4.02,Debit,Bank Charges,0.34234595217777647,Bank Charges Expense,Bank Charges Expense Dr | To Bank,Expense,OK,GST Payment,0.72,0.36,0.36,REVIEW
04-Jun-25,SALARY PAYABLE,1358512.0,0.0,1358512.0,Debit,Payroll,0.09999999999999998,Salary Expense,Salary Expense Dr | To Bank,Expense,OK,B2B,244532.16,122266.08,122266.08,REVIEW
04-Jun-25,CONVEYANCE EXPENSES,8100.0,0.0,8100.0,Debit,Asset,0.7281419932878501,Fixed Asset,Fixed Asset Dr | To Bank,Asset,REVIEW,Debit Note,1458.0,729.0,729.0,OK
04-Jun-25,National Company Law Appellate Tribunal,425658.08,0.0,425658.08,Debit,Asset,0.09999999999999998,Fixed Asset,Fixed Asset Dr | To Bank,Asset,REVIEW,B2B,76618.45,38309.23,38309.23,REVIEW
04-Jun-25,"EXECUTIVE ENGR, HCD 10",1077467.41,0.0,1077467.41,Debit,Asset,0.09999999999999998,Fixed Asset,Fixed Asset Dr | To Bank,Asset,REVIEW,B2B,193944.13,96972.07,96972.07,REVIEW
04-Jun-25,QUTAB GOLF COURSE,2298432.97,0.0,2298432.97,Debit,Asset,0.09999999999999998,Fixed Asset,Fixed Asset Dr | To Bank,Asset,REVIEW,B2B,413717.93,206858.97,206858.97,REVIEW
04-Jun-25,Sub Regional Office Esic,814749.04,0.0,814749.04,Debit,Asset,0.09999999999999998,Fixed Asset,Fixed Asset Dr | To Bank,Asset,REVIEW,B2B,146654.83,73327.41,73327.41,REVIEW
04-Jun-25,Bharat Sanchar Nigam Limited,1245021.84,0.0,1245021.84,Debit,Asset,0.09999999999999998,Fixed Asset,Fixed Asset Dr | To Bank,Asset,REVIEW,B2B,224103.93,112051.97,112051.97,REVIEW
04-Jun-25,DEPARTMENT OF SPACE,398283.74,0.0,398283.74,Debit,Asset,0.3891124283615845,Fixed Asset,Fixed Asset Dr | To Bank,Asset,REVIEW,GST Refund,71691.07,35845.54,35845.54,REVIEW
04-Jun-25,Fisheries Animal Husbandry and Dairying,138490.26,0.0,138490.26,Debit,Asset,0.09999999999999998,Fixed Asset,Fixed Asset Dr | To Bank,Asset,REVIEW,B2B,24928.25,12464.12,12464.12,REVIEW
04-Jun-25,DY DIRECTOR(HOR) DIV 6,1374619.76,0.0,1374619.76,Debit,Asset,0.7769971290038511,Fixed Asset,Fixed Asset Dr | To Bank,Asset,REVIEW,Reverse Charge,247431.56,123715.78,123715.78,OK
04-Jun-25,SHAHEED SUKHDEV COLLEGE OF BUSINESS STUDIES,258654.38,0.0,258654.38,Debit,Travel,0.4418962307744769,Manual Review,Manual Journal Required,Unknown,REVIEW,Export,46557.79,23278.89,23278.89,REVIEW
04-Jun-25,SHAHEED SUKHDEV COLLEGE OF BUSINESS STUDIES,103461.75,0.0,103461.75,Debit,Travel,0.4418962307744769,Manual Review,Manual Journal Required,Unknown,REVIEW,Export,18623.12,9311.56,9311.56,REVIEW
05-Jun-25,ROHIT TIWARI,50127.0,0.0,50127.0,Debit,Asset,0.09999999999999998,Fixed Asset,Fixed Asset Dr | To Bank,Asset,REVIEW,B2B,9022.86,4511.43,4511.43,REVIEW
05-Jun-25,AAZAD ALUMINIUM & HARDWARE,2124.0,0.0,2124.0,Debit,Asset,0.7432919867651969,Fixed Asset,Fixed Asset Dr | To Bank,Asset,REVIEW,Import,382.32,191.16,191.16,OK
05-Jun-25,AIRTEL POSTPAID BILL,1823.1,0.0,1823.1,Debit,Utilities,0.8402233707166438,Utilities Expense,Utilities Expense Dr | To Bank,Expense,OK,B2C,328.16,164.08,164.08,OK
05-Jun-25,Pragmatic Educational Society,1416.0,0.0,1416.0,Debit,Asset,0.7572990170285255,Fixed Asset,Fixed Asset Dr | To Bank,Asset,REVIEW,Exempt Supply,254.88,127.44,127.44,OK
05-Jun-25,TAX DEDUCTED SOURCES 94C,490.0,0.0,490.0,Debit,GST,0.4452796264190966,GST Payable,GST Payable Dr | To Bank,Liability,REVIEW,GST Payment,88.2,44.1,44.1,REVIEW
05-Jun-25,CONVEYANCE EXPENSES,920.0,0.0,920.0,Debit,Asset,0.7281419932878501,Fixed Asset,Fixed Asset Dr | To Bank,Asset,REVIEW,Debit Note,165.6,82.8,82.8,OK
05-Jun-25,CONVEYANCE EXPENSES,1452.0,0.0,1452.0,Debit,Asset,0.7281419932878501,Fixed Asset,Fixed Asset Dr | To Bank,Asset,REVIEW,Debit Note,261.36,130.68,130.68,OK
05-Jun-25,Software,3840.0,0.0,3840.0,Debit,Asset,0.522049633061683,Fixed Asset,Fixed Asset Dr | To Bank,Asset,REVIEW,Export,691.2,345.6,345.6,REVIEW
05-Jun-25,COL  SUNIL DALAL (PROPRIETOR),0.0,100000.0,100000.0,Credit,Asset,0.09999999999999998,Fixed Asset,Fixed Asset Dr | To Bank,Asset,REVIEW,B2B,18000.0,9000.0,9000.0,REVIEW
05-Jun-25,COL  SUNIL DALAL (PROPRIETOR),0.0,200000.0,200000.0,Credit,Asset,0.09999999999999998,Fixed Asset,Fixed Asset Dr | To Bank,Asset,REVIEW,B2B,36000.0,18000.0,18000.0,REVIEW
05-Jun-25,EX. ENGR  NPD 6,0.0,4138900.0,4138900.0,Credit,Asset,0.09999999999999998,Fixed Asset,Fixed Asset Dr | To Bank,Asset,REVIEW,B2B,745002.0,372501.0,372501.0,REVIEW
05-Jun-25,EX. ENGR  NPD 6,0.0,834050.0,834050.0,Credit,Asset,0.09999999999999998,Fixed Asset,Fixed Asset Dr | To Bank,Asset,REVIEW,B2B,150129.0,75064.5,75064.5,REVIEW
05-Jun-25,Office  Equipments,1800.0,0.0,1800.0,Debit,Asset,0.09999999999999998,Fixed Asset,Fixed Asset Dr | To Bank,Asset,REVIEW,B2B,324.0,162.0,162.0,REVIEW
05-Jun-25,TDS Receivable @ 2%,74571.0,0.0,74571.0,Debit,Asset,0.09999999999999998,Fixed Asset,Fixed Asset Dr | To Bank,Asset,REVIEW,B2B,13422.78,6711.39,6711.39,REVIEW
06-Jun-25,SBI BANK- 54238,0.0,1235471.0,1235471.0,Credit,Bank Charges,0.7364774865051836,Bank Charges Expense,Bank Charges Expense Dr | To Bank,Expense,OK,GST Payment,222384.78,111192.39,111192.39,OK
06-Jun-25,Salary,172000.0,0.0,172000.0,Debit,Payroll,0.09999999999999998,Salary Expense,Salary Expense Dr | To Bank,Expense,OK,B2B,30960.0,15480.0,15480.0,REVIEW
06-Jun-25,COL  SUNIL DALAL (PROPRIETOR),3738000.0,0.0,3738000.0,Debit,Asset,0.09999999999999998,Fixed Asset,Fixed Asset Dr | To Bank,Asset,REVIEW,B2B,672840.0,336420.0,336420.0,REVIEW
06-Jun-25,AMAZON.IN,0.0,828.82,828.82,Credit,Asset,0.3708109855273776,Fixed Asset,Fixed Asset Dr | To Bank,Asset,REVIEW,B2C,149.19,74.59,74.59,REVIEW
06-Jun-25,SUSPESE ACCOUNT,449.1,0.0,449.1,Debit,Asset,0.09999999999999998,Fixed Asset,Fixed Asset Dr | To Bank,Asset,REVIEW,B2B,80.84,40.42,40.42,REVIEW
07-Jun-25,Electricity Expenses,610.0,0.0,610.0,Debit,Utilities,0.7281419932878501,Utilities Expense,Utilities Expense Dr | To Bank,Expense,OK,Debit Note,109.8,54.9,54.9,OK
07-Jun-25,ELEGANT APPARELS,4134.0,0.0,4134.0,Debit,Asset,0.09999999999999998,Fixed Asset,Fixed Asset Dr | To Bank,Asset,REVIEW,B2B,744.12,372.06,372.06,REVIEW
07-Jun-25,Electricity Expenses,15400.0,0.0,15400.0,Debit,Utilities,0.7281419932878501,Utilities Expense,Utilities Expense Dr | To Bank,Expense,OK,Debit Note,2772.0,1386.0,1386.0,OK
07-Jun-25,THE RIGHT CHOICE,3968.0,0.0,3968.0,Debit,Asset,0.09999999999999998,Fixed Asset,Fixed Asset Dr | To Bank,Asset,REVIEW,B2B,714.24,357.12,357.12,REVIEW
07-Jun-25,AIRTEL POSTPAID BILL,2950.0,0.0,2950.0,Debit,Utilities,0.8402233707166438,Utilities Expense,Utilities Expense Dr | To Bank,Expense,OK,B2C,531.0,265.5,265.5,OK
09-Jun-25,COL  SUNIL DALAL (PROPRIETOR),800000.0,0.0,800000.0,Debit,Asset,0.09999999999999998,Fixed Asset,Fixed Asset Dr | To Bank,Asset,REVIEW,B2B,144000.0,72000.0,72000.0,REVIEW
09-Jun-25,AMAZON.IN,529.0,0.0,529.0,Debit,Asset,0.3708109855273776,Fixed Asset,Fixed Asset Dr | To Bank,Asset,REVIEW,B2C,95.22,47.61,47.61,REVIEW
09-Jun-25,Sub Regional Office Esic,0.0,788621.0,788621.0,Credit,Asset,0.09999999999999998,Fixed Asset,Fixed Asset Dr | To Bank,Asset,REVIEW,B2B,141951.78,70975.89,70975.89,REVIEW
09-Jun-25,MAHANAGAR  TELEPHONE NIGAM LTD,0.0,64372.0,64372.0,Credit,Utilities,0.3718113284165679,Utilities Expense,Utilities Expense Dr | To Bank,Expense,OK,B2B,11586.96,5793.48,5793.48,REVIEW
09-Jun-25,QUTAB GOLF COURSE,0.0,140400.0,140400.0,Credit,Asset,0.09999999999999998,Fixed Asset,Fixed Asset Dr | To Bank,Asset,REVIEW,B2B,25272.0,12636.0,12636.0,REVIEW
09-Jun-25,QUTAB GOLF COURSE,0.0,1715342.0,1715342.0,Credit,Asset,0.09999999999999998,Fixed Asset,Fixed Asset Dr | To Bank,Asset,REVIEW,B2B,308761.56,154380.78,154380.78,REVIEW
09-Jun-25,QUTAB GOLF COURSE,0.0,307963.0,307963.0,Credit,Asset,0.09999999999999998,Fixed Asset,Fixed Asset Dr | To Bank,Asset,REVIEW,B2B,55433.34,27716.67,27716.67,REVIEW
09-Jun-25,Uniform Expense,20000.0,0.0,20000.0,Debit,Marketing,0.09999999999999998,Marketing Expense,Marketing Expense Dr | To Bank,Expense,REVIEW,B2B,3600.0,1800.0,1800.0,REVIEW
09-Jun-25,TDS Receivable @ 2%,37700.0,0.0,37700.0,Debit,Asset,0.09999999999999998,Fixed Asset,Fixed Asset Dr | To Bank,Asset,REVIEW,B2B,6786.0,3393.0,3393.0,REVIEW
10-Jun-25,COL  SUNIL DALAL (PROPRIETOR),2230000.0,0.0,2230000.0,Debit,Asset,0.09999999999999998,Fixed Asset,Fixed Asset Dr | To Bank,Asset,REVIEW,B2B,401400.0,200700.0,200700.0,REVIEW
10-Jun-25,COL  SUNIL DALAL (PROPRIETOR),680000.0,0.0,680000.0,Debit,Asset,0.09999999999999998,Fixed Asset,Fixed Asset Dr | To Bank,Asset,REVIEW,B2B,122400.0,61200.0,61200.0,REVIEW
10-Jun-25,TAX  DEDUCTED  U/S 94J,2172.0,0.0,2172.0,Debit,GST,0.4452796264190966,GST Payable,GST Payable Dr | To Bank,Liability,REVIEW,GST Payment,390.96,195.48,195.48,REVIEW
10-Jun-25,CONVEYANCE EXPENSES,3247.0,0.0,3247.0,Debit,Asset,0.7281419932878501,Fixed Asset,Fixed Asset Dr | To Bank,Asset,REVIEW,Debit Note,584.46,292.23,292.23,OK
10-Jun-25,CONVEYANCE EXPENSES,1620.0,0.0,1620.0,Debit,Asset,0.7281419932878501,Fixed Asset,Fixed Asset Dr | To Bank,Asset,REVIEW,Debit Note,291.6,145.8,145.8,OK
10-Jun-25,COL  SUNIL DALAL (PROPRIETOR),0.0,50000.0,50000.0,Credit,Asset,0.09999999999999998,Fixed Asset,Fixed Asset Dr | To Bank,Asset,REVIEW,B2B,9000.0,4500.0,4500.0,REVIEW
10-Jun-25,SHAHEED SUKHDEV COLLEGE OF BUSINESS STUDIES,0.0,655000.0,655000.0,Credit,Travel,0.4418962307744769,Manual Review,Manual Journal Required,Unknown,REVIEW,Export,117900.0,58950.0,58950.0,REVIEW
11-Jun-25,MASTER RUBER WORKSS,14435.0,0.0,14435.0,Debit,Asset,0.09999999999999998,Fixed Asset,Fixed Asset Dr | To Bank,Asset,REVIEW,B2B,2598.3,1299.15,1299.15,REVIEW
11-Jun-25,SALARY PAYABLE,11882.0,0.0,11882.0,Debit,Payroll,0.09999999999999998,Salary Expense,Salary Expense Dr | To Bank,Expense,OK,B2B,2138.76,1069.38,1069.38,REVIEW
11-Jun-25,CONVEYANCE EXPENSES,2000.0,0.0,2000.0,Debit,Asset,0.7281419932878501,Fixed Asset,Fixed Asset Dr | To Bank,Asset,REVIEW,Debit Note,360.0,180.0,180.0,OK
11-Jun-25,CONVEYANCE EXPENSES,1780.0,0.0,1780.0,Debit,Asset,0.7281419932878501,Fixed Asset,Fixed Asset Dr | To Bank,Asset,REVIEW,Debit Note,320.4,160.2,160.2,OK
11-Jun-25,MASTER RUBER WORKSS,0.0,14435.0,14435.0,Credit,Asset,0.09999999999999998,Fixed Asset,Fixed Asset Dr | To Bank,Asset,REVIEW,B2B,2598.3,1299.15,1299.15,REVIEW
11-Jun-25,THE RIGHT CHOICE,0.0,1143.0,1143.0,Credit,Asset,0.09999999999999998,Fixed Asset,Fixed Asset Dr | To Bank,Asset,REVIEW,B2B,205.74,102.87,102.87,REVIEW
11-Jun-25,STATIONERY FOR OFFICE,3080.0,0.0,3080.0,Debit,Asset,0.501040898307841,Fixed Asset,Fixed Asset Dr | To Bank,Asset,REVIEW,Debit Note,554.4,277.2,277.2,REVIEW
12-Jun-25,SALARY PAYABLE,11800.0,0.0,11800.0,Debit,Payroll,0.09999999999999998,Salary Expense,Salary Expense Dr | To Bank,Expense,OK,B2B,2124.0,1062.0,1062.0,REVIEW
12-Jun-25,PRINTING AND STATIONARY,980.0,0.0,980.0,Debit,Asset,0.09999999999999998,Fixed Asset,Fixed Asset Dr | To Bank,Asset,REVIEW,B2B,176.4,88.2,88.2,REVIEW
12-Jun-25,Water Expense,4200.0,0.0,4200.0,Debit,Utilities,0.09999999999999998,Utilities Expense,Utilities Expense Dr | To Bank,Expense,OK,B2B,756.0,378.0,378.0,REVIEW
12-Jun-25,PRINTING AND STATIONARY,1652.54,0.0,1652.54,Debit,Asset,0.09999999999999998,Fixed Asset,Fixed Asset Dr | To Bank,Asset,REVIEW,B2B,297.46,148.73,148.73,REVIEW
12-Jun-25,PROFESSIONAL CHARGES,10000.0,0.0,10000.0,Debit,Professional Fees,0.3489394184680198,Manual Review,Manual Journal Required,Unknown,OK,Reverse Charge,1800.0,900.0,900.0,REVIEW
13-Jun-25,SBI OD A/C- 6791,0.0,200000.0,200000.0,Credit,Asset,0.09999999999999998,Fixed Asset,Fixed Asset Dr | To Bank,Asset,REVIEW,B2B,36000.0,18000.0,18000.0,REVIEW
13-Jun-25,OLIVE HERITAGE FOUNDATION,11800.0,0.0,11800.0,Debit,Asset,0.09999999999999998,Fixed Asset,Fixed Asset Dr | To Bank,Asset,REVIEW,B2B,2124.0,1062.0,1062.0,REVIEW
13-Jun-25,NITIN ASSOCIATES,8500.0,0.0,8500.0,Debit,Asset,0.09999999999999998,Fixed Asset,Fixed Asset Dr | To Bank,Asset,REVIEW,B2B,1530.0,765.0,765.0,REVIEW
13-Jun-25,IT SYSTEMS,1950.0,0.0,1950.0,Debit,Asset,0.6872998236737516,Fixed Asset,Fixed Asset Dr | To Bank,Asset,REVIEW,Export,351.0,175.5,175.5,REVIEW
13-Jun-25,PF PAYABLE,1548768.0,0.0,1548768.0,Debit,Asset,0.09999999999999998,Fixed Asset,Fixed Asset Dr | To Bank,Asset,REVIEW,B2B,278778.24,139389.12,139389.12,REVIEW
13-Jun-25,Esic Payable,72796.0,0.0,72796.0,Debit,Asset,0.09999999999999998,Fixed Asset,Fixed Asset Dr | To Bank,Asset,REVIEW,B2B,13103.28,6551.64,6551.64,REVIEW
13-Jun-25,CONVEYANCE EXPENSES,533.0,0.0,533.0,Debit,Asset,0.7281419932878501,Fixed Asset,Fixed Asset Dr | To Bank,Asset,REVIEW,Debit Note,95.94,47.97,47.97,OK
13-Jun-25,CONVEYANCE EXPENSES,200.0,0.0,200.0,Debit,Asset,0.7281419932878501,Fixed Asset,Fixed Asset Dr | To Bank,Asset,REVIEW,Debit Note,36.0,18.0,18.0,OK
13-Jun-25,CONVEYANCE EXPENSES,368.0,0.0,368.0,Debit,Asset,0.7281419932878501,Fixed Asset,Fixed Asset Dr | To Bank,Asset,REVIEW,Debit Note,66.24,33.12,33.12,OK
13-Jun-25,CONVEYANCE EXPENSES,1058.0,0.0,1058.0,Debit,Asset,0.7281419932878501,Fixed Asset,Fixed Asset Dr | To Bank,Asset,REVIEW,Debit Note,190.44,95.22,95.22,OK
13-Jun-25,CONVEYANCE EXPENSES,1460.0,0.0,1460.0,Debit,Asset,0.7281419932878501,Fixed Asset,Fixed Asset Dr | To Bank,Asset,REVIEW,Debit Note,262.8,131.4,131.4,OK
13-Jun-25,COL  SUNIL DALAL (PROPRIETOR),0.0,50000.0,50000.0,Credit,Asset,0.09999999999999998,Fixed Asset,Fixed Asset Dr | To Bank,Asset,REVIEW,B2B,9000.0,4500.0,4500.0,REVIEW
13-Jun-25,COL  SUNIL DALAL (PROPRIETOR),0.0,40000.0,40000.0,Credit,Asset,0.09999999999999998,Fixed Asset,Fixed Asset Dr | To Bank,Asset,REVIEW,B2B,7200.0,3600.0,3600.0,REVIEW
13-Jun-25,COL  SUNIL DALAL (PROPRIETOR),0.0,1543000.0,1543000.0,Credit,Asset,0.09999999999999998,Fixed Asset,Fixed Asset Dr | To Bank,Asset,REVIEW,B2B,277740.0,138870.0,138870.0,REVIEW
13-Jun-25,PROFESSIONAL CHARGES,8500.0,0.0,8500.0,Debit,Professional Fees,0.3489394184680198,Manual Review,Manual Journal Required,Unknown,OK,Reverse Charge,1530.0,765.0,765.0,REVIEW
14-Jun-25,CONVEYANCE EXPENSES,1736.0,0.0,1736.0,Debit,Asset,0.7281419932878501,Fixed Asset,Fixed Asset Dr | To Bank,Asset,REVIEW,Debit Note,312.48,156.24,156.24,OK
14-Jun-25,CONVEYANCE EXPENSES,1960.0,0.0,1960.0,Debit,Asset,0.7281419932878501,Fixed Asset,Fixed Asset Dr | To Bank,Asset,REVIEW,Debit Note,352.8,176.4,176.4,OK
14-Jun-25,QUTAB GOLF COURSE,154684.0,0.0,154684.0,Debit,Asset,0.09999999999999998,Fixed Asset,Fixed Asset Dr | To Bank,Asset,REVIEW,B2B,27843.12,13921.56,13921.56,REVIEW
15-Jun-25,RENT DELHI OFFICE,70000.0,0.0,70000.0,Debit,Rent,0.09999999999999998,Rent Expense,Rent Expense Dr | To Bank,Expense,OK,B2B,12600.0,6300.0,6300.0,REVIEW
15-Jun-25,"EXECUTIVE ENGR, HCD 10",92077.0,0.0,92077.0,Debit,Asset,0.09999999999999998,Fixed Asset,Fixed Asset Dr | To Bank,Asset,REVIEW,B2B,16573.86,8286.93,8286.93,REVIEW
15-Jun-25,DY DIRECTOR(HOR) DIV 6,108414.0,0.0,108414.0,Debit,Asset,0.7769971290038511,Fixed Asset,Fixed Asset Dr | To Bank,Asset,REVIEW,Reverse Charge,19514.52,9757.26,9757.26,OK
16-Jun-25,RAJA PROPERTIES & CONSTRUCTION,63000.0,0.0,63000.0,Debit,Asset,0.09999999999999998,Fixed Asset,Fixed Asset Dr | To Bank,Asset,REVIEW,B2B,11340.0,5670.0,5670.0,REVIEW
16-Jun-25,Haryana Offfice Rent,9000.0,0.0,9000.0,Debit,Rent,0.09999999999999998,Rent Expense,Rent Expense Dr | To Bank,Expense,OK,B2B,1620.0,810.0,810.0,REVIEW
16-Jun-25,UP Office Rent,4500.0,0.0,4500.0,Debit,Rent,0.09999999999999998,Rent Expense,Rent Expense Dr | To Bank,Expense,OK,B2B,810.0,405.0,405.0,REVIEW
16-Jun-25,Mobile Bill,6691.76,0.0,6691.76,Debit,Utilities,0.9437110885858774,Utilities Expense,Utilities Expense Dr | To Bank,Expense,OK,B2C,1204.52,602.26,602.26,OK
16-Jun-25,Other Expenses,8000.0,0.0,8000.0,Debit,Asset,0.7281419932878501,Fixed Asset,Fixed Asset Dr | To Bank,Asset,REVIEW,Debit Note,1440.0,720.0,720.0,OK
17-Jun-25,Other Expenses,1845.0,0.0,1845.0,Debit,Asset,0.7281419932878501,Fixed Asset,Fixed Asset Dr | To Bank,Asset,REVIEW,Debit Note,332.1,166.05,166.05,OK
17-Jun-25,Other Expenses,4000.0,0.0,4000.0,Debit,Asset,0.7281419932878501,Fixed Asset,Fixed Asset Dr | To Bank,Asset,REVIEW,Debit Note,720.0,360.0,360.0,OK
17-Jun-25,Bharat Sanchar Nigam Limited,0.0,1220122.0,1220122.0,Credit,Asset,0.09999999999999998,Fixed Asset,Fixed Asset Dr | To Bank,Asset,REVIEW,B2B,219621.96,109810.98,109810.98,REVIEW
17-Jun-25,DEPARTMENT OF SPACE,0.0,384017.0,384017.0,Credit,Asset,0.3891124283615845,Fixed Asset,Fixed Asset Dr | To Bank,Asset,REVIEW,GST Refund,69123.06,34561.53,34561.53,REVIEW
17-Jun-25,DY DIRECTOR(HOR) DIV 6,0.0,1118334.0,1118334.0,Credit,Asset,0.7769971290038511,Fixed Asset,Fixed Asset Dr | To Bank,Asset,REVIEW,Reverse Charge,201300.12,100650.06,100650.06,OK
17-Jun-25,"DEPUTY DIRECTOR, HORT . DIVN 8",1647114.26,0.0,1647114.26,Debit,Asset,0.7769971290038511,Fixed Asset,Fixed Asset Dr | To Bank,Asset,REVIEW,Reverse Charge,296480.57,148240.28,148240.28,OK
18-Jun-25,AGNI HUNTEX PRIVATE LIMITED,22656.0,0.0,22656.0,Debit,Asset,0.09999999999999998,Fixed Asset,Fixed Asset Dr | To Bank,Asset,REVIEW,B2B,4078.08,2039.04,2039.04,REVIEW
18-Jun-25,GST PAYABLE,3017162.0,0.0,3017162.0,Debit,GST,0.4642212308239418,GST Payable,GST Payable Dr | To Bank,Liability,OK,GST Refund,543089.16,271544.58,271544.58,REVIEW
18-Jun-25,COL  SUNIL DALAL (PROPRIETOR),0.0,50000.0,50000.0,Credit,Asset,0.09999999999999998,Fixed Asset,Fixed Asset Dr | To Bank,Asset,REVIEW,B2B,9000.0,4500.0,4500.0,REVIEW
18-Jun-25,SBI OD A/C- 6791,0.0,300000.0,300000.0,Credit,Asset,0.09999999999999998,Fixed Asset,Fixed Asset Dr | To Bank,Asset,REVIEW,B2B,54000.0,27000.0,27000.0,REVIEW
18-Jun-25,Security Deposit,0.0,61932.0,61932.0,Credit,Asset,0.09999999999999998,Fixed Asset,Fixed Asset Dr | To Bank,Asset,REVIEW,B2B,11147.76,5573.88,5573.88,REVIEW
18-Jun-25,Office  Equipments,19200.0,0.0,19200.0,Debit,Asset,0.09999999999999998,Fixed Asset,Fixed Asset Dr | To Bank,Asset,REVIEW,B2B,3456.0,1728.0,1728.0,REVIEW
21-Jun-25,Lawyer's Fees,5000.0,0.0,5000.0,Debit,Professional Fees,0.7559453060479077,Manual Review,Manual Journal Required,Unknown,OK,Exempt Supply,900.0,450.0,450.0,OK
21-Jun-25,Lawyer's Fees,2500.0,0.0,2500.0,Debit,Professional Fees,0.7559453060479077,Manual Review,Manual Journal Required,Unknown,OK,Exempt Supply,450.0,225.0,225.0,OK
21-Jun-25,STATIONERY FOR OFFICE,4223.0,0.0,4223.0,Debit,Asset,0.501040898307841,Fixed Asset,Fixed Asset Dr | To Bank,Asset,REVIEW,Debit Note,760.14,380.07,380.07,REVIEW
23-Jun-25,Singhla Steel,1000.0,0.0,1000.0,Debit,Asset,0.5113323845651636,Fixed Asset,Fixed Asset Dr | To Bank,Asset,REVIEW,B2B,180.0,90.0,90.0,REVIEW
23-Jun-25,Office  Equipments,847.5,0.0,847.5,Debit,Asset,0.09999999999999998,Fixed Asset,Fixed Asset Dr | To Bank,Asset,REVIEW,B2B,152.55,76.28,76.28,REVIEW
24-Jun-25,SHAHEED SUKHDEV COLLEGE OF BUSINESS STUDIES,0.0,249886.0,249886.0,Credit,Travel,0.4418962307744769,Manual Review,Manual Journal Required,Unknown,REVIEW,Export,44979.48,22489.74,22489.74,REVIEW
25-Jun-25,THE RIGHT CHOICE,4223.0,0.0,4223.0,Debit,Asset,0.09999999999999998,Fixed Asset,Fixed Asset Dr | To Bank,Asset,REVIEW,B2B,760.14,380.07,380.07,REVIEW
25-Jun-25,Mobile Bill,2828.46,0.0,2828.46,Debit,Utilities,0.9437110885858774,Utilities Expense,Utilities Expense Dr | To Bank,Expense,OK,B2C,509.12,254.56,254.56,OK
25-Jun-25,Mobile Bill,6039.24,0.0,6039.24,Debit,Utilities,0.9437110885858774,Utilities Expense,Utilities Expense Dr | To Bank,Expense,OK,B2C,1087.06,543.53,543.53,OK
25-Jun-25,Fisheries Animal Husbandry and Dairying,0.0,133794.0,133794.0,Credit,Asset,0.09999999999999998,Fixed Asset,Fixed Asset Dr | To Bank,Asset,REVIEW,B2B,24082.92,12041.46,12041.46,REVIEW
26-Jun-25,CONVEYANCE EXPENSES,3120.0,0.0,3120.0,Debit,Asset,0.7281419932878501,Fixed Asset,Fixed Asset Dr | To Bank,Asset,REVIEW,Debit Note,561.6,280.8,280.8,OK
26-Jun-25,CONVEYANCE EXPENSES,3536.0,0.0,3536.0,Debit,Asset,0.7281419932878501,Fixed Asset,Fixed Asset Dr | To Bank,Asset,REVIEW,Debit Note,636.48,318.24,318.24,OK
26-Jun-25,Water Expense,7780.0,0.0,7780.0,Debit,Utilities,0.09999999999999998,Utilities Expense,Utilities Expense Dr | To Bank,Expense,OK,B2B,1400.4,700.2,700.2,REVIEW
26-Jun-25,CONVEYANCE EXPENSES,2608.0,0.0,2608.0,Debit,Asset,0.7281419932878501,Fixed Asset,Fixed Asset Dr | To Bank,Asset,REVIEW,Debit Note,469.44,234.72,234.72,OK
27-Jun-25,BANK CHARGES,5.9,0.0,5.9,Debit,Bank Charges,0.34234595217777647,Bank Charges Expense,Bank Charges Expense Dr | To Bank,Expense,OK,GST Payment,1.06,0.53,0.53,REVIEW
28-Jun-25,Car Insurance,8490.0,0.0,8490.0,Debit,Insurance,0.09999999999999998,Manual Review,Manual Journal Required,Unknown,OK,B2B,1528.2,764.1,764.1,REVIEW
28-Jun-25,DOMAIN NAME PURCHASE,449.1,0.0,449.1,Debit,Asset,0.4506918260527447,Fixed Asset,Fixed Asset Dr | To Bank,Asset,REVIEW,B2C,80.84,40.42,40.42,REVIEW
28-Jun-25,Uniform Expense,18465.0,0.0,18465.0,Debit,Marketing,0.09999999999999998,Marketing Expense,Marketing Expense Dr | To Bank,Expense,REVIEW,B2B,3323.7,1661.85,1661.85,REVIEW
30-Jun-25,BANK CHARGES,5.9,0.0,5.9,Debit,Bank Charges,0.34234595217777647,Bank Charges Expense,Bank Charges Expense Dr | To Bank,Expense,OK,GST Payment,1.06,0.53,0.53,REVIEW
30-Jun-25,BANK CHARGES,1817.2,0.0,1817.2,Debit,Bank Charges,0.34234595217777647,Bank Charges Expense,Bank Charges Expense Dr | To Bank,Expense,OK,GST Payment,327.1,163.55,163.55,REVIEW
30-Jun-25,CONVEYANCE EXPENSES,3587.0,0.0,3587.0,Debit,Asset,0.7281419932878501,Fixed Asset,Fixed Asset Dr | To Bank,Asset,REVIEW,Debit Note,645.66,322.83,322.83,OK
30-Jun-25,CONVEYANCE EXPENSES,3040.0,0.0,3040.0,Debit,Asset,0.7281419932878501,Fixed Asset,Fixed Asset Dr | To Bank,Asset,REVIEW,Debit Note,547.2,273.6,273.6,OK
30-Jun-25,CONVEYANCE EXPENSES,100.0,0.0,100.0,Debit,Asset,0.7281419932878501,Fixed Asset,Fixed Asset Dr | To Bank,Asset,REVIEW,Debit Note,18.0,9.0,9.0,OK
30-Jun-25,CONVEYANCE EXPENSES,320.0,0.0,320.0,Debit,Asset,0.7281419932878501,Fixed Asset,Fixed Asset Dr | To Bank,Asset,REVIEW,Debit Note,57.6,28.8,28.8,OK
30-Jun-25,Diesel and Petrol Charges,18365.43,0.0,18365.43,Debit,Bank Charges,0.4771037584455656,Bank Charges Expense,Bank Charges Expense Dr | To Bank,Expense,REVIEW,Debit Note,3305.78,1652.89,1652.89,REVIEW
30-Jun-25,Interest,2705.0,0.0,2705.0,Debit,Asset,0.09999999999999998,Fixed Asset,Fixed Asset Dr | To Bank,Asset,REVIEW,B2B,486.9,243.45,243.45,REVIEW
30-Jun-25,Salary,13625390.32,0.0,13625390.32,Debit,Payroll,0.09999999999999998,Salary Expense,Salary Expense Dr | To Bank,Expense,OK,B2B,2452570.26,1226285.13,1226285.13,REVIEW
30-Jun-25,PF Employer Contribution,755570.0,0.0,755570.0,Debit,Asset,0.09999999999999998,Fixed Asset,Fixed Asset Dr | To Bank,Asset,REVIEW,B2B,136002.6,68001.3,68001.3,REVIEW
30-Jun-25,ESIC Employers Contribution,64405.92,0.0,64405.92,Debit,Asset,0.09999999999999998,Fixed Asset,Fixed Asset Dr | To Bank,Asset,REVIEW,B2B,11593.07,5796.53,5796.53,REVIEW
30-Jun-25,Uniform Expense,54220.0,0.0,54220.0,Debit,Marketing,0.09999999999999998,Marketing Expense,Marketing Expense Dr | To Bank,Expense,REVIEW,B2B,9759.6,4879.8,4879.8,REVIEW
30-Jun-25,OUTPUT CGST@9%,651121.9,0.0,651121.9,Debit,Asset,0.09999999999999998,Fixed Asset,Fixed Asset Dr | To Bank,Asset,REVIEW,B2B,117201.94,58600.97,58600.97,REVIEW
30-Jun-25,TDS Credit CGST,132152.0,0.0,132152.0,Debit,Asset,0.9063700918777899,Fixed Asset,Fixed Asset Dr | To Bank,Asset,REVIEW,Credit Note,23787.36,11893.68,11893.68,OK
30-Jun-25,Salary,65000.0,0.0,65000.0,Debit,Payroll,0.09999999999999998,Salary Expense,Salary Expense Dr | To Bank,Expense,OK,B2B,11700.0,5850.0,5850.0,REVIEW
01-Jul-25,BANK CHARGES,5.9,0.0,5.9,Debit,Bank Charges,0.34234595217777647,Bank Charges Expense,Bank Charges Expense Dr | To Bank,Expense,OK,GST Payment,1.06,0.53,0.53,REVIEW
01-Jul-25,CONVEYANCE EXPENSES,660.0,0.0,660.0,Debit,Asset,0.7281419932878501,Fixed Asset,Fixed Asset Dr | To Bank,Asset,REVIEW,Debit Note,118.8,59.4,59.4,OK
01-Jul-25,CONVEYANCE EXPENSES,2060.0,0.0,2060.0,Debit,Asset,0.7281419932878501,Fixed Asset,Fixed Asset Dr | To Bank,Asset,REVIEW,Debit Note,370.8,185.4,185.4,OK
02-Jul-25,SBI OD A/C- 6791,0.0,7500000.0,7500000.0,Credit,Asset,0.09999999999999998,Fixed Asset,Fixed Asset Dr | To Bank,Asset,REVIEW,B2B,1350000.0,675000.0,675000.0,REVIEW
02-Jul-25,SBI OD A/C- 6791,0.0,300000.0,300000.0,Credit,Asset,0.09999999999999998,Fixed Asset,Fixed Asset Dr | To Bank,Asset,REVIEW,B2B,54000.0,27000.0,27000.0,REVIEW
02-Jul-25,SALARY PAYABLE,5873465.0,0.0,5873465.0,Debit,Payroll,0.09999999999999998,Salary Expense,Salary Expense Dr | To Bank,Expense,OK,B2B,1057223.7,528611.85,528611.85,REVIEW
02-Jul-25,"DEPUTY DIRECTOR, HORT . DIVN 8",0.0,1300131.0,1300131.0,Credit,Asset,0.7769971290038511,Fixed Asset,Fixed Asset Dr | To Bank,Asset,REVIEW,Reverse Charge,234023.58,117011.79,117011.79,OK
02-Jul-25,SALARY PAYABLE,0.0,13762.0,13762.0,Credit,Payroll,0.09999999999999998,Salary Expense,Salary Expense Dr | To Bank,Expense,OK,B2B,2477.16,1238.58,1238.58,REVIEW
02-Jul-25,TDS Receivable @ 2%,27917.0,0.0,27917.0,Debit,Asset,0.09999999999999998,Fixed Asset,Fixed Asset Dr | To Bank,Asset,REVIEW,B2B,5025.06,2512.53,2512.53,REVIEW
03-Jul-25,Electricity Expenses,20020.0,0.0,20020.0,Debit,Utilities,0.7281419932878501,Utilities Expense,Utilities Expense Dr | To Bank,Expense,OK,Debit Note,3603.6,1801.8,1801.8,OK
03-Jul-25,Electricity Expenses,950.0,0.0,950.0,Debit,Utilities,0.7281419932878501,Utilities Expense,Utilities Expense Dr | To Bank,Expense,OK,Debit Note,171.0,85.5,85.5,OK
03-Jul-25,Salary,172000.0,0.0,172000.0,Debit,Payroll,0.09999999999999998,Salary Expense,Salary Expense Dr | To Bank,Expense,OK,B2B,30960.0,15480.0,15480.0,REVIEW
03-Jul-25,SALARY PAYABLE,2248232.0,0.0,2248232.0,Debit,Payroll,0.09999999999999998,Salary Expense,Salary Expense Dr | To Bank,Expense,OK,B2B,404681.76,202340.88,202340.88,REVIEW
03-Jul-25,Miscellaneous,2000.0,0.0,2000.0,Debit,Asset,0.09999999999999998,Fixed Asset,Fixed Asset Dr | To Bank,Asset,REVIEW,B2B,360.0,180.0,180.0,REVIEW
03-Jul-25,COL  SUNIL DALAL (PROPRIETOR),0.0,600000.0,600000.0,Credit,Asset,0.09999999999999998,Fixed Asset,Fixed Asset Dr | To Bank,Asset,REVIEW,B2B,108000.0,54000.0,54000.0,REVIEW
04-Jul-25,REPAIRS AND MAINTENANCE,1050.0,0.0,1050.0,Debit,Asset,0.09999999999999998,Fixed Asset,Fixed Asset Dr | To Bank,Asset,REVIEW,B2B,189.0,94.5,94.5,REVIEW
04-Jul-25,AIRTEL POSTPAID BILL,1811.3,0.0,1811.3,Debit,Utilities,0.8402233707166438,Utilities Expense,Utilities Expense Dr | To Bank,Expense,OK,B2C,326.03,163.02,163.02,OK
04-Jul-25,National Company Law Appellate Tribunal,0.0,411228.0,411228.0,Credit,Asset,0.09999999999999998,Fixed Asset,Fixed Asset Dr | To Bank,Asset,REVIEW,B2B,74021.04,37010.52,37010.52,REVIEW
04-Jul-25,EX. ENGR  NPD 6,4397931.31,0.0,4397931.31,Debit,Asset,0.09999999999999998,Fixed Asset,Fixed Asset Dr | To Bank,Asset,REVIEW,B2B,791627.64,395813.82,395813.82,REVIEW
04-Jul-25,DY DIRECTOR(HOR) DIV 6,1330276.54,0.0,1330276.54,Debit,Asset,0.7769971290038511,Fixed Asset,Fixed Asset Dr | To Bank,Asset,REVIEW,Reverse Charge,239449.78,119724.89,119724.89,OK
04-Jul-25,DY.DIRECTOR  HR   DIV  7,2482059.2,0.0,2482059.2,Debit,Asset,0.7769971290038511,Fixed Asset,Fixed Asset Dr | To Bank,Asset,REVIEW,Reverse Charge,446770.66,223385.33,223385.33,OK
04-Jul-25,HORT DIV  9,2032911.43,0.0,2032911.43,Debit,Asset,0.09999999999999998,Fixed Asset,Fixed Asset Dr | To Bank,Asset,REVIEW,B2B,365924.06,182962.03,182962.03,REVIEW
04-Jul-25,Dwarka Project  Division 1,2366910.24,0.0,2366910.24,Debit,Asset,0.09999999999999998,Fixed Asset,Fixed Asset Dr | To Bank,Asset,REVIEW,B2B,426043.84,213021.92,213021.92,REVIEW
04-Jul-25,National Company Law Appellate Tribunal,751161.29,0.0,751161.29,Debit,Asset,0.09999999999999998,Fixed Asset,Fixed Asset Dr | To Bank,Asset,REVIEW,B2B,135209.03,67604.52,67604.52,REVIEW
04-Jul-25,QUTAB GOLF COURSE,2224289.98,0.0,2224289.98,Debit,Asset,0.09999999999999998,Fixed Asset,Fixed Asset Dr | To Bank,Asset,REVIEW,B2B,400372.2,200186.1,200186.1,REVIEW
04-Jul-25,Sub Regional Office Esic,814749.04,0.0,814749.04,Debit,Asset,0.09999999999999998,Fixed Asset,Fixed Asset Dr | To Bank,Asset,REVIEW,B2B,146654.83,73327.41,73327.41,REVIEW
04-Jul-25,Bharat Sanchar Nigam Limited,1245021.84,0.0,1245021.84,Debit,Asset,0.09999999999999998,Fixed Asset,Fixed Asset Dr | To Bank,Asset,REVIEW,B2B,224103.93,112051.97,112051.97,REVIEW
04-Jul-25,DEPARTMENT OF SPACE,385435.88,0.0,385435.88,Debit,Asset,0.3891124283615845,Fixed Asset,Fixed Asset Dr | To Bank,Asset,REVIEW,GST Refund,69378.46,34689.23,34689.23,REVIEW
04-Jul-25,Fisheries Animal Husbandry and Dairying,134022.83,0.0,134022.83,Debit,Asset,0.09999999999999998,Fixed Asset,Fixed Asset Dr | To Bank,Asset,REVIEW,B2B,24124.11,12062.05,12062.05,REVIEW
04-Jul-25,SHAHEED SUKHDEV COLLEGE OF BUSINESS STUDIES,484976.96,0.0,484976.96,Debit,Travel,0.4418962307744769,Manual Review,Manual Journal Required,Unknown,REVIEW,Export,87295.85,43647.93,43647.93,REVIEW
04-Jul-25,SHAHEED SUKHDEV COLLEGE OF BUSINESS STUDIES,193990.79,0.0,193990.79,Debit,Travel,0.4418962307744769,Manual Review,Manual Journal Required,Unknown,REVIEW,Export,34918.34,17459.17,17459.17,REVIEW
04-Jul-25,Hort DWK,2870685.12,0.0,2870685.12,Debit,Asset,0.09999999999999998,Fixed Asset,Fixed Asset Dr | To Bank,Asset,REVIEW,B2B,516723.32,258361.66,258361.66,REVIEW
04-Jul-25,Ex Engineer NPD 8,652972.88,0.0,652972.88,Debit,Asset,0.09999999999999998,Fixed Asset,Fixed Asset Dr | To Bank,Asset,REVIEW,B2B,117535.12,58767.56,58767.56,REVIEW
04-Jul-25,Bharat Sanchar Nigam Limited,80626.23,0.0,80626.23,Debit,Asset,0.09999999999999998,Fixed Asset,Fixed Asset Dr | To Bank,Asset,REVIEW,B2B,14512.72,7256.36,7256.36,REVIEW
05-Jul-25,R.S. ELECTRIC COMPANY,7198.0,0.0,7198.0,Debit,Asset,0.09999999999999998,Fixed Asset,Fixed Asset Dr | To Bank,Asset,REVIEW,B2B,1295.64,647.82,647.82,REVIEW
05-Jul-25,SALARY PAYABLE,1485320.0,0.0,1485320.0,Debit,Payroll,0.09999999999999998,Salary Expense,Salary Expense Dr | To Bank,Expense,OK,B2B,267357.6,133678.8,133678.8,REVIEW
05-Jul-25,TAX DEDUCTED SOURCES 94C,490.0,0.0,490.0,Debit,GST,0.4452796264190966,GST Payable,GST Payable Dr | To Bank,Liability,REVIEW,GST Payment,88.2,44.1,44.1,REVIEW
05-Jul-25,CONVEYANCE EXPENSES,2720.0,0.0,2720.0,Debit,Asset,0.7281419932878501,Fixed Asset,Fixed Asset Dr | To Bank,Asset,REVIEW,Debit Note,489.6,244.8,244.8,OK
05-Jul-25,CONVEYANCE EXPENSES,3010.0,0.0,3010.0,Debit,Asset,0.7281419932878501,Fixed Asset,Fixed Asset Dr | To Bank,Asset,REVIEW,Debit Note,541.8,270.9,270.9,OK
05-Jul-25,CONVEYANCE EXPENSES,600.0,0.0,600.0,Debit,Asset,0.7281419932878501,Fixed Asset,Fixed Asset Dr | To Bank,Asset,REVIEW,Debit Note,108.0,54.0,54.0,OK
05-Jul-25,Office  Equipments,250.0,0.0,250.0,Debit,Asset,0.09999999999999998,Fixed Asset,Fixed Asset Dr | To Bank,Asset,REVIEW,B2B,45.0,22.5,22.5,REVIEW
05-Jul-25,SALARY PAYABLE,0.0,3500.0,3500.0,Credit,Payroll,0.09999999999999998,Salary Expense,Salary Expense Dr | To Bank,Expense,OK,B2B,630.0,315.0,315.0,REVIEW
05-Jul-25,Office  Equipments,6000.0,0.0,6000.0,Debit,Asset,0.09999999999999998,Fixed Asset,Fixed Asset Dr | To Bank,Asset,REVIEW,B2B,1080.0,540.0,540.0,REVIEW
05-Jul-25,STATIONERY FOR OFFICE,2321.0,0.0,2321.0,Debit,Asset,0.501040898307841,Fixed Asset,Fixed Asset Dr | To Bank,Asset,REVIEW,Debit Note,417.78,208.89,208.89,REVIEW
05-Jul-25,STATIONERY FOR OFFICE,2475.0,0.0,2475.0,Debit,Asset,0.501040898307841,Fixed Asset,Fixed Asset Dr | To Bank,Asset,REVIEW,Debit Note,445.5,222.75,222.75,REVIEW
05-Jul-25,Vehicle Hire Charges,49000.0,0.0,49000.0,Debit,Asset,0.4771037584455656,Fixed Asset,Fixed Asset Dr | To Bank,Asset,REVIEW,Debit Note,8820.0,4410.0,4410.0,REVIEW
07-Jul-25,ROHIT TIWARI,38700.0,0.0,38700.0,Debit,Asset,0.09999999999999998,Fixed Asset,Fixed Asset Dr | To Bank,Asset,REVIEW,B2B,6966.0,3483.0,3483.0,REVIEW
07-Jul-25,ELEGANT APPARELS,19230.0,0.0,19230.0,Debit,Asset,0.09999999999999998,Fixed Asset,Fixed Asset Dr | To Bank,Asset,REVIEW,B2B,3461.4,1730.7,1730.7,REVIEW
07-Jul-25,CONVEYANCE EXPENSES,3375.0,0.0,3375.0,Debit,Asset,0.7281419932878501,Fixed Asset,Fixed Asset Dr | To Bank,Asset,REVIEW,Debit Note,607.5,303.75,303.75,OK
07-Jul-25,Miscellaneous,1770.0,0.0,1770.0,Debit,Asset,0.09999999999999998,Fixed Asset,Fixed Asset Dr | To Bank,Asset,REVIEW,B2B,318.6,159.3,159.3,REVIEW
07-Jul-25,Miscellaneous,7100.0,0.0,7100.0,Debit,Asset,0.09999999999999998,Fixed Asset,Fixed Asset Dr | To Bank,Asset,REVIEW,B2B,1278.0,639.0,639.0,REVIEW
07-Jul-25,CONVEYANCE EXPENSES,5700.0,0.0,5700.0,Debit,Asset,0.7281419932878501,Fixed Asset,Fixed Asset Dr | To Bank,Asset,REVIEW,Debit Note,1026.0,513.0,513.0,OK
07-Jul-25,Miscellaneous,6384.0,0.0,6384.0,Debit,Asset,0.09999999999999998,Fixed Asset,Fixed Asset Dr | To Bank,Asset,REVIEW,B2B,1149.12,574.56,574.56,REVIEW
07-Jul-25,Uniform Expense,17170.0,0.0,17170.0,Debit,Marketing,0.09999999999999998,Marketing Expense,Marketing Expense Dr | To Bank,Expense,REVIEW,B2B,3090.6,1545.3,1545.3,REVIEW
08-Jul-25,HDFC BANK - 95177,0.0,350000.0,350000.0,Credit,Bank Charges,0.7364774865051836,Bank Charges Expense,Bank Charges Expense Dr | To Bank,Expense,OK,GST Payment,63000.0,31500.0,31500.0,OK
08-Jul-25,Other Expenses,1000.0,0.0,1000.0,Debit,Asset,0.7281419932878501,Fixed Asset,Fixed Asset Dr | To Bank,Asset,REVIEW,Debit Note,180.0,90.0,90.0,OK
08-Jul-25,CONVEYANCE EXPENSES,140.0,0.0,140.0,Debit,Asset,0.7281419932878501,Fixed Asset,Fixed Asset Dr | To Bank,Asset,REVIEW,Debit Note,25.2,12.6,12.6,OK
08-Jul-25,CONVEYANCE EXPENSES,200.0,0.0,200.0,Debit,Asset,0.7281419932878501,Fixed Asset,Fixed Asset Dr | To Bank,Asset,REVIEW,Debit Note,36.0,18.0,18.0,OK
08-Jul-25,CONVEYANCE EXPENSES,700.0,0.0,700.0,Debit,Asset,0.7281419932878501,Fixed Asset,Fixed Asset Dr | To Bank,Asset,REVIEW,Debit Note,126.0,63.0,63.0,OK
08-Jul-25,COL  SUNIL DALAL (PROPRIETOR),0.0,100000.0,100000.0,Credit,Asset,0.09999999999999998,Fixed Asset,Fixed Asset Dr | To Bank,Asset,REVIEW,B2B,18000.0,9000.0,9000.0,REVIEW
09-Jul-25,Water Expense,3900.0,0.0,3900.0,Debit,Utilities,0.09999999999999998,Utilities Expense,Utilities Expense Dr | To Bank,Expense,OK,B2B,702.0,351.0,351.0,REVIEW
10-Jul-25,CONVEYANCE EXPENSES,1400.0,0.0,1400.0,Debit,Asset,0.7281419932878501,Fixed Asset,Fixed Asset Dr | To Bank,Asset,REVIEW,Debit Note,252.0,126.0,126.0,OK
10-Jul-25,CONVEYANCE EXPENSES,1960.0,0.0,1960.0,Debit,Asset,0.7281419932878501,Fixed Asset,Fixed Asset Dr | To Bank,Asset,REVIEW,Debit Note,352.8,176.4,176.4,OK
10-Jul-25,Sub Regional Office Esic,0.0,788621.0,788621.0,Credit,Asset,0.09999999999999998,Fixed Asset,Fixed Asset Dr | To Bank,Asset,REVIEW,B2B,141951.78,70975.89,70975.89,REVIEW
11-Jul-25,ADVERTISMENT AND PUBLICITY,10000.0,0.0,10000.0,Debit,Asset,0.09999999999999998,Fixed Asset,Fixed Asset Dr | To Bank,Asset,REVIEW,B2B,1800.0,900.0,900.0,REVIEW
11-Jul-25,IT SYSTEMS,0.0,5500.0,5500.0,Credit,Asset,0.6872998236737516,Fixed Asset,Fixed Asset Dr | To Bank,Asset,REVIEW,Export,990.0,495.0,495.0,REVIEW
14-Jul-25,PROFESSIONAL CHARGES,130000.0,0.0,130000.0,Debit,Professional Fees,0.3489394184680198,Manual Review,Manual Journal Required,Unknown,OK,Reverse Charge,23400.0,11700.0,11700.0,REVIEW
15-Jul-25,SBI OD A/C- 6791,0.0,1200000.0,1200000.0,Credit,Asset,0.09999999999999998,Fixed Asset,Fixed Asset Dr | To Bank,Asset,REVIEW,B2B,216000.0,108000.0,108000.0,REVIEW
15-Jul-25,MASTER RUBER WORKSS,25862.0,0.0,25862.0,Debit,Asset,0.09999999999999998,Fixed Asset,Fixed Asset Dr | To Bank,Asset,REVIEW,B2B,4655.16,2327.58,2327.58,REVIEW
15-Jul-25,Bawa Canvas Sore,7403.0,0.0,7403.0,Debit,Asset,0.09999999999999998,Fixed Asset,Fixed Asset Dr | To Bank,Asset,REVIEW,B2B,1332.54,666.27,666.27,REVIEW
15-Jul-25,THE RIGHT CHOICE,4796.0,0.0,4796.0,Debit,Asset,0.09999999999999998,Fixed Asset,Fixed Asset Dr | To Bank,Asset,REVIEW,B2B,863.28,431.64,431.64,REVIEW
15-Jul-25,PF PAYABLE,1574104.0,0.0,1574104.0,Debit,Asset,0.09999999999999998,Fixed Asset,Fixed Asset Dr | To Bank,Asset,REVIEW,B2B,283338.72,141669.36,141669.36,REVIEW
15-Jul-25,Esic Payable,79217.0,0.0,79217.0,Debit,Asset,0.09999999999999998,Fixed Asset,Fixed Asset Dr | To Bank,Asset,REVIEW,B2B,14259.06,7129.53,7129.53,REVIEW
15-Jul-25,ESSAR ASSOCIATES,2688.0,0.0,2688.0,Debit,Asset,0.09999999999999998,Fixed Asset,Fixed Asset Dr | To Bank,Asset,REVIEW,B2B,483.84,241.92,241.92,REVIEW
15-Jul-25,Office  Equipments,2148.0,0.0,2148.0,Debit,Asset,0.09999999999999998,Fixed Asset,Fixed Asset Dr | To Bank,Asset,REVIEW,B2B,386.64,193.32,193.32,REVIEW
15-Jul-25,CONVEYANCE EXPENSES,300.0,0.0,300.0,Debit,Asset,0.7281419932878501,Fixed Asset,Fixed Asset Dr | To Bank,Asset,REVIEW,Debit Note,54.0,27.0,27.0,OK
15-Jul-25,Office  Equipments,2400.0,0.0,2400.0,Debit,Asset,0.09999999999999998,Fixed Asset,Fixed Asset Dr | To Bank,Asset,REVIEW,B2B,432.0,216.0,216.0,REVIEW
15-Jul-25,Office  Equipments,7050.0,0.0,7050.0,Debit,Asset,0.09999999999999998,Fixed Asset,Fixed Asset Dr | To Bank,Asset,REVIEW,B2B,1269.0,634.5,634.5,REVIEW
15-Jul-25,RENT DELHI OFFICE,70000.0,0.0,70000.0,Debit,Rent,0.09999999999999998,Rent Expense,Rent Expense Dr | To Bank,Expense,OK,B2B,12600.0,6300.0,6300.0,REVIEW
15-Jul-25,Uniform Expense,23091.0,0.0,23091.0,Debit,Marketing,0.09999999999999998,Marketing Expense,Marketing Expense Dr | To Bank,Expense,REVIEW,B2B,4156.38,2078.19,2078.19,REVIEW
15-Jul-25,QUTAB GOLF COURSE,158089.0,0.0,158089.0,Debit,Asset,0.09999999999999998,Fixed Asset,Fixed Asset Dr | To Bank,Asset,REVIEW,B2B,28456.02,14228.01,14228.01,REVIEW
15-Jul-25,EX. ENGR  NPD 6,348340.0,0.0,348340.0,Debit,Asset,0.09999999999999998,Fixed Asset,Fixed Asset Dr | To Bank,Asset,REVIEW,B2B,62701.2,31350.6,31350.6,REVIEW
15-Jul-25,DY.DIRECTOR  HR   DIV  7,206977.0,0.0,206977.0,Debit,Asset,0.7769971290038511,Fixed Asset,Fixed Asset Dr | To Bank,Asset,REVIEW,Reverse Charge,37255.86,18627.93,18627.93,OK
15-Jul-25,HORT DIV  9,148804.0,0.0,148804.0,Debit,Asset,0.09999999999999998,Fixed Asset,Fixed Asset Dr | To Bank,Asset,REVIEW,B2B,26784.72,13392.36,13392.36,REVIEW
15-Jul-25,Hort DWK,235801.0,0.0,235801.0,Debit,Asset,0.09999999999999998,Fixed Asset,Fixed Asset Dr | To Bank,Asset,REVIEW,B2B,42444.18,21222.09,21222.09,REVIEW
15-Jul-25,DY DIRECTOR(HOR) DIV 6,107383.0,0.0,107383.0,Debit,Asset,0.7769971290038511,Fixed Asset,Fixed Asset Dr | To Bank,Asset,REVIEW,Reverse Charge,19328.94,9664.47,9664.47,OK
15-Jul-25,Dwarka Project  Division 1,230053.0,0.0,230053.0,Debit,Asset,0.09999999999999998,Fixed Asset,Fixed Asset Dr | To Bank,Asset,REVIEW,B2B,41409.54,20704.77,20704.77,REVIEW
16-Jul-25,SBI BANK- 54238,0.0,3300000.0,3300000.0,Credit,Bank Charges,0.7364774865051836,Bank Charges Expense,Bank Charges Expense Dr | To Bank,Expense,OK,GST Payment,594000.0,297000.0,297000.0,OK
16-Jul-25,Common Other Misc. Services,16200.0,0.0,16200.0,Debit,Asset,0.09999999999999998,Fixed Asset,Fixed Asset Dr | To Bank,Asset,REVIEW,B2B,2916.0,1458.0,1458.0,REVIEW
16-Jul-25,DEPARTMENT OF SPACE,0.0,372372.0,372372.0,Credit,Asset,0.3891124283615845,Fixed Asset,Fixed Asset Dr | To Bank,Asset,REVIEW,GST Refund,67026.96,33513.48,33513.48,REVIEW
16-Jul-25,QUTAB GOLF COURSE,0.0,340959.0,340959.0,Credit,Asset,0.09999999999999998,Fixed Asset,Fixed Asset Dr | To Bank,Asset,REVIEW,B2B,61372.62,30686.31,30686.31,REVIEW
16-Jul-25,QUTAB GOLF COURSE,0.0,1772521.0,1772521.0,Credit,Asset,0.09999999999999998,Fixed Asset,Fixed Asset Dr | To Bank,Asset,REVIEW,B2B,319053.78,159526.89,159526.89,REVIEW
16-Jul-25,QUTAB GOLF COURSE,0.0,140400.0,140400.0,Credit,Asset,0.09999999999999998,Fixed Asset,Fixed Asset Dr | To Bank,Asset,REVIEW,B2B,25272.0,12636.0,12636.0,REVIEW
16-Jul-25,QUTAB GOLF COURSE,0.0,339298.0,339298.0,Credit,Asset,0.09999999999999998,Fixed Asset,Fixed Asset Dr | To Bank,Asset,REVIEW,B2B,61073.64,30536.82,30536.82,REVIEW
16-Jul-25,TDS Receivable @ 2%,38957.0,0.0,38957.0,Debit,Asset,0.09999999999999998,Fixed Asset,Fixed Asset Dr | To Bank,Asset,REVIEW,B2B,7012.26,3506.13,3506.13,REVIEW
17-Jul-25,GST PAYABLE,1025684.0,0.0,1025684.0,Debit,GST,0.4642212308239418,GST Payable,GST Payable Dr | To Bank,Liability,OK,GST Refund,184623.12,92311.56,92311.56,REVIEW
17-Jul-25,COL  SUNIL DALAL (PROPRIETOR),0.0,120000.0,120000.0,Credit,Asset,0.09999999999999998,Fixed Asset,Fixed Asset Dr | To Bank,Asset,REVIEW,B2B,21600.0,10800.0,10800.0,REVIEW
17-Jul-25,SHAHEED SUKHDEV COLLEGE OF BUSINESS STUDIES,0.0,468537.0,468537.0,Credit,Travel,0.4418962307744769,Manual Review,Manual Journal Required,Unknown,REVIEW,Export,84336.66,42168.33,42168.33,REVIEW
17-Jul-25,EX. ENGR  NPD 6,1405872.06,0.0,1405872.06,Debit,Asset,0.09999999999999998,Fixed Asset,Fixed Asset Dr | To Bank,Asset,REVIEW,B2B,253056.97,126528.49,126528.49,REVIEW
17-Jul-25,"DEPUTY DIRECTOR, HORT . DIVN 8",1074204.96,0.0,1074204.96,Debit,Asset,0.7769971290038511,Fixed Asset,Fixed Asset Dr | To Bank,Asset,REVIEW,Reverse Charge,193356.89,96678.45,96678.45,OK
17-Jul-25,"DEPUTY DIRECTOR, HORT . DIVN 8",227453.0,0.0,227453.0,Debit,Asset,0.7769971290038511,Fixed Asset,Fixed Asset Dr | To Bank,Asset,REVIEW,Reverse Charge,40941.54,20470.77,20470.77,OK
18-Jul-25,RAJA PROPERTIES & CONSTRUCTION,63000.0,0.0,63000.0,Debit,Asset,0.09999999999999998,Fixed Asset,Fixed Asset Dr | To Bank,Asset,REVIEW,B2B,11340.0,5670.0,5670.0,REVIEW
18-Jul-25,IT SYSTEMS,5500.0,0.0,5500.0,Debit,Asset,0.6872998236737516,Fixed Asset,Fixed Asset Dr | To Bank,Asset,REVIEW,Export,990.0,495.0,495.0,REVIEW
18-Jul-25,SALARY PAYABLE,5410.0,0.0,5410.0,Debit,Payroll,0.09999999999999998,Salary Expense,Salary Expense Dr | To Bank,Expense,OK,B2B,973.8,486.9,486.9,REVIEW
18-Jul-25,DY.DIRECTOR  HR   DIV  7,0.0,1966717.0,1966717.0,Credit,Asset,0.7769971290038511,Fixed Asset,Fixed Asset Dr | To Bank,Asset,REVIEW,Reverse Charge,354009.06,177004.53,177004.53,OK
18-Jul-25,"Dy. Director, Hort 5",0.0,40194.0,40194.0,Credit,Asset,0.7769971290038511,Fixed Asset,Fixed Asset Dr | To Bank,Asset,REVIEW,Reverse Charge,7234.92,3617.46,3617.46,OK
18-Jul-25,DY DIRECTOR(HOR) DIV 6,0.0,1082259.0,1082259.0,Credit,Asset,0.7769971290038511,Fixed Asset,Fixed Asset Dr | To Bank,Asset,REVIEW,Reverse Charge,194806.62,97403.31,97403.31,OK
19-Jul-25,SBI BANK- 54238,0.0,2550000.0,2550000.0,Credit,Bank Charges,0.7364774865051836,Bank Charges Expense,Bank Charges Expense Dr | To Bank,Expense,OK,GST Payment,459000.0,229500.0,229500.0,OK
19-Jul-25,SALARY PAYABLE,3500.0,0.0,3500.0,Debit,Payroll,0.09999999999999998,Salary Expense,Salary Expense Dr | To Bank,Expense,OK,B2B,630.0,315.0,315.0,REVIEW
21-Jul-25,Sunshine Engineers,75000.0,0.0,75000.0,Debit,Asset,0.09999999999999998,Fixed Asset,Fixed Asset Dr | To Bank,Asset,REVIEW,B2B,13500.0,6750.0,6750.0,REVIEW
21-Jul-25,Haryana Offfice Rent,9000.0,0.0,9000.0,Debit,Rent,0.09999999999999998,Rent Expense,Rent Expense Dr | To Bank,Expense,OK,B2B,1620.0,810.0,810.0,REVIEW
21-Jul-25,UP Office Rent,4500.0,0.0,4500.0,Debit,Rent,0.09999999999999998,Rent Expense,Rent Expense Dr | To Bank,Expense,OK,B2B,810.0,405.0,405.0,REVIEW
21-Jul-25,IT SYSTEMS,10500.0,0.0,10500.0,Debit,Asset,0.6872998236737516,Fixed Asset,Fixed Asset Dr | To Bank,Asset,REVIEW,Export,1890.0,945.0,945.0,REVIEW
21-Jul-25,COL  SUNIL DALAL (PROPRIETOR),0.0,75000.0,75000.0,Credit,Asset,0.09999999999999998,Fixed Asset,Fixed Asset Dr | To Bank,Asset,REVIEW,B2B,13500.0,6750.0,6750.0,REVIEW
21-Jul-25,TRAINING SERVICES,3600.0,0.0,3600.0,Debit,Asset,0.09999999999999998,Fixed Asset,Fixed Asset Dr | To Bank,Asset,REVIEW,B2B,648.0,324.0,324.0,REVIEW
21-Jul-25,PRINTING AND STATIONARY,8898.36,0.0,8898.36,Debit,Asset,0.09999999999999998,Fixed Asset,Fixed Asset Dr | To Bank,Asset,REVIEW,B2B,1601.7,800.85,800.85,REVIEW
21-Jul-25,Dwarka Project  Division 1,297440.0,0.0,297440.0,Debit,Asset,0.09999999999999998,Fixed Asset,Fixed Asset Dr | To Bank,Asset,REVIEW,B2B,53539.2,26769.6,26769.6,REVIEW
22-Jul-25,SBI BANK- 54238,0.0,1215000.0,1215000.0,Credit,Bank Charges,0.7364774865051836,Bank Charges Expense,Bank Charges Expense Dr | To Bank,Expense,OK,GST Payment,218700.0,109350.0,109350.0,OK
22-Jul-25,R.S. ELECTRIC COMPANY,3658.0,0.0,3658.0,Debit,Asset,0.09999999999999998,Fixed Asset,Fixed Asset Dr | To Bank,Asset,REVIEW,B2B,658.44,329.22,329.22,REVIEW
22-Jul-25,Bharat Sanchar Nigam Limited,0.0,1220122.0,1220122.0,Credit,Asset,0.09999999999999998,Fixed Asset,Fixed Asset Dr | To Bank,Asset,REVIEW,B2B,219621.96,109810.98,109810.98,REVIEW
22-Jul-25,Office  Equipments,3000.0,0.0,3000.0,Debit,Asset,0.09999999999999998,Fixed Asset,Fixed Asset Dr | To Bank,Asset,REVIEW,B2B,540.0,270.0,270.0,REVIEW
23-Jul-25,Chintpurni Overseas Private Limited,51233.14,0.0,51233.14,Debit,Asset,0.09999999999999998,Fixed Asset,Fixed Asset Dr | To Bank,Asset,REVIEW,B2B,9221.97,4610.98,4610.98,REVIEW
25-Jul-25,Pragmatic Educational Society,4248.0,0.0,4248.0,Debit,Asset,0.7572990170285255,Fixed Asset,Fixed Asset Dr | To Bank,Asset,REVIEW,Exempt Supply,764.64,382.32,382.32,OK
25-Jul-25,Karnataka BHAWAN,238728.0,0.0,238728.0,Debit,Asset,0.09999999999999998,Fixed Asset,Fixed Asset Dr | To Bank,Asset,REVIEW,B2B,42971.04,21485.52,21485.52,REVIEW
25-Jul-25,COL  SUNIL DALAL (PROPRIETOR),0.0,300000.0,300000.0,Credit,Asset,0.09999999999999998,Fixed Asset,Fixed Asset Dr | To Bank,Asset,REVIEW,B2B,54000.0,27000.0,27000.0,REVIEW
25-Jul-25,FDR Interest,0.0,14096.0,14096.0,Credit,Asset,0.09999999999999998,Fixed Asset,Fixed Asset Dr | To Bank,Asset,REVIEW,B2B,2537.28,1268.64,1268.64,REVIEW
25-Jul-25,SHAHEED SUKHDEV COLLEGE OF BUSINESS STUDIES,0.0,187415.0,187415.0,Credit,Travel,0.4418962307744769,Manual Review,Manual Journal Required,Unknown,REVIEW,Export,33734.7,16867.35,16867.35,REVIEW
25-Jul-25,STATIONERY FOR OFFICE,2625.0,0.0,2625.0,Debit,Asset,0.501040898307841,Fixed Asset,Fixed Asset Dr | To Bank,Asset,REVIEW,Debit Note,472.5,236.25,236.25,REVIEW
25-Jul-25,STATIONERY FOR OFFICE,1328.0,0.0,1328.0,Debit,Asset,0.501040898307841,Fixed Asset,Fixed Asset Dr | To Bank,Asset,REVIEW,Debit Note,239.04,119.52,119.52,REVIEW
26-Jul-25,Airtel Postpaid Bill (Wifi),6691.6,0.0,6691.6,Debit,Utilities,0.8402233707166438,Utilities Expense,Utilities Expense Dr | To Bank,Expense,OK,B2C,1204.49,602.24,602.24,OK
28-Jul-25,SBI BANK- 54238,0.0,1060000.0,1060000.0,Credit,Bank Charges,0.7364774865051836,Bank Charges Expense,Bank Charges Expense Dr | To Bank,Expense,OK,GST Payment,190800.0,95400.0,95400.0,OK
28-Jul-25,BANK CHARGES,5.9,0.0,5.9,Debit,Bank Charges,0.34234595217777647,Bank Charges Expense,Bank Charges Expense Dr | To Bank,Expense,OK,GST Payment,1.06,0.53,0.53,REVIEW
28-Jul-25,National Company Law Appellate Tribunal,0.0,725697.0,725697.0,Credit,Asset,0.09999999999999998,Fixed Asset,Fixed Asset Dr | To Bank,Asset,REVIEW,B2B,130625.46,65312.73,65312.73,REVIEW
28-Jul-25,Fisheries Animal Husbandry and Dairying,0.0,129479.0,129479.0,Credit,Asset,0.09999999999999998,Fixed Asset,Fixed Asset Dr | To Bank,Asset,REVIEW,B2B,23306.22,11653.11,11653.11,REVIEW
29-Jul-25,SBI BANK- 54238,0.0,1378000.0,1378000.0,Credit,Bank Charges,0.7364774865051836,Bank Charges Expense,Bank Charges Expense Dr | To Bank,Expense,OK,GST Payment,248040.0,124020.0,124020.0,OK
29-Jul-25,Mobile Bill,6042.52,0.0,6042.52,Debit,Utilities,0.9437110885858774,Utilities Expense,Utilities Expense Dr | To Bank,Expense,OK,B2C,1087.65,543.83,543.83,OK
29-Jul-25,Airtel Postpaid Bill (Wifi),118.0,0.0,118.0,Debit,Utilities,0.8402233707166438,Utilities Expense,Utilities Expense Dr | To Bank,Expense,OK,B2C,21.24,10.62,10.62,OK
29-Jul-25,BANK CHARGES,5.9,0.0,5.9,Debit,Bank Charges,0.34234595217777647,Bank Charges Expense,Bank Charges Expense Dr | To Bank,Expense,OK,GST Payment,1.06,0.53,0.53,REVIEW
29-Jul-25,COL  SUNIL DALAL (PROPRIETOR),2858000.0,0.0,2858000.0,Debit,Asset,0.09999999999999998,Fixed Asset,Fixed Asset Dr | To Bank,Asset,REVIEW,B2B,514440.0,257220.0,257220.0,REVIEW
29-Jul-25,EX. ENGR  NPD 6,0.0,4232627.0,4232627.0,Credit,Asset,0.09999999999999998,Fixed Asset,Fixed Asset Dr | To Bank,Asset,REVIEW,B2B,761872.86,380936.43,380936.43,REVIEW
30-Jul-25,BANK CHARGES,5.9,0.0,5.9,Debit,Bank Charges,0.34234595217777647,Bank Charges Expense,Bank Charges Expense Dr | To Bank,Expense,OK,GST Payment,1.06,0.53,0.53,REVIEW
30-Jul-25,Software,4500.0,0.0,4500.0,Debit,Asset,0.522049633061683,Fixed Asset,Fixed Asset Dr | To Bank,Asset,REVIEW,Export,810.0,405.0,405.0,REVIEW
30-Jul-25,OUTPUT CGST@9%,1607830.0,0.0,1607830.0,Debit,Asset,0.09999999999999998,Fixed Asset,Fixed Asset Dr | To Bank,Asset,REVIEW,B2B,289409.4,144704.7,144704.7,REVIEW
31-Jul-25,AIRTEL POSTPAID BILL,1811.3,0.0,1811.3,Debit,Utilities,0.8402233707166438,Utilities Expense,Utilities Expense Dr | To Bank,Expense,OK,B2C,326.03,163.02,163.02,OK
31-Jul-25,ANU INTERNATIONAL,5310.0,0.0,5310.0,Debit,Asset,0.7067721364545132,Fixed Asset,Fixed Asset Dr | To Bank,Asset,REVIEW,Export,955.8,477.9,477.9,OK
31-Jul-25,BANK CHARGES,5.9,0.0,5.9,Debit,Bank Charges,0.34234595217777647,Bank Charges Expense,Bank Charges Expense Dr | To Bank,Expense,OK,GST Payment,1.06,0.53,0.53,REVIEW
31-Jul-25,BANK CHARGES,266.68,0.0,266.68,Debit,Bank Charges,0.34234595217777647,Bank Charges Expense,Bank Charges Expense Dr | To Bank,Expense,OK,GST Payment,48.0,24.0,24.0,REVIEW
31-Jul-25,Diesel and Petrol Charges,27049.22,0.0,27049.22,Debit,Bank Charges,0.4771037584455656,Bank Charges Expense,Bank Charges Expense Dr | To Bank,Expense,REVIEW,Debit Note,4868.86,2434.43,2434.43,REVIEW
31-Jul-25,Interest,43230.0,0.0,43230.0,Debit,Asset,0.09999999999999998,Fixed Asset,Fixed Asset Dr | To Bank,Asset,REVIEW,B2B,7781.4,3890.7,3890.7,REVIEW
31-Jul-25,Salary,13779188.08,0.0,13779188.08,Debit,Payroll,0.09999999999999998,Salary Expense,Salary Expense Dr | To Bank,Expense,OK,B2B,2480253.85,1240126.93,1240126.93,REVIEW
31-Jul-25,PF Employer Contribution,753774.0,0.0,753774.0,Debit,Asset,0.09999999999999998,Fixed Asset,Fixed Asset Dr | To Bank,Asset,REVIEW,B2B,135679.32,67839.66,67839.66,REVIEW
31-Jul-25,ESIC Employers Contribution,65128.4,0.0,65128.4,Debit,Asset,0.09999999999999998,Fixed Asset,Fixed Asset Dr | To Bank,Asset,REVIEW,B2B,11723.11,5861.56,5861.56,REVIEW
31-Jul-25,Salary,65000.0,0.0,65000.0,Debit,Payroll,0.09999999999999998,Salary Expense,Salary Expense Dr | To Bank,Expense,OK,B2B,11700.0,5850.0,5850.0,REVIEW
31-Jul-25,Hort DWK,0.0,2870685.12,2870685.12,Credit,Asset,0.09999999999999998,Fixed Asset,Fixed Asset Dr | To Bank,Asset,REVIEW,B2B,516723.32,258361.66,258361.66,REVIEW
01-Aug-25,Ex Engineer NPD 8,0.0,743809.0,743809.0,Credit,Asset,0.09999999999999998,Fixed Asset,Fixed Asset Dr | To Bank,Asset,REVIEW,B2B,133885.62,66942.81,66942.81,REVIEW
01-Aug-25,STATIONERY FOR OFFICE,2428.0,0.0,2428.0,Debit,Asset,0.501040898307841,Fixed Asset,Fixed Asset Dr | To Bank,Asset,REVIEW,Debit Note,437.04,218.52,218.52,REVIEW
01-Aug-25,STATIONERY FOR OFFICE,793.0,0.0,793.0,Debit,Asset,0.501040898307841,Fixed Asset,Fixed Asset Dr | To Bank,Asset,REVIEW,Debit Note,142.74,71.37,71.37,REVIEW
02-Aug-25,TRAVELLING EXPENSES,13010.91,0.0,13010.91,Debit,Asset,0.7281419932878501,Fixed Asset,Fixed Asset Dr | To Bank,Asset,REVIEW,Debit Note,2341.96,1170.98,1170.98,OK
02-Aug-25,Other Expenses,350.0,0.0,350.0,Debit,Asset,0.7281419932878501,Fixed Asset,Fixed Asset Dr | To Bank,Asset,REVIEW,Debit Note,63.0,31.5,31.5,OK
02-Aug-25,Other Expenses,2652.65,0.0,2652.65,Debit,Asset,0.7281419932878501,Fixed Asset,Fixed Asset Dr | To Bank,Asset,REVIEW,Debit Note,477.48,238.74,238.74,OK
02-Aug-25,Water Expense,3890.0,0.0,3890.0,Debit,Utilities,0.09999999999999998,Utilities Expense,Utilities Expense Dr | To Bank,Expense,OK,B2B,700.2,350.1,350.1,REVIEW
02-Aug-25,CONVEYANCE EXPENSES,2270.0,0.0,2270.0,Debit,Asset,0.7281419932878501,Fixed Asset,Fixed Asset Dr | To Bank,Asset,REVIEW,Debit Note,408.6,204.3,204.3,OK
02-Aug-25,Other Expenses,2602.2,0.0,2602.2,Debit,Asset,0.7281419932878501,Fixed Asset,Fixed Asset Dr | To Bank,Asset,REVIEW,Debit Note,468.4,234.2,234.2,OK
02-Aug-25,SHAHEED SUKHDEV COLLEGE OF BUSINESS STUDIES,0.0,99954.0,99954.0,Credit,Travel,0.4418962307744769,Manual Review,Manual Journal Required,Unknown,REVIEW,Export,17991.72,8995.86,8995.86,REVIEW
02-Aug-25,MAHANAGAR  TELEPHONE NIGAM LTD,0.0,32280.0,32280.0,Credit,Utilities,0.3718113284165679,Utilities Expense,Utilities Expense Dr | To Bank,Expense,OK,B2B,5810.4,2905.2,2905.2,REVIEW
02-Aug-25,Vehicle Hire Charges,49000.0,0.0,49000.0,Debit,Asset,0.4771037584455656,Fixed Asset,Fixed Asset Dr | To Bank,Asset,REVIEW,Debit Note,8820.0,4410.0,4410.0,REVIEW
03-Aug-25,COL  SUNIL DALAL (PROPRIETOR),876000.0,0.0,876000.0,Debit,Asset,0.09999999999999998,Fixed Asset,Fixed Asset Dr | To Bank,Asset,REVIEW,B2B,157680.0,78840.0,78840.0,REVIEW
04-Aug-25,SBI OD A/C- 6791,0.0,8200000.0,8200000.0,Credit,Asset,0.09999999999999998,Fixed Asset,Fixed Asset Dr | To Bank,Asset,REVIEW,B2B,1476000.0,738000.0,738000.0,REVIEW
04-Aug-25,NITIN ASSOCIATES,47500.0,0.0,47500.0,Debit,Asset,0.09999999999999998,Fixed Asset,Fixed Asset Dr | To Bank,Asset,REVIEW,B2B,8550.0,4275.0,4275.0,REVIEW
04-Aug-25,ROHIT TIWARI,40595.0,0.0,40595.0,Debit,Asset,0.09999999999999998,Fixed Asset,Fixed Asset Dr | To Bank,Asset,REVIEW,B2B,7307.1,3653.55,3653.55,REVIEW
04-Aug-25,SALARY PAYABLE,5845862.0,0.0,5845862.0,Debit,Payroll,0.09999999999999998,Salary Expense,Salary Expense Dr | To Bank,Expense,OK,B2B,1052255.16,526127.58,526127.58,REVIEW
04-Aug-25,COL  SUNIL DALAL (PROPRIETOR),0.0,250000.0,250000.0,Credit,Asset,0.09999999999999998,Fixed Asset,Fixed Asset Dr | To Bank,Asset,REVIEW,B2B,45000.0,22500.0,22500.0,REVIEW
04-Aug-25,PROFESSIONAL CHARGES,47500.0,0.0,47500.0,Debit,Professional Fees,0.3489394184680198,Manual Review,Manual Journal Required,Unknown,OK,Reverse Charge,8550.0,4275.0,4275.0,REVIEW
04-Aug-25,National Company Law Appellate Tribunal,776200.02,0.0,776200.02,Debit,Asset,0.09999999999999998,Fixed Asset,Fixed Asset Dr | To Bank,Asset,REVIEW,B2B,139716.0,69858.0,69858.0,REVIEW
04-Aug-25,QUTAB GOLF COURSE,2298432.97,0.0,2298432.97,Debit,Asset,0.09999999999999998,Fixed Asset,Fixed Asset Dr | To Bank,Asset,REVIEW,B2B,413717.93,206858.97,206858.97,REVIEW
04-Aug-25,Sub Regional Office Esic,814748.99,0.0,814748.99,Debit,Asset,0.09999999999999998,Fixed Asset,Fixed Asset Dr | To Bank,Asset,REVIEW,B2B,146654.82,73327.41,73327.41,REVIEW
04-Aug-25,Bharat Sanchar Nigam Limited,1122960.87,0.0,1122960.87,Debit,Asset,0.09999999999999998,Fixed Asset,Fixed Asset Dr | To Bank,Asset,REVIEW,B2B,202132.96,101066.48,101066.48,REVIEW
04-Aug-25,DEPARTMENT OF SPACE,394741.81,0.0,394741.81,Debit,Asset,0.3891124283615845,Fixed Asset,Fixed Asset Dr | To Bank,Asset,REVIEW,GST Refund,71053.53,35526.76,35526.76,REVIEW
04-Aug-25,Fisheries Animal Husbandry and Dairying,138490.26,0.0,138490.26,Debit,Asset,0.09999999999999998,Fixed Asset,Fixed Asset Dr | To Bank,Asset,REVIEW,B2B,24928.25,12464.12,12464.12,REVIEW
04-Aug-25,SHAHEED SUKHDEV COLLEGE OF BUSINESS STUDIES,501142.86,0.0,501142.86,Debit,Travel,0.4418962307744769,Manual Review,Manual Journal Required,Unknown,REVIEW,Export,90205.71,45102.86,45102.86,REVIEW
04-Aug-25,SHAHEED SUKHDEV COLLEGE OF BUSINESS STUDIES,200457.13,0.0,200457.13,Debit,Travel,0.4418962307744769,Manual Review,Manual Journal Required,Unknown,REVIEW,Export,36082.28,18041.14,18041.14,REVIEW
04-Aug-25,Bharat Sanchar Nigam Limited,24240.57,0.0,24240.57,Debit,Asset,0.09999999999999998,Fixed Asset,Fixed Asset Dr | To Bank,Asset,REVIEW,B2B,4363.3,2181.65,2181.65,REVIEW
04-Aug-25,Hort DWK,2870685.12,0.0,2870685.12,Debit,Asset,0.09999999999999998,Fixed Asset,Fixed Asset Dr | To Bank,Asset,REVIEW,B2B,516723.32,258361.66,258361.66,REVIEW
05-Aug-25,SBI OD A/C- 6791,0.0,1500000.0,1500000.0,Credit,Asset,0.09999999999999998,Fixed Asset,Fixed Asset Dr | To Bank,Asset,REVIEW,B2B,270000.0,135000.0,135000.0,REVIEW
05-Aug-25,SBI BANK- 54238,0.0,5350000.0,5350000.0,Credit,Bank Charges,0.7364774865051836,Bank Charges Expense,Bank Charges Expense Dr | To Bank,Expense,OK,GST Payment,963000.0,481500.0,481500.0,OK
05-Aug-25,SALARY PAYABLE,1372544.0,0.0,1372544.0,Debit,Payroll,0.09999999999999998,Salary Expense,Salary Expense Dr | To Bank,Expense,OK,B2B,247057.92,123528.96,123528.96,REVIEW
05-Aug-25,Security Deposit,0.0,265839.0,265839.0,Credit,Asset,0.09999999999999998,Fixed Asset,Fixed Asset Dr | To Bank,Asset,REVIEW,B2B,47851.02,23925.51,23925.51,REVIEW
05-Aug-25,HORT DIV  9,0.0,1628994.0,1628994.0,Credit,Asset,0.09999999999999998,Fixed Asset,Fixed Asset Dr | To Bank,Asset,REVIEW,B2B,293218.92,146609.46,146609.46,REVIEW
05-Aug-25,"DEPUTY DIRECTOR, HORT . DIVN 8",0.0,207776.0,207776.0,Credit,Asset,0.7769971290038511,Fixed Asset,Fixed Asset Dr | To Bank,Asset,REVIEW,Reverse Charge,37399.68,18699.84,18699.84,OK
05-Aug-25,"DEPUTY DIRECTOR, HORT . DIVN 8",0.0,851169.0,851169.0,Credit,Asset,0.7769971290038511,Fixed Asset,Fixed Asset Dr | To Bank,Asset,REVIEW,Reverse Charge,153210.42,76605.21,76605.21,OK
05-Aug-25,"EXECUTIVE ENGR, HCD 10",0.0,2487703.0,2487703.0,Credit,Asset,0.09999999999999998,Fixed Asset,Fixed Asset Dr | To Bank,Asset,REVIEW,B2B,447786.54,223893.27,223893.27,REVIEW
05-Aug-25,HORT DIV  9,0.0,151467.0,151467.0,Credit,Asset,0.09999999999999998,Fixed Asset,Fixed Asset Dr | To Bank,Asset,REVIEW,B2B,27264.06,13632.03,13632.03,REVIEW
05-Aug-25,TDS Receivable @ 2%,18207.0,0.0,18207.0,Debit,Asset,0.09999999999999998,Fixed Asset,Fixed Asset Dr | To Bank,Asset,REVIEW,B2B,3277.26,1638.63,1638.63,REVIEW
06-Aug-25,SBI BANK- 54238,0.0,1700000.0,1700000.0,Credit,Bank Charges,0.7364774865051836,Bank Charges Expense,Bank Charges Expense Dr | To Bank,Expense,OK,GST Payment,306000.0,153000.0,153000.0,OK
06-Aug-25,Miscellaneous,100.0,0.0,100.0,Debit,Asset,0.09999999999999998,Fixed Asset,Fixed Asset Dr | To Bank,Asset,REVIEW,B2B,18.0,9.0,9.0,REVIEW
06-Aug-25,Miscellaneous,16900.0,0.0,16900.0,Debit,Asset,0.09999999999999998,Fixed Asset,Fixed Asset Dr | To Bank,Asset,REVIEW,B2B,3042.0,1521.0,1521.0,REVIEW
06-Aug-25,Salary,172000.0,0.0,172000.0,Debit,Payroll,0.09999999999999998,Salary Expense,Salary Expense Dr | To Bank,Expense,OK,B2B,30960.0,15480.0,15480.0,REVIEW
06-Aug-25,Electricity Expenses,31320.0,0.0,31320.0,Debit,Utilities,0.7281419932878501,Utilities Expense,Utilities Expense Dr | To Bank,Expense,OK,Debit Note,5637.6,2818.8,2818.8,OK
06-Aug-25,Electricity Expenses,1030.0,0.0,1030.0,Debit,Utilities,0.7281419932878501,Utilities Expense,Utilities Expense Dr | To Bank,Expense,OK,Debit Note,185.4,92.7,92.7,OK
06-Aug-25,THE RIGHT CHOICE,7174.0,0.0,7174.0,Debit,Asset,0.09999999999999998,Fixed Asset,Fixed Asset Dr | To Bank,Asset,REVIEW,B2B,1291.32,645.66,645.66,REVIEW
06-Aug-25,TAX DEDUCTED SOURCES 94C,387.0,0.0,387.0,Debit,GST,0.4452796264190966,GST Payable,GST Payable Dr | To Bank,Liability,REVIEW,GST Payment,69.66,34.83,34.83,REVIEW
06-Aug-25,COL  SUNIL DALAL (PROPRIETOR),0.0,100000.0,100000.0,Credit,Asset,0.09999999999999998,Fixed Asset,Fixed Asset Dr | To Bank,Asset,REVIEW,B2B,18000.0,9000.0,9000.0,REVIEW
06-Aug-25,QUTAB GOLF COURSE,0.0,1715342.0,1715342.0,Credit,Asset,0.09999999999999998,Fixed Asset,Fixed Asset Dr | To Bank,Asset,REVIEW,B2B,308761.56,154380.78,154380.78,REVIEW
06-Aug-25,TDS Receivable @ 2%,37700.0,0.0,37700.0,Debit,Asset,0.09999999999999998,Fixed Asset,Fixed Asset Dr | To Bank,Asset,REVIEW,B2B,6786.0,3393.0,3393.0,REVIEW
07-Aug-25,BANK CHARGES,5.9,0.0,5.9,Debit,Bank Charges,0.34234595217777647,Bank Charges Expense,Bank Charges Expense Dr | To Bank,Expense,OK,GST Payment,1.06,0.53,0.53,REVIEW
07-Aug-25,Raitel Corporation of India Limited,2950.0,0.0,2950.0,Debit,Asset,0.4418962307744769,Fixed Asset,Fixed Asset Dr | To Bank,Asset,REVIEW,Export,531.0,265.5,265.5,REVIEW
07-Aug-25,TRAVELLING EXPENSES,9238.54,0.0,9238.54,Debit,Asset,0.7281419932878501,Fixed Asset,Fixed Asset Dr | To Bank,Asset,REVIEW,Debit Note,1662.94,831.47,831.47,OK
07-Aug-25,Miscellaneous,0.0,1290.36,1290.36,Credit,Asset,0.09999999999999998,Fixed Asset,Fixed Asset Dr | To Bank,Asset,REVIEW,B2B,232.26,116.13,116.13,REVIEW
07-Aug-25,Miscellaneous,0.0,2490.0,2490.0,Credit,Asset,0.09999999999999998,Fixed Asset,Fixed Asset Dr | To Bank,Asset,REVIEW,B2B,448.2,224.1,224.1,REVIEW
07-Aug-25,Software,2500.0,0.0,2500.0,Debit,Asset,0.522049633061683,Fixed Asset,Fixed Asset Dr | To Bank,Asset,REVIEW,Export,450.0,225.0,225.0,REVIEW
08-Aug-25,BANK CHARGES,5.9,0.0,5.9,Debit,Bank Charges,0.34234595217777647,Bank Charges Expense,Bank Charges Expense Dr | To Bank,Expense,OK,GST Payment,1.06,0.53,0.53,REVIEW
09-Aug-25,CONVEYANCE EXPENSES,3507.0,0.0,3507.0,Debit,Asset,0.7281419932878501,Fixed Asset,Fixed Asset Dr | To Bank,Asset,REVIEW,Debit Note,631.26,315.63,315.63,OK
09-Aug-25,Water Expense,3640.0,0.0,3640.0,Debit,Utilities,0.09999999999999998,Utilities Expense,Utilities Expense Dr | To Bank,Expense,OK,B2B,655.2,327.6,327.6,REVIEW
09-Aug-25,CONVEYANCE EXPENSES,10152.0,0.0,10152.0,Debit,Asset,0.7281419932878501,Fixed Asset,Fixed Asset Dr | To Bank,Asset,REVIEW,Debit Note,1827.36,913.68,913.68,OK
11-Aug-25,Hort DWK,1929477.0,0.0,1929477.0,Debit,Asset,0.09999999999999998,Fixed Asset,Fixed Asset Dr | To Bank,Asset,REVIEW,B2B,347305.86,173652.93,173652.93,REVIEW
12-Aug-25,CONVEYANCE EXPENSES,696.0,0.0,696.0,Debit,Asset,0.7281419932878501,Fixed Asset,Fixed Asset Dr | To Bank,Asset,REVIEW,Debit Note,125.28,62.64,62.64,OK
12-Aug-25,CONVEYANCE EXPENSES,660.0,0.0,660.0,Debit,Asset,0.7281419932878501,Fixed Asset,Fixed Asset Dr | To Bank,Asset,REVIEW,Debit Note,118.8,59.4,59.4,OK
13-Aug-25,ELEGANT APPARELS,30000.0,0.0,30000.0,Debit,Asset,0.09999999999999998,Fixed Asset,Fixed Asset Dr | To Bank,Asset,REVIEW,B2B,5400.0,2700.0,2700.0,REVIEW
13-Aug-25,MASTER RUBER WORKSS,16239.0,0.0,16239.0,Debit,Asset,0.09999999999999998,Fixed Asset,Fixed Asset Dr | To Bank,Asset,REVIEW,B2B,2923.02,1461.51,1461.51,REVIEW
13-Aug-25,IT SYSTEMS,3900.0,0.0,3900.0,Debit,Asset,0.6872998236737516,Fixed Asset,Fixed Asset Dr | To Bank,Asset,REVIEW,Export,702.0,351.0,351.0,REVIEW
13-Aug-25,NITIN ASSOCIATES,8500.0,0.0,8500.0,Debit,Asset,0.09999999999999998,Fixed Asset,Fixed Asset Dr | To Bank,Asset,REVIEW,B2B,1530.0,765.0,765.0,REVIEW
13-Aug-25,CONVEYANCE EXPENSES,2905.0,0.0,2905.0,Debit,Asset,0.7281419932878501,Fixed Asset,Fixed Asset Dr | To Bank,Asset,REVIEW,Debit Note,522.9,261.45,261.45,OK
13-Aug-25,COL  SUNIL DALAL (PROPRIETOR),0.0,75000.0,75000.0,Credit,Asset,0.09999999999999998,Fixed Asset,Fixed Asset Dr | To Bank,Asset,REVIEW,B2B,13500.0,6750.0,6750.0,REVIEW
13-Aug-25,Uniform Expense,14499.0,0.0,14499.0,Debit,Marketing,0.09999999999999998,Marketing Expense,Marketing Expense Dr | To Bank,Expense,REVIEW,B2B,2609.82,1304.91,1304.91,REVIEW
13-Aug-25,PRINTING AND STATIONARY,3305.08,0.0,3305.08,Debit,Asset,0.09999999999999998,Fixed Asset,Fixed Asset Dr | To Bank,Asset,REVIEW,B2B,594.91,297.46,297.46,REVIEW
13-Aug-25,PROFESSIONAL CHARGES,8500.0,0.0,8500.0,Debit,Professional Fees,0.3489394184680198,Manual Review,Manual Journal Required,Unknown,OK,Reverse Charge,1530.0,765.0,765.0,REVIEW
14-Aug-25,SBI OD A/C- 6791,0.0,1200000.0,1200000.0,Credit,Asset,0.09999999999999998,Fixed Asset,Fixed Asset Dr | To Bank,Asset,REVIEW,B2B,216000.0,108000.0,108000.0,REVIEW
14-Aug-25,PF PAYABLE,1570362.0,0.0,1570362.0,Debit,Asset,0.09999999999999998,Fixed Asset,Fixed Asset Dr | To Bank,Asset,REVIEW,B2B,282665.16,141332.58,141332.58,REVIEW
14-Aug-25,Esic Payable,85329.0,0.0,85329.0,Debit,Asset,0.09999999999999998,Fixed Asset,Fixed Asset Dr | To Bank,Asset,REVIEW,B2B,15359.22,7679.61,7679.61,REVIEW
14-Aug-25,CONVEYANCE EXPENSES,1736.0,0.0,1736.0,Debit,Asset,0.7281419932878501,Fixed Asset,Fixed Asset Dr | To Bank,Asset,REVIEW,Debit Note,312.48,156.24,156.24,OK
14-Aug-25,CONVEYANCE EXPENSES,1904.0,0.0,1904.0,Debit,Asset,0.7281419932878501,Fixed Asset,Fixed Asset Dr | To Bank,Asset,REVIEW,Debit Note,342.72,171.36,171.36,OK
14-Aug-25,CONVEYANCE EXPENSES,3040.0,0.0,3040.0,Debit,Asset,0.7281419932878501,Fixed Asset,Fixed Asset Dr | To Bank,Asset,REVIEW,Debit Note,547.2,273.6,273.6,OK
14-Aug-25,Office Petty Expenses,5000.0,0.0,5000.0,Debit,Asset,0.7281419932878501,Fixed Asset,Fixed Asset Dr | To Bank,Asset,REVIEW,Debit Note,900.0,450.0,450.0,OK
14-Aug-25,QUTAB GOLF COURSE,0.0,350608.0,350608.0,Credit,Asset,0.09999999999999998,Fixed Asset,Fixed Asset Dr | To Bank,Asset,REVIEW,B2B,63109.44,31554.72,31554.72,REVIEW
14-Aug-25,QUTAB GOLF COURSE,0.0,140400.0,140400.0,Credit,Asset,0.09999999999999998,Fixed Asset,Fixed Asset Dr | To Bank,Asset,REVIEW,B2B,25272.0,12636.0,12636.0,REVIEW
14-Aug-25,QUTAB GOLF COURSE,162045.0,0.0,162045.0,Debit,Asset,0.09999999999999998,Fixed Asset,Fixed Asset Dr | To Bank,Asset,REVIEW,B2B,29168.1,14584.05,14584.05,REVIEW
16-Aug-25,RAJA PROPERTIES & CONSTRUCTION,63000.0,0.0,63000.0,Debit,Asset,0.09999999999999998,Fixed Asset,Fixed Asset Dr | To Bank,Asset,REVIEW,B2B,11340.0,5670.0,5670.0,REVIEW
16-Aug-25,COL  SUNIL DALAL (PROPRIETOR),0.0,50000.0,50000.0,Credit,Asset,0.09999999999999998,Fixed Asset,Fixed Asset Dr | To Bank,Asset,REVIEW,B2B,9000.0,4500.0,4500.0,REVIEW
16-Aug-25,RENT DELHI OFFICE,70000.0,0.0,70000.0,Debit,Rent,0.09999999999999998,Rent Expense,Rent Expense Dr | To Bank,Expense,OK,B2B,12600.0,6300.0,6300.0,REVIEW
16-Aug-25,"EXECUTIVE ENGR, HCD 10",185519.0,0.0,185519.0,Debit,Asset,0.09999999999999998,Fixed Asset,Fixed Asset Dr | To Bank,Asset,REVIEW,B2B,33393.42,16696.71,16696.71,REVIEW
18-Aug-25,SBI OD A/C- 6791,0.0,1700000.0,1700000.0,Credit,Asset,0.09999999999999998,Fixed Asset,Fixed Asset Dr | To Bank,Asset,REVIEW,B2B,306000.0,153000.0,153000.0,REVIEW
18-Aug-25,GST PAYABLE,2917098.0,0.0,2917098.0,Debit,GST,0.4642212308239418,GST Payable,GST Payable Dr | To Bank,Liability,OK,GST Refund,525077.64,262538.82,262538.82,REVIEW
18-Aug-25,Bharat Sanchar Nigam Limited,0.0,1195222.0,1195222.0,Credit,Asset,0.09999999999999998,Fixed Asset,Fixed Asset Dr | To Bank,Asset,REVIEW,B2B,215139.96,107569.98,107569.98,REVIEW
18-Aug-25,"DEPUTY DIRECTOR, HORT . DIVN 8",1181625.43,0.0,1181625.43,Debit,Asset,0.7769971290038511,Fixed Asset,Fixed Asset Dr | To Bank,Asset,REVIEW,Reverse Charge,212692.58,106346.29,106346.29,OK
18-Aug-25,"DEPUTY DIRECTOR, HORT . DIVN 8",433366.8,0.0,433366.8,Debit,Asset,0.7769971290038511,Fixed Asset,Fixed Asset Dr | To Bank,Asset,REVIEW,Reverse Charge,78006.02,39003.01,39003.01,OK
18-Aug-25,Hort DWK,789339.76,0.0,789339.76,Debit,Asset,0.09999999999999998,Fixed Asset,Fixed Asset Dr | To Bank,Asset,REVIEW,B2B,142081.16,71040.58,71040.58,REVIEW
19-Aug-25,Haryana Offfice Rent,6000.0,0.0,6000.0,Debit,Rent,0.09999999999999998,Rent Expense,Rent Expense Dr | To Bank,Expense,OK,B2B,1080.0,540.0,540.0,REVIEW
19-Aug-25,UP Office Rent,4500.0,0.0,4500.0,Debit,Rent,0.09999999999999998,Rent Expense,Rent Expense Dr | To Bank,Expense,OK,B2B,810.0,405.0,405.0,REVIEW
19-Aug-25,Chintpurni Overseas Private Limited,0.0,51233.0,51233.0,Credit,Asset,0.09999999999999998,Fixed Asset,Fixed Asset Dr | To Bank,Asset,REVIEW,B2B,9221.94,4610.97,4610.97,REVIEW
20-Aug-25,SBI BANK- 54238,0.0,1230000.0,1230000.0,Credit,Bank Charges,0.7364774865051836,Bank Charges Expense,Bank Charges Expense Dr | To Bank,Expense,OK,GST Payment,221400.0,110700.0,110700.0,OK
20-Aug-25,Miscellaneous,4000.0,0.0,4000.0,Debit,Asset,0.09999999999999998,Fixed Asset,Fixed Asset Dr | To Bank,Asset,REVIEW,B2B,720.0,360.0,360.0,REVIEW
20-Aug-25,Common Other Misc. Services,17700.0,0.0,17700.0,Debit,Asset,0.09999999999999998,Fixed Asset,Fixed Asset Dr | To Bank,Asset,REVIEW,B2B,3186.0,1593.0,1593.0,REVIEW
20-Aug-25,Sub Regional Office Esic,0.0,794034.0,794034.0,Credit,Asset,0.09999999999999998,Fixed Asset,Fixed Asset Dr | To Bank,Asset,REVIEW,B2B,142926.12,71463.06,71463.06,REVIEW
20-Aug-25,DEPARTMENT OF SPACE,0.0,381361.0,381361.0,Credit,Asset,0.3891124283615845,Fixed Asset,Fixed Asset Dr | To Bank,Asset,REVIEW,GST Refund,68644.98,34322.49,34322.49,REVIEW
20-Aug-25,Fisheries Animal Husbandry and Dairying,0.0,133794.0,133794.0,Credit,Asset,0.09999999999999998,Fixed Asset,Fixed Asset Dr | To Bank,Asset,REVIEW,B2B,24082.92,12041.46,12041.46,REVIEW
21-Aug-25,SBI BANK- 54238,0.0,2360000.0,2360000.0,Credit,Bank Charges,0.7364774865051836,Bank Charges Expense,Bank Charges Expense Dr | To Bank,Expense,OK,GST Payment,424800.0,212400.0,212400.0,OK
21-Aug-25,Dwarka Project  Division 1,0.0,2227503.0,2227503.0,Credit,Asset,0.09999999999999998,Fixed Asset,Fixed Asset Dr | To Bank,Asset,REVIEW,B2B,400950.54,200475.27,200475.27,REVIEW
21-Aug-25,Vehicle Maintenance Charges,32613.6,0.0,32613.6,Debit,Asset,0.4771037584455656,Fixed Asset,Fixed Asset Dr | To Bank,Asset,REVIEW,Debit Note,5870.45,2935.22,2935.22,REVIEW
21-Aug-25,Vehicle Maintenance Charges,30250.0,0.0,30250.0,Debit,Asset,0.4771037584455656,Fixed Asset,Fixed Asset Dr | To Bank,Asset,REVIEW,Debit Note,5445.0,2722.5,2722.5,REVIEW
22-Aug-25,Liftech India Private Limited,35695.0,0.0,35695.0,Debit,Asset,0.09999999999999998,Fixed Asset,Fixed Asset Dr | To Bank,Asset,REVIEW,B2B,6425.1,3212.55,3212.55,REVIEW
22-Aug-25,Liftech India Private Limited,38484.0,0.0,38484.0,Debit,Asset,0.09999999999999998,Fixed Asset,Fixed Asset Dr | To Bank,Asset,REVIEW,B2B,6927.12,3463.56,3463.56,REVIEW
22-Aug-25,COL  SUNIL DALAL (PROPRIETOR),0.0,70000.0,70000.0,Credit,Asset,0.09999999999999998,Fixed Asset,Fixed Asset Dr | To Bank,Asset,REVIEW,B2B,12600.0,6300.0,6300.0,REVIEW
25-Aug-25,ADVERTISMENT AND PUBLICITY,10000.0,0.0,10000.0,Debit,Asset,0.09999999999999998,Fixed Asset,Fixed Asset Dr | To Bank,Asset,REVIEW,B2B,1800.0,900.0,900.0,REVIEW
25-Aug-25,STATIONERY FOR OFFICE,2576.0,0.0,2576.0,Debit,Asset,0.501040898307841,Fixed Asset,Fixed Asset Dr | To Bank,Asset,REVIEW,Debit Note,463.68,231.84,231.84,REVIEW
25-Aug-25,Uniform Expense,37905.0,0.0,37905.0,Debit,Marketing,0.09999999999999998,Marketing Expense,Marketing Expense Dr | To Bank,Expense,REVIEW,B2B,6822.9,3411.45,3411.45,REVIEW
25-Aug-25,Ex Engineer NPD 8,0.0,652972.88,652972.88,Credit,Asset,0.09999999999999998,Fixed Asset,Fixed Asset Dr | To Bank,Asset,REVIEW,B2B,117535.12,58767.56,58767.56,REVIEW
25-Aug-25,Apartment of Owners Welfare,29500.0,0.0,29500.0,Debit,Asset,0.4418962307744769,Fixed Asset,Fixed Asset Dr | To Bank,Asset,REVIEW,Export,5310.0,2655.0,2655.0,REVIEW
25-Aug-25,Ex Engineer NPD 8,646651.31,0.0,646651.31,Debit,Asset,0.09999999999999998,Fixed Asset,Fixed Asset Dr | To Bank,Asset,REVIEW,B2B,116397.24,58198.62,58198.62,REVIEW
25-Aug-25,Ex Engineer NPD 8,64287.0,0.0,64287.0,Debit,Asset,0.09999999999999998,Fixed Asset,Fixed Asset Dr | To Bank,Asset,REVIEW,B2B,11571.66,5785.83,5785.83,REVIEW
26-Aug-25,SBI OD A/C- 6791,0.0,1400000.0,1400000.0,Credit,Asset,0.09999999999999998,Fixed Asset,Fixed Asset Dr | To Bank,Asset,REVIEW,B2B,252000.0,126000.0,126000.0,REVIEW
26-Aug-25,SBI BANK- 54238,0.0,1150000.0,1150000.0,Credit,Bank Charges,0.7364774865051836,Bank Charges Expense,Bank Charges Expense Dr | To Bank,Expense,OK,GST Payment,207000.0,103500.0,103500.0,OK
26-Aug-25,ELEGANT APPARELS,28820.0,0.0,28820.0,Debit,Asset,0.09999999999999998,Fixed Asset,Fixed Asset Dr | To Bank,Asset,REVIEW,B2B,5187.6,2593.8,2593.8,REVIEW
26-Aug-25,Miscellaneous,400.0,0.0,400.0,Debit,Asset,0.09999999999999998,Fixed Asset,Fixed Asset Dr | To Bank,Asset,REVIEW,B2B,72.0,36.0,36.0,REVIEW
26-Aug-25,SALARY PAYABLE,1060000.0,0.0,1060000.0,Debit,Payroll,0.09999999999999998,Salary Expense,Salary Expense Dr | To Bank,Expense,OK,B2B,190800.0,95400.0,95400.0,REVIEW
26-Aug-25,CONVEYANCE EXPENSES,1220.0,0.0,1220.0,Debit,Asset,0.7281419932878501,Fixed Asset,Fixed Asset Dr | To Bank,Asset,REVIEW,Debit Note,219.6,109.8,109.8,OK
26-Aug-25,CONVEYANCE EXPENSES,2398.0,0.0,2398.0,Debit,Asset,0.7281419932878501,Fixed Asset,Fixed Asset Dr | To Bank,Asset,REVIEW,Debit Note,431.64,215.82,215.82,OK
26-Aug-25,Office Petty Expenses,50.0,0.0,50.0,Debit,Asset,0.7281419932878501,Fixed Asset,Fixed Asset Dr | To Bank,Asset,REVIEW,Debit Note,9.0,4.5,4.5,OK
26-Aug-25,COL  SUNIL DALAL (PROPRIETOR),0.0,30000.0,30000.0,Credit,Asset,0.09999999999999998,Fixed Asset,Fixed Asset Dr | To Bank,Asset,REVIEW,B2B,5400.0,2700.0,2700.0,REVIEW
26-Aug-25,DY.DIRECTOR  HR   DIV  7,0.0,378619.0,378619.0,Credit,Asset,0.7769971290038511,Fixed Asset,Fixed Asset Dr | To Bank,Asset,REVIEW,Reverse Charge,68151.42,34075.71,34075.71,OK
26-Aug-25,DY DIRECTOR(HOR) DIV 6,0.0,196725.0,196725.0,Credit,Asset,0.7769971290038511,Fixed Asset,Fixed Asset Dr | To Bank,Asset,REVIEW,Reverse Charge,35410.5,17705.25,17705.25,OK
26-Aug-25,DY.DIRECTOR  HR   DIV  7,0.0,270540.0,270540.0,Credit,Asset,0.7769971290038511,Fixed Asset,Fixed Asset Dr | To Bank,Asset,REVIEW,Reverse Charge,48697.2,24348.6,24348.6,OK
26-Aug-25,Salary,0.0,20000.0,20000.0,Credit,Payroll,0.09999999999999998,Salary Expense,Salary Expense Dr | To Bank,Expense,OK,B2B,3600.0,1800.0,1800.0,REVIEW
27-Aug-25,SBI BANK- 54238,0.0,1340000.0,1340000.0,Credit,Bank Charges,0.7364774865051836,Bank Charges Expense,Bank Charges Expense Dr | To Bank,Expense,OK,GST Payment,241200.0,120600.0,120600.0,OK
27-Aug-25,BANK CHARGES,118.0,0.0,118.0,Debit,Bank Charges,0.34234595217777647,Bank Charges Expense,Bank Charges Expense Dr | To Bank,Expense,OK,GST Payment,21.24,10.62,10.62,REVIEW
27-Aug-25,EX. ENGR  NPD 6,0.0,1143761.0,1143761.0,Credit,Asset,0.09999999999999998,Fixed Asset,Fixed Asset Dr | To Bank,Asset,REVIEW,B2B,205876.98,102938.49,102938.49,REVIEW
27-Aug-25,Security Deposit,0.0,200000.0,200000.0,Credit,Asset,0.09999999999999998,Fixed Asset,Fixed Asset Dr | To Bank,Asset,REVIEW,B2B,36000.0,18000.0,18000.0,REVIEW
28-Aug-25,GST PAYABLE,21332.0,0.0,21332.0,Debit,GST,0.4642212308239418,GST Payable,GST Payable Dr | To Bank,Liability,OK,GST Refund,3839.76,1919.88,1919.88,REVIEW
28-Aug-25,SBI OD A/C- 6791,0.0,30000.0,30000.0,Credit,Asset,0.09999999999999998,Fixed Asset,Fixed Asset Dr | To Bank,Asset,REVIEW,B2B,5400.0,2700.0,2700.0,REVIEW
28-Aug-25,STATIONERY FOR OFFICE,789.0,0.0,789.0,Debit,Asset,0.501040898307841,Fixed Asset,Fixed Asset Dr | To Bank,Asset,REVIEW,Debit Note,142.02,71.01,71.01,REVIEW
28-Aug-25,STATIONERY FOR OFFICE,2697.0,0.0,2697.0,Debit,Asset,0.501040898307841,Fixed Asset,Fixed Asset Dr | To Bank,Asset,REVIEW,Debit Note,485.46,242.73,242.73,REVIEW
29-Aug-25,SBI BANK- 54238,0.0,760000.0,760000.0,Credit,Bank Charges,0.7364774865051836,Bank Charges Expense,Bank Charges Expense Dr | To Bank,Expense,OK,GST Payment,136800.0,68400.0,68400.0,OK
29-Aug-25,Miscellaneous,1618.0,0.0,1618.0,Debit,Asset,0.09999999999999998,Fixed Asset,Fixed Asset Dr | To Bank,Asset,REVIEW,B2B,291.24,145.62,145.62,REVIEW
29-Aug-25,National Company Law Appellate Tribunal,0.0,749888.0,749888.0,Credit,Asset,0.09999999999999998,Fixed Asset,Fixed Asset Dr | To Bank,Asset,REVIEW,B2B,134979.84,67489.92,67489.92,REVIEW
30-Aug-25,Airtel Postpaid Bill (Wifi),6042.61,0.0,6042.61,Debit,Utilities,0.8402233707166438,Utilities Expense,Utilities Expense Dr | To Bank,Expense,OK,B2C,1087.67,543.83,543.83,OK
30-Aug-25,Airtel Postpaid Bill (Wifi),6691.57,0.0,6691.57,Debit,Utilities,0.8402233707166438,Utilities Expense,Utilities Expense Dr | To Bank,Expense,OK,B2C,1204.48,602.24,602.24,OK
30-Aug-25,BANK CHARGES,5.9,0.0,5.9,Debit,Bank Charges,0.34234595217777647,Bank Charges Expense,Bank Charges Expense Dr | To Bank,Expense,OK,GST Payment,1.06,0.53,0.53,REVIEW
30-Aug-25,COL  SUNIL DALAL (PROPRIETOR),0.0,20000.0,20000.0,Credit,Asset,0.09999999999999998,Fixed Asset,Fixed Asset Dr | To Bank,Asset,REVIEW,B2B,3600.0,1800.0,1800.0,REVIEW
30-Aug-25,Chintpurni Overseas Private Limited,62211.68,0.0,62211.68,Debit,Asset,0.09999999999999998,Fixed Asset,Fixed Asset Dr | To Bank,Asset,REVIEW,B2B,11198.1,5599.05,5599.05,REVIEW
31-Aug-25,Miscellaneous,1215.0,0.0,1215.0,Debit,Asset,0.09999999999999998,Fixed Asset,Fixed Asset Dr | To Bank,Asset,REVIEW,B2B,218.7,109.35,109.35,REVIEW
31-Aug-25,BANK CHARGES,1870.3,0.0,1870.3,Debit,Bank Charges,0.34234595217777647,Bank Charges Expense,Bank Charges Expense Dr | To Bank,Expense,OK,GST Payment,336.65,168.33,168.33,REVIEW
31-Aug-25,Diesel and Petrol Charges,25453.35,0.0,25453.35,Debit,Bank Charges,0.4771037584455656,Bank Charges Expense,Bank Charges Expense Dr | To Bank,Expense,REVIEW,Debit Note,4581.6,2290.8,2290.8,REVIEW
31-Aug-25,Interest,21177.0,0.0,21177.0,Debit,Asset,0.09999999999999998,Fixed Asset,Fixed Asset Dr | To Bank,Asset,REVIEW,B2B,3811.86,1905.93,1905.93,REVIEW
31-Aug-25,Salary,12831422.0,0.0,12831422.0,Debit,Payroll,0.09999999999999998,Salary Expense,Salary Expense Dr | To Bank,Expense,OK,B2B,2309655.96,1154827.98,1154827.98,REVIEW
31-Aug-25,PF Employer Contribution,672425.0,0.0,672425.0,Debit,Asset,0.09999999999999998,Fixed Asset,Fixed Asset Dr | To Bank,Asset,REVIEW,B2B,121036.5,60518.25,60518.25,REVIEW
31-Aug-25,ESIC Employers Contribution,58216.82,0.0,58216.82,Debit,Asset,0.09999999999999998,Fixed Asset,Fixed Asset Dr | To Bank,Asset,REVIEW,B2B,10479.03,5239.51,5239.51,REVIEW
31-Aug-25,OUTPUT CGST@9%,946838.0,0.0,946838.0,Debit,Asset,0.09999999999999998,Fixed Asset,Fixed Asset Dr | To Bank,Asset,REVIEW,B2B,170430.84,85215.42,85215.42,REVIEW
31-Aug-25,TDS Credit CGST,125716.0,0.0,125716.0,Debit,Asset,0.9063700918777899,Fixed Asset,Fixed Asset Dr | To Bank,Asset,REVIEW,Credit Note,22628.88,11314.44,11314.44,OK
31-Aug-25,Salary,65000.0,0.0,65000.0,Debit,Payroll,0.09999999999999998,Salary Expense,Salary Expense Dr | To Bank,Expense,OK,B2B,11700.0,5850.0,5850.0,REVIEW
01-Sep-25,CONVEYANCE EXPENSES,3488.0,0.0,3488.0,Debit,Asset,0.7281419932878501,Fixed Asset,Fixed Asset Dr | To Bank,Asset,REVIEW,Debit Note,627.84,313.92,313.92,OK
01-Sep-25,CONVEYANCE EXPENSES,9700.0,0.0,9700.0,Debit,Asset,0.7281419932878501,Fixed Asset,Fixed Asset Dr | To Bank,Asset,REVIEW,Debit Note,1746.0,873.0,873.0,OK
01-Sep-25,Vehicle Hire Charges,49000.0,0.0,49000.0,Debit,Asset,0.4771037584455656,Fixed Asset,Fixed Asset Dr | To Bank,Asset,REVIEW,Debit Note,8820.0,4410.0,4410.0,REVIEW
01-Sep-25,EX. ENGR  NPD 6,4470028.54,0.0,4470028.54,Debit,Asset,0.09999999999999998,Fixed Asset,Fixed Asset Dr | To Bank,Asset,REVIEW,B2B,804605.14,402302.57,402302.57,REVIEW
01-Sep-25,DY DIRECTOR(HOR) DIV 6,2749238.34,0.0,2749238.34,Debit,Asset,0.7769971290038511,Fixed Asset,Fixed Asset Dr | To Bank,Asset,REVIEW,Reverse Charge,494862.9,247431.45,247431.45,OK
01-Sep-25,DY DIRECTOR(HOR) DIV 6,574381.52,0.0,574381.52,Debit,Asset,0.7769971290038511,Fixed Asset,Fixed Asset Dr | To Bank,Asset,REVIEW,Reverse Charge,103388.67,51694.34,51694.34,OK
01-Sep-25,DY.DIRECTOR  HR   DIV  7,2522749.14,0.0,2522749.14,Debit,Asset,0.7769971290038511,Fixed Asset,Fixed Asset Dr | To Bank,Asset,REVIEW,Reverse Charge,454094.85,227047.42,227047.42,OK
01-Sep-25,DY.DIRECTOR  HR   DIV  7,685513.92,0.0,685513.92,Debit,Asset,0.7769971290038511,Fixed Asset,Fixed Asset Dr | To Bank,Asset,REVIEW,Reverse Charge,123392.51,61696.25,61696.25,OK
01-Sep-25,HORT DIV  9,2066237.83,0.0,2066237.83,Debit,Asset,0.09999999999999998,Fixed Asset,Fixed Asset Dr | To Bank,Asset,REVIEW,B2B,371922.81,185961.4,185961.4,REVIEW
01-Sep-25,HORT DIV  9,452235.0,0.0,452235.0,Debit,Asset,0.09999999999999998,Fixed Asset,Fixed Asset Dr | To Bank,Asset,REVIEW,B2B,81402.3,40701.15,40701.15,REVIEW
01-Sep-25,EX. ENGR  NPD 6,362978.0,0.0,362978.0,Debit,Asset,0.09999999999999998,Fixed Asset,Fixed Asset Dr | To Bank,Asset,REVIEW,B2B,65336.04,32668.02,32668.02,REVIEW
01-Sep-25,DY.DIRECTOR  HR   DIV  7,212674.0,0.0,212674.0,Debit,Asset,0.7769971290038511,Fixed Asset,Fixed Asset Dr | To Bank,Asset,REVIEW,Reverse Charge,38281.32,19140.66,19140.66,OK
02-Sep-25,SBI BANK- 54238,0.0,204000.0,204000.0,Credit,Bank Charges,0.7364774865051836,Bank Charges Expense,Bank Charges Expense Dr | To Bank,Expense,OK,GST Payment,36720.0,18360.0,18360.0,OK
02-Sep-25,COL  SUNIL DALAL (PROPRIETOR),1000000.0,0.0,1000000.0,Debit,Asset,0.09999999999999998,Fixed Asset,Fixed Asset Dr | To Bank,Asset,REVIEW,B2B,180000.0,90000.0,90000.0,REVIEW
02-Sep-25,Miscellaneous,7000.0,0.0,7000.0,Debit,Asset,0.09999999999999998,Fixed Asset,Fixed Asset Dr | To Bank,Asset,REVIEW,B2B,1260.0,630.0,630.0,REVIEW
02-Sep-25,"DEPUTY DIRECTOR, HORT . DIVN 8",0.0,333186.0,333186.0,Credit,Asset,0.7769971290038511,Fixed Asset,Fixed Asset Dr | To Bank,Asset,REVIEW,Reverse Charge,59973.48,29986.74,29986.74,OK
02-Sep-25,"DEPUTY DIRECTOR, HORT . DIVN 8",0.0,208282.0,208282.0,Credit,Asset,0.7769971290038511,Fixed Asset,Fixed Asset Dr | To Bank,Asset,REVIEW,Reverse Charge,37490.76,18745.38,18745.38,OK
02-Sep-25,"DEPUTY DIRECTOR, HORT . DIVN 8",0.0,251254.0,251254.0,Credit,Asset,0.7769971290038511,Fixed Asset,Fixed Asset Dr | To Bank,Asset,REVIEW,Reverse Charge,45225.72,22612.86,22612.86,OK
02-Sep-25,Hort DWK,0.0,437901.0,437901.0,Credit,Asset,0.09999999999999998,Fixed Asset,Fixed Asset Dr | To Bank,Asset,REVIEW,B2B,78822.18,39411.09,39411.09,REVIEW
03-Sep-25,AIRTEL POSTPAID BILL,1829.0,0.0,1829.0,Debit,Utilities,0.8402233707166438,Utilities Expense,Utilities Expense Dr | To Bank,Expense,OK,B2C,329.22,164.61,164.61,OK
04-Sep-25,SBI OD A/C- 6791,0.0,7200000.0,7200000.0,Credit,Asset,0.09999999999999998,Fixed Asset,Fixed Asset Dr | To Bank,Asset,REVIEW,B2B,1296000.0,648000.0,648000.0,REVIEW
04-Sep-25,Salary,172000.0,0.0,172000.0,Debit,Payroll,0.09999999999999998,Salary Expense,Salary Expense Dr | To Bank,Expense,OK,B2B,30960.0,15480.0,15480.0,REVIEW
04-Sep-25,ROHIT TIWARI,42419.0,0.0,42419.0,Debit,Asset,0.09999999999999998,Fixed Asset,Fixed Asset Dr | To Bank,Asset,REVIEW,B2B,7635.42,3817.71,3817.71,REVIEW
04-Sep-25,SALARY PAYABLE,4985550.0,0.0,4985550.0,Debit,Payroll,0.09999999999999998,Salary Expense,Salary Expense Dr | To Bank,Expense,OK,B2B,897399.0,448699.5,448699.5,REVIEW
04-Sep-25,COL  SUNIL DALAL (PROPRIETOR),0.0,225000.0,225000.0,Credit,Asset,0.09999999999999998,Fixed Asset,Fixed Asset Dr | To Bank,Asset,REVIEW,B2B,40500.0,20250.0,20250.0,REVIEW
04-Sep-25,SHAHEED SUKHDEV COLLEGE OF BUSINESS STUDIES,0.0,484155.0,484155.0,Credit,Travel,0.4418962307744769,Manual Review,Manual Journal Required,Unknown,REVIEW,Export,87147.9,43573.95,43573.95,REVIEW
04-Sep-25,MAHANAGAR  TELEPHONE NIGAM LTD,0.0,819723.0,819723.0,Credit,Utilities,0.3718113284165679,Utilities Expense,Utilities Expense Dr | To Bank,Expense,OK,B2B,147550.14,73775.07,73775.07,REVIEW
04-Sep-25,National Company Law Appellate Tribunal,776200.02,0.0,776200.02,Debit,Asset,0.09999999999999998,Fixed Asset,Fixed Asset Dr | To Bank,Asset,REVIEW,B2B,139716.0,69858.0,69858.0,REVIEW
04-Sep-25,QUTAB GOLF COURSE,2298432.97,0.0,2298432.97,Debit,Asset,0.09999999999999998,Fixed Asset,Fixed Asset Dr | To Bank,Asset,REVIEW,B2B,413717.93,206858.97,206858.97,REVIEW
04-Sep-25,Sub Regional Office Esic,814748.99,0.0,814748.99,Debit,Asset,0.09999999999999998,Fixed Asset,Fixed Asset Dr | To Bank,Asset,REVIEW,B2B,146654.82,73327.41,73327.41,REVIEW
04-Sep-25,Bharat Sanchar Nigam Limited,1147215.0,0.0,1147215.0,Debit,Asset,0.09999999999999998,Fixed Asset,Fixed Asset Dr | To Bank,Asset,REVIEW,B2B,206498.7,103249.35,103249.35,REVIEW
04-Sep-25,Dwarka Project  Division 1,2385839.64,0.0,2385839.64,Debit,Asset,0.09999999999999998,Fixed Asset,Fixed Asset Dr | To Bank,Asset,REVIEW,B2B,429451.14,214725.57,214725.57,REVIEW
04-Sep-25,DEPARTMENT OF SPACE,397491.7,0.0,397491.7,Debit,Asset,0.3891124283615845,Fixed Asset,Fixed Asset Dr | To Bank,Asset,REVIEW,GST Refund,71548.51,35774.25,35774.25,REVIEW
04-Sep-25,Fisheries Animal Husbandry and Dairying,138490.26,0.0,138490.26,Debit,Asset,0.09999999999999998,Fixed Asset,Fixed Asset Dr | To Bank,Asset,REVIEW,B2B,24928.25,12464.12,12464.12,REVIEW
04-Sep-25,SHAHEED SUKHDEV COLLEGE OF BUSINESS STUDIES,501142.86,0.0,501142.86,Debit,Travel,0.4418962307744769,Manual Review,Manual Journal Required,Unknown,REVIEW,Export,90205.71,45102.86,45102.86,REVIEW
04-Sep-25,SHAHEED SUKHDEV COLLEGE OF BUSINESS STUDIES,200457.13,0.0,200457.13,Debit,Travel,0.4418962307744769,Manual Review,Manual Journal Required,Unknown,REVIEW,Export,36082.28,18041.14,18041.14,REVIEW
04-Sep-25,Chintpurni Overseas Private Limited,62211.68,0.0,62211.68,Debit,Asset,0.09999999999999998,Fixed Asset,Fixed Asset Dr | To Bank,Asset,REVIEW,B2B,11198.1,5599.05,5599.05,REVIEW
05-Sep-25,TAX DEDUCTED SOURCES 94C,490.0,0.0,490.0,Debit,GST,0.4452796264190966,GST Payable,GST Payable Dr | To Bank,Liability,REVIEW,GST Payment,88.2,44.1,44.1,REVIEW
05-Sep-25,CONVEYANCE EXPENSES,1472.0,0.0,1472.0,Debit,Asset,0.7281419932878501,Fixed Asset,Fixed Asset Dr | To Bank,Asset,REVIEW,Debit Note,264.96,132.48,132.48,OK
05-Sep-25,COL  SUNIL DALAL (PROPRIETOR),0.0,60000.0,60000.0,Credit,Asset,0.09999999999999998,Fixed Asset,Fixed Asset Dr | To Bank,Asset,REVIEW,B2B,10800.0,5400.0,5400.0,REVIEW
06-Sep-25,SBI OD A/C- 6791,0.0,500000.0,500000.0,Credit,Asset,0.09999999999999998,Fixed Asset,Fixed Asset Dr | To Bank,Asset,REVIEW,B2B,90000.0,45000.0,45000.0,REVIEW
06-Sep-25,BANK CHARGES,5.9,0.0,5.9,Debit,Bank Charges,0.34234595217777647,Bank Charges Expense,Bank Charges Expense Dr | To Bank,Expense,OK,GST Payment,1.06,0.53,0.53,REVIEW
06-Sep-25,FDR,657887.0,0.0,657887.0,Debit,Asset,0.09999999999999998,Fixed Asset,Fixed Asset Dr | To Bank,Asset,REVIEW,B2B,118419.66,59209.83,59209.83,REVIEW
06-Sep-25,SALARY PAYABLE,891004.0,0.0,891004.0,Debit,Payroll,0.09999999999999998,Salary Expense,Salary Expense Dr | To Bank,Expense,OK,B2B,160380.72,80190.36,80190.36,REVIEW
06-Sep-25,COL  SUNIL DALAL (PROPRIETOR),0.0,265000.0,265000.0,Credit,Asset,0.09999999999999998,Fixed Asset,Fixed Asset Dr | To Bank,Asset,REVIEW,B2B,47700.0,23850.0,23850.0,REVIEW
08-Sep-25,THE RIGHT CHOICE,6062.0,0.0,6062.0,Debit,Asset,0.09999999999999998,Fixed Asset,Fixed Asset Dr | To Bank,Asset,REVIEW,B2B,1091.16,545.58,545.58,REVIEW
08-Sep-25,Electricity Expenses,15710.0,0.0,15710.0,Debit,Utilities,0.7281419932878501,Utilities Expense,Utilities Expense Dr | To Bank,Expense,OK,Debit Note,2827.8,1413.9,1413.9,OK
08-Sep-25,Electricity Expenses,740.0,0.0,740.0,Debit,Utilities,0.7281419932878501,Utilities Expense,Utilities Expense Dr | To Bank,Expense,OK,Debit Note,133.2,66.6,66.6,OK
08-Sep-25,Soft Fab India,11100.0,0.0,11100.0,Debit,Asset,0.09999999999999998,Fixed Asset,Fixed Asset Dr | To Bank,Asset,REVIEW,B2B,1998.0,999.0,999.0,REVIEW
08-Sep-25,Water Expense,2700.0,0.0,2700.0,Debit,Utilities,0.09999999999999998,Utilities Expense,Utilities Expense Dr | To Bank,Expense,OK,B2B,486.0,243.0,243.0,REVIEW
08-Sep-25,TRAINING SERVICES,6000.0,0.0,6000.0,Debit,Asset,0.09999999999999998,Fixed Asset,Fixed Asset Dr | To Bank,Asset,REVIEW,B2B,1080.0,540.0,540.0,REVIEW
08-Sep-25,STATIONERY FOR OFFICE,2572.0,0.0,2572.0,Debit,Asset,0.501040898307841,Fixed Asset,Fixed Asset Dr | To Bank,Asset,REVIEW,Debit Note,462.96,231.48,231.48,REVIEW
08-Sep-25,PROFESSIONAL CHARGES,8500.0,0.0,8500.0,Debit,Professional Fees,0.3489394184680198,Manual Review,Manual Journal Required,Unknown,OK,Reverse Charge,1530.0,765.0,765.0,REVIEW
09-Sep-25,SBI BANK- 54238,0.0,2260000.0,2260000.0,Credit,Bank Charges,0.7364774865051836,Bank Charges Expense,Bank Charges Expense Dr | To Bank,Expense,OK,GST Payment,406800.0,203400.0,203400.0,OK
09-Sep-25,CONVEYANCE EXPENSES,8740.0,0.0,8740.0,Debit,Asset,0.7281419932878501,Fixed Asset,Fixed Asset Dr | To Bank,Asset,REVIEW,Debit Note,1573.2,786.6,786.6,OK
09-Sep-25,Hort DWK,0.0,2262652.0,2262652.0,Credit,Asset,0.09999999999999998,Fixed Asset,Fixed Asset Dr | To Bank,Asset,REVIEW,B2B,407277.36,203638.68,203638.68,REVIEW
10-Sep-25,SHAHEED SUKHDEV COLLEGE OF BUSINESS STUDIES,0.0,484155.0,484155.0,Credit,Travel,0.4418962307744769,Manual Review,Manual Journal Required,Unknown,REVIEW,Export,87147.9,43573.95,43573.95,REVIEW
11-Sep-25,SBI BANK- 54238,0.0,680000.0,680000.0,Credit,Bank Charges,0.7364774865051836,Bank Charges Expense,Bank Charges Expense Dr | To Bank,Expense,OK,GST Payment,122400.0,61200.0,61200.0,OK
11-Sep-25,Liftech India Private Limited,29074.0,0.0,29074.0,Debit,Asset,0.09999999999999998,Fixed Asset,Fixed Asset Dr | To Bank,Asset,REVIEW,B2B,5233.32,2616.66,2616.66,REVIEW
11-Sep-25,BANK CHARGES,5.9,0.0,5.9,Debit,Bank Charges,0.34234595217777647,Bank Charges Expense,Bank Charges Expense Dr | To Bank,Expense,OK,GST Payment,1.06,0.53,0.53,REVIEW
11-Sep-25,SHAHEED SUKHDEV COLLEGE OF BUSINESS STUDIES,0.0,193661.0,193661.0,Credit,Travel,0.4418962307744769,Manual Review,Manual Journal Required,Unknown,REVIEW,Export,34858.98,17429.49,17429.49,REVIEW
11-Sep-25,Vehicle Maintenance Charges,24639.0,0.0,24639.0,Debit,Asset,0.4771037584455656,Fixed Asset,Fixed Asset Dr | To Bank,Asset,REVIEW,Debit Note,4435.02,2217.51,2217.51,REVIEW
12-Sep-25,Lawyer's Fees,5000.0,0.0,5000.0,Debit,Professional Fees,0.7559453060479077,Manual Review,Manual Journal Required,Unknown,OK,Exempt Supply,900.0,450.0,450.0,OK
12-Sep-25,Lawyer's Fees,2500.0,0.0,2500.0,Debit,Professional Fees,0.7559453060479077,Manual Review,Manual Journal Required,Unknown,OK,Exempt Supply,450.0,225.0,225.0,OK
13-Sep-25,SBI OD A/C- 6791,0.0,1500000.0,1500000.0,Credit,Asset,0.09999999999999998,Fixed Asset,Fixed Asset Dr | To Bank,Asset,REVIEW,B2B,270000.0,135000.0,135000.0,REVIEW
13-Sep-25,PF PAYABLE,1401235.0,0.0,1401235.0,Debit,Asset,0.09999999999999998,Fixed Asset,Fixed Asset Dr | To Bank,Asset,REVIEW,B2B,252222.3,126111.15,126111.15,REVIEW
13-Sep-25,PF PAYABLE,3750.0,0.0,3750.0,Debit,Asset,0.09999999999999998,Fixed Asset,Fixed Asset Dr | To Bank,Asset,REVIEW,B2B,675.0,337.5,337.5,REVIEW
13-Sep-25,PF PAYABLE,7500.0,0.0,7500.0,Debit,Asset,0.09999999999999998,Fixed Asset,Fixed Asset Dr | To Bank,Asset,REVIEW,B2B,1350.0,675.0,675.0,REVIEW
13-Sep-25,Esic Payable,75165.0,0.0,75165.0,Debit,Asset,0.09999999999999998,Fixed Asset,Fixed Asset Dr | To Bank,Asset,REVIEW,B2B,13529.7,6764.85,6764.85,REVIEW
15-Sep-25,HDFC BANK - 95177,0.0,200000.0,200000.0,Credit,Bank Charges,0.7364774865051836,Bank Charges Expense,Bank Charges Expense Dr | To Bank,Expense,OK,GST Payment,36000.0,18000.0,18000.0,OK
15-Sep-25,RENT DELHI OFFICE,70000.0,0.0,70000.0,Debit,Rent,0.09999999999999998,Rent Expense,Rent Expense Dr | To Bank,Expense,OK,B2B,12600.0,6300.0,6300.0,REVIEW
15-Sep-25,QUTAB GOLF COURSE,147431.0,0.0,147431.0,Debit,Asset,0.09999999999999998,Fixed Asset,Fixed Asset Dr | To Bank,Asset,REVIEW,B2B,26537.58,13268.79,13268.79,REVIEW
15-Sep-25,"DEPUTY DIRECTOR, HORT . DIVN 8",189534.0,0.0,189534.0,Debit,Asset,0.7769971290038511,Fixed Asset,Fixed Asset Dr | To Bank,Asset,REVIEW,Reverse Charge,34116.12,17058.06,17058.06,OK
15-Sep-25,HORT DIV  9,151967.0,0.0,151967.0,Debit,Asset,0.09999999999999998,Fixed Asset,Fixed Asset Dr | To Bank,Asset,REVIEW,B2B,27354.06,13677.03,13677.03,REVIEW
15-Sep-25,Hort DWK,169764.0,0.0,169764.0,Debit,Asset,0.09999999999999998,Fixed Asset,Fixed Asset Dr | To Bank,Asset,REVIEW,B2B,30557.52,15278.76,15278.76,REVIEW
15-Sep-25,DY DIRECTOR(HOR) DIV 6,224178.0,0.0,224178.0,Debit,Asset,0.7769971290038511,Fixed Asset,Fixed Asset Dr | To Bank,Asset,REVIEW,Reverse Charge,40352.04,20176.02,20176.02,OK
15-Sep-25,Dwarka Project  Division 1,230666.0,0.0,230666.0,Debit,Asset,0.09999999999999998,Fixed Asset,Fixed Asset Dr | To Bank,Asset,REVIEW,B2B,41519.88,20759.94,20759.94,REVIEW
16-Sep-25,SBI BANK- 54238,0.0,1225000.0,1225000.0,Credit,Bank Charges,0.7364774865051836,Bank Charges Expense,Bank Charges Expense Dr | To Bank,Expense,OK,GST Payment,220500.0,110250.0,110250.0,OK
16-Sep-25,RAJA PROPERTIES & CONSTRUCTION,63000.0,0.0,63000.0,Debit,Asset,0.09999999999999998,Fixed Asset,Fixed Asset Dr | To Bank,Asset,REVIEW,B2B,11340.0,5670.0,5670.0,REVIEW
16-Sep-25,UP Office Rent,4500.0,0.0,4500.0,Debit,Rent,0.09999999999999998,Rent Expense,Rent Expense Dr | To Bank,Expense,OK,B2B,810.0,405.0,405.0,REVIEW
16-Sep-25,Haryana Offfice Rent,6000.0,0.0,6000.0,Debit,Rent,0.09999999999999998,Rent Expense,Rent Expense Dr | To Bank,Expense,OK,B2B,1080.0,540.0,540.0,REVIEW
16-Sep-25,CONVEYANCE EXPENSES,1560.0,0.0,1560.0,Debit,Asset,0.7281419932878501,Fixed Asset,Fixed Asset Dr | To Bank,Asset,REVIEW,Debit Note,280.8,140.4,140.4,OK
16-Sep-25,COL  SUNIL DALAL (PROPRIETOR),0.0,50000.0,50000.0,Credit,Asset,0.09999999999999998,Fixed Asset,Fixed Asset Dr | To Bank,Asset,REVIEW,B2B,9000.0,4500.0,4500.0,REVIEW
16-Sep-25,COL  SUNIL DALAL (PROPRIETOR),0.0,15000.0,15000.0,Credit,Asset,0.09999999999999998,Fixed Asset,Fixed Asset Dr | To Bank,Asset,REVIEW,B2B,2700.0,1350.0,1350.0,REVIEW
16-Sep-25,Bharat Sanchar Nigam Limited,0.0,1220122.0,1220122.0,Credit,Asset,0.09999999999999998,Fixed Asset,Fixed Asset Dr | To Bank,Asset,REVIEW,B2B,219621.96,109810.98,109810.98,REVIEW
17-Sep-25,SBI BANK- 54238,0.0,455000.0,455000.0,Credit,Bank Charges,0.7364774865051836,Bank Charges Expense,Bank Charges Expense Dr | To Bank,Expense,OK,GST Payment,81900.0,40950.0,40950.0,OK
17-Sep-25,Ex Engineer NPD 8,0.0,70228.0,70228.0,Credit,Asset,0.09999999999999998,Fixed Asset,Fixed Asset Dr | To Bank,Asset,REVIEW,B2B,12641.04,6320.52,6320.52,REVIEW
17-Sep-25,DEPARTMENT OF SPACE,0.0,384019.0,384019.0,Credit,Asset,0.3891124283615845,Fixed Asset,Fixed Asset Dr | To Bank,Asset,REVIEW,GST Refund,69123.42,34561.71,34561.71,REVIEW
18-Sep-25,CONVEYANCE EXPENSES,4643.0,0.0,4643.0,Debit,Asset,0.7281419932878501,Fixed Asset,Fixed Asset Dr | To Bank,Asset,REVIEW,Debit Note,835.74,417.87,417.87,OK
18-Sep-25,Sub Regional Office Esic,0.0,792240.0,792240.0,Credit,Asset,0.09999999999999998,Fixed Asset,Fixed Asset Dr | To Bank,Asset,REVIEW,B2B,142603.2,71301.6,71301.6,REVIEW
18-Sep-25,QUTAB GOLF COURSE,0.0,339298.0,339298.0,Credit,Asset,0.09999999999999998,Fixed Asset,Fixed Asset Dr | To Bank,Asset,REVIEW,B2B,61073.64,30536.82,30536.82,REVIEW
18-Sep-25,SHAHEED SUKHDEV COLLEGE OF BUSINESS STUDIES,0.0,193662.0,193662.0,Credit,Travel,0.4418962307744769,Manual Review,Manual Journal Required,Unknown,REVIEW,Export,34859.16,17429.58,17429.58,REVIEW
18-Sep-25,Dwarka Project  Division 1,0.0,221852.0,221852.0,Credit,Asset,0.09999999999999998,Fixed Asset,Fixed Asset Dr | To Bank,Asset,REVIEW,B2B,39933.36,19966.68,19966.68,REVIEW
18-Sep-25,Dwarka Project  Division 1,0.0,230053.0,230053.0,Credit,Asset,0.09999999999999998,Fixed Asset,Fixed Asset Dr | To Bank,Asset,REVIEW,B2B,41409.54,20704.77,20704.77,REVIEW
18-Sep-25,Fisheries Animal Husbandry and Dairying,0.0,133794.0,133794.0,Credit,Asset,0.09999999999999998,Fixed Asset,Fixed Asset Dr | To Bank,Asset,REVIEW,B2B,24082.92,12041.46,12041.46,REVIEW
19-Sep-25,SBI BANK- 54238,0.0,4365000.0,4365000.0,Credit,Bank Charges,0.7364774865051836,Bank Charges Expense,Bank Charges Expense Dr | To Bank,Expense,OK,GST Payment,785700.0,392850.0,392850.0,OK
19-Sep-25,SBI BANK- 54238,0.0,215000.0,215000.0,Credit,Bank Charges,0.7364774865051836,Bank Charges Expense,Bank Charges Expense Dr | To Bank,Expense,OK,GST Payment,38700.0,19350.0,19350.0,OK
19-Sep-25,GST PAYABLE,1865165.0,0.0,1865165.0,Debit,GST,0.4642212308239418,GST Payable,GST Payable Dr | To Bank,Liability,OK,GST Refund,335729.7,167864.85,167864.85,REVIEW
19-Sep-25,EX. ENGR  NPD 6,0.0,4318502.0,4318502.0,Credit,Asset,0.09999999999999998,Fixed Asset,Fixed Asset Dr | To Bank,Asset,REVIEW,B2B,777330.36,388665.18,388665.18,REVIEW
19-Sep-25,COL  SUNIL DALAL (PROPRIETOR),0.0,215000.0,215000.0,Credit,Asset,0.09999999999999998,Fixed Asset,Fixed Asset Dr | To Bank,Asset,REVIEW,B2B,38700.0,19350.0,19350.0,REVIEW
20-Sep-25,COL  SUNIL DALAL (PROPRIETOR),750000.0,0.0,750000.0,Debit,Asset,0.09999999999999998,Fixed Asset,Fixed Asset Dr | To Bank,Asset,REVIEW,B2B,135000.0,67500.0,67500.0,REVIEW
20-Sep-25,National Company Law Appellate Tribunal,0.0,749880.0,749880.0,Credit,Asset,0.09999999999999998,Fixed Asset,Fixed Asset Dr | To Bank,Asset,REVIEW,B2B,134978.4,67489.2,67489.2,REVIEW
23-Sep-25,SBI OD A/C- 6791,0.0,50000.0,50000.0,Credit,Asset,0.09999999999999998,Fixed Asset,Fixed Asset Dr | To Bank,Asset,REVIEW,B2B,9000.0,4500.0,4500.0,REVIEW
24-Sep-25,SBI OD A/C- 6791,0.0,200000.0,200000.0,Credit,Asset,0.09999999999999998,Fixed Asset,Fixed Asset Dr | To Bank,Asset,REVIEW,B2B,36000.0,18000.0,18000.0,REVIEW
24-Sep-25,GOVERNMENT MARKETPLACE (GEM),132375.17,0.0,132375.17,Debit,Asset,0.09999999999999998,Fixed Asset,Fixed Asset Dr | To Bank,Asset,REVIEW,B2B,23827.53,11913.77,11913.77,REVIEW
24-Sep-25,Chintpurni Overseas Private Limited,0.0,62000.0,62000.0,Credit,Asset,0.09999999999999998,Fixed Asset,Fixed Asset Dr | To Bank,Asset,REVIEW,B2B,11160.0,5580.0,5580.0,REVIEW
24-Sep-25,TRANSACTION CHARGES,114116.52,0.0,114116.52,Debit,Bank Charges,0.4771037584455656,Bank Charges Expense,Bank Charges Expense Dr | To Bank,Expense,OK,Debit Note,20540.97,10270.49,10270.49,REVIEW
25-Sep-25,Car Insurance,11949.0,0.0,11949.0,Debit,Insurance,0.09999999999999998,Manual Review,Manual Journal Required,Unknown,OK,B2B,2150.82,1075.41,1075.41,REVIEW
26-Sep-25,QUTAB GOLF COURSE,0.0,78000.0,78000.0,Credit,Asset,0.09999999999999998,Fixed Asset,Fixed Asset Dr | To Bank,Asset,REVIEW,B2B,14040.0,7020.0,7020.0,REVIEW
27-Sep-25,Salary,3500.0,0.0,3500.0,Debit,Payroll,0.09999999999999998,Salary Expense,Salary Expense Dr | To Bank,Expense,OK,B2B,630.0,315.0,315.0,REVIEW
27-Sep-25,BANK CHARGES,5.9,0.0,5.9,Debit,Bank Charges,0.34234595217777647,Bank Charges Expense,Bank Charges Expense Dr | To Bank,Expense,OK,GST Payment,1.06,0.53,0.53,REVIEW
29-Sep-25,ELEGANT APPARELS,25206.0,0.0,25206.0,Debit,Asset,0.09999999999999998,Fixed Asset,Fixed Asset Dr | To Bank,Asset,REVIEW,B2B,4537.08,2268.54,2268.54,REVIEW
29-Sep-25,Water Expense,7765.0,0.0,7765.0,Debit,Utilities,0.09999999999999998,Utilities Expense,Utilities Expense Dr | To Bank,Expense,OK,B2B,1397.7,698.85,698.85,REVIEW
29-Sep-25,CONVEYANCE EXPENSES,5248.0,0.0,5248.0,Debit,Asset,0.7281419932878501,Fixed Asset,Fixed Asset Dr | To Bank,Asset,REVIEW,Debit Note,944.64,472.32,472.32,OK
29-Sep-25,COL  SUNIL DALAL (PROPRIETOR),0.0,50000.0,50000.0,Credit,Asset,0.09999999999999998,Fixed Asset,Fixed Asset Dr | To Bank,Asset,REVIEW,B2B,9000.0,4500.0,4500.0,REVIEW
29-Sep-25,Uniform Expense,23968.0,0.0,23968.0,Debit,Marketing,0.09999999999999998,Marketing Expense,Marketing Expense Dr | To Bank,Expense,REVIEW,B2B,4314.24,2157.12,2157.12,REVIEW
30-Sep-25,Airtel Postpaid Bill (Wifi),6691.57,0.0,6691.57,Debit,Utilities,0.8402233707166438,Utilities Expense,Utilities Expense Dr | To Bank,Expense,OK,B2C,1204.48,602.24,602.24,OK
30-Sep-25,Airtel Postpaid Bill (Wifi),6042.61,0.0,6042.61,Debit,Utilities,0.8402233707166438,Utilities Expense,Utilities Expense Dr | To Bank,Expense,OK,B2C,1087.67,543.83,543.83,OK
30-Sep-25,BANK CHARGES,25000.0,0.0,25000.0,Debit,Bank Charges,0.34234595217777647,Bank Charges Expense,Bank Charges Expense Dr | To Bank,Expense,OK,GST Payment,4500.0,2250.0,2250.0,REVIEW
30-Sep-25,Diesel and Petrol Charges,25937.0,0.0,25937.0,Debit,Bank Charges,0.4771037584455656,Bank Charges Expense,Bank Charges Expense Dr | To Bank,Expense,REVIEW,Debit Note,4668.66,2334.33,2334.33,REVIEW
30-Sep-25,Interest,24557.0,0.0,24557.0,Debit,Asset,0.09999999999999998,Fixed Asset,Fixed Asset Dr | To Bank,Asset,REVIEW,B2B,4420.26,2210.13,2210.13,REVIEW
30-Sep-25,Salary,8128443.0,0.0,8128443.0,Debit,Payroll,0.09999999999999998,Salary Expense,Salary Expense Dr | To Bank,Expense,OK,B2B,1463119.74,731559.87,731559.87,REVIEW
30-Sep-25,ESIC Employers Contribution,53227.44,0.0,53227.44,Debit,Asset,0.09999999999999998,Fixed Asset,Fixed Asset Dr | To Bank,Asset,REVIEW,B2B,9580.94,4790.47,4790.47,REVIEW
30-Sep-25,PF Employer Contribution,497751.0,0.0,497751.0,Debit,Asset,0.09999999999999998,Fixed Asset,Fixed Asset Dr | To Bank,Asset,REVIEW,B2B,89595.18,44797.59,44797.59,REVIEW
30-Sep-25,OUTPUT CGST@9%,1609263.32,0.0,1609263.32,Debit,Asset,0.09999999999999998,Fixed Asset,Fixed Asset Dr | To Bank,Asset,REVIEW,B2B,289667.4,144833.7,144833.7,REVIEW
30-Sep-25,TDS Credit CGST,86444.0,0.0,86444.0,Debit,Asset,0.9063700918777899,Fixed Asset,Fixed Asset Dr | To Bank,Asset,REVIEW,Credit Note,15559.92,7779.96,7779.96,OK
30-Sep-25,Salary,65000.0,0.0,65000.0,Debit,Payroll,0.09999999999999998,Salary Expense,Salary Expense Dr | To Bank,Expense,OK,B2B,11700.0,5850.0,5850.0,REVIEW
01-Oct-25,Cash,0.0,19794.0,19794.0,Credit,Asset,0.7638835628821598,Fixed Asset,Fixed Asset Dr | To Bank,Asset,REVIEW,B2C,3562.92,1781.46,1781.46,OK
01-Oct-25,Fees for Cards,12699.0,0.0,12699.0,Debit,Professional Fees,0.3938499821729249,Manual Review,Manual Journal Required,Unknown,OK,Exempt Supply,2285.82,1142.91,1142.91,REVIEW
01-Oct-25,SALARY PAYABLE,14216.0,0.0,14216.0,Debit,Payroll,0.09999999999999998,Salary Expense,Salary Expense Dr | To Bank,Expense,OK,B2B,2558.88,1279.44,1279.44,REVIEW
01-Oct-25,CONVEYANCE EXPENSES,3600.0,0.0,3600.0,Debit,Asset,0.7281419932878501,Fixed Asset,Fixed Asset Dr | To Bank,Asset,REVIEW,Debit Note,648.0,324.0,324.0,OK
01-Oct-25,QUTAB GOLF COURSE,0.0,987962.0,987962.0,Credit,Asset,0.09999999999999998,Fixed Asset,Fixed Asset Dr | To Bank,Asset,REVIEW,B2B,177833.16,88916.58,88916.58,REVIEW
01-Oct-25,QUTAB GOLF COURSE,0.0,987962.0,987962.0,Credit,Asset,0.09999999999999998,Fixed Asset,Fixed Asset Dr | To Bank,Asset,REVIEW,B2B,177833.16,88916.58,88916.58,REVIEW
01-Oct-25,DY.DIRECTOR  HR   DIV  7,0.0,1998958.0,1998958.0,Credit,Asset,0.7769971290038511,Fixed Asset,Fixed Asset Dr | To Bank,Asset,REVIEW,Reverse Charge,359812.44,179906.22,179906.22,OK
01-Oct-25,DY.DIRECTOR  HR   DIV  7,0.0,557708.0,557708.0,Credit,Asset,0.7769971290038511,Fixed Asset,Fixed Asset Dr | To Bank,Asset,REVIEW,Reverse Charge,100387.44,50193.72,50193.72,OK
01-Oct-25,TDS Receivable @ 2%,21713.0,0.0,21713.0,Debit,Asset,0.09999999999999998,Fixed Asset,Fixed Asset Dr | To Bank,Asset,REVIEW,B2B,3908.34,1954.17,1954.17,REVIEW
01-Oct-25,TDS Receivable @ 2%,21713.0,0.0,21713.0,Debit,Asset,0.09999999999999998,Fixed Asset,Fixed Asset Dr | To Bank,Asset,REVIEW,B2B,3908.34,1954.17,1954.17,REVIEW
02-Oct-25,SBI BANK- 54238,0.0,275000.0,275000.0,Credit,Bank Charges,0.7364774865051836,Bank Charges Expense,Bank Charges Expense Dr | To Bank,Expense,OK,GST Payment,49500.0,24750.0,24750.0,OK
02-Oct-25,COL  SUNIL DALAL (PROPRIETOR),4400000.0,0.0,4400000.0,Debit,Asset,0.09999999999999998,Fixed Asset,Fixed Asset Dr | To Bank,Asset,REVIEW,B2B,792000.0,396000.0,396000.0,REVIEW
02-Oct-25,Vehicle Hire Charges,49000.0,0.0,49000.0,Debit,Asset,0.4771037584455656,Fixed Asset,Fixed Asset Dr | To Bank,Asset,REVIEW,Debit Note,8820.0,4410.0,4410.0,REVIEW
03-Oct-25,SBI OD A/C- 6791,0.0,2000000.0,2000000.0,Credit,Asset,0.09999999999999998,Fixed Asset,Fixed Asset Dr | To Bank,Asset,REVIEW,B2B,360000.0,180000.0,180000.0,REVIEW
04-Oct-25,BANK CHARGES,5.9,0.0,5.9,Debit,Bank Charges,0.34234595217777647,Bank Charges Expense,Bank Charges Expense Dr | To Bank,Expense,OK,GST Payment,1.06,0.53,0.53,REVIEW
04-Oct-25,PG CWC,1901942.0,0.0,1901942.0,Debit,Asset,0.09999999999999998,Fixed Asset,Fixed Asset Dr | To Bank,Asset,REVIEW,B2B,342349.56,171174.78,171174.78,REVIEW
04-Oct-25,PG Hort-7,0.0,674840.0,674840.0,Credit,Asset,0.09999999999999998,Fixed Asset,Fixed Asset Dr | To Bank,Asset,REVIEW,B2B,121471.2,60735.6,60735.6,REVIEW
04-Oct-25,PG Hort-7,53682.0,0.0,53682.0,Debit,Asset,0.09999999999999998,Fixed Asset,Fixed Asset Dr | To Bank,Asset,REVIEW,B2B,9662.76,4831.38,4831.38,REVIEW
05-Oct-25,AIRTEL POSTPAID BILL,1811.3,0.0,1811.3,Debit,Utilities,0.8402233707166438,Utilities Expense,Utilities Expense Dr | To Bank,Expense,OK,B2C,326.03,163.02,163.02,OK
05-Oct-25,Miscellaneous,17656.0,0.0,17656.0,Debit,Asset,0.09999999999999998,Fixed Asset,Fixed Asset Dr | To Bank,Asset,REVIEW,B2B,3178.08,1589.04,1589.04,REVIEW
05-Oct-25,Miscellaneous,100.0,0.0,100.0,Debit,Asset,0.09999999999999998,Fixed Asset,Fixed Asset Dr | To Bank,Asset,REVIEW,B2B,18.0,9.0,9.0,REVIEW
05-Oct-25,COL  SUNIL DALAL (PROPRIETOR),0.0,50000.0,50000.0,Credit,Asset,0.09999999999999998,Fixed Asset,Fixed Asset Dr | To Bank,Asset,REVIEW,B2B,9000.0,4500.0,4500.0,REVIEW
05-Oct-25,STATIONERY FOR OFFICE,2466.0,0.0,2466.0,Debit,Asset,0.501040898307841,Fixed Asset,Fixed Asset Dr | To Bank,Asset,REVIEW,Debit Note,443.88,221.94,221.94,REVIEW
06-Oct-25,BANK CHARGES,5.42,0.0,5.42,Debit,Bank Charges,0.34234595217777647,Bank Charges Expense,Bank Charges Expense Dr | To Bank,Expense,OK,GST Payment,0.98,0.49,0.49,REVIEW
06-Oct-25,SALARY PAYABLE,20800.0,0.0,20800.0,Debit,Payroll,0.09999999999999998,Salary Expense,Salary Expense Dr | To Bank,Expense,OK,B2B,3744.0,1872.0,1872.0,REVIEW
06-Oct-25,ROHIT TIWARI,40510.0,0.0,40510.0,Debit,Asset,0.09999999999999998,Fixed Asset,Fixed Asset Dr | To Bank,Asset,REVIEW,B2B,7291.8,3645.9,3645.9,REVIEW
06-Oct-25,TAX DEDUCTED SOURCES 94C,490.0,0.0,490.0,Debit,GST,0.4452796264190966,GST Payable,GST Payable Dr | To Bank,Liability,REVIEW,GST Payment,88.2,44.1,44.1,REVIEW
06-Oct-25,COL  SUNIL DALAL (PROPRIETOR),0.0,25000.0,25000.0,Credit,Asset,0.09999999999999998,Fixed Asset,Fixed Asset Dr | To Bank,Asset,REVIEW,B2B,4500.0,2250.0,2250.0,REVIEW
06-Oct-25,COL  SUNIL DALAL (PROPRIETOR),0.0,75000.0,75000.0,Credit,Asset,0.09999999999999998,Fixed Asset,Fixed Asset Dr | To Bank,Asset,REVIEW,B2B,13500.0,6750.0,6750.0,REVIEW
07-Oct-25,SBI OD A/C- 6791,0.0,5200000.0,5200000.0,Credit,Asset,0.09999999999999998,Fixed Asset,Fixed Asset Dr | To Bank,Asset,REVIEW,B2B,936000.0,468000.0,468000.0,REVIEW
07-Oct-25,SBI OD A/C- 6791,0.0,520000.0,520000.0,Credit,Asset,0.09999999999999998,Fixed Asset,Fixed Asset Dr | To Bank,Asset,REVIEW,B2B,93600.0,46800.0,46800.0,REVIEW
07-Oct-25,MASTER RUBER WORKSS,8458.0,0.0,8458.0,Debit,Asset,0.09999999999999998,Fixed Asset,Fixed Asset Dr | To Bank,Asset,REVIEW,B2B,1522.44,761.22,761.22,REVIEW
07-Oct-25,SALARY PAYABLE,3728968.0,0.0,3728968.0,Debit,Payroll,0.09999999999999998,Salary Expense,Salary Expense Dr | To Bank,Expense,OK,B2B,671214.24,335607.12,335607.12,REVIEW
07-Oct-25,Uniform Expense,8055.0,0.0,8055.0,Debit,Marketing,0.09999999999999998,Marketing Expense,Marketing Expense Dr | To Bank,Expense,REVIEW,B2B,1449.9,724.95,724.95,REVIEW
07-Oct-25,Dwarka Project  Division 1,0.0,2385839.64,2385839.64,Credit,Asset,0.09999999999999998,Fixed Asset,Fixed Asset Dr | To Bank,Asset,REVIEW,B2B,429451.14,214725.57,214725.57,REVIEW
07-Oct-25,MAHANAGAR  TELEPHONE NIGAM LTD,751161.29,0.0,751161.29,Debit,Utilities,0.3718113284165679,Utilities Expense,Utilities Expense Dr | To Bank,Expense,OK,B2B,135209.03,67604.52,67604.52,REVIEW
07-Oct-25,QUTAB GOLF COURSE,2224289.98,0.0,2224289.98,Debit,Asset,0.09999999999999998,Fixed Asset,Fixed Asset Dr | To Bank,Asset,REVIEW,B2B,400372.2,200186.1,200186.1,REVIEW
07-Oct-25,Sub Regional Office Esic,814748.99,0.0,814748.99,Debit,Asset,0.09999999999999998,Fixed Asset,Fixed Asset Dr | To Bank,Asset,REVIEW,B2B,146654.82,73327.41,73327.41,REVIEW
07-Oct-25,Bharat Sanchar Nigam Limited,1271913.0,0.0,1271913.0,Debit,Asset,0.09999999999999998,Fixed Asset,Fixed Asset Dr | To Bank,Asset,REVIEW,B2B,228944.34,114472.17,114472.17,REVIEW
07-Oct-25,DEPARTMENT OF SPACE,385435.87,0.0,385435.87,Debit,Asset,0.3891124283615845,Fixed Asset,Fixed Asset Dr | To Bank,Asset,REVIEW,GST Refund,69378.46,34689.23,34689.23,REVIEW
07-Oct-25,Fisheries Animal Husbandry and Dairying,134022.83,0.0,134022.83,Debit,Asset,0.09999999999999998,Fixed Asset,Fixed Asset Dr | To Bank,Asset,REVIEW,B2B,24124.11,12062.05,12062.05,REVIEW
07-Oct-25,SHAHEED SUKHDEV COLLEGE OF BUSINESS STUDIES,484976.96,0.0,484976.96,Debit,Travel,0.4418962307744769,Manual Review,Manual Journal Required,Unknown,REVIEW,Export,87295.85,43647.93,43647.93,REVIEW
07-Oct-25,SHAHEED SUKHDEV COLLEGE OF BUSINESS STUDIES,193990.79,0.0,193990.79,Debit,Travel,0.4418962307744769,Manual Review,Manual Journal Required,Unknown,REVIEW,Export,34918.34,17459.17,17459.17,REVIEW
07-Oct-25,Dwarka Project  Division 1,3559830.12,0.0,3559830.12,Debit,Asset,0.09999999999999998,Fixed Asset,Fixed Asset Dr | To Bank,Asset,REVIEW,B2B,640769.42,320384.71,320384.71,REVIEW
07-Oct-25,"EXECUTIVE ENGR, HCD 10",1984188.6,0.0,1984188.6,Debit,Asset,0.09999999999999998,Fixed Asset,Fixed Asset Dr | To Bank,Asset,REVIEW,B2B,357153.95,178576.97,178576.97,REVIEW
07-Oct-25,"EXECUTIVE ENGR, HCD 10",124034.52,0.0,124034.52,Debit,Asset,0.09999999999999998,Fixed Asset,Fixed Asset Dr | To Bank,Asset,REVIEW,B2B,22326.21,11163.11,11163.11,REVIEW
08-Oct-25,SALARY PAYABLE,819847.0,0.0,819847.0,Debit,Payroll,0.09999999999999998,Salary Expense,Salary Expense Dr | To Bank,Expense,OK,B2B,147572.46,73786.23,73786.23,REVIEW
09-Oct-25,ELEGANT APPARELS,21968.0,0.0,21968.0,Debit,Asset,0.09999999999999998,Fixed Asset,Fixed Asset Dr | To Bank,Asset,REVIEW,B2B,3954.24,1977.12,1977.12,REVIEW
09-Oct-25,Electricity Expenses,510.0,0.0,510.0,Debit,Utilities,0.7281419932878501,Utilities Expense,Utilities Expense Dr | To Bank,Expense,OK,Debit Note,91.8,45.9,45.9,OK
09-Oct-25,BANK CHARGES,5.9,0.0,5.9,Debit,Bank Charges,0.34234595217777647,Bank Charges Expense,Bank Charges Expense Dr | To Bank,Expense,OK,GST Payment,1.06,0.53,0.53,REVIEW
09-Oct-25,CONVEYANCE EXPENSES,6504.0,0.0,6504.0,Debit,Asset,0.7281419932878501,Fixed Asset,Fixed Asset Dr | To Bank,Asset,REVIEW,Debit Note,1170.72,585.36,585.36,OK
09-Oct-25,CONVEYANCE EXPENSES,2700.0,0.0,2700.0,Debit,Asset,0.7281419932878501,Fixed Asset,Fixed Asset Dr | To Bank,Asset,REVIEW,Debit Note,486.0,243.0,243.0,OK
09-Oct-25,COL  SUNIL DALAL (PROPRIETOR),0.0,200000.0,200000.0,Credit,Asset,0.09999999999999998,Fixed Asset,Fixed Asset Dr | To Bank,Asset,REVIEW,B2B,36000.0,18000.0,18000.0,REVIEW
09-Oct-25,PRINTING AND STATIONARY,10550.9,0.0,10550.9,Debit,Asset,0.09999999999999998,Fixed Asset,Fixed Asset Dr | To Bank,Asset,REVIEW,B2B,1899.16,949.58,949.58,REVIEW
09-Oct-25,Uniform Expense,39960.0,0.0,39960.0,Debit,Marketing,0.09999999999999998,Marketing Expense,Marketing Expense Dr | To Bank,Expense,REVIEW,B2B,7192.8,3596.4,3596.4,REVIEW
10-Oct-25,COL  SUNIL DALAL (PROPRIETOR),0.0,4700000.0,4700000.0,Credit,Asset,0.09999999999999998,Fixed Asset,Fixed Asset Dr | To Bank,Asset,REVIEW,B2B,846000.0,423000.0,423000.0,REVIEW
10-Oct-25,STATIONERY FOR OFFICE,1517.0,0.0,1517.0,Debit,Asset,0.501040898307841,Fixed Asset,Fixed Asset Dr | To Bank,Asset,REVIEW,Debit Note,273.06,136.53,136.53,REVIEW
10-Oct-25,Dwarka Project  Division 1,116066.0,0.0,116066.0,Debit,Asset,0.09999999999999998,Fixed Asset,Fixed Asset Dr | To Bank,Asset,REVIEW,B2B,20891.88,10445.94,10445.94,REVIEW
11-Oct-25,SBI BANK- 54238,0.0,4700000.0,4700000.0,Credit,Bank Charges,0.7364774865051836,Bank Charges Expense,Bank Charges Expense Dr | To Bank,Expense,OK,GST Payment,846000.0,423000.0,423000.0,OK
11-Oct-25,Soft Fab India,10000.0,0.0,10000.0,Debit,Asset,0.09999999999999998,Fixed Asset,Fixed Asset Dr | To Bank,Asset,REVIEW,B2B,1800.0,900.0,900.0,REVIEW
11-Oct-25,CONVEYANCE EXPENSES,2737.0,0.0,2737.0,Debit,Asset,0.7281419932878501,Fixed Asset,Fixed Asset Dr | To Bank,Asset,REVIEW,Debit Note,492.66,246.33,246.33,OK
12-Oct-25,Diesel and Petrol Charges,3900.0,0.0,3900.0,Debit,Bank Charges,0.4771037584455656,Bank Charges Expense,Bank Charges Expense Dr | To Bank,Expense,REVIEW,Debit Note,702.0,351.0,351.0,REVIEW
12-Oct-25,Uniform Expense,20000.0,0.0,20000.0,Debit,Marketing,0.09999999999999998,Marketing Expense,Marketing Expense Dr | To Bank,Expense,REVIEW,B2B,3600.0,1800.0,1800.0,REVIEW
13-Oct-25,QUTAB GOLF COURSE,0.0,78000.0,78000.0,Credit,Asset,0.09999999999999998,Fixed Asset,Fixed Asset Dr | To Bank,Asset,REVIEW,B2B,14040.0,7020.0,7020.0,REVIEW
14-Oct-25,SBI BANK- 54238,0.0,3020000.0,3020000.0,Credit,Bank Charges,0.7364774865051836,Bank Charges Expense,Bank Charges Expense Dr | To Bank,Expense,OK,GST Payment,543600.0,271800.0,271800.0,OK
14-Oct-25,COL  SUNIL DALAL (PROPRIETOR),1400000.0,0.0,1400000.0,Debit,Asset,0.09999999999999998,Fixed Asset,Fixed Asset Dr | To Bank,Asset,REVIEW,B2B,252000.0,126000.0,126000.0,REVIEW
14-Oct-25,Employees Provident Fund,975406.0,0.0,975406.0,Debit,Payroll,0.09999999999999998,Salary Expense,Salary Expense Dr | To Bank,Expense,OK,B2B,175573.08,87786.54,87786.54,REVIEW
14-Oct-25,Esic Payable,63997.0,0.0,63997.0,Debit,Asset,0.09999999999999998,Fixed Asset,Fixed Asset Dr | To Bank,Asset,REVIEW,B2B,11519.46,5759.73,5759.73,REVIEW
14-Oct-25,COL  SUNIL DALAL (PROPRIETOR),0.0,4000000.0,4000000.0,Credit,Asset,0.09999999999999998,Fixed Asset,Fixed Asset Dr | To Bank,Asset,REVIEW,B2B,720000.0,360000.0,360000.0,REVIEW
14-Oct-25,SHAHEED SUKHDEV COLLEGE OF BUSINESS STUDIES,0.0,468537.0,468537.0,Credit,Travel,0.4418962307744769,Manual Review,Manual Journal Required,Unknown,REVIEW,Export,84336.66,42168.33,42168.33,REVIEW
14-Oct-25,EX. ENGR  NPD 6,0.0,657887.0,657887.0,Credit,Asset,0.09999999999999998,Fixed Asset,Fixed Asset Dr | To Bank,Asset,REVIEW,B2B,118419.66,59209.83,59209.83,REVIEW
14-Oct-25,EX. ENGR  NPD 6,0.0,282800.0,282800.0,Credit,Asset,0.09999999999999998,Fixed Asset,Fixed Asset Dr | To Bank,Asset,REVIEW,B2B,50904.0,25452.0,25452.0,REVIEW
14-Oct-25,PROFESSIONAL CHARGES,8500.0,0.0,8500.0,Debit,Professional Fees,0.3489394184680198,Manual Review,Manual Journal Required,Unknown,OK,Reverse Charge,1530.0,765.0,765.0,REVIEW
14-Oct-25,QUTAB GOLF COURSE,147978.0,0.0,147978.0,Debit,Asset,0.09999999999999998,Fixed Asset,Fixed Asset Dr | To Bank,Asset,REVIEW,B2B,26636.04,13318.02,13318.02,REVIEW
15-Oct-25,SBI OD A/C- 6791,0.0,100000.0,100000.0,Credit,Asset,0.09999999999999998,Fixed Asset,Fixed Asset Dr | To Bank,Asset,REVIEW,B2B,18000.0,9000.0,9000.0,REVIEW
15-Oct-25,PF PAYABLE,61576.0,0.0,61576.0,Debit,Asset,0.09999999999999998,Fixed Asset,Fixed Asset Dr | To Bank,Asset,REVIEW,B2B,11083.68,5541.84,5541.84,REVIEW
15-Oct-25,Miscellaneous,910.0,0.0,910.0,Debit,Asset,0.09999999999999998,Fixed Asset,Fixed Asset Dr | To Bank,Asset,REVIEW,B2B,163.8,81.9,81.9,REVIEW
15-Oct-25,RENT DELHI OFFICE,70000.0,0.0,70000.0,Debit,Rent,0.09999999999999998,Rent Expense,Rent Expense Dr | To Bank,Expense,OK,B2B,12600.0,6300.0,6300.0,REVIEW
16-Oct-25,BANK CHARGES,5.9,0.0,5.9,Debit,Bank Charges,0.34234595217777647,Bank Charges Expense,Bank Charges Expense Dr | To Bank,Expense,OK,GST Payment,1.06,0.53,0.53,REVIEW
16-Oct-25,CONVEYANCE EXPENSES,5000.0,0.0,5000.0,Debit,Asset,0.7281419932878501,Fixed Asset,Fixed Asset Dr | To Bank,Asset,REVIEW,Debit Note,900.0,450.0,450.0,OK
16-Oct-25,Water Expense,4500.0,0.0,4500.0,Debit,Utilities,0.09999999999999998,Utilities Expense,Utilities Expense Dr | To Bank,Expense,OK,B2B,810.0,405.0,405.0,REVIEW
16-Oct-25,CONVEYANCE EXPENSES,1526.0,0.0,1526.0,Debit,Asset,0.7281419932878501,Fixed Asset,Fixed Asset Dr | To Bank,Asset,REVIEW,Debit Note,274.68,137.34,137.34,OK
16-Oct-25,Sub Regional Office Esic,0.0,790427.0,790427.0,Credit,Asset,0.09999999999999998,Fixed Asset,Fixed Asset Dr | To Bank,Asset,REVIEW,B2B,142276.86,71138.43,71138.43,REVIEW
16-Oct-25,DEPARTMENT OF SPACE,0.0,372371.0,372371.0,Credit,Asset,0.3891124283615845,Fixed Asset,Fixed Asset Dr | To Bank,Asset,REVIEW,GST Refund,67026.78,33513.39,33513.39,REVIEW
16-Oct-25,DELHI DEVELOPMENT AUTHORITY,0.0,360290.0,360290.0,Credit,Asset,0.09999999999999998,Fixed Asset,Fixed Asset Dr | To Bank,Asset,REVIEW,B2B,64852.2,32426.1,32426.1,REVIEW
17-Oct-25,Haryana Offfice Rent,6000.0,0.0,6000.0,Debit,Rent,0.09999999999999998,Rent Expense,Rent Expense Dr | To Bank,Expense,OK,B2B,1080.0,540.0,540.0,REVIEW
17-Oct-25,THE RIGHT CHOICE,6555.0,0.0,6555.0,Debit,Asset,0.09999999999999998,Fixed Asset,Fixed Asset Dr | To Bank,Asset,REVIEW,B2B,1179.9,589.95,589.95,REVIEW
17-Oct-25,IT SYSTEMS,12450.0,0.0,12450.0,Debit,Asset,0.6872998236737516,Fixed Asset,Fixed Asset Dr | To Bank,Asset,REVIEW,Export,2241.0,1120.5,1120.5,REVIEW
17-Oct-25,UP Office Rent,4500.0,0.0,4500.0,Debit,Rent,0.09999999999999998,Rent Expense,Rent Expense Dr | To Bank,Expense,OK,B2B,810.0,405.0,405.0,REVIEW
17-Oct-25,RAJA PROPERTIES & CONSTRUCTION,63000.0,0.0,63000.0,Debit,Asset,0.09999999999999998,Fixed Asset,Fixed Asset Dr | To Bank,Asset,REVIEW,B2B,11340.0,5670.0,5670.0,REVIEW
17-Oct-25,ELEGANT APPARELS,60000.0,0.0,60000.0,Debit,Asset,0.09999999999999998,Fixed Asset,Fixed Asset Dr | To Bank,Asset,REVIEW,B2B,10800.0,5400.0,5400.0,REVIEW
17-Oct-25,COL  SUNIL DALAL (PROPRIETOR),3500000.0,0.0,3500000.0,Debit,Asset,0.09999999999999998,Fixed Asset,Fixed Asset Dr | To Bank,Asset,REVIEW,B2B,630000.0,315000.0,315000.0,REVIEW
17-Oct-25,COL  SUNIL DALAL (PROPRIETOR),2251000.0,0.0,2251000.0,Debit,Asset,0.09999999999999998,Fixed Asset,Fixed Asset Dr | To Bank,Asset,REVIEW,B2B,405180.0,202590.0,202590.0,REVIEW
17-Oct-25,GST PAYABLE,2783011.0,0.0,2783011.0,Debit,GST,0.4642212308239418,GST Payable,GST Payable Dr | To Bank,Liability,OK,GST Refund,500941.98,250470.99,250470.99,REVIEW
17-Oct-25,MAHANAGAR  TELEPHONE NIGAM LTD,0.0,171568.0,171568.0,Credit,Utilities,0.3718113284165679,Utilities Expense,Utilities Expense Dr | To Bank,Expense,OK,B2B,30882.24,15441.12,15441.12,REVIEW
17-Oct-25,HORT DIV  9,0.0,1681008.0,1681008.0,Credit,Asset,0.09999999999999998,Fixed Asset,Fixed Asset Dr | To Bank,Asset,REVIEW,B2B,302581.44,151290.72,151290.72,REVIEW
17-Oct-25,PG Hort-9,0.0,557413.0,557413.0,Credit,Asset,0.09999999999999998,Fixed Asset,Fixed Asset Dr | To Bank,Asset,REVIEW,B2B,100334.34,50167.17,50167.17,REVIEW
17-Oct-25,MAHANAGAR  TELEPHONE NIGAM LTD,0.0,2139090.0,2139090.0,Credit,Utilities,0.3718113284165679,Utilities Expense,Utilities Expense Dr | To Bank,Expense,OK,B2B,385036.2,192518.1,192518.1,REVIEW
17-Oct-25,DY DIRECTOR(HOR) DIV 6,0.0,2236668.0,2236668.0,Credit,Asset,0.7769971290038511,Fixed Asset,Fixed Asset Dr | To Bank,Asset,REVIEW,Reverse Charge,402600.24,201300.12,201300.12,OK
17-Oct-25,PG Hort-9,41983.0,0.0,41983.0,Debit,Asset,0.09999999999999998,Fixed Asset,Fixed Asset Dr | To Bank,Asset,REVIEW,B2B,7556.94,3778.47,3778.47,REVIEW
18-Oct-25,Salary,172000.0,0.0,172000.0,Debit,Payroll,0.09999999999999998,Salary Expense,Salary Expense Dr | To Bank,Expense,OK,B2B,30960.0,15480.0,15480.0,REVIEW
18-Oct-25,COL  SUNIL DALAL (PROPRIETOR),0.0,200000.0,200000.0,Credit,Asset,0.09999999999999998,Fixed Asset,Fixed Asset Dr | To Bank,Asset,REVIEW,B2B,36000.0,18000.0,18000.0,REVIEW
18-Oct-25,MAHANAGAR  TELEPHONE NIGAM LTD,0.0,32280.0,32280.0,Credit,Utilities,0.3718113284165679,Utilities Expense,Utilities Expense Dr | To Bank,Expense,OK,B2B,5810.4,2905.2,2905.2,REVIEW
18-Oct-25,Diwali Expense,150000.0,0.0,150000.0,Debit,Marketing,0.09999999999999998,Marketing Expense,Marketing Expense Dr | To Bank,Expense,REVIEW,B2B,27000.0,13500.0,13500.0,REVIEW
21-Oct-25,Miscellaneous,700.0,0.0,700.0,Debit,Asset,0.09999999999999998,Fixed Asset,Fixed Asset Dr | To Bank,Asset,REVIEW,B2B,126.0,63.0,63.0,REVIEW
21-Oct-25,Miscellaneous,8350.0,0.0,8350.0,Debit,Asset,0.09999999999999998,Fixed Asset,Fixed Asset Dr | To Bank,Asset,REVIEW,B2B,1503.0,751.5,751.5,REVIEW
22-Oct-25,Fisheries Animal Husbandry and Dairying,0.0,129479.0,129479.0,Credit,Asset,0.09999999999999998,Fixed Asset,Fixed Asset Dr | To Bank,Asset,REVIEW,B2B,23306.22,11653.11,11653.11,REVIEW
22-Oct-25,FDR Interest,0.0,29500.0,29500.0,Credit,Asset,0.09999999999999998,Fixed Asset,Fixed Asset Dr | To Bank,Asset,REVIEW,B2B,5310.0,2655.0,2655.0,REVIEW
22-Oct-25,Chintpurni Overseas Private Limited,0.0,62212.0,62212.0,Credit,Asset,0.09999999999999998,Fixed Asset,Fixed Asset Dr | To Bank,Asset,REVIEW,B2B,11198.16,5599.08,5599.08,REVIEW
23-Oct-25,National Company Law Appellate Tribunal,0.0,725699.0,725699.0,Credit,Asset,0.09999999999999998,Fixed Asset,Fixed Asset Dr | To Bank,Asset,REVIEW,B2B,130625.82,65312.91,65312.91,REVIEW
24-Oct-25,ADVERTISMENT AND PUBLICITY,16200.0,0.0,16200.0,Debit,Asset,0.09999999999999998,Fixed Asset,Fixed Asset Dr | To Bank,Asset,REVIEW,B2B,2916.0,1458.0,1458.0,REVIEW
25-Oct-25,FDR Interest,0.0,14096.0,14096.0,Credit,Asset,0.09999999999999998,Fixed Asset,Fixed Asset Dr | To Bank,Asset,REVIEW,B2B,2537.28,1268.64,1268.64,REVIEW
27-Oct-25,SBI OD A/C- 6791,0.0,4000000.0,4000000.0,Credit,Asset,0.09999999999999998,Fixed Asset,Fixed Asset Dr | To Bank,Asset,REVIEW,B2B,720000.0,360000.0,360000.0,REVIEW
27-Oct-25,MASTER RUBER WORKSS,112770.0,0.0,112770.0,Debit,Asset,0.09999999999999998,Fixed Asset,Fixed Asset Dr | To Bank,Asset,REVIEW,B2B,20298.6,10149.3,10149.3,REVIEW
27-Oct-25,ADONIS CREATIONS  PVT LTD,17010.0,0.0,17010.0,Debit,Asset,0.6681878861830516,Fixed Asset,Fixed Asset Dr | To Bank,Asset,REVIEW,B2B,3061.8,1530.9,1530.9,REVIEW
27-Oct-25,PG HORT-X,4719573.0,0.0,4719573.0,Debit,Asset,0.09999999999999998,Fixed Asset,Fixed Asset Dr | To Bank,Asset,REVIEW,B2B,849523.14,424761.57,424761.57,REVIEW
27-Oct-25,Water Expense,6075.0,0.0,6075.0,Debit,Utilities,0.09999999999999998,Utilities Expense,Utilities Expense Dr | To Bank,Expense,OK,B2B,1093.5,546.75,546.75,REVIEW
27-Oct-25,COL  SUNIL DALAL (PROPRIETOR),0.0,100000.0,100000.0,Credit,Asset,0.09999999999999998,Fixed Asset,Fixed Asset Dr | To Bank,Asset,REVIEW,B2B,18000.0,9000.0,9000.0,REVIEW
27-Oct-25,PG Hort-6,0.0,573848.0,573848.0,Credit,Asset,0.09999999999999998,Fixed Asset,Fixed Asset Dr | To Bank,Asset,REVIEW,B2B,103292.64,51646.32,51646.32,REVIEW
27-Oct-25,PG Hort-6,47626.0,0.0,47626.0,Debit,Asset,0.09999999999999998,Fixed Asset,Fixed Asset Dr | To Bank,Asset,REVIEW,B2B,8572.68,4286.34,4286.34,REVIEW
28-Oct-25,Airtel Postpaid Bill (Wifi),8871.07,0.0,8871.07,Debit,Utilities,0.8402233707166438,Utilities Expense,Utilities Expense Dr | To Bank,Expense,OK,B2C,1596.79,798.4,798.4,OK
28-Oct-25,BANK CHARGES,5.9,0.0,5.9,Debit,Bank Charges,0.34234595217777647,Bank Charges Expense,Bank Charges Expense Dr | To Bank,Expense,OK,GST Payment,1.06,0.53,0.53,REVIEW
28-Oct-25,Uniform Expense,107400.0,0.0,107400.0,Debit,Marketing,0.09999999999999998,Marketing Expense,Marketing Expense Dr | To Bank,Expense,REVIEW,B2B,19332.0,9666.0,9666.0,REVIEW
30-Oct-25,ELEGANT APPARELS,50000.0,0.0,50000.0,Debit,Asset,0.09999999999999998,Fixed Asset,Fixed Asset Dr | To Bank,Asset,REVIEW,B2B,9000.0,4500.0,4500.0,REVIEW
30-Oct-25,COL  SUNIL DALAL (PROPRIETOR),0.0,100000.0,100000.0,Credit,Asset,0.09999999999999998,Fixed Asset,Fixed Asset Dr | To Bank,Asset,REVIEW,B2B,18000.0,9000.0,9000.0,REVIEW
30-Oct-25,Uniform Expense,92690.0,0.0,92690.0,Debit,Marketing,0.09999999999999998,Marketing Expense,Marketing Expense Dr | To Bank,Expense,REVIEW,B2B,16684.2,8342.1,8342.1,REVIEW
31-Oct-25,MASTER RUBER WORKSS,28193.0,0.0,28193.0,Debit,Asset,0.09999999999999998,Fixed Asset,Fixed Asset Dr | To Bank,Asset,REVIEW,B2B,5074.74,2537.37,2537.37,REVIEW
31-Oct-25,Interest,18482.0,0.0,18482.0,Debit,Asset,0.09999999999999998,Fixed Asset,Fixed Asset Dr | To Bank,Asset,REVIEW,B2B,3326.76,1663.38,1663.38,REVIEW
31-Oct-25,Salary,8447950.0,0.0,8447950.0,Debit,Payroll,0.09999999999999998,Salary Expense,Salary Expense Dr | To Bank,Expense,OK,B2B,1520631.0,760315.5,760315.5,REVIEW
31-Oct-25,PF Employer Contribution,503851.0,0.0,503851.0,Debit,Asset,0.09999999999999998,Fixed Asset,Fixed Asset Dr | To Bank,Asset,REVIEW,B2B,90693.18,45346.59,45346.59,REVIEW
31-Oct-25,ESIC Employers Contribution,56481.88,0.0,56481.88,Debit,Asset,0.09999999999999998,Fixed Asset,Fixed Asset Dr | To Bank,Asset,REVIEW,B2B,10166.74,5083.37,5083.37,REVIEW
31-Oct-25,Uniform Expense,26850.0,0.0,26850.0,Debit,Marketing,0.09999999999999998,Marketing Expense,Marketing Expense Dr | To Bank,Expense,REVIEW,B2B,4833.0,2416.5,2416.5,REVIEW
31-Oct-25,OUTPUT CGST@9%,1207974.52,0.0,1207974.52,Debit,Asset,0.09999999999999998,Fixed Asset,Fixed Asset Dr | To Bank,Asset,REVIEW,B2B,217435.41,108717.71,108717.71,REVIEW
31-Oct-25,TDS Credit CGST,135292.0,0.0,135292.0,Debit,Asset,0.9063700918777899,Fixed Asset,Fixed Asset Dr | To Bank,Asset,REVIEW,Credit Note,24352.56,12176.28,12176.28,OK
31-Oct-25,Salary,65000.0,0.0,65000.0,Debit,Payroll,0.09999999999999998,Salary Expense,Salary Expense Dr | To Bank,Expense,OK,B2B,11700.0,5850.0,5850.0,REVIEW
01-Nov-25,SBI BANK- 54238,0.0,2525000.0,2525000.0,Credit,Bank Charges,0.7364774865051836,Bank Charges Expense,Bank Charges Expense Dr | To Bank,Expense,OK,GST Payment,454500.0,227250.0,227250.0,OK
01-Nov-25,Office Petty Expenses,8431.0,0.0,8431.0,Debit,Asset,0.7281419932878501,Fixed Asset,Fixed Asset Dr | To Bank,Asset,REVIEW,Debit Note,1517.58,758.79,758.79,OK
01-Nov-25,BANK CHARGES,1309.8,0.0,1309.8,Debit,Bank Charges,0.34234595217777647,Bank Charges Expense,Bank Charges Expense Dr | To Bank,Expense,OK,GST Payment,235.76,117.88,117.88,REVIEW
01-Nov-25,"DEPUTY DIRECTOR, HORT . DIVN 8",0.0,936288.0,936288.0,Credit,Asset,0.7769971290038511,Fixed Asset,Fixed Asset Dr | To Bank,Asset,REVIEW,Reverse Charge,168531.84,84265.92,84265.92,OK
01-Nov-25,"DEPUTY DIRECTOR, HORT . DIVN 8",0.0,163914.0,163914.0,Credit,Asset,0.7769971290038511,Fixed Asset,Fixed Asset Dr | To Bank,Asset,REVIEW,Reverse Charge,29504.52,14752.26,14752.26,OK
01-Nov-25,Security Deposit,0.0,293661.0,293661.0,Credit,Asset,0.09999999999999998,Fixed Asset,Fixed Asset Dr | To Bank,Asset,REVIEW,B2B,52858.98,26429.49,26429.49,REVIEW
01-Nov-25,DY DIRECTOR(HOR) DIV 6,0.0,311149.0,311149.0,Credit,Asset,0.7769971290038511,Fixed Asset,Fixed Asset Dr | To Bank,Asset,REVIEW,Reverse Charge,56006.82,28003.41,28003.41,OK
01-Nov-25,Uniform Expense,90000.0,0.0,90000.0,Debit,Marketing,0.09999999999999998,Marketing Expense,Marketing Expense Dr | To Bank,Expense,REVIEW,B2B,16200.0,8100.0,8100.0,REVIEW
01-Nov-25,Uniform Expense,25200.0,0.0,25200.0,Debit,Marketing,0.09999999999999998,Marketing Expense,Marketing Expense Dr | To Bank,Expense,REVIEW,B2B,4536.0,2268.0,2268.0,REVIEW
01-Nov-25,TDS Receivable @ 2%,20027.0,0.0,20027.0,Debit,Asset,0.09999999999999998,Fixed Asset,Fixed Asset Dr | To Bank,Asset,REVIEW,B2B,3604.86,1802.43,1802.43,REVIEW
02-Nov-25,ELEGANT APPARELS,107284.0,0.0,107284.0,Debit,Asset,0.09999999999999998,Fixed Asset,Fixed Asset Dr | To Bank,Asset,REVIEW,B2B,19311.12,9655.56,9655.56,REVIEW
02-Nov-25,The Aggarwal Hardware Mill Store,15300.0,0.0,15300.0,Debit,Asset,0.7432919867651969,Fixed Asset,Fixed Asset Dr | To Bank,Asset,REVIEW,Import,2754.0,1377.0,1377.0,OK
02-Nov-25,COL  SUNIL DALAL (PROPRIETOR),0.0,160000.0,160000.0,Credit,Asset,0.09999999999999998,Fixed Asset,Fixed Asset Dr | To Bank,Asset,REVIEW,B2B,28800.0,14400.0,14400.0,REVIEW
02-Nov-25,Office  Equipments,12966.0,0.0,12966.0,Debit,Asset,0.09999999999999998,Fixed Asset,Fixed Asset Dr | To Bank,Asset,REVIEW,B2B,2333.88,1166.94,1166.94,REVIEW
03-Nov-25,Vehicle Hire Charges,49000.0,0.0,49000.0,Debit,Asset,0.4771037584455656,Fixed Asset,Fixed Asset Dr | To Bank,Asset,REVIEW,Debit Note,8820.0,4410.0,4410.0,REVIEW
04-Nov-25,DIVYA ENTERPRISES,2160.0,0.0,2160.0,Debit,Asset,0.09999999999999998,Fixed Asset,Fixed Asset Dr | To Bank,Asset,REVIEW,B2B,388.8,194.4,194.4,REVIEW
04-Nov-25,Light Gallery,27000.0,0.0,27000.0,Debit,Asset,0.09999999999999998,Fixed Asset,Fixed Asset Dr | To Bank,Asset,REVIEW,B2B,4860.0,2430.0,2430.0,REVIEW
04-Nov-25,SALARY PAYABLE,154.13,0.0,154.13,Debit,Payroll,0.09999999999999998,Salary Expense,Salary Expense Dr | To Bank,Expense,OK,B2B,27.74,13.87,13.87,REVIEW
04-Nov-25,SALARY PAYABLE,17734.53,0.0,17734.53,Debit,Payroll,0.09999999999999998,Salary Expense,Salary Expense Dr | To Bank,Expense,OK,B2B,3192.22,1596.11,1596.11,REVIEW
04-Nov-25,Uniform Expense,2160.0,0.0,2160.0,Debit,Marketing,0.09999999999999998,Marketing Expense,Marketing Expense Dr | To Bank,Expense,REVIEW,B2B,388.8,194.4,194.4,REVIEW
04-Nov-25,Office  Equipments,22881.0,0.0,22881.0,Debit,Asset,0.09999999999999998,Fixed Asset,Fixed Asset Dr | To Bank,Asset,REVIEW,B2B,4118.58,2059.29,2059.29,REVIEW
06-Nov-25,BANK CHARGES,5.9,0.0,5.9,Debit,Bank Charges,0.34234595217777647,Bank Charges Expense,Bank Charges Expense Dr | To Bank,Expense,OK,GST Payment,1.06,0.53,0.53,REVIEW
06-Nov-25,SALARY PAYABLE,4000.0,0.0,4000.0,Debit,Payroll,0.09999999999999998,Salary Expense,Salary Expense Dr | To Bank,Expense,OK,B2B,720.0,360.0,360.0,REVIEW
07-Nov-25,BANK CHARGES,590.0,0.0,590.0,Debit,Bank Charges,0.34234595217777647,Bank Charges Expense,Bank Charges Expense Dr | To Bank,Expense,OK,GST Payment,106.2,53.1,53.1,REVIEW
07-Nov-25,GST PAYABLE,1154296.0,0.0,1154296.0,Debit,GST,0.4642212308239418,GST Payable,GST Payable Dr | To Bank,Liability,OK,GST Refund,207773.28,103886.64,103886.64,REVIEW
07-Nov-25,Security Deposit,0.0,691657.0,691657.0,Credit,Asset,0.09999999999999998,Fixed Asset,Fixed Asset Dr | To Bank,Asset,REVIEW,B2B,124498.26,62249.13,62249.13,REVIEW
07-Nov-25,QUTAB GOLF COURSE,0.0,956091.0,956091.0,Credit,Asset,0.09999999999999998,Fixed Asset,Fixed Asset Dr | To Bank,Asset,REVIEW,B2B,172096.38,86048.19,86048.19,REVIEW
07-Nov-25,TDS Receivable @ 2%,21013.0,0.0,21013.0,Debit,Asset,0.09999999999999998,Fixed Asset,Fixed Asset Dr | To Bank,Asset,REVIEW,B2B,3782.34,1891.17,1891.17,REVIEW
08-Nov-25,SHREE SHYAAM TRADING CO.,7222.0,0.0,7222.0,Debit,Asset,0.09999999999999998,Fixed Asset,Fixed Asset Dr | To Bank,Asset,REVIEW,B2B,1299.96,649.98,649.98,REVIEW
08-Nov-25,TAX DEDUCTED SOURCES 94C,490.0,0.0,490.0,Debit,GST,0.4452796264190966,GST Payable,GST Payable Dr | To Bank,Liability,REVIEW,GST Payment,88.2,44.1,44.1,REVIEW
08-Nov-25,COL  SUNIL DALAL (PROPRIETOR),0.0,50000.0,50000.0,Credit,Asset,0.09999999999999998,Fixed Asset,Fixed Asset Dr | To Bank,Asset,REVIEW,B2B,9000.0,4500.0,4500.0,REVIEW
08-Nov-25,FURNITURE  AND FIXTURES,7222.0,0.0,7222.0,Debit,Asset,0.09999999999999998,Fixed Asset,Fixed Asset Dr | To Bank,Asset,OK,B2B,1299.96,649.98,649.98,REVIEW
10-Nov-25,INCOME TAX,592581.0,0.0,592581.0,Debit,GST,0.4452796264190966,GST Payable,GST Payable Dr | To Bank,Liability,REVIEW,GST Payment,106664.58,53332.29,53332.29,REVIEW
10-Nov-25,INCOME TAX,500000.0,0.0,500000.0,Debit,GST,0.4452796264190966,GST Payable,GST Payable Dr | To Bank,Liability,REVIEW,GST Payment,90000.0,45000.0,45000.0,REVIEW
10-Nov-25,COL  SUNIL DALAL (PROPRIETOR),0.0,600000.0,600000.0,Credit,Asset,0.09999999999999998,Fixed Asset,Fixed Asset Dr | To Bank,Asset,REVIEW,B2B,108000.0,54000.0,54000.0,REVIEW
10-Nov-25,PG Hort-DWK,0.0,791496.0,791496.0,Credit,Asset,0.09999999999999998,Fixed Asset,Fixed Asset Dr | To Bank,Asset,REVIEW,B2B,142469.28,71234.64,71234.64,REVIEW
10-Nov-25,PROFESSIONAL CHARGES,60000.0,0.0,60000.0,Debit,Professional Fees,0.3489394184680198,Manual Review,Manual Journal Required,Unknown,OK,Reverse Charge,10800.0,5400.0,5400.0,REVIEW
10-Nov-25,PROFESSIONAL CHARGES,40000.0,0.0,40000.0,Debit,Professional Fees,0.3489394184680198,Manual Review,Manual Journal Required,Unknown,OK,Reverse Charge,7200.0,3600.0,3600.0,REVIEW
10-Nov-25,PG Hort-DWK,63655.0,0.0,63655.0,Debit,Asset,0.09999999999999998,Fixed Asset,Fixed Asset Dr | To Bank,Asset,REVIEW,B2B,11457.9,5728.95,5728.95,REVIEW
10-Nov-25,STATIONERY FOR OFFICE,9333.0,0.0,9333.0,Debit,Asset,0.501040898307841,Fixed Asset,Fixed Asset Dr | To Bank,Asset,REVIEW,Debit Note,1679.94,839.97,839.97,REVIEW
11-Nov-25,Cash,0.0,10000.0,10000.0,Credit,Asset,0.7638835628821598,Fixed Asset,Fixed Asset Dr | To Bank,Asset,REVIEW,B2C,1800.0,900.0,900.0,OK
11-Nov-25,CONVEYANCE EXPENSES,1736.0,0.0,1736.0,Debit,Asset,0.7281419932878501,Fixed Asset,Fixed Asset Dr | To Bank,Asset,REVIEW,Debit Note,312.48,156.24,156.24,OK
11-Nov-25,Lawyer's Fees,20000.0,0.0,20000.0,Debit,Professional Fees,0.7559453060479077,Manual Review,Manual Journal Required,Unknown,OK,Exempt Supply,3600.0,1800.0,1800.0,OK
11-Nov-25,Uniform Expense,56560.0,0.0,56560.0,Debit,Marketing,0.09999999999999998,Marketing Expense,Marketing Expense Dr | To Bank,Expense,REVIEW,B2B,10180.8,5090.4,5090.4,REVIEW
11-Nov-25,Uniform Expense,84900.0,0.0,84900.0,Debit,Marketing,0.09999999999999998,Marketing Expense,Marketing Expense Dr | To Bank,Expense,REVIEW,B2B,15282.0,7641.0,7641.0,REVIEW
11-Nov-25,PROFESSIONAL CHARGES,8500.0,0.0,8500.0,Debit,Professional Fees,0.3489394184680198,Manual Review,Manual Journal Required,Unknown,OK,Reverse Charge,1530.0,765.0,765.0,REVIEW
12-Nov-25,CONVEYANCE EXPENSES,854.0,0.0,854.0,Debit,Asset,0.7281419932878501,Fixed Asset,Fixed Asset Dr | To Bank,Asset,REVIEW,Debit Note,153.72,76.86,76.86,OK
12-Nov-25,PRINTING AND STATIONARY,610.0,0.0,610.0,Debit,Asset,0.09999999999999998,Fixed Asset,Fixed Asset Dr | To Bank,Asset,REVIEW,B2B,109.8,54.9,54.9,REVIEW
12-Nov-25,Other Expenses,500.0,0.0,500.0,Debit,Asset,0.7281419932878501,Fixed Asset,Fixed Asset Dr | To Bank,Asset,REVIEW,Debit Note,90.0,45.0,45.0,OK
12-Nov-25,Liftech India Private Limited,9927.0,0.0,9927.0,Debit,Asset,0.09999999999999998,Fixed Asset,Fixed Asset Dr | To Bank,Asset,REVIEW,B2B,1786.86,893.43,893.43,REVIEW
12-Nov-25,Rskrish Technology & Services Pvt. Ltd.,950.0,0.0,950.0,Debit,Asset,0.6681878861830516,Fixed Asset,Fixed Asset Dr | To Bank,Asset,REVIEW,B2B,171.0,85.5,85.5,REVIEW
12-Nov-25,ICICI Bank Ltd,44073.0,0.0,44073.0,Debit,Bank Charges,0.37212743955677813,Bank Charges Expense,Bank Charges Expense Dr | To Bank,Expense,OK,GST Payment,7933.14,3966.57,3966.57,REVIEW
12-Nov-25,COL  SUNIL DALAL (PROPRIETOR),0.0,100000.0,100000.0,Credit,Asset,0.09999999999999998,Fixed Asset,Fixed Asset Dr | To Bank,Asset,REVIEW,B2B,18000.0,9000.0,9000.0,REVIEW
12-Nov-25,Vehicle Maintenance Charges,8412.88,0.0,8412.88,Debit,Asset,0.4771037584455656,Fixed Asset,Fixed Asset Dr | To Bank,Asset,REVIEW,Debit Note,1514.32,757.16,757.16,REVIEW
12-Nov-25,Fees for Cards,37350.0,0.0,37350.0,Debit,Professional Fees,0.3938499821729249,Manual Review,Manual Journal Required,Unknown,OK,Exempt Supply,6723.0,3361.5,3361.5,REVIEW
12-Nov-25,COMPUTER,805.09,0.0,805.09,Debit,Asset,0.09999999999999998,Fixed Asset,Fixed Asset Dr | To Bank,Asset,OK,B2B,144.92,72.46,72.46,REVIEW
13-Nov-25,SBI OD A/C- 6791,0.0,6000000.0,6000000.0,Credit,Asset,0.09999999999999998,Fixed Asset,Fixed Asset Dr | To Bank,Asset,REVIEW,B2B,1080000.0,540000.0,540000.0,REVIEW
13-Nov-25,ROHIT TIWARI,37556.64,0.0,37556.64,Debit,Asset,0.09999999999999998,Fixed Asset,Fixed Asset Dr | To Bank,Asset,REVIEW,B2B,6760.2,3380.1,3380.1,REVIEW
13-Nov-25,CONVEYANCE EXPENSES,6500.0,0.0,6500.0,Debit,Asset,0.7281419932878501,Fixed Asset,Fixed Asset Dr | To Bank,Asset,REVIEW,Debit Note,1170.0,585.0,585.0,OK
13-Nov-25,GST PAYABLE,588.0,0.0,588.0,Debit,GST,0.4642212308239418,GST Payable,GST Payable Dr | To Bank,Liability,OK,GST Refund,105.84,52.92,52.92,REVIEW
13-Nov-25,COL  SUNIL DALAL (PROPRIETOR),0.0,250000.0,250000.0,Credit,Asset,0.09999999999999998,Fixed Asset,Fixed Asset Dr | To Bank,Asset,REVIEW,B2B,45000.0,22500.0,22500.0,REVIEW
13-Nov-25,STATIONERY FOR OFFICE,7161.0,0.0,7161.0,Debit,Asset,0.501040898307841,Fixed Asset,Fixed Asset Dr | To Bank,Asset,REVIEW,Debit Note,1288.98,644.49,644.49,REVIEW
13-Nov-25,STATIONERY FOR OFFICE,333.0,0.0,333.0,Debit,Asset,0.501040898307841,Fixed Asset,Fixed Asset Dr | To Bank,Asset,REVIEW,Debit Note,59.94,29.97,29.97,REVIEW
14-Nov-25,ALOK AND CO LLP,108000.0,0.0,108000.0,Debit,Asset,0.09999999999999998,Fixed Asset,Fixed Asset Dr | To Bank,Asset,REVIEW,B2B,19440.0,9720.0,9720.0,REVIEW
14-Nov-25,ELEGANT APPARELS,148433.0,0.0,148433.0,Debit,Asset,0.09999999999999998,Fixed Asset,Fixed Asset Dr | To Bank,Asset,REVIEW,B2B,26717.94,13358.97,13358.97,REVIEW
14-Nov-25,SALARY PAYABLE,76597.0,0.0,76597.0,Debit,Payroll,0.09999999999999998,Salary Expense,Salary Expense Dr | To Bank,Expense,OK,B2B,13787.46,6893.73,6893.73,REVIEW
14-Nov-25,SALARY PAYABLE,0.0,453.0,453.0,Credit,Payroll,0.09999999999999998,Salary Expense,Salary Expense Dr | To Bank,Expense,OK,B2B,81.54,40.77,40.77,REVIEW
14-Nov-25,Sub Regional Office Esic,0.0,794034.0,794034.0,Credit,Asset,0.09999999999999998,Fixed Asset,Fixed Asset Dr | To Bank,Asset,REVIEW,B2B,142926.12,71463.06,71463.06,REVIEW
14-Nov-25,Chintpurni Overseas Private Limited,49403.4,0.0,49403.4,Debit,Asset,0.09999999999999998,Fixed Asset,Fixed Asset Dr | To Bank,Asset,REVIEW,B2B,8892.61,4446.31,4446.31,REVIEW
14-Nov-25,National Company Law Appellate Tribunal,776200.02,0.0,776200.02,Debit,Asset,0.09999999999999998,Fixed Asset,Fixed Asset Dr | To Bank,Asset,REVIEW,B2B,139716.0,69858.0,69858.0,REVIEW
14-Nov-25,QUTAB GOLF COURSE,2296002.05,0.0,2296002.05,Debit,Asset,0.09999999999999998,Fixed Asset,Fixed Asset Dr | To Bank,Asset,REVIEW,B2B,413280.37,206640.18,206640.18,REVIEW
14-Nov-25,Sub Regional Office Esic,814748.99,0.0,814748.99,Debit,Asset,0.09999999999999998,Fixed Asset,Fixed Asset Dr | To Bank,Asset,REVIEW,B2B,146654.82,73327.41,73327.41,REVIEW
14-Nov-25,Bharat Sanchar Nigam Limited,1271913.0,0.0,1271913.0,Debit,Asset,0.09999999999999998,Fixed Asset,Fixed Asset Dr | To Bank,Asset,REVIEW,B2B,228944.34,114472.17,114472.17,REVIEW
14-Nov-25,DEPARTMENT OF SPACE,397492.0,0.0,397492.0,Debit,Asset,0.3891124283615845,Fixed Asset,Fixed Asset Dr | To Bank,Asset,REVIEW,GST Refund,71548.56,35774.28,35774.28,REVIEW
14-Nov-25,Fisheries Animal Husbandry and Dairying,138490.26,0.0,138490.26,Debit,Asset,0.09999999999999998,Fixed Asset,Fixed Asset Dr | To Bank,Asset,REVIEW,B2B,24928.25,12464.12,12464.12,REVIEW
14-Nov-25,SHAHEED SUKHDEV COLLEGE OF BUSINESS STUDIES,501142.86,0.0,501142.86,Debit,Travel,0.4418962307744769,Manual Review,Manual Journal Required,Unknown,REVIEW,Export,90205.71,45102.86,45102.86,REVIEW
14-Nov-25,SHAHEED SUKHDEV COLLEGE OF BUSINESS STUDIES,200480.73,0.0,200480.73,Debit,Travel,0.4418962307744769,Manual Review,Manual Journal Required,Unknown,REVIEW,Export,36086.53,18043.27,18043.27,REVIEW
14-Nov-25,Central Warehousing Corporation (InterState),230515.81,0.0,230515.81,Debit,Asset,0.09999999999999998,Fixed Asset,Fixed Asset Dr | To Bank,Asset,REVIEW,B2B,41492.85,20746.42,20746.42,REVIEW
14-Nov-25,Central Warehousing Corporation,230515.8,0.0,230515.8,Debit,Asset,0.09999999999999998,Fixed Asset,Fixed Asset Dr | To Bank,Asset,REVIEW,B2B,41492.84,20746.42,20746.42,REVIEW
14-Nov-25,Central Warehousing Corporation (InterState),153677.23,0.0,153677.23,Debit,Asset,0.09999999999999998,Fixed Asset,Fixed Asset Dr | To Bank,Asset,REVIEW,B2B,27661.9,13830.95,13830.95,REVIEW
14-Nov-25,Central Warehousing Corporation (InterState),134522.38,0.0,134522.38,Debit,Asset,0.09999999999999998,Fixed Asset,Fixed Asset Dr | To Bank,Asset,REVIEW,B2B,24214.03,12107.01,12107.01,REVIEW
14-Nov-25,SHAHEED SUKHDEV COLLEGE OF BUSINESS STUDIES,8326.08,0.0,8326.08,Debit,Travel,0.4418962307744769,Manual Review,Manual Journal Required,Unknown,REVIEW,Export,1498.69,749.35,749.35,REVIEW
15-Nov-25,SBI OD A/C- 6791,0.0,800000.0,800000.0,Credit,Asset,0.09999999999999998,Fixed Asset,Fixed Asset Dr | To Bank,Asset,REVIEW,B2B,144000.0,72000.0,72000.0,REVIEW
15-Nov-25,SALARY PAYABLE,310084.0,0.0,310084.0,Debit,Payroll,0.09999999999999998,Salary Expense,Salary Expense Dr | To Bank,Expense,OK,B2B,55815.12,27907.56,27907.56,REVIEW
15-Nov-25,PF PAYABLE,1049690.0,0.0,1049690.0,Debit,Asset,0.09999999999999998,Fixed Asset,Fixed Asset Dr | To Bank,Asset,REVIEW,B2B,188944.2,94472.1,94472.1,REVIEW
15-Nov-25,Esic Payable,71952.0,0.0,71952.0,Debit,Asset,0.09999999999999998,Fixed Asset,Fixed Asset Dr | To Bank,Asset,REVIEW,B2B,12951.36,6475.68,6475.68,REVIEW
17-Nov-25,Uniform Expense,17304.0,0.0,17304.0,Debit,Marketing,0.09999999999999998,Marketing Expense,Marketing Expense Dr | To Bank,Expense,REVIEW,B2B,3114.72,1557.36,1557.36,REVIEW
17-Nov-25,Uniform Expense,8960.0,0.0,8960.0,Debit,Marketing,0.09999999999999998,Marketing Expense,Marketing Expense Dr | To Bank,Expense,REVIEW,B2B,1612.8,806.4,806.4,REVIEW
17-Nov-25,RENT DELHI OFFICE,70000.0,0.0,70000.0,Debit,Rent,0.09999999999999998,Rent Expense,Rent Expense Dr | To Bank,Expense,OK,B2B,12600.0,6300.0,6300.0,REVIEW
17-Nov-25,QUTAB GOLF COURSE,149072.0,0.0,149072.0,Debit,Asset,0.09999999999999998,Fixed Asset,Fixed Asset Dr | To Bank,Asset,REVIEW,B2B,26832.96,13416.48,13416.48,REVIEW
18-Nov-25,Cash,0.0,10000.0,10000.0,Credit,Asset,0.7638835628821598,Fixed Asset,Fixed Asset Dr | To Bank,Asset,REVIEW,B2C,1800.0,900.0,900.0,OK
18-Nov-25,SBI BANK- 54238,0.0,2325000.0,2325000.0,Credit,Bank Charges,0.7364774865051836,Bank Charges Expense,Bank Charges Expense Dr | To Bank,Expense,OK,GST Payment,418500.0,209250.0,209250.0,OK
18-Nov-25,Water Expense,2800.0,0.0,2800.0,Debit,Utilities,0.09999999999999998,Utilities Expense,Utilities Expense Dr | To Bank,Expense,OK,B2B,504.0,252.0,252.0,REVIEW
18-Nov-25,CONVEYANCE EXPENSES,8680.0,0.0,8680.0,Debit,Asset,0.7281419932878501,Fixed Asset,Fixed Asset Dr | To Bank,Asset,REVIEW,Debit Note,1562.4,781.2,781.2,OK
18-Nov-25,UP Office Rent,4500.0,0.0,4500.0,Debit,Rent,0.09999999999999998,Rent Expense,Rent Expense Dr | To Bank,Expense,OK,B2B,810.0,405.0,405.0,REVIEW
18-Nov-25,Haryana Offfice Rent,6000.0,0.0,6000.0,Debit,Rent,0.09999999999999998,Rent Expense,Rent Expense Dr | To Bank,Expense,OK,B2B,1080.0,540.0,540.0,REVIEW
18-Nov-25,RAJA PROPERTIES & CONSTRUCTION,63000.0,0.0,63000.0,Debit,Asset,0.09999999999999998,Fixed Asset,Fixed Asset Dr | To Bank,Asset,REVIEW,B2B,11340.0,5670.0,5670.0,REVIEW
18-Nov-25,COL  SUNIL DALAL (PROPRIETOR),0.0,100000.0,100000.0,Credit,Asset,0.09999999999999998,Fixed Asset,Fixed Asset Dr | To Bank,Asset,REVIEW,B2B,18000.0,9000.0,9000.0,REVIEW
18-Nov-25,Hort DWK,0.0,1528864.0,1528864.0,Credit,Asset,0.09999999999999998,Fixed Asset,Fixed Asset Dr | To Bank,Asset,REVIEW,B2B,275195.52,137597.76,137597.76,REVIEW
18-Nov-25,Hort DWK,0.0,642175.0,642175.0,Credit,Asset,0.09999999999999998,Fixed Asset,Fixed Asset Dr | To Bank,Asset,REVIEW,B2B,115591.5,57795.75,57795.75,REVIEW
19-Nov-25,Ex Engineer NPD 8,0.0,604620.0,604620.0,Credit,Asset,0.09999999999999998,Fixed Asset,Fixed Asset Dr | To Bank,Asset,REVIEW,B2B,108831.6,54415.8,54415.8,REVIEW
20-Nov-25,SBI OD A/C- 6791,0.0,500000.0,500000.0,Credit,Asset,0.09999999999999998,Fixed Asset,Fixed Asset Dr | To Bank,Asset,REVIEW,B2B,90000.0,45000.0,45000.0,REVIEW
20-Nov-25,GST PAYABLE,960982.0,0.0,960982.0,Debit,GST,0.4642212308239418,GST Payable,GST Payable Dr | To Bank,Liability,OK,GST Refund,172976.76,86488.38,86488.38,REVIEW
21-Nov-25,SBI BANK- 54238,0.0,2771000.0,2771000.0,Credit,Bank Charges,0.7364774865051836,Bank Charges Expense,Bank Charges Expense Dr | To Bank,Expense,OK,GST Payment,498780.0,249390.0,249390.0,OK
21-Nov-25,BANK CHARGES,5.9,0.0,5.9,Debit,Bank Charges,0.34234595217777647,Bank Charges Expense,Bank Charges Expense Dr | To Bank,Expense,OK,GST Payment,1.06,0.53,0.53,REVIEW
21-Nov-25,DY.DIRECTOR  HR   DIV  7,0.0,351000.0,351000.0,Credit,Asset,0.7769971290038511,Fixed Asset,Fixed Asset Dr | To Bank,Asset,REVIEW,Reverse Charge,63180.0,31590.0,31590.0,OK
21-Nov-25,Bharat Sanchar Nigam Limited,0.0,2277264.0,2277264.0,Credit,Asset,0.09999999999999998,Fixed Asset,Fixed Asset Dr | To Bank,Asset,REVIEW,B2B,409907.52,204953.76,204953.76,REVIEW
21-Nov-25,QUTAB GOLF COURSE,0.0,78000.0,78000.0,Credit,Asset,0.09999999999999998,Fixed Asset,Fixed Asset Dr | To Bank,Asset,REVIEW,B2B,14040.0,7020.0,7020.0,REVIEW
22-Nov-25,Cash,0.0,10000.0,10000.0,Credit,Asset,0.7638835628821598,Fixed Asset,Fixed Asset Dr | To Bank,Asset,REVIEW,B2C,1800.0,900.0,900.0,OK
22-Nov-25,CONVEYANCE EXPENSES,2500.0,0.0,2500.0,Debit,Asset,0.7281419932878501,Fixed Asset,Fixed Asset Dr | To Bank,Asset,REVIEW,Debit Note,450.0,225.0,225.0,OK
22-Nov-25,CONVEYANCE EXPENSES,1690.0,0.0,1690.0,Debit,Asset,0.7281419932878501,Fixed Asset,Fixed Asset Dr | To Bank,Asset,REVIEW,Debit Note,304.2,152.1,152.1,OK
22-Nov-25,CONVEYANCE EXPENSES,2750.0,0.0,2750.0,Debit,Asset,0.7281419932878501,Fixed Asset,Fixed Asset Dr | To Bank,Asset,REVIEW,Debit Note,495.0,247.5,247.5,OK
22-Nov-25,ELEGANT APPARELS,28254.4,0.0,28254.4,Debit,Asset,0.09999999999999998,Fixed Asset,Fixed Asset Dr | To Bank,Asset,REVIEW,B2B,5085.79,2542.9,2542.9,REVIEW
22-Nov-25,SALARY PAYABLE,10250.0,0.0,10250.0,Debit,Payroll,0.09999999999999998,Salary Expense,Salary Expense Dr | To Bank,Expense,OK,B2B,1845.0,922.5,922.5,REVIEW
24-Nov-25,ADVERTISMENT AND PUBLICITY,22680.0,0.0,22680.0,Debit,Asset,0.09999999999999998,Fixed Asset,Fixed Asset Dr | To Bank,Asset,REVIEW,B2B,4082.4,2041.2,2041.2,REVIEW
25-Nov-25,Lawyer's Fees,5000.0,0.0,5000.0,Debit,Professional Fees,0.7559453060479077,Manual Review,Manual Journal Required,Unknown,OK,Exempt Supply,900.0,450.0,450.0,OK
25-Nov-25,COL  SUNIL DALAL (PROPRIETOR),0.0,100000.0,100000.0,Credit,Asset,0.09999999999999998,Fixed Asset,Fixed Asset Dr | To Bank,Asset,REVIEW,B2B,18000.0,9000.0,9000.0,REVIEW
25-Nov-25,"EXECUTIVE ENGR, HCD 10",0.0,928735.0,928735.0,Credit,Asset,0.09999999999999998,Fixed Asset,Fixed Asset Dr | To Bank,Asset,REVIEW,B2B,167172.3,83586.15,83586.15,REVIEW
26-Nov-25,Cash,0.0,5000.0,5000.0,Credit,Asset,0.7638835628821598,Fixed Asset,Fixed Asset Dr | To Bank,Asset,REVIEW,B2C,900.0,450.0,450.0,OK
26-Nov-25,SBI BANK- 54238,0.0,1400000.0,1400000.0,Credit,Bank Charges,0.7364774865051836,Bank Charges Expense,Bank Charges Expense Dr | To Bank,Expense,OK,GST Payment,252000.0,126000.0,126000.0,OK
26-Nov-25,REPAIRS AND MAINTENANCE,1500.0,0.0,1500.0,Debit,Asset,0.09999999999999998,Fixed Asset,Fixed Asset Dr | To Bank,Asset,REVIEW,B2B,270.0,135.0,135.0,REVIEW
26-Nov-25,RAVLEEN ENTERPRISES,5300.0,0.0,5300.0,Debit,Asset,0.09999999999999998,Fixed Asset,Fixed Asset Dr | To Bank,Asset,REVIEW,B2B,954.0,477.0,477.0,REVIEW
26-Nov-25,CONVEYANCE EXPENSES,1920.0,0.0,1920.0,Debit,Asset,0.7281419932878501,Fixed Asset,Fixed Asset Dr | To Bank,Asset,REVIEW,Debit Note,345.6,172.8,172.8,OK
26-Nov-25,DEPARTMENT OF SPACE,0.0,384017.0,384017.0,Credit,Asset,0.3891124283615845,Fixed Asset,Fixed Asset Dr | To Bank,Asset,REVIEW,GST Refund,69123.06,34561.53,34561.53,REVIEW
26-Nov-25,Vehicle Maintenance Charges,4461.02,0.0,4461.02,Debit,Asset,0.4771037584455656,Fixed Asset,Fixed Asset Dr | To Bank,Asset,REVIEW,Debit Note,802.98,401.49,401.49,REVIEW
26-Nov-25,STATIONERY FOR OFFICE,2655.0,0.0,2655.0,Debit,Asset,0.501040898307841,Fixed Asset,Fixed Asset Dr | To Bank,Asset,REVIEW,Debit Note,477.9,238.95,238.95,REVIEW
27-Nov-25,ADONIS CREATIONS  PVT LTD,23814.0,0.0,23814.0,Debit,Asset,0.6681878861830516,Fixed Asset,Fixed Asset Dr | To Bank,Asset,REVIEW,B2B,4286.52,2143.26,2143.26,REVIEW
27-Nov-25,BANK CHARGES,5.9,0.0,5.9,Debit,Bank Charges,0.34234595217777647,Bank Charges Expense,Bank Charges Expense Dr | To Bank,Expense,OK,GST Payment,1.06,0.53,0.53,REVIEW
27-Nov-25,Licenses,1340.9,0.0,1340.9,Debit,Asset,0.09999999999999998,Fixed Asset,Fixed Asset Dr | To Bank,Asset,REVIEW,B2B,241.36,120.68,120.68,REVIEW
28-Nov-25,ICICI Bank Ltd,14691.0,0.0,14691.0,Debit,Bank Charges,0.37212743955677813,Bank Charges Expense,Bank Charges Expense Dr | To Bank,Expense,OK,GST Payment,2644.38,1322.19,1322.19,REVIEW
28-Nov-25,Airtel Postpaid Bill (Wifi),13024.47,0.0,13024.47,Debit,Utilities,0.8402233707166438,Utilities Expense,Utilities Expense Dr | To Bank,Expense,OK,B2C,2344.4,1172.2,1172.2,OK
28-Nov-25,Airtel Postpaid Bill (Wifi),6160.61,0.0,6160.61,Debit,Utilities,0.8402233707166438,Utilities Expense,Utilities Expense Dr | To Bank,Expense,OK,B2C,1108.91,554.45,554.45,OK
28-Nov-25,Karnataka BHAWAN,0.0,238728.0,238728.0,Credit,Asset,0.09999999999999998,Fixed Asset,Fixed Asset Dr | To Bank,Asset,REVIEW,B2B,42971.04,21485.52,21485.52,REVIEW
28-Nov-25,Fees for Cards,12450.0,0.0,12450.0,Debit,Professional Fees,0.3938499821729249,Manual Review,Manual Journal Required,Unknown,OK,Exempt Supply,2241.0,1120.5,1120.5,REVIEW
29-Nov-25,National Company Law Appellate Tribunal,0.0,749888.0,749888.0,Credit,Asset,0.09999999999999998,Fixed Asset,Fixed Asset Dr | To Bank,Asset,REVIEW,B2B,134979.84,67489.92,67489.92,REVIEW
29-Nov-25,TRANSACTION CHARGES,283174.35,0.0,283174.35,Debit,Bank Charges,0.4771037584455656,Bank Charges Expense,Bank Charges Expense Dr | To Bank,Expense,OK,Debit Note,50971.38,25485.69,25485.69,REVIEW
30-Nov-25,CONVEYANCE EXPENSES,200.0,0.0,200.0,Debit,Asset,0.7281419932878501,Fixed Asset,Fixed Asset Dr | To Bank,Asset,REVIEW,Debit Note,36.0,18.0,18.0,OK
30-Nov-25,Diesel and Petrol Charges,1000.0,0.0,1000.0,Debit,Bank Charges,0.4771037584455656,Bank Charges Expense,Bank Charges Expense Dr | To Bank,Expense,REVIEW,Debit Note,180.0,90.0,90.0,REVIEW
30-Nov-25,Diesel and Petrol Charges,6500.0,0.0,6500.0,Debit,Bank Charges,0.4771037584455656,Bank Charges Expense,Bank Charges Expense Dr | To Bank,Expense,REVIEW,Debit Note,1170.0,585.0,585.0,REVIEW
30-Nov-25,REPAIRS AND MAINTENANCE,500.0,0.0,500.0,Debit,Asset,0.09999999999999998,Fixed Asset,Fixed Asset Dr | To Bank,Asset,REVIEW,B2B,90.0,45.0,45.0,REVIEW
30-Nov-25,BANK CHARGES,280.84,0.0,280.84,Debit,Bank Charges,0.34234595217777647,Bank Charges Expense,Bank Charges Expense Dr | To Bank,Expense,OK,GST Payment,50.55,25.28,25.28,REVIEW
30-Nov-25,BANK CHARGES,5.9,0.0,5.9,Debit,Bank Charges,0.34234595217777647,Bank Charges Expense,Bank Charges Expense Dr | To Bank,Expense,OK,GST Payment,1.06,0.53,0.53,REVIEW
30-Nov-25,Interest,28860.0,0.0,28860.0,Debit,Asset,0.09999999999999998,Fixed Asset,Fixed Asset Dr | To Bank,Asset,REVIEW,B2B,5194.8,2597.4,2597.4,REVIEW
30-Nov-25,Salary,13451137.0,0.0,13451137.0,Debit,Payroll,0.09999999999999998,Salary Expense,Salary Expense Dr | To Bank,Expense,OK,B2B,2421204.66,1210602.33,1210602.33,REVIEW
30-Nov-25,ESIC Employers Contribution,48461.0,0.0,48461.0,Debit,Asset,0.09999999999999998,Fixed Asset,Fixed Asset Dr | To Bank,Asset,REVIEW,B2B,8722.98,4361.49,4361.49,REVIEW
30-Nov-25,PF Employer Contribution,806453.0,0.0,806453.0,Debit,Asset,0.09999999999999998,Fixed Asset,Fixed Asset Dr | To Bank,Asset,REVIEW,B2B,145161.54,72580.77,72580.77,REVIEW
30-Nov-25,OUTPUT CGST@9%,412839.05,0.0,412839.05,Debit,Asset,0.09999999999999998,Fixed Asset,Fixed Asset Dr | To Bank,Asset,REVIEW,B2B,74311.03,37155.51,37155.51,REVIEW
30-Nov-25,Salary,65000.0,0.0,65000.0,Debit,Payroll,0.09999999999999998,Salary Expense,Salary Expense Dr | To Bank,Expense,OK,B2B,11700.0,5850.0,5850.0,REVIEW
30-Nov-25,Uniform Expense,10740.0,0.0,10740.0,Debit,Marketing,0.09999999999999998,Marketing Expense,Marketing Expense Dr | To Bank,Expense,REVIEW,B2B,1933.2,966.6,966.6,REVIEW
01-Dec-25,Cash,0.0,5000.0,5000.0,Credit,Asset,0.7638835628821598,Fixed Asset,Fixed Asset Dr | To Bank,Asset,REVIEW,B2C,900.0,450.0,450.0,OK
01-Dec-25,CONVEYANCE EXPENSES,485.0,0.0,485.0,Debit,Asset,0.7281419932878501,Fixed Asset,Fixed Asset Dr | To Bank,Asset,REVIEW,Debit Note,87.3,43.65,43.65,OK
01-Dec-25,SHAHEED SUKHDEV COLLEGE OF BUSINESS STUDIES,0.0,187415.0,187415.0,Credit,Travel,0.4418962307744769,Manual Review,Manual Journal Required,Unknown,REVIEW,Export,33734.7,16867.35,16867.35,REVIEW
01-Dec-25,COL  SUNIL DALAL (PROPRIETOR),0.0,200000.0,200000.0,Credit,Asset,0.09999999999999998,Fixed Asset,Fixed Asset Dr | To Bank,Asset,REVIEW,B2B,36000.0,18000.0,18000.0,REVIEW
01-Dec-25,STATIONERY FOR OFFICE,4158.0,0.0,4158.0,Debit,Asset,0.501040898307841,Fixed Asset,Fixed Asset Dr | To Bank,Asset,REVIEW,Debit Note,748.44,374.22,374.22,REVIEW
01-Dec-25,STATIONERY FOR OFFICE,1889.0,0.0,1889.0,Debit,Asset,0.501040898307841,Fixed Asset,Fixed Asset Dr | To Bank,Asset,REVIEW,Debit Note,340.02,170.01,170.01,REVIEW
01-Dec-25,TRAINING SERVICES,20000.0,0.0,20000.0,Debit,Asset,0.09999999999999998,Fixed Asset,Fixed Asset Dr | To Bank,Asset,REVIEW,B2B,3600.0,1800.0,1800.0,REVIEW
02-Dec-25,Cash,0.0,6000.0,6000.0,Credit,Asset,0.7638835628821598,Fixed Asset,Fixed Asset Dr | To Bank,Asset,REVIEW,B2C,1080.0,540.0,540.0,OK
02-Dec-25,Water Expense,2040.0,0.0,2040.0,Debit,Utilities,0.09999999999999998,Utilities Expense,Utilities Expense Dr | To Bank,Expense,OK,B2B,367.2,183.6,183.6,REVIEW
02-Dec-25,PRINTING AND STATIONARY,640.0,0.0,640.0,Debit,Asset,0.09999999999999998,Fixed Asset,Fixed Asset Dr | To Bank,Asset,REVIEW,B2B,115.2,57.6,57.6,REVIEW
02-Dec-25,Miscellaneous,1100.0,0.0,1100.0,Debit,Asset,0.09999999999999998,Fixed Asset,Fixed Asset Dr | To Bank,Asset,REVIEW,B2B,198.0,99.0,99.0,REVIEW
02-Dec-25,GOVERNMENT MARKETPLACE (GEM),328482.24,0.0,328482.24,Debit,Asset,0.09999999999999998,Fixed Asset,Fixed Asset Dr | To Bank,Asset,REVIEW,B2B,59126.8,29563.4,29563.4,REVIEW
02-Dec-25,BANK CHARGES,4.48,0.0,4.48,Debit,Bank Charges,0.34234595217777647,Bank Charges Expense,Bank Charges Expense Dr | To Bank,Expense,OK,GST Payment,0.81,0.4,0.4,REVIEW
02-Dec-25,OLIVE HERITAGE FOUNDATION,23600.0,0.0,23600.0,Debit,Asset,0.09999999999999998,Fixed Asset,Fixed Asset Dr | To Bank,Asset,REVIEW,B2B,4248.0,2124.0,2124.0,REVIEW
02-Dec-25,THE RIGHT CHOICE,16827.0,0.0,16827.0,Debit,Asset,0.09999999999999998,Fixed Asset,Fixed Asset Dr | To Bank,Asset,REVIEW,B2B,3028.86,1514.43,1514.43,REVIEW
02-Dec-25,TAX DEDUCTED SOURCES 94C,379.0,0.0,379.0,Debit,GST,0.4452796264190966,GST Payable,GST Payable Dr | To Bank,Liability,REVIEW,GST Payment,68.22,34.11,34.11,REVIEW
02-Dec-25,EX. ENGR  NPD 6,0.0,282100.0,282100.0,Credit,Asset,0.09999999999999998,Fixed Asset,Fixed Asset Dr | To Bank,Asset,REVIEW,B2B,50778.0,25389.0,25389.0,REVIEW
03-Dec-25,Cash,0.0,107000.0,107000.0,Credit,Asset,0.7638835628821598,Fixed Asset,Fixed Asset Dr | To Bank,Asset,REVIEW,B2C,19260.0,9630.0,9630.0,OK
03-Dec-25,CONVEYANCE EXPENSES,3190.0,0.0,3190.0,Debit,Asset,0.7281419932878501,Fixed Asset,Fixed Asset Dr | To Bank,Asset,REVIEW,Debit Note,574.2,287.1,287.1,OK
03-Dec-25,Uniform Expense,9000.0,0.0,9000.0,Debit,Marketing,0.09999999999999998,Marketing Expense,Marketing Expense Dr | To Bank,Expense,REVIEW,B2B,1620.0,810.0,810.0,REVIEW
03-Dec-25,Other Expenses,1000.0,0.0,1000.0,Debit,Asset,0.7281419932878501,Fixed Asset,Fixed Asset Dr | To Bank,Asset,REVIEW,Debit Note,180.0,90.0,90.0,OK
03-Dec-25,Stamp Paper,570.0,0.0,570.0,Debit,Asset,0.09999999999999998,Fixed Asset,Fixed Asset Dr | To Bank,Asset,REVIEW,B2B,102.6,51.3,51.3,REVIEW
03-Dec-25,SHAHEED SUKHDEV COLLEGE OF BUSINESS STUDIES,0.0,484155.0,484155.0,Credit,Travel,0.4418962307744769,Manual Review,Manual Journal Required,Unknown,REVIEW,Export,87147.9,43573.95,43573.95,REVIEW
04-Dec-25,Uniform Expense,9500.0,0.0,9500.0,Debit,Marketing,0.09999999999999998,Marketing Expense,Marketing Expense Dr | To Bank,Expense,REVIEW,B2B,1710.0,855.0,855.0,REVIEW
04-Dec-25,Electricity Expenses,22600.0,0.0,22600.0,Debit,Utilities,0.7281419932878501,Utilities Expense,Utilities Expense Dr | To Bank,Expense,OK,Debit Note,4068.0,2034.0,2034.0,OK
05-Dec-25,Cash,0.0,5000.0,5000.0,Credit,Asset,0.7638835628821598,Fixed Asset,Fixed Asset Dr | To Bank,Asset,REVIEW,B2C,900.0,450.0,450.0,OK
05-Dec-25,Uniform Expense,9800.0,0.0,9800.0,Debit,Marketing,0.09999999999999998,Marketing Expense,Marketing Expense Dr | To Bank,Expense,REVIEW,B2B,1764.0,882.0,882.0,REVIEW
05-Dec-25,Office Petty Expenses,16564.0,0.0,16564.0,Debit,Asset,0.7281419932878501,Fixed Asset,Fixed Asset Dr | To Bank,Asset,REVIEW,Debit Note,2981.52,1490.76,1490.76,OK
05-Dec-25,SHAHEED SUKHDEV COLLEGE OF BUSINESS STUDIES,0.0,8042.0,8042.0,Credit,Travel,0.4418962307744769,Manual Review,Manual Journal Required,Unknown,REVIEW,Export,1447.56,723.78,723.78,REVIEW
06-Dec-25,Uniform Expense,9500.0,0.0,9500.0,Debit,Marketing,0.09999999999999998,Marketing Expense,Marketing Expense Dr | To Bank,Expense,REVIEW,B2B,1710.0,855.0,855.0,REVIEW
06-Dec-25,Greatway Infosolutions,1650.0,0.0,1650.0,Debit,Asset,0.09999999999999998,Fixed Asset,Fixed Asset Dr | To Bank,Asset,REVIEW,B2B,297.0,148.5,148.5,REVIEW
06-Dec-25,Stamp Paper,530.0,0.0,530.0,Debit,Asset,0.09999999999999998,Fixed Asset,Fixed Asset Dr | To Bank,Asset,REVIEW,B2B,95.4,47.7,47.7,REVIEW
06-Dec-25,COMPUTER,1398.31,0.0,1398.31,Debit,Asset,0.09999999999999998,Fixed Asset,Fixed Asset Dr | To Bank,Asset,OK,B2B,251.7,125.85,125.85,REVIEW
08-Dec-25,Uniform Expense,9200.0,0.0,9200.0,Debit,Marketing,0.09999999999999998,Marketing Expense,Marketing Expense Dr | To Bank,Expense,REVIEW,B2B,1656.0,828.0,828.0,REVIEW
08-Dec-25,QUTAB GOLF COURSE,0.0,390842.0,390842.0,Credit,Asset,0.09999999999999998,Fixed Asset,Fixed Asset Dr | To Bank,Asset,REVIEW,B2B,70351.56,35175.78,35175.78,REVIEW
09-Dec-25,Uniform Expense,10000.0,0.0,10000.0,Debit,Marketing,0.09999999999999998,Marketing Expense,Marketing Expense Dr | To Bank,Expense,REVIEW,B2B,1800.0,900.0,900.0,REVIEW
09-Dec-25,Common Other Misc. Services,25000.0,0.0,25000.0,Debit,Asset,0.09999999999999998,Fixed Asset,Fixed Asset Dr | To Bank,Asset,REVIEW,B2B,4500.0,2250.0,2250.0,REVIEW
10-Dec-25,Cash,0.0,5000.0,5000.0,Credit,Asset,0.7638835628821598,Fixed Asset,Fixed Asset Dr | To Bank,Asset,REVIEW,B2C,900.0,450.0,450.0,OK
10-Dec-25,Uniform Expense,9000.0,0.0,9000.0,Debit,Marketing,0.09999999999999998,Marketing Expense,Marketing Expense Dr | To Bank,Expense,REVIEW,B2B,1620.0,810.0,810.0,REVIEW
10-Dec-25,PRINTING AND STATIONARY,260.0,0.0,260.0,Debit,Asset,0.09999999999999998,Fixed Asset,Fixed Asset Dr | To Bank,Asset,REVIEW,B2B,46.8,23.4,23.4,REVIEW
11-Dec-25,Uniform Expense,9900.0,0.0,9900.0,Debit,Marketing,0.09999999999999998,Marketing Expense,Marketing Expense Dr | To Bank,Expense,REVIEW,B2B,1782.0,891.0,891.0,REVIEW
11-Dec-25,Stamp Paper,680.0,0.0,680.0,Debit,Asset,0.09999999999999998,Fixed Asset,Fixed Asset Dr | To Bank,Asset,REVIEW,B2B,122.4,61.2,61.2,REVIEW
11-Dec-25,COL  SUNIL DALAL (PROPRIETOR),0.0,4500000.0,4500000.0,Credit,Asset,0.09999999999999998,Fixed Asset,Fixed Asset Dr | To Bank,Asset,REVIEW,B2B,810000.0,405000.0,405000.0,REVIEW
12-Dec-25,Cash,0.0,5000.0,5000.0,Credit,Asset,0.7638835628821598,Fixed Asset,Fixed Asset Dr | To Bank,Asset,REVIEW,B2C,900.0,450.0,450.0,OK
12-Dec-25,SBI OD A/C- 6791,0.0,4000000.0,4000000.0,Credit,Asset,0.09999999999999998,Fixed Asset,Fixed Asset Dr | To Bank,Asset,REVIEW,B2B,720000.0,360000.0,360000.0,REVIEW
12-Dec-25,Uniform Expense,9900.0,0.0,9900.0,Debit,Marketing,0.09999999999999998,Marketing Expense,Marketing Expense Dr | To Bank,Expense,REVIEW,B2B,1782.0,891.0,891.0,REVIEW
12-Dec-25,CONVEYANCE EXPENSES,740.0,0.0,740.0,Debit,Asset,0.7281419932878501,Fixed Asset,Fixed Asset Dr | To Bank,Asset,REVIEW,Debit Note,133.2,66.6,66.6,OK
12-Dec-25,SALARY PAYABLE,1795091.0,0.0,1795091.0,Debit,Payroll,0.09999999999999998,Salary Expense,Salary Expense Dr | To Bank,Expense,OK,B2B,323116.38,161558.19,161558.19,REVIEW
12-Dec-25,CONVEYANCE EXPENSES,120.0,0.0,120.0,Debit,Asset,0.7281419932878501,Fixed Asset,Fixed Asset Dr | To Bank,Asset,REVIEW,Debit Note,21.6,10.8,10.8,OK
12-Dec-25,REPAIRS AND MAINTENANCE,1000.0,0.0,1000.0,Debit,Asset,0.09999999999999998,Fixed Asset,Fixed Asset Dr | To Bank,Asset,REVIEW,B2B,180.0,90.0,90.0,REVIEW
12-Dec-25,SALARY PAYABLE,0.0,13867.0,13867.0,Credit,Payroll,0.09999999999999998,Salary Expense,Salary Expense Dr | To Bank,Expense,OK,B2B,2496.06,1248.03,1248.03,REVIEW
12-Dec-25,Bharat Sanchar Nigam Limited,0.0,1245082.6,1245082.6,Credit,Asset,0.09999999999999998,Fixed Asset,Fixed Asset Dr | To Bank,Asset,REVIEW,B2B,224114.87,112057.43,112057.43,REVIEW
12-Dec-25,PROFESSIONAL CHARGES,8500.0,0.0,8500.0,Debit,Professional Fees,0.3489394184680198,Manual Review,Manual Journal Required,Unknown,OK,Reverse Charge,1530.0,765.0,765.0,REVIEW
12-Dec-25,QUTAB GOLF COURSE,2221859.06,0.0,2221859.06,Debit,Asset,0.09999999999999998,Fixed Asset,Fixed Asset Dr | To Bank,Asset,REVIEW,B2B,399934.63,199967.32,199967.32,REVIEW
12-Dec-25,EX. ENGR  NPD 6,4522216.61,0.0,4522216.61,Debit,Asset,0.09999999999999998,Fixed Asset,Fixed Asset Dr | To Bank,Asset,REVIEW,B2B,813998.99,406999.49,406999.49,REVIEW
12-Dec-25,National Company Law Appellate Tribunal,751161.29,0.0,751161.29,Debit,Asset,0.09999999999999998,Fixed Asset,Fixed Asset Dr | To Bank,Asset,REVIEW,B2B,135209.03,67604.52,67604.52,REVIEW
12-Dec-25,Sub Regional Office Esic,814748.99,0.0,814748.99,Debit,Asset,0.09999999999999998,Fixed Asset,Fixed Asset Dr | To Bank,Asset,REVIEW,B2B,146654.82,73327.41,73327.41,REVIEW
12-Dec-25,Bharat Sanchar Nigam Limited,1271912.66,0.0,1271912.66,Debit,Asset,0.09999999999999998,Fixed Asset,Fixed Asset Dr | To Bank,Asset,REVIEW,B2B,228944.28,114472.14,114472.14,REVIEW
12-Dec-25,DEPARTMENT OF SPACE,385436.0,0.0,385436.0,Debit,Asset,0.3891124283615845,Fixed Asset,Fixed Asset Dr | To Bank,Asset,REVIEW,GST Refund,69378.48,34689.24,34689.24,REVIEW
12-Dec-25,Fisheries Animal Husbandry and Dairying,134022.83,0.0,134022.83,Debit,Asset,0.09999999999999998,Fixed Asset,Fixed Asset Dr | To Bank,Asset,REVIEW,B2B,24124.11,12062.05,12062.05,REVIEW
12-Dec-25,SHAHEED SUKHDEV COLLEGE OF BUSINESS STUDIES,484976.96,0.0,484976.96,Debit,Travel,0.4418962307744769,Manual Review,Manual Journal Required,Unknown,REVIEW,Export,87295.85,43647.93,43647.93,REVIEW
12-Dec-25,SHAHEED SUKHDEV COLLEGE OF BUSINESS STUDIES,193990.79,0.0,193990.79,Debit,Travel,0.4418962307744769,Manual Review,Manual Journal Required,Unknown,REVIEW,Export,34918.34,17459.17,17459.17,REVIEW
12-Dec-25,Central Warehousing Corporation (InterState),230515.81,0.0,230515.81,Debit,Asset,0.09999999999999998,Fixed Asset,Fixed Asset Dr | To Bank,Asset,REVIEW,B2B,41492.85,20746.42,20746.42,REVIEW
12-Dec-25,Central Warehousing Corporation,230515.8,0.0,230515.8,Debit,Asset,0.09999999999999998,Fixed Asset,Fixed Asset Dr | To Bank,Asset,REVIEW,B2B,41492.84,20746.42,20746.42,REVIEW
12-Dec-25,Central Warehousing Corporation (InterState),153677.21,0.0,153677.21,Debit,Asset,0.09999999999999998,Fixed Asset,Fixed Asset Dr | To Bank,Asset,REVIEW,B2B,27661.9,13830.95,13830.95,REVIEW
12-Dec-25,Central Warehousing Corporation (InterState),134522.38,0.0,134522.38,Debit,Asset,0.09999999999999998,Fixed Asset,Fixed Asset Dr | To Bank,Asset,REVIEW,B2B,24214.03,12107.01,12107.01,REVIEW
13-Dec-25,SBI OD A/C- 6791,0.0,1000000.0,1000000.0,Credit,Asset,0.09999999999999998,Fixed Asset,Fixed Asset Dr | To Bank,Asset,REVIEW,B2B,180000.0,90000.0,90000.0,REVIEW
13-Dec-25,Uniform Expense,9900.0,0.0,9900.0,Debit,Marketing,0.09999999999999998,Marketing Expense,Marketing Expense Dr | To Bank,Expense,REVIEW,B2B,1782.0,891.0,891.0,REVIEW
13-Dec-25,SALARY PAYABLE,784354.0,0.0,784354.0,Debit,Payroll,0.09999999999999998,Salary Expense,Salary Expense Dr | To Bank,Expense,OK,B2B,141183.72,70591.86,70591.86,REVIEW
13-Dec-25,Miscellaneous,5725.38,0.0,5725.38,Debit,Asset,0.09999999999999998,Fixed Asset,Fixed Asset Dr | To Bank,Asset,REVIEW,B2B,1030.57,515.28,515.28,REVIEW
13-Dec-25,SALARY PAYABLE,0.0,6500.0,6500.0,Credit,Payroll,0.09999999999999998,Salary Expense,Salary Expense Dr | To Bank,Expense,OK,B2B,1170.0,585.0,585.0,REVIEW
14-Dec-25,Uniform Expense,9900.0,0.0,9900.0,Debit,Marketing,0.09999999999999998,Marketing Expense,Marketing Expense Dr | To Bank,Expense,REVIEW,B2B,1782.0,891.0,891.0,REVIEW
14-Dec-25,Uniform Expense,1400.0,0.0,1400.0,Debit,Marketing,0.09999999999999998,Marketing Expense,Marketing Expense Dr | To Bank,Expense,REVIEW,B2B,252.0,126.0,126.0,REVIEW
15-Dec-25,SBI OD A/C- 6791,0.0,1400000.0,1400000.0,Credit,Asset,0.09999999999999998,Fixed Asset,Fixed Asset Dr | To Bank,Asset,REVIEW,B2B,252000.0,126000.0,126000.0,REVIEW
15-Dec-25,SBI OD A/C- 6791,0.0,100000.0,100000.0,Credit,Asset,0.09999999999999998,Fixed Asset,Fixed Asset Dr | To Bank,Asset,REVIEW,B2B,18000.0,9000.0,9000.0,REVIEW
15-Dec-25,Interest,30000.0,0.0,30000.0,Debit,Asset,0.09999999999999998,Fixed Asset,Fixed Asset Dr | To Bank,Asset,REVIEW,B2B,5400.0,2700.0,2700.0,REVIEW
15-Dec-25,PF PAYABLE,1673321.0,0.0,1673321.0,Debit,Asset,0.09999999999999998,Fixed Asset,Fixed Asset Dr | To Bank,Asset,REVIEW,B2B,301197.78,150598.89,150598.89,REVIEW
15-Dec-25,Esic Payable,753.0,0.0,753.0,Debit,Asset,0.09999999999999998,Fixed Asset,Fixed Asset Dr | To Bank,Asset,REVIEW,B2B,135.54,67.77,67.77,REVIEW
15-Dec-25,SALARY PAYABLE,6500.0,0.0,6500.0,Debit,Payroll,0.09999999999999998,Salary Expense,Salary Expense Dr | To Bank,Expense,OK,B2B,1170.0,585.0,585.0,REVIEW
15-Dec-25,Interest,0.0,30000.0,30000.0,Credit,Asset,0.09999999999999998,Fixed Asset,Fixed Asset Dr | To Bank,Asset,REVIEW,B2B,5400.0,2700.0,2700.0,REVIEW
15-Dec-25,FURNITURE  AND FIXTURES,5500.0,0.0,5500.0,Debit,Asset,0.09999999999999998,Fixed Asset,Fixed Asset Dr | To Bank,Asset,OK,B2B,990.0,495.0,495.0,REVIEW
15-Dec-25,RENT DELHI OFFICE,70000.0,0.0,70000.0,Debit,Rent,0.09999999999999998,Rent Expense,Rent Expense Dr | To Bank,Expense,OK,B2B,12600.0,6300.0,6300.0,REVIEW
16-Dec-25,AIRTEL POSTPAID BILL,1811.3,0.0,1811.3,Debit,Utilities,0.8402233707166438,Utilities Expense,Utilities Expense Dr | To Bank,Expense,OK,B2C,326.03,163.02,163.02,OK
16-Dec-25,Stamp Paper,500.0,0.0,500.0,Debit,Asset,0.09999999999999998,Fixed Asset,Fixed Asset Dr | To Bank,Asset,REVIEW,B2B,90.0,45.0,45.0,REVIEW
16-Dec-25,Fisheries Animal Husbandry and Dairying,0.0,133794.0,133794.0,Credit,Asset,0.09999999999999998,Fixed Asset,Fixed Asset Dr | To Bank,Asset,REVIEW,B2B,24082.92,12041.46,12041.46,REVIEW
16-Dec-25,Vehicle Hire Charges,35500.0,0.0,35500.0,Debit,Asset,0.4771037584455656,Fixed Asset,Fixed Asset Dr | To Bank,Asset,REVIEW,Debit Note,6390.0,3195.0,3195.0,REVIEW
17-Dec-25,RAJA PROPERTIES & CONSTRUCTION,63000.0,0.0,63000.0,Debit,Asset,0.09999999999999998,Fixed Asset,Fixed Asset Dr | To Bank,Asset,REVIEW,B2B,11340.0,5670.0,5670.0,REVIEW
17-Dec-25,Sunshine Engineers,20000.0,0.0,20000.0,Debit,Asset,0.09999999999999998,Fixed Asset,Fixed Asset Dr | To Bank,Asset,REVIEW,B2B,3600.0,1800.0,1800.0,REVIEW
17-Dec-25,UP Office Rent,4500.0,0.0,4500.0,Debit,Rent,0.09999999999999998,Rent Expense,Rent Expense Dr | To Bank,Expense,OK,B2B,810.0,405.0,405.0,REVIEW
17-Dec-25,Haryana Offfice Rent,6000.0,0.0,6000.0,Debit,Rent,0.09999999999999998,Rent Expense,Rent Expense Dr | To Bank,Expense,OK,B2B,1080.0,540.0,540.0,REVIEW
17-Dec-25,QUTAB GOLF COURSE,149035.0,0.0,149035.0,Debit,Asset,0.09999999999999998,Fixed Asset,Fixed Asset Dr | To Bank,Asset,REVIEW,B2B,26826.3,13413.15,13413.15,REVIEW
18-Dec-25,Cash,0.0,5000.0,5000.0,Credit,Asset,0.7638835628821598,Fixed Asset,Fixed Asset Dr | To Bank,Asset,REVIEW,B2C,900.0,450.0,450.0,OK
18-Dec-25,ROHIT TIWARI,35145.0,0.0,35145.0,Debit,Asset,0.09999999999999998,Fixed Asset,Fixed Asset Dr | To Bank,Asset,REVIEW,B2B,6326.1,3163.05,3163.05,REVIEW
18-Dec-25,Sunshine Engineers,58400.0,0.0,58400.0,Debit,Asset,0.09999999999999998,Fixed Asset,Fixed Asset Dr | To Bank,Asset,REVIEW,B2B,10512.0,5256.0,5256.0,REVIEW
18-Dec-25,SALARY PAYABLE,13000.0,0.0,13000.0,Debit,Payroll,0.09999999999999998,Salary Expense,Salary Expense Dr | To Bank,Expense,OK,B2B,2340.0,1170.0,1170.0,REVIEW
19-Dec-25,SBI OD A/C- 6791,0.0,500000.0,500000.0,Credit,Asset,0.09999999999999998,Fixed Asset,Fixed Asset Dr | To Bank,Asset,REVIEW,B2B,90000.0,45000.0,45000.0,REVIEW
19-Dec-25,Office Petty Expenses,5000.0,0.0,5000.0,Debit,Asset,0.7281419932878501,Fixed Asset,Fixed Asset Dr | To Bank,Asset,REVIEW,Debit Note,900.0,450.0,450.0,OK
19-Dec-25,CONVEYANCE EXPENSES,720.0,0.0,720.0,Debit,Asset,0.7281419932878501,Fixed Asset,Fixed Asset Dr | To Bank,Asset,REVIEW,Debit Note,129.6,64.8,64.8,OK
19-Dec-25,SALARY PAYABLE,7525.0,0.0,7525.0,Debit,Payroll,0.09999999999999998,Salary Expense,Salary Expense Dr | To Bank,Expense,OK,B2B,1354.5,677.25,677.25,REVIEW
19-Dec-25,GST PAYABLE,683752.0,0.0,683752.0,Debit,GST,0.4642212308239418,GST Payable,GST Payable Dr | To Bank,Liability,OK,GST Refund,123075.36,61537.68,61537.68,REVIEW
19-Dec-25,Office Petty Expenses,160.0,0.0,160.0,Debit,Asset,0.7281419932878501,Fixed Asset,Fixed Asset Dr | To Bank,Asset,REVIEW,Debit Note,28.8,14.4,14.4,OK
19-Dec-25,PRINTING AND STATIONARY,100.0,0.0,100.0,Debit,Asset,0.09999999999999998,Fixed Asset,Fixed Asset Dr | To Bank,Asset,REVIEW,B2B,18.0,9.0,9.0,REVIEW
19-Dec-25,Other Expenses,2270.0,0.0,2270.0,Debit,Asset,0.7281419932878501,Fixed Asset,Fixed Asset Dr | To Bank,Asset,REVIEW,Debit Note,408.6,204.3,204.3,OK
20-Dec-25,Cash,0.0,5000.0,5000.0,Credit,Asset,0.7638835628821598,Fixed Asset,Fixed Asset Dr | To Bank,Asset,REVIEW,B2C,900.0,450.0,450.0,OK
20-Dec-25,CONVEYANCE EXPENSES,2250.0,0.0,2250.0,Debit,Asset,0.7281419932878501,Fixed Asset,Fixed Asset Dr | To Bank,Asset,REVIEW,Debit Note,405.0,202.5,202.5,OK
20-Dec-25,CONVEYANCE EXPENSES,1400.0,0.0,1400.0,Debit,Asset,0.7281419932878501,Fixed Asset,Fixed Asset Dr | To Bank,Asset,REVIEW,Debit Note,252.0,126.0,126.0,OK
20-Dec-25,SALARY PAYABLE,4000.0,0.0,4000.0,Debit,Payroll,0.09999999999999998,Salary Expense,Salary Expense Dr | To Bank,Expense,OK,B2B,720.0,360.0,360.0,REVIEW
20-Dec-25,NEW ERA STEEL COMPANY,6690.0,0.0,6690.0,Debit,Asset,0.5113323845651636,Fixed Asset,Fixed Asset Dr | To Bank,Asset,REVIEW,B2B,1204.2,602.1,602.1,REVIEW
20-Dec-25,THE RIGHT CHOICE,2655.0,0.0,2655.0,Debit,Asset,0.09999999999999998,Fixed Asset,Fixed Asset Dr | To Bank,Asset,REVIEW,B2B,477.9,238.95,238.95,REVIEW
20-Dec-25,QUTAB GOLF COURSE,0.0,78000.0,78000.0,Credit,Asset,0.09999999999999998,Fixed Asset,Fixed Asset Dr | To Bank,Asset,REVIEW,B2B,14040.0,7020.0,7020.0,REVIEW
22-Dec-25,SALARY PAYABLE,7353.0,0.0,7353.0,Debit,Payroll,0.09999999999999998,Salary Expense,Salary Expense Dr | To Bank,Expense,OK,B2B,1323.54,661.77,661.77,REVIEW
22-Dec-25,Liftech India Private Limited,12713.0,0.0,12713.0,Debit,Asset,0.09999999999999998,Fixed Asset,Fixed Asset Dr | To Bank,Asset,REVIEW,B2B,2288.34,1144.17,1144.17,REVIEW
22-Dec-25,NITIN ASSOCIATES,7650.0,0.0,7650.0,Debit,Asset,0.09999999999999998,Fixed Asset,Fixed Asset Dr | To Bank,Asset,REVIEW,B2B,1377.0,688.5,688.5,REVIEW
22-Dec-25,Other Expenses,30.0,0.0,30.0,Debit,Asset,0.7281419932878501,Fixed Asset,Fixed Asset Dr | To Bank,Asset,REVIEW,Debit Note,5.4,2.7,2.7,OK
22-Dec-25,Stamp Paper,1060.0,0.0,1060.0,Debit,Asset,0.09999999999999998,Fixed Asset,Fixed Asset Dr | To Bank,Asset,REVIEW,B2B,190.8,95.4,95.4,REVIEW
22-Dec-25,Hort DWK,0.0,405565.0,405565.0,Credit,Asset,0.09999999999999998,Fixed Asset,Fixed Asset Dr | To Bank,Asset,REVIEW,B2B,73001.7,36500.85,36500.85,REVIEW
22-Dec-25,QUTAB GOLF COURSE,0.0,885603.0,885603.0,Credit,Asset,0.09999999999999998,Fixed Asset,Fixed Asset Dr | To Bank,Asset,REVIEW,B2B,159408.54,79704.27,79704.27,REVIEW
22-Dec-25,Vehicle Maintenance Charges,11621.19,0.0,11621.19,Debit,Asset,0.4771037584455656,Fixed Asset,Fixed Asset Dr | To Bank,Asset,REVIEW,Debit Note,2091.81,1045.91,1045.91,REVIEW
22-Dec-25,GST Receivable @ 2%,19464.0,0.0,19464.0,Debit,GST,0.4642212308239418,GST Payable,GST Payable Dr | To Bank,Liability,OK,GST Refund,3503.52,1751.76,1751.76,REVIEW
23-Dec-25,Cash,0.0,7000.0,7000.0,Credit,Asset,0.7638835628821598,Fixed Asset,Fixed Asset Dr | To Bank,Asset,REVIEW,B2C,1260.0,630.0,630.0,OK
23-Dec-25,REPAIRS AND MAINTENANCE,5050.0,0.0,5050.0,Debit,Asset,0.09999999999999998,Fixed Asset,Fixed Asset Dr | To Bank,Asset,REVIEW,B2B,909.0,454.5,454.5,REVIEW
23-Dec-25,CONVEYANCE EXPENSES,1620.0,0.0,1620.0,Debit,Asset,0.7281419932878501,Fixed Asset,Fixed Asset Dr | To Bank,Asset,REVIEW,Debit Note,291.6,145.8,145.8,OK
23-Dec-25,NITIN ASSOCIATES,15300.0,0.0,15300.0,Debit,Asset,0.09999999999999998,Fixed Asset,Fixed Asset Dr | To Bank,Asset,REVIEW,B2B,2754.0,1377.0,1377.0,REVIEW
23-Dec-25,NITIN ASSOCIATES,7650.0,0.0,7650.0,Debit,Asset,0.09999999999999998,Fixed Asset,Fixed Asset Dr | To Bank,Asset,REVIEW,B2B,1377.0,688.5,688.5,REVIEW
23-Dec-25,National Company Law Appellate Tribunal,0.0,725697.0,725697.0,Credit,Asset,0.09999999999999998,Fixed Asset,Fixed Asset Dr | To Bank,Asset,REVIEW,B2B,130625.46,65312.73,65312.73,REVIEW
23-Dec-25,SHAHEED SUKHDEV COLLEGE OF BUSINESS STUDIES,0.0,193661.0,193661.0,Credit,Travel,0.4418962307744769,Manual Review,Manual Journal Required,Unknown,REVIEW,Export,34858.98,17429.49,17429.49,REVIEW
23-Dec-25,COL  SUNIL DALAL (PROPRIETOR),0.0,100000.0,100000.0,Credit,Asset,0.09999999999999998,Fixed Asset,Fixed Asset Dr | To Bank,Asset,REVIEW,B2B,18000.0,9000.0,9000.0,REVIEW
24-Dec-25,Cash,0.0,6190.0,6190.0,Credit,Asset,0.7638835628821598,Fixed Asset,Fixed Asset Dr | To Bank,Asset,REVIEW,B2C,1114.2,557.1,557.1,OK
24-Dec-25,Sunshine Engineers,50000.0,0.0,50000.0,Debit,Asset,0.09999999999999998,Fixed Asset,Fixed Asset Dr | To Bank,Asset,REVIEW,B2B,9000.0,4500.0,4500.0,REVIEW
24-Dec-25,SALARY PAYABLE,8200.0,0.0,8200.0,Debit,Payroll,0.09999999999999998,Salary Expense,Salary Expense Dr | To Bank,Expense,OK,B2B,1476.0,738.0,738.0,REVIEW
24-Dec-25,Stamp Paper,1550.0,0.0,1550.0,Debit,Asset,0.09999999999999998,Fixed Asset,Fixed Asset Dr | To Bank,Asset,REVIEW,B2B,279.0,139.5,139.5,REVIEW
24-Dec-25,Licenses,155000.0,0.0,155000.0,Debit,Asset,0.09999999999999998,Fixed Asset,Fixed Asset Dr | To Bank,Asset,REVIEW,B2B,27900.0,13950.0,13950.0,REVIEW
26-Dec-25,SBI BANK- 54238,0.0,3200000.0,3200000.0,Credit,Bank Charges,0.7364774865051836,Bank Charges Expense,Bank Charges Expense Dr | To Bank,Expense,OK,GST Payment,576000.0,288000.0,288000.0,OK
26-Dec-25,Electricity Expenses,3320.0,0.0,3320.0,Debit,Utilities,0.7281419932878501,Utilities Expense,Utilities Expense Dr | To Bank,Expense,OK,Debit Note,597.6,298.8,298.8,OK
26-Dec-25,PG Hort-8 New,0.0,554713.0,554713.0,Credit,Asset,0.09999999999999998,Fixed Asset,Fixed Asset Dr | To Bank,Asset,REVIEW,B2B,99848.34,49924.17,49924.17,REVIEW
26-Dec-25,Fisheries Animal Husbandry and Dairying,0.0,129479.0,129479.0,Credit,Asset,0.09999999999999998,Fixed Asset,Fixed Asset Dr | To Bank,Asset,REVIEW,B2B,23306.22,11653.11,11653.11,REVIEW
26-Dec-25,QUTAB GOLF COURSE,0.0,189117.0,189117.0,Credit,Asset,0.09999999999999998,Fixed Asset,Fixed Asset Dr | To Bank,Asset,REVIEW,B2B,34041.06,17020.53,17020.53,REVIEW
26-Dec-25,COMPUTER,39830.51,0.0,39830.51,Debit,Asset,0.09999999999999998,Fixed Asset,Fixed Asset Dr | To Bank,Asset,OK,B2B,7169.49,3584.75,3584.75,REVIEW
27-Dec-25,Cash,0.0,27000.0,27000.0,Credit,Asset,0.7638835628821598,Fixed Asset,Fixed Asset Dr | To Bank,Asset,REVIEW,B2C,4860.0,2430.0,2430.0,OK
27-Dec-25,CONVEYANCE EXPENSES,2490.0,0.0,2490.0,Debit,Asset,0.7281419932878501,Fixed Asset,Fixed Asset Dr | To Bank,Asset,REVIEW,Debit Note,448.2,224.1,224.1,OK
27-Dec-25,CONVEYANCE EXPENSES,5350.0,0.0,5350.0,Debit,Asset,0.7281419932878501,Fixed Asset,Fixed Asset Dr | To Bank,Asset,REVIEW,Debit Note,963.0,481.5,481.5,OK
27-Dec-25,Water Expense,2330.0,0.0,2330.0,Debit,Utilities,0.09999999999999998,Utilities Expense,Utilities Expense Dr | To Bank,Expense,OK,B2B,419.4,209.7,209.7,REVIEW
29-Dec-25,HDFC BANK - 95177,0.0,200000.0,200000.0,Credit,Bank Charges,0.7364774865051836,Bank Charges Expense,Bank Charges Expense Dr | To Bank,Expense,OK,GST Payment,36000.0,18000.0,18000.0,OK
29-Dec-25,Cash,0.0,2500.0,2500.0,Credit,Asset,0.7638835628821598,Fixed Asset,Fixed Asset Dr | To Bank,Asset,REVIEW,B2C,450.0,225.0,225.0,OK
29-Dec-25,Salary,344000.0,0.0,344000.0,Debit,Payroll,0.09999999999999998,Salary Expense,Salary Expense Dr | To Bank,Expense,OK,B2B,61920.0,30960.0,30960.0,REVIEW
29-Dec-25,Rskrish Technology & Services Pvt. Ltd.,47000.0,0.0,47000.0,Debit,Asset,0.6681878861830516,Fixed Asset,Fixed Asset Dr | To Bank,Asset,REVIEW,B2B,8460.0,4230.0,4230.0,REVIEW
29-Dec-25,Stamp Paper,360.0,0.0,360.0,Debit,Asset,0.09999999999999998,Fixed Asset,Fixed Asset Dr | To Bank,Asset,REVIEW,B2B,64.8,32.4,32.4,REVIEW
29-Dec-25,Stamp Paper,1000.0,0.0,1000.0,Debit,Asset,0.09999999999999998,Fixed Asset,Fixed Asset Dr | To Bank,Asset,REVIEW,B2B,180.0,90.0,90.0,REVIEW
29-Dec-25,COL  SUNIL DALAL (PROPRIETOR),0.0,615000.0,615000.0,Credit,Asset,0.09999999999999998,Fixed Asset,Fixed Asset Dr | To Bank,Asset,REVIEW,B2B,110700.0,55350.0,55350.0,REVIEW
30-Dec-25,REPAIRS AND MAINTENANCE,500.0,0.0,500.0,Debit,Asset,0.09999999999999998,Fixed Asset,Fixed Asset Dr | To Bank,Asset,REVIEW,B2B,90.0,45.0,45.0,REVIEW
30-Dec-25,THE RIGHT CHOICE,6047.0,0.0,6047.0,Debit,Asset,0.09999999999999998,Fixed Asset,Fixed Asset Dr | To Bank,Asset,REVIEW,B2B,1088.46,544.23,544.23,REVIEW
30-Dec-25,OUTPUT CGST@9%,742799.61,0.0,742799.61,Debit,Asset,0.09999999999999998,Fixed Asset,Fixed Asset Dr | To Bank,Asset,REVIEW,B2B,133703.93,66851.96,66851.96,REVIEW
31-Dec-25,CONVEYANCE EXPENSES,1120.0,0.0,1120.0,Debit,Asset,0.7281419932878501,Fixed Asset,Fixed Asset Dr | To Bank,Asset,REVIEW,Debit Note,201.6,100.8,100.8,OK
31-Dec-25,Stamp Paper,140.0,0.0,140.0,Debit,Asset,0.09999999999999998,Fixed Asset,Fixed Asset Dr | To Bank,Asset,REVIEW,B2B,25.2,12.6,12.6,REVIEW
31-Dec-25,GST PAYABLE,5000.0,0.0,5000.0,Debit,GST,0.4642212308239418,GST Payable,GST Payable Dr | To Bank,Liability,OK,GST Refund,900.0,450.0,450.0,REVIEW
31-Dec-25,Diesel and Petrol Charges,26593.14,0.0,26593.14,Debit,Bank Charges,0.4771037584455656,Bank Charges Expense,Bank Charges Expense Dr | To Bank,Expense,REVIEW,Debit Note,4786.77,2393.38,2393.38,REVIEW
31-Dec-25,Interest,48358.0,0.0,48358.0,Debit,Asset,0.09999999999999998,Fixed Asset,Fixed Asset Dr | To Bank,Asset,REVIEW,B2B,8704.44,4352.22,4352.22,REVIEW
31-Dec-25,Salary,13020167.0,0.0,13020167.0,Debit,Payroll,0.09999999999999998,Salary Expense,Salary Expense Dr | To Bank,Expense,OK,B2B,2343630.06,1171815.03,1171815.03,REVIEW
31-Dec-25,ESIC Employers Contribution,42811.0,0.0,42811.0,Debit,Asset,0.09999999999999998,Fixed Asset,Fixed Asset Dr | To Bank,Asset,REVIEW,B2B,7705.98,3852.99,3852.99,REVIEW
31-Dec-25,PF Employer Contribution,774813.0,0.0,774813.0,Debit,Asset,0.09999999999999998,Fixed Asset,Fixed Asset Dr | To Bank,Asset,REVIEW,B2B,139466.34,69733.17,69733.17,REVIEW
31-Dec-25,Salary,55000.0,0.0,55000.0,Debit,Payroll,0.09999999999999998,Salary Expense,Salary Expense Dr | To Bank,Expense,OK,B2B,9900.0,4950.0,4950.0,REVIEW
01-Jan-26,Cash,0.0,5000.0,5000.0,Credit,Asset,0.7638835628821598,Fixed Asset,Fixed Asset Dr | To Bank,Asset,REVIEW,B2C,900.0,450.0,450.0,OK
01-Jan-26,Cash,0.0,5000.0,5000.0,Credit,Asset,0.7638835628821598,Fixed Asset,Fixed Asset Dr | To Bank,Asset,REVIEW,B2C,900.0,450.0,450.0,OK
01-Jan-26,Rskrish Technology & Services Pvt. Ltd.,950.0,0.0,950.0,Debit,Asset,0.6681878861830516,Fixed Asset,Fixed Asset Dr | To Bank,Asset,REVIEW,B2B,171.0,85.5,85.5,REVIEW
01-Jan-26,CONVEYANCE EXPENSES,3880.0,0.0,3880.0,Debit,Asset,0.7281419932878501,Fixed Asset,Fixed Asset Dr | To Bank,Asset,REVIEW,Debit Note,698.4,349.2,349.2,OK
01-Jan-26,TAX  DEDUCTED  U/S 94J,1700.0,0.0,1700.0,Debit,GST,0.4452796264190966,GST Payable,GST Payable Dr | To Bank,Liability,REVIEW,GST Payment,306.0,153.0,153.0,REVIEW
01-Jan-26,HORT DIV  9,0.0,367919.0,367919.0,Credit,Asset,0.09999999999999998,Fixed Asset,Fixed Asset Dr | To Bank,Asset,REVIEW,B2B,66225.42,33112.71,33112.71,REVIEW
01-Jan-26,COMPUTER,805.08,0.0,805.08,Debit,Asset,0.09999999999999998,Fixed Asset,Fixed Asset Dr | To Bank,Asset,OK,B2B,144.91,72.46,72.46,REVIEW
01-Jan-26,DY. Director Hort-X,7865953.0,0.0,7865953.0,Debit,Asset,0.7769971290038511,Fixed Asset,Fixed Asset Dr | To Bank,Asset,REVIEW,Reverse Charge,1415871.54,707935.77,707935.77,OK
02-Jan-26,BANK CHARGES,3050.3,0.0,3050.3,Debit,Bank Charges,0.34234595217777647,Bank Charges Expense,Bank Charges Expense Dr | To Bank,Expense,OK,GST Payment,549.05,274.53,274.53,REVIEW
02-Jan-26,BANK CHARGES,337.48,0.0,337.48,Debit,Bank Charges,0.34234595217777647,Bank Charges Expense,Bank Charges Expense Dr | To Bank,Expense,OK,GST Payment,60.75,30.37,30.37,REVIEW
03-Jan-26,Cash,0.0,5000.0,5000.0,Credit,Asset,0.7638835628821598,Fixed Asset,Fixed Asset Dr | To Bank,Asset,REVIEW,B2C,900.0,450.0,450.0,OK
03-Jan-26,SALARY PAYABLE,11650.0,0.0,11650.0,Debit,Payroll,0.09999999999999998,Salary Expense,Salary Expense Dr | To Bank,Expense,OK,B2B,2097.0,1048.5,1048.5,REVIEW
03-Jan-26,ROHIT TIWARI,40613.0,0.0,40613.0,Debit,Asset,0.09999999999999998,Fixed Asset,Fixed Asset Dr | To Bank,Asset,REVIEW,B2B,7310.34,3655.17,3655.17,REVIEW
03-Jan-26,SALARY PAYABLE,50000.0,0.0,50000.0,Debit,Payroll,0.09999999999999998,Salary Expense,Salary Expense Dr | To Bank,Expense,OK,B2B,9000.0,4500.0,4500.0,REVIEW
03-Jan-26,AIRTEL POSTPAID BILL,1811.3,0.0,1811.3,Debit,Utilities,0.8402233707166438,Utilities Expense,Utilities Expense Dr | To Bank,Expense,OK,B2C,326.03,163.02,163.02,OK
03-Jan-26,Stamp Paper,340.0,0.0,340.0,Debit,Asset,0.09999999999999998,Fixed Asset,Fixed Asset Dr | To Bank,Asset,REVIEW,B2B,61.2,30.6,30.6,REVIEW
03-Jan-26,Greatway Infosolutions,4200.0,0.0,4200.0,Debit,Asset,0.09999999999999998,Fixed Asset,Fixed Asset Dr | To Bank,Asset,REVIEW,B2B,756.0,378.0,378.0,REVIEW
03-Jan-26,COL  SUNIL DALAL (PROPRIETOR),0.0,100000.0,100000.0,Credit,Asset,0.09999999999999998,Fixed Asset,Fixed Asset Dr | To Bank,Asset,REVIEW,B2B,18000.0,9000.0,9000.0,REVIEW
03-Jan-26,COMPUTER,3559.32,0.0,3559.32,Debit,Asset,0.09999999999999998,Fixed Asset,Fixed Asset Dr | To Bank,Asset,OK,B2B,640.68,320.34,320.34,REVIEW
03-Jan-26,Vehicle Hire Charges,40613.0,0.0,40613.0,Debit,Asset,0.4771037584455656,Fixed Asset,Fixed Asset Dr | To Bank,Asset,REVIEW,Debit Note,7310.34,3655.17,3655.17,REVIEW
03-Jan-26,RENT DELHI OFFICE,70000.0,0.0,70000.0,Debit,Rent,0.09999999999999998,Rent Expense,Rent Expense Dr | To Bank,Expense,OK,B2B,12600.0,6300.0,6300.0,REVIEW
04-Jan-26,FDR Interest,0.0,26746.0,26746.0,Credit,Asset,0.09999999999999998,Fixed Asset,Fixed Asset Dr | To Bank,Asset,REVIEW,B2B,4814.28,2407.14,2407.14,REVIEW
05-Jan-26,Office Petty Expenses,650.0,0.0,650.0,Debit,Asset,0.7281419932878501,Fixed Asset,Fixed Asset Dr | To Bank,Asset,REVIEW,Debit Note,117.0,58.5,58.5,OK
05-Jan-26,SHAHEED SUKHDEV COLLEGE OF BUSINESS STUDIES,0.0,468537.0,468537.0,Credit,Travel,0.4418962307744769,Manual Review,Manual Journal Required,Unknown,REVIEW,Export,84336.66,42168.33,42168.33,REVIEW
06-Jan-26,Cash,0.0,11000.0,11000.0,Credit,Asset,0.7638835628821598,Fixed Asset,Fixed Asset Dr | To Bank,Asset,REVIEW,B2C,1980.0,990.0,990.0,OK
06-Jan-26,SBI OD A/C- 6791,0.0,3200000.0,3200000.0,Credit,Asset,0.09999999999999998,Fixed Asset,Fixed Asset Dr | To Bank,Asset,REVIEW,B2B,576000.0,288000.0,288000.0,REVIEW
06-Jan-26,CONVEYANCE EXPENSES,9500.0,0.0,9500.0,Debit,Asset,0.7281419932878501,Fixed Asset,Fixed Asset Dr | To Bank,Asset,REVIEW,Debit Note,1710.0,855.0,855.0,OK
06-Jan-26,TAX DEDUCTED SOURCES 94C,406.0,0.0,406.0,Debit,GST,0.4452796264190966,GST Payable,GST Payable Dr | To Bank,Liability,REVIEW,GST Payment,73.08,36.54,36.54,REVIEW
06-Jan-26,TAX DEUCTED AT SOURCE SECTION 92B,76000.0,0.0,76000.0,Debit,GST,0.4452796264190966,GST Payable,GST Payable Dr | To Bank,Liability,OK,GST Payment,13680.0,6840.0,6840.0,REVIEW
06-Jan-26,SALARY PAYABLE,1746975.06,0.0,1746975.06,Debit,Payroll,0.09999999999999998,Salary Expense,Salary Expense Dr | To Bank,Expense,OK,B2B,314455.51,157227.76,157227.76,REVIEW
06-Jan-26,BANK CHARGES,1628.4,0.0,1628.4,Debit,Bank Charges,0.34234595217777647,Bank Charges Expense,Bank Charges Expense Dr | To Bank,Expense,OK,GST Payment,293.11,146.56,146.56,REVIEW
06-Jan-26,COL  SUNIL DALAL (PROPRIETOR),0.0,5000000.0,5000000.0,Credit,Asset,0.09999999999999998,Fixed Asset,Fixed Asset Dr | To Bank,Asset,REVIEW,B2B,900000.0,450000.0,450000.0,REVIEW
06-Jan-26,COL  SUNIL DALAL (PROPRIETOR),0.0,100000.0,100000.0,Credit,Asset,0.09999999999999998,Fixed Asset,Fixed Asset Dr | To Bank,Asset,REVIEW,B2B,18000.0,9000.0,9000.0,REVIEW
07-Jan-26,TAX  DEDUCTED  U/S 94J,5663.0,0.0,5663.0,Debit,GST,0.4452796264190966,GST Payable,GST Payable Dr | To Bank,Liability,REVIEW,GST Payment,1019.34,509.67,509.67,REVIEW
07-Jan-26,BANK CHARGES,501.5,0.0,501.5,Debit,Bank Charges,0.34234595217777647,Bank Charges Expense,Bank Charges Expense Dr | To Bank,Expense,OK,GST Payment,90.27,45.13,45.13,REVIEW
07-Jan-26,Other Expenses,1000.0,0.0,1000.0,Debit,Asset,0.7281419932878501,Fixed Asset,Fixed Asset Dr | To Bank,Asset,REVIEW,Debit Note,180.0,90.0,90.0,OK
07-Jan-26,Sub Regional Office Esic,0.0,794034.0,794034.0,Credit,Asset,0.09999999999999998,Fixed Asset,Fixed Asset Dr | To Bank,Asset,REVIEW,B2B,142926.12,71463.06,71463.06,REVIEW
07-Jan-26,QUTAB GOLF COURSE,0.0,906506.0,906506.0,Credit,Asset,0.09999999999999998,Fixed Asset,Fixed Asset Dr | To Bank,Asset,REVIEW,B2B,163171.08,81585.54,81585.54,REVIEW
07-Jan-26,GST Receivable @ 2%,19923.0,0.0,19923.0,Debit,GST,0.4642212308239418,GST Payable,GST Payable Dr | To Bank,Liability,OK,GST Refund,3586.14,1793.07,1793.07,REVIEW
07-Jan-26,Central Warehousing Corporation (InterState),0.0,230516.0,230516.0,Credit,Asset,0.09999999999999998,Fixed Asset,Fixed Asset Dr | To Bank,Asset,REVIEW,B2B,41492.88,20746.44,20746.44,REVIEW
07-Jan-26,Central Warehousing Corporation (InterState),0.0,153677.0,153677.0,Credit,Asset,0.09999999999999998,Fixed Asset,Fixed Asset Dr | To Bank,Asset,REVIEW,B2B,27661.86,13830.93,13830.93,REVIEW
07-Jan-26,Central Warehousing Corporation (InterState),0.0,134522.0,134522.0,Credit,Asset,0.09999999999999998,Fixed Asset,Fixed Asset Dr | To Bank,Asset,REVIEW,B2B,24213.96,12106.98,12106.98,REVIEW
07-Jan-26,Ex Engineer NPD 8,109463.0,0.0,109463.0,Debit,Asset,0.09999999999999998,Fixed Asset,Fixed Asset Dr | To Bank,Asset,REVIEW,B2B,19703.34,9851.67,9851.67,REVIEW
07-Jan-26,QUTAB GOLF COURSE,2296002.0,0.0,2296002.0,Debit,Asset,0.09999999999999998,Fixed Asset,Fixed Asset Dr | To Bank,Asset,REVIEW,B2B,413280.36,206640.18,206640.18,REVIEW
07-Jan-26,National Company Law Appellate Tribunal,776200.0,0.0,776200.0,Debit,Asset,0.09999999999999998,Fixed Asset,Fixed Asset Dr | To Bank,Asset,REVIEW,B2B,139716.0,69858.0,69858.0,REVIEW
07-Jan-26,Sub Regional Office Esic,815103.0,0.0,815103.0,Debit,Asset,0.09999999999999998,Fixed Asset,Fixed Asset Dr | To Bank,Asset,REVIEW,B2B,146718.54,73359.27,73359.27,REVIEW
07-Jan-26,DEPARTMENT OF SPACE,397492.0,0.0,397492.0,Debit,Asset,0.3891124283615845,Fixed Asset,Fixed Asset Dr | To Bank,Asset,REVIEW,GST Refund,71548.56,35774.28,35774.28,REVIEW
07-Jan-26,Fisheries Animal Husbandry and Dairying,138490.0,0.0,138490.0,Debit,Asset,0.09999999999999998,Fixed Asset,Fixed Asset Dr | To Bank,Asset,REVIEW,B2B,24928.2,12464.1,12464.1,REVIEW
07-Jan-26,SHAHEED SUKHDEV COLLEGE OF BUSINESS STUDIES,501143.0,0.0,501143.0,Debit,Travel,0.4418962307744769,Manual Review,Manual Journal Required,Unknown,REVIEW,Export,90205.74,45102.87,45102.87,REVIEW
07-Jan-26,SHAHEED SUKHDEV COLLEGE OF BUSINESS STUDIES,200457.13,0.0,200457.13,Debit,Travel,0.4418962307744769,Manual Review,Manual Journal Required,Unknown,REVIEW,Export,36082.28,18041.14,18041.14,REVIEW
07-Jan-26,Bharat Sanchar Nigam Limited,1271913.0,0.0,1271913.0,Debit,Asset,0.09999999999999998,Fixed Asset,Fixed Asset Dr | To Bank,Asset,REVIEW,B2B,228944.34,114472.17,114472.17,REVIEW
07-Jan-26,"DEPUTY DIRECTOR, HORT . DIVN 8",463006.04,0.0,463006.04,Debit,Asset,0.7769971290038511,Fixed Asset,Fixed Asset Dr | To Bank,Asset,REVIEW,Reverse Charge,83341.09,41670.54,41670.54,OK
08-Jan-26,Cash,0.0,11500.0,11500.0,Credit,Asset,0.7638835628821598,Fixed Asset,Fixed Asset Dr | To Bank,Asset,REVIEW,B2C,2070.0,1035.0,1035.0,OK
08-Jan-26,CONVEYANCE EXPENSES,4170.0,0.0,4170.0,Debit,Asset,0.7281419932878501,Fixed Asset,Fixed Asset Dr | To Bank,Asset,REVIEW,Debit Note,750.6,375.3,375.3,OK
08-Jan-26,CONVEYANCE EXPENSES,4530.0,0.0,4530.0,Debit,Asset,0.7281419932878501,Fixed Asset,Fixed Asset Dr | To Bank,Asset,REVIEW,Debit Note,815.4,407.7,407.7,OK
08-Jan-26,Miscellaneous,1340.0,0.0,1340.0,Debit,Asset,0.09999999999999998,Fixed Asset,Fixed Asset Dr | To Bank,Asset,REVIEW,B2B,241.2,120.6,120.6,REVIEW
08-Jan-26,CONVEYANCE EXPENSES,2100.0,0.0,2100.0,Debit,Asset,0.7281419932878501,Fixed Asset,Fixed Asset Dr | To Bank,Asset,REVIEW,Debit Note,378.0,189.0,189.0,OK
08-Jan-26,SALARY PAYABLE,1900819.0,0.0,1900819.0,Debit,Payroll,0.09999999999999998,Salary Expense,Salary Expense Dr | To Bank,Expense,OK,B2B,342147.42,171073.71,171073.71,REVIEW
08-Jan-26,BANK CHARGES,139.24,0.0,139.24,Debit,Bank Charges,0.34234595217777647,Bank Charges Expense,Bank Charges Expense Dr | To Bank,Expense,OK,GST Payment,25.06,12.53,12.53,REVIEW
08-Jan-26,COL  SUNIL DALAL (PROPRIETOR),0.0,1000000.0,1000000.0,Credit,Asset,0.09999999999999998,Fixed Asset,Fixed Asset Dr | To Bank,Asset,REVIEW,B2B,180000.0,90000.0,90000.0,REVIEW
08-Jan-26,SALARY PAYABLE,0.0,11710.0,11710.0,Credit,Payroll,0.09999999999999998,Salary Expense,Salary Expense Dr | To Bank,Expense,OK,B2B,2107.8,1053.9,1053.9,REVIEW
08-Jan-26,SHAHEED SUKHDEV COLLEGE OF BUSINESS STUDIES,0.0,187415.0,187415.0,Credit,Travel,0.4418962307744769,Manual Review,Manual Journal Required,Unknown,REVIEW,Export,33734.7,16867.35,16867.35,REVIEW
09-Jan-26,Cash,0.0,5000.0,5000.0,Credit,Asset,0.7638835628821598,Fixed Asset,Fixed Asset Dr | To Bank,Asset,REVIEW,B2C,900.0,450.0,450.0,OK
09-Jan-26,BANK CHARGES,177.0,0.0,177.0,Debit,Bank Charges,0.34234595217777647,Bank Charges Expense,Bank Charges Expense Dr | To Bank,Expense,OK,GST Payment,31.86,15.93,15.93,REVIEW
09-Jan-26,MAHANAGAR  TELEPHONE NIGAM LTD,0.0,193684.0,193684.0,Credit,Utilities,0.3718113284165679,Utilities Expense,Utilities Expense Dr | To Bank,Expense,OK,B2B,34863.12,17431.56,17431.56,REVIEW
10-Jan-26,Cash,0.0,11000.0,11000.0,Credit,Asset,0.7638835628821598,Fixed Asset,Fixed Asset Dr | To Bank,Asset,REVIEW,B2C,1980.0,990.0,990.0,OK
10-Jan-26,Electricity Expenses,2290.0,0.0,2290.0,Debit,Utilities,0.7281419932878501,Utilities Expense,Utilities Expense Dr | To Bank,Expense,OK,Debit Note,412.2,206.1,206.1,OK
10-Jan-26,SALARY PAYABLE,11710.0,0.0,11710.0,Debit,Payroll,0.09999999999999998,Salary Expense,Salary Expense Dr | To Bank,Expense,OK,B2B,2107.8,1053.9,1053.9,REVIEW
10-Jan-26,Stamp Paper,880.0,0.0,880.0,Debit,Asset,0.09999999999999998,Fixed Asset,Fixed Asset Dr | To Bank,Asset,REVIEW,B2B,158.4,79.2,79.2,REVIEW
10-Jan-26,Other Expenses,10733.0,0.0,10733.0,Debit,Asset,0.7281419932878501,Fixed Asset,Fixed Asset Dr | To Bank,Asset,REVIEW,Debit Note,1931.94,965.97,965.97,OK
12-Jan-26,Sunshine Engineers,25000.0,0.0,25000.0,Debit,Asset,0.09999999999999998,Fixed Asset,Fixed Asset Dr | To Bank,Asset,REVIEW,B2B,4500.0,2250.0,2250.0,REVIEW
12-Jan-26,SALARY PAYABLE,4000.0,0.0,4000.0,Debit,Payroll,0.09999999999999998,Salary Expense,Salary Expense Dr | To Bank,Expense,OK,B2B,720.0,360.0,360.0,REVIEW
12-Jan-26,SALARY PAYABLE,15548.0,0.0,15548.0,Debit,Payroll,0.09999999999999998,Salary Expense,Salary Expense Dr | To Bank,Expense,OK,B2B,2798.64,1399.32,1399.32,REVIEW
12-Jan-26,COL  SUNIL DALAL (PROPRIETOR),0.0,100000.0,100000.0,Credit,Asset,0.09999999999999998,Fixed Asset,Fixed Asset Dr | To Bank,Asset,REVIEW,B2B,18000.0,9000.0,9000.0,REVIEW
12-Jan-26,DY DIRECTOR(HOR) DIV 6,0.0,396675.0,396675.0,Credit,Asset,0.7769971290038511,Fixed Asset,Fixed Asset Dr | To Bank,Asset,REVIEW,Reverse Charge,71401.5,35700.75,35700.75,OK
14-Jan-26,Salary,0.0,20000.0,20000.0,Credit,Payroll,0.09999999999999998,Salary Expense,Salary Expense Dr | To Bank,Expense,OK,B2B,3600.0,1800.0,1800.0,REVIEW
15-Jan-26,PF PAYABLE,1520238.0,0.0,1520238.0,Debit,Asset,0.09999999999999998,Fixed Asset,Fixed Asset Dr | To Bank,Asset,REVIEW,B2B,273642.84,136821.42,136821.42,REVIEW
15-Jan-26,Esic Payable,73698.0,0.0,73698.0,Debit,Asset,0.09999999999999998,Fixed Asset,Fixed Asset Dr | To Bank,Asset,REVIEW,B2B,13265.64,6632.82,6632.82,REVIEW
15-Jan-26,COL  SUNIL DALAL (PROPRIETOR),0.0,1000000.0,1000000.0,Credit,Asset,0.09999999999999998,Fixed Asset,Fixed Asset Dr | To Bank,Asset,REVIEW,B2B,180000.0,90000.0,90000.0,REVIEW
15-Jan-26,EX. ENGR  NPD 6,386810.0,0.0,386810.0,Debit,Asset,0.09999999999999998,Fixed Asset,Fixed Asset Dr | To Bank,Asset,REVIEW,B2B,69625.8,34812.9,34812.9,REVIEW
16-Jan-26,DEPARTMENT OF SPACE,0.0,372371.0,372371.0,Credit,Asset,0.3891124283615845,Fixed Asset,Fixed Asset Dr | To Bank,Asset,REVIEW,GST Refund,67026.78,33513.39,33513.39,REVIEW
17-Jan-26,AIRTEL POSTPAID BILL,8688.58,0.0,8688.58,Debit,Utilities,0.8402233707166438,Utilities Expense,Utilities Expense Dr | To Bank,Expense,OK,B2C,1563.94,781.97,781.97,OK
17-Jan-26,RAJA PROPERTIES & CONSTRUCTION,63000.0,0.0,63000.0,Debit,Asset,0.09999999999999998,Fixed Asset,Fixed Asset Dr | To Bank,Asset,REVIEW,B2B,11340.0,5670.0,5670.0,REVIEW
17-Jan-26,UP Office Rent,4500.0,0.0,4500.0,Debit,Rent,0.09999999999999998,Rent Expense,Rent Expense Dr | To Bank,Expense,OK,B2B,810.0,405.0,405.0,REVIEW
17-Jan-26,Haryana Offfice Rent,6000.0,0.0,6000.0,Debit,Rent,0.09999999999999998,Rent Expense,Rent Expense Dr | To Bank,Expense,OK,B2B,1080.0,540.0,540.0,REVIEW
17-Jan-26,SALARY PAYABLE,134768.0,0.0,134768.0,Debit,Payroll,0.09999999999999998,Salary Expense,Salary Expense Dr | To Bank,Expense,OK,B2B,24258.24,12129.12,12129.12,REVIEW
17-Jan-26,PF PAYABLE,83226.0,0.0,83226.0,Debit,Asset,0.09999999999999998,Fixed Asset,Fixed Asset Dr | To Bank,Asset,REVIEW,B2B,14980.68,7490.34,7490.34,REVIEW
17-Jan-26,BANK CHARGES,153.4,0.0,153.4,Debit,Bank Charges,0.34234595217777647,Bank Charges Expense,Bank Charges Expense Dr | To Bank,Expense,OK,GST Payment,27.61,13.81,13.81,REVIEW
17-Jan-26,COL  SUNIL DALAL (PROPRIETOR),0.0,50000.0,50000.0,Credit,Asset,0.09999999999999998,Fixed Asset,Fixed Asset Dr | To Bank,Asset,REVIEW,B2B,9000.0,4500.0,4500.0,REVIEW
17-Jan-26,PROFESSIONAL CHARGES,8500.0,0.0,8500.0,Debit,Professional Fees,0.3489394184680198,Manual Review,Manual Journal Required,Unknown,OK,Reverse Charge,1530.0,765.0,765.0,REVIEW
17-Jan-26,QUTAB GOLF COURSE,148982.0,0.0,148982.0,Debit,Asset,0.09999999999999998,Fixed Asset,Fixed Asset Dr | To Bank,Asset,REVIEW,B2B,26816.76,13408.38,13408.38,REVIEW
19-Jan-26,Cash,0.0,15000.0,15000.0,Credit,Asset,0.7638835628821598,Fixed Asset,Fixed Asset Dr | To Bank,Asset,REVIEW,B2C,2700.0,1350.0,1350.0,OK
19-Jan-26,Water Expense,1640.0,0.0,1640.0,Debit,Utilities,0.09999999999999998,Utilities Expense,Utilities Expense Dr | To Bank,Expense,OK,B2B,295.2,147.6,147.6,REVIEW
19-Jan-26,Miscellaneous,1040.0,0.0,1040.0,Debit,Asset,0.09999999999999998,Fixed Asset,Fixed Asset Dr | To Bank,Asset,REVIEW,B2B,187.2,93.6,93.6,REVIEW
19-Jan-26,CONVEYANCE EXPENSES,4960.0,0.0,4960.0,Debit,Asset,0.7281419932878501,Fixed Asset,Fixed Asset Dr | To Bank,Asset,REVIEW,Debit Note,892.8,446.4,446.4,OK
19-Jan-26,CONVEYANCE EXPENSES,2335.0,0.0,2335.0,Debit,Asset,0.7281419932878501,Fixed Asset,Fixed Asset Dr | To Bank,Asset,REVIEW,Debit Note,420.3,210.15,210.15,OK
19-Jan-26,PF PAYABLE,3750.0,0.0,3750.0,Debit,Asset,0.09999999999999998,Fixed Asset,Fixed Asset Dr | To Bank,Asset,REVIEW,B2B,675.0,337.5,337.5,REVIEW
20-Jan-26,SBI BANK- 54238,0.0,5000000.0,5000000.0,Credit,Bank Charges,0.7364774865051836,Bank Charges Expense,Bank Charges Expense Dr | To Bank,Expense,OK,GST Payment,900000.0,450000.0,450000.0,OK
20-Jan-26,GST PAYABLE,1478276.0,0.0,1478276.0,Debit,GST,0.4642212308239418,GST Payable,GST Payable Dr | To Bank,Liability,OK,GST Refund,266089.68,133044.84,133044.84,REVIEW
20-Jan-26,PF PAYABLE,6980.0,0.0,6980.0,Debit,Asset,0.09999999999999998,Fixed Asset,Fixed Asset Dr | To Bank,Asset,REVIEW,B2B,1256.4,628.2,628.2,REVIEW
20-Jan-26,Esic Payable,517.0,0.0,517.0,Debit,Asset,0.09999999999999998,Fixed Asset,Fixed Asset Dr | To Bank,Asset,REVIEW,B2B,93.06,46.53,46.53,REVIEW
20-Jan-26,COL  SUNIL DALAL (PROPRIETOR),0.0,1500000.0,1500000.0,Credit,Asset,0.09999999999999998,Fixed Asset,Fixed Asset Dr | To Bank,Asset,REVIEW,B2B,270000.0,135000.0,135000.0,REVIEW
20-Jan-26,EX. ENGR  NPD 6,0.0,4368921.0,4368921.0,Credit,Asset,0.09999999999999998,Fixed Asset,Fixed Asset Dr | To Bank,Asset,REVIEW,B2B,786405.78,393202.89,393202.89,REVIEW
20-Jan-26,DEPARTMENT OF SPACE,0.0,290644.0,290644.0,Credit,Asset,0.3891124283615845,Fixed Asset,Fixed Asset Dr | To Bank,Asset,REVIEW,GST Refund,52315.92,26157.96,26157.96,REVIEW
20-Jan-26,STATIONERY FOR OFFICE,1841.0,0.0,1841.0,Debit,Asset,0.501040898307841,Fixed Asset,Fixed Asset Dr | To Bank,Asset,REVIEW,Debit Note,331.38,165.69,165.69,REVIEW
21-Jan-26,SBI BANK- 54238,0.0,800000.0,800000.0,Credit,Bank Charges,0.7364774865051836,Bank Charges Expense,Bank Charges Expense Dr | To Bank,Expense,OK,GST Payment,144000.0,72000.0,72000.0,OK
21-Jan-26,National Company Law Appellate Tribunal,0.0,749888.0,749888.0,Credit,Asset,0.09999999999999998,Fixed Asset,Fixed Asset Dr | To Bank,Asset,REVIEW,B2B,134979.84,67489.92,67489.92,REVIEW
22-Jan-26,Stamp Paper,90.0,0.0,90.0,Debit,Asset,0.09999999999999998,Fixed Asset,Fixed Asset Dr | To Bank,Asset,REVIEW,B2B,16.2,8.1,8.1,REVIEW
24-Jan-26,Stamp Paper,530.0,0.0,530.0,Debit,Asset,0.09999999999999998,Fixed Asset,Fixed Asset Dr | To Bank,Asset,REVIEW,B2B,95.4,47.7,47.7,REVIEW
25-Jan-26,FDR Interest,0.0,14096.0,14096.0,Credit,Asset,0.09999999999999998,Fixed Asset,Fixed Asset Dr | To Bank,Asset,REVIEW,B2B,2537.28,1268.64,1268.64,REVIEW
28-Jan-26,REPAIRS AND MAINTENANCE,500.0,0.0,500.0,Debit,Asset,0.09999999999999998,Fixed Asset,Fixed Asset Dr | To Bank,Asset,REVIEW,B2B,90.0,45.0,45.0,REVIEW
28-Jan-26,Stamp Paper,140.0,0.0,140.0,Debit,Asset,0.09999999999999998,Fixed Asset,Fixed Asset Dr | To Bank,Asset,REVIEW,B2B,25.2,12.6,12.6,REVIEW
29-Jan-26,SHAHEED SUKHDEV COLLEGE OF BUSINESS STUDIES,0.0,484155.0,484155.0,Credit,Travel,0.4418962307744769,Manual Review,Manual Journal Required,Unknown,REVIEW,Export,87147.9,43573.95,43573.95,REVIEW
29-Jan-26,Security Deposit,0.0,509329.0,509329.0,Credit,Asset,0.09999999999999998,Fixed Asset,Fixed Asset Dr | To Bank,Asset,REVIEW,B2B,91679.22,45839.61,45839.61,REVIEW
29-Jan-26,QUTAB GOLF COURSE,0.0,78000.0,78000.0,Credit,Asset,0.09999999999999998,Fixed Asset,Fixed Asset Dr | To Bank,Asset,REVIEW,B2B,14040.0,7020.0,7020.0,REVIEW
30-Jan-26,ELEGANT APPARELS,18000.0,0.0,18000.0,Debit,Asset,0.09999999999999998,Fixed Asset,Fixed Asset Dr | To Bank,Asset,REVIEW,B2B,3240.0,1620.0,1620.0,REVIEW
30-Jan-26,THE RIGHT CHOICE,2117.0,0.0,2117.0,Debit,Asset,0.09999999999999998,Fixed Asset,Fixed Asset Dr | To Bank,Asset,REVIEW,B2B,381.06,190.53,190.53,REVIEW
30-Jan-26,Cartage Outwards,222.0,0.0,222.0,Debit,Asset,0.09999999999999998,Fixed Asset,Fixed Asset Dr | To Bank,Asset,REVIEW,B2B,39.96,19.98,19.98,REVIEW
30-Jan-26,Vehicle Maintenance Charges,80.0,0.0,80.0,Debit,Asset,0.4771037584455656,Fixed Asset,Fixed Asset Dr | To Bank,Asset,REVIEW,Debit Note,14.4,7.2,7.2,REVIEW
30-Jan-26,Cartage Outwards,222.0,0.0,222.0,Debit,Asset,0.09999999999999998,Fixed Asset,Fixed Asset Dr | To Bank,Asset,REVIEW,B2B,39.96,19.98,19.98,REVIEW
30-Jan-26,COL  SUNIL DALAL (PROPRIETOR),0.0,50000.0,50000.0,Credit,Asset,0.09999999999999998,Fixed Asset,Fixed Asset Dr | To Bank,Asset,REVIEW,B2B,9000.0,4500.0,4500.0,REVIEW
30-Jan-26,TRAINING SERVICES,3000.0,0.0,3000.0,Debit,Asset,0.09999999999999998,Fixed Asset,Fixed Asset Dr | To Bank,Asset,REVIEW,B2B,540.0,270.0,270.0,REVIEW
30-Jan-26,"DEPUTY DIRECTOR, HORT . DIVN 8",0.0,433366.8,433366.8,Credit,Asset,0.7769971290038511,Fixed Asset,Fixed Asset Dr | To Bank,Asset,REVIEW,Reverse Charge,78006.02,39003.01,39003.01,OK
31-Jan-26,Stamp Paper,530.0,0.0,530.0,Debit,Asset,0.09999999999999998,Fixed Asset,Fixed Asset Dr | To Bank,Asset,REVIEW,B2B,95.4,47.7,47.7,REVIEW
31-Jan-26,Diesel and Petrol Charges,23698.41,0.0,23698.41,Debit,Bank Charges,0.4771037584455656,Bank Charges Expense,Bank Charges Expense Dr | To Bank,Expense,REVIEW,Debit Note,4265.71,2132.86,2132.86,REVIEW
31-Jan-26,Interest,53561.0,0.0,53561.0,Debit,Asset,0.09999999999999998,Fixed Asset,Fixed Asset Dr | To Bank,Asset,REVIEW,B2B,9640.98,4820.49,4820.49,REVIEW
31-Jan-26,Fisheries Animal Husbandry and Dairying,0.0,133794.0,133794.0,Credit,Asset,0.09999999999999998,Fixed Asset,Fixed Asset Dr | To Bank,Asset,REVIEW,B2B,24082.92,12041.46,12041.46,REVIEW
31-Jan-26,Vehicle Maintenance Charges,22298.31,0.0,22298.31,Debit,Asset,0.4771037584455656,Fixed Asset,Fixed Asset Dr | To Bank,Asset,REVIEW,Debit Note,4013.7,2006.85,2006.85,REVIEW
31-Jan-26,PF Employer Contribution,681459.0,0.0,681459.0,Debit,Asset,0.09999999999999998,Fixed Asset,Fixed Asset Dr | To Bank,Asset,REVIEW,B2B,122662.62,61331.31,61331.31,REVIEW
31-Jan-26,Salary,11751808.0,0.0,11751808.0,Debit,Payroll,0.09999999999999998,Salary Expense,Salary Expense Dr | To Bank,Expense,OK,B2B,2115325.44,1057662.72,1057662.72,REVIEW
31-Jan-26,ESIC Employers Contribution,43710.0,0.0,43710.0,Debit,Asset,0.09999999999999998,Fixed Asset,Fixed Asset Dr | To Bank,Asset,REVIEW,B2B,7867.8,3933.9,3933.9,REVIEW
31-Jan-26,Salary,55000.0,0.0,55000.0,Debit,Payroll,0.09999999999999998,Salary Expense,Salary Expense Dr | To Bank,Expense,OK,B2B,9900.0,4950.0,4950.0,REVIEW
01-Feb-26,DY. Director Hort-X,8128153.0,0.0,8128153.0,Debit,Asset,0.7769971290038511,Fixed Asset,Fixed Asset Dr | To Bank,Asset,REVIEW,Reverse Charge,1463067.54,731533.77,731533.77,OK
02-Feb-26,Cash,0.0,10000.0,10000.0,Credit,Asset,0.7638835628821598,Fixed Asset,Fixed Asset Dr | To Bank,Asset,REVIEW,B2C,1800.0,900.0,900.0,OK
02-Feb-26,REPAIRS AND MAINTENANCE,800.0,0.0,800.0,Debit,Asset,0.09999999999999998,Fixed Asset,Fixed Asset Dr | To Bank,Asset,REVIEW,B2B,144.0,72.0,72.0,REVIEW
02-Feb-26,REPAIRS AND MAINTENANCE,250.0,0.0,250.0,Debit,Asset,0.09999999999999998,Fixed Asset,Fixed Asset Dr | To Bank,Asset,REVIEW,B2B,45.0,22.5,22.5,REVIEW
02-Feb-26,Uniform Expense,33000.0,0.0,33000.0,Debit,Marketing,0.09999999999999998,Marketing Expense,Marketing Expense Dr | To Bank,Expense,REVIEW,B2B,5940.0,2970.0,2970.0,REVIEW
02-Feb-26,Uniform Expense,33000.0,0.0,33000.0,Debit,Marketing,0.09999999999999998,Marketing Expense,Marketing Expense Dr | To Bank,Expense,REVIEW,B2B,5940.0,2970.0,2970.0,REVIEW
02-Feb-26,DY. Director Hort-X,8128153.0,0.0,8128153.0,Debit,Asset,0.7769971290038511,Fixed Asset,Fixed Asset Dr | To Bank,Asset,REVIEW,Reverse Charge,1463067.54,731533.77,731533.77,OK
03-Feb-26,Cash,0.0,7500.0,7500.0,Credit,Asset,0.7638835628821598,Fixed Asset,Fixed Asset Dr | To Bank,Asset,REVIEW,B2C,1350.0,675.0,675.0,OK
03-Feb-26,CONVEYANCE EXPENSES,2150.0,0.0,2150.0,Debit,Asset,0.7281419932878501,Fixed Asset,Fixed Asset Dr | To Bank,Asset,REVIEW,Debit Note,387.0,193.5,193.5,OK
03-Feb-26,Stamp Paper,1260.0,0.0,1260.0,Debit,Asset,0.09999999999999998,Fixed Asset,Fixed Asset Dr | To Bank,Asset,REVIEW,B2B,226.8,113.4,113.4,REVIEW
03-Feb-26,CONVEYANCE EXPENSES,7500.0,0.0,7500.0,Debit,Asset,0.7281419932878501,Fixed Asset,Fixed Asset Dr | To Bank,Asset,REVIEW,Debit Note,1350.0,675.0,675.0,OK
03-Feb-26,AIRTEL POSTPAID BILL,1830.18,0.0,1830.18,Debit,Utilities,0.8402233707166438,Utilities Expense,Utilities Expense Dr | To Bank,Expense,OK,B2C,329.43,164.72,164.72,OK
03-Feb-26,SALARY PAYABLE,9687.0,0.0,9687.0,Debit,Payroll,0.09999999999999998,Salary Expense,Salary Expense Dr | To Bank,Expense,OK,B2B,1743.66,871.83,871.83,REVIEW
03-Feb-26,Vehicle Hire Charges,35950.0,0.0,35950.0,Debit,Asset,0.4771037584455656,Fixed Asset,Fixed Asset Dr | To Bank,Asset,REVIEW,Debit Note,6471.0,3235.5,3235.5,REVIEW
03-Feb-26,EX. ENGR  NPD 6,649822.0,0.0,649822.0,Debit,Asset,0.09999999999999998,Fixed Asset,Fixed Asset Dr | To Bank,Asset,REVIEW,B2B,116967.96,58483.98,58483.98,REVIEW
04-Feb-26,REPAIRS AND MAINTENANCE,1800.0,0.0,1800.0,Debit,Asset,0.09999999999999998,Fixed Asset,Fixed Asset Dr | To Bank,Asset,REVIEW,B2B,324.0,162.0,162.0,REVIEW
04-Feb-26,ELEGANT APPARELS,31386.0,0.0,31386.0,Debit,Asset,0.09999999999999998,Fixed Asset,Fixed Asset Dr | To Bank,Asset,REVIEW,B2B,5649.48,2824.74,2824.74,REVIEW
04-Feb-26,Pragmatic Educational Society,3540.0,0.0,3540.0,Debit,Asset,0.7572990170285255,Fixed Asset,Fixed Asset Dr | To Bank,Asset,REVIEW,Exempt Supply,637.2,318.6,318.6,OK
04-Feb-26,Uniform Expense,12800.0,0.0,12800.0,Debit,Marketing,0.09999999999999998,Marketing Expense,Marketing Expense Dr | To Bank,Expense,REVIEW,B2B,2304.0,1152.0,1152.0,REVIEW
05-Feb-26,SBI BANK- 54238,0.0,2685000.0,2685000.0,Credit,Bank Charges,0.7364774865051836,Bank Charges Expense,Bank Charges Expense Dr | To Bank,Expense,OK,GST Payment,483300.0,241650.0,241650.0,OK
05-Feb-26,REPAIRS AND MAINTENANCE,200.0,0.0,200.0,Debit,Asset,0.09999999999999998,Fixed Asset,Fixed Asset Dr | To Bank,Asset,REVIEW,B2B,36.0,18.0,18.0,REVIEW
05-Feb-26,PG NPD-6,0.0,1454624.0,1454624.0,Credit,Asset,0.09999999999999998,Fixed Asset,Fixed Asset Dr | To Bank,Asset,REVIEW,B2B,261832.32,130916.16,130916.16,REVIEW
05-Feb-26,PG NPD-6,138849.0,0.0,138849.0,Debit,Asset,0.09999999999999998,Fixed Asset,Fixed Asset Dr | To Bank,Asset,REVIEW,B2B,24992.82,12496.41,12496.41,REVIEW
06-Feb-26,SBI BANK- 54238,0.0,1012900.0,1012900.0,Credit,Bank Charges,0.7364774865051836,Bank Charges Expense,Bank Charges Expense Dr | To Bank,Expense,OK,GST Payment,182322.0,91161.0,91161.0,OK
06-Feb-26,SBI OD A/C- 6791,0.0,3000000.0,3000000.0,Credit,Asset,0.09999999999999998,Fixed Asset,Fixed Asset Dr | To Bank,Asset,REVIEW,B2B,540000.0,270000.0,270000.0,REVIEW
06-Feb-26,Security Deposit,93373.0,0.0,93373.0,Debit,Asset,0.09999999999999998,Fixed Asset,Fixed Asset Dr | To Bank,Asset,REVIEW,B2B,16807.14,8403.57,8403.57,REVIEW
06-Feb-26,COL  SUNIL DALAL (PROPRIETOR),5000000.0,0.0,5000000.0,Debit,Asset,0.09999999999999998,Fixed Asset,Fixed Asset Dr | To Bank,Asset,REVIEW,B2B,900000.0,450000.0,450000.0,REVIEW
06-Feb-26,Pragmatic Educational Society,708.0,0.0,708.0,Debit,Asset,0.7572990170285255,Fixed Asset,Fixed Asset Dr | To Bank,Asset,REVIEW,Exempt Supply,127.44,63.72,63.72,OK
06-Feb-26,ROHIT TIWARI,35591.0,0.0,35591.0,Debit,Asset,0.09999999999999998,Fixed Asset,Fixed Asset Dr | To Bank,Asset,REVIEW,B2B,6406.38,3203.19,3203.19,REVIEW
06-Feb-26,TAX DEDUCTED SOURCES 94C,355.0,0.0,355.0,Debit,GST,0.4452796264190966,GST Payable,GST Payable Dr | To Bank,Liability,REVIEW,GST Payment,63.9,31.95,31.95,REVIEW
06-Feb-26,Other Expenses,1000.0,0.0,1000.0,Debit,Asset,0.7281419932878501,Fixed Asset,Fixed Asset Dr | To Bank,Asset,REVIEW,Debit Note,180.0,90.0,90.0,OK
06-Feb-26,Cartage Outwards,202.0,0.0,202.0,Debit,Asset,0.09999999999999998,Fixed Asset,Fixed Asset Dr | To Bank,Asset,REVIEW,B2B,36.36,18.18,18.18,REVIEW
06-Feb-26,Cartage Outwards,222.0,0.0,222.0,Debit,Asset,0.09999999999999998,Fixed Asset,Fixed Asset Dr | To Bank,Asset,REVIEW,B2B,39.96,19.98,19.98,REVIEW
06-Feb-26,Sub Regional Office Esic,0.0,794034.0,794034.0,Credit,Asset,0.09999999999999998,Fixed Asset,Fixed Asset Dr | To Bank,Asset,REVIEW,B2B,142926.12,71463.06,71463.06,REVIEW
06-Feb-26,COL  SUNIL DALAL (PROPRIETOR),0.0,100000.0,100000.0,Credit,Asset,0.09999999999999998,Fixed Asset,Fixed Asset Dr | To Bank,Asset,REVIEW,B2B,18000.0,9000.0,9000.0,REVIEW
06-Feb-26,QUTAB GOLF COURSE,0.0,5526402.0,5526402.0,Credit,Asset,0.09999999999999998,Fixed Asset,Fixed Asset Dr | To Bank,Asset,REVIEW,B2B,994752.36,497376.18,497376.18,REVIEW
06-Feb-26,TRAINING SERVICES,600.0,0.0,600.0,Debit,Asset,0.09999999999999998,Fixed Asset,Fixed Asset Dr | To Bank,Asset,REVIEW,B2B,108.0,54.0,54.0,REVIEW
06-Feb-26,GST Receivable @ 2%,121459.0,0.0,121459.0,Debit,GST,0.4642212308239418,GST Payable,GST Payable Dr | To Bank,Liability,OK,GST Refund,21862.62,10931.31,10931.31,REVIEW
07-Feb-26,SALARY PAYABLE,843532.0,0.0,843532.0,Debit,Payroll,0.09999999999999998,Salary Expense,Salary Expense Dr | To Bank,Expense,OK,B2B,151835.76,75917.88,75917.88,REVIEW
07-Feb-26,CONVEYANCE EXPENSES,1040.0,0.0,1040.0,Debit,Asset,0.7281419932878501,Fixed Asset,Fixed Asset Dr | To Bank,Asset,REVIEW,Debit Note,187.2,93.6,93.6,OK
07-Feb-26,CONVEYANCE EXPENSES,100.0,0.0,100.0,Debit,Asset,0.7281419932878501,Fixed Asset,Fixed Asset Dr | To Bank,Asset,REVIEW,Debit Note,18.0,9.0,9.0,OK
07-Feb-26,SALARY PAYABLE,0.0,7273.0,7273.0,Credit,Payroll,0.09999999999999998,Salary Expense,Salary Expense Dr | To Bank,Expense,OK,B2B,1309.14,654.57,654.57,REVIEW
07-Feb-26,Uniform Expense,16800.0,0.0,16800.0,Debit,Marketing,0.09999999999999998,Marketing Expense,Marketing Expense Dr | To Bank,Expense,REVIEW,B2B,3024.0,1512.0,1512.0,REVIEW
09-Feb-26,Cash,0.0,12000.0,12000.0,Credit,Asset,0.7638835628821598,Fixed Asset,Fixed Asset Dr | To Bank,Asset,REVIEW,B2C,2160.0,1080.0,1080.0,OK
09-Feb-26,SBI BANK- 54238,0.0,3000000.0,3000000.0,Credit,Bank Charges,0.7364774865051836,Bank Charges Expense,Bank Charges Expense Dr | To Bank,Expense,OK,GST Payment,540000.0,270000.0,270000.0,OK
09-Feb-26,Other Expenses,10000.0,0.0,10000.0,Debit,Asset,0.7281419932878501,Fixed Asset,Fixed Asset Dr | To Bank,Asset,REVIEW,Debit Note,1800.0,900.0,900.0,OK
09-Feb-26,Other Expenses,2000.0,0.0,2000.0,Debit,Asset,0.7281419932878501,Fixed Asset,Fixed Asset Dr | To Bank,Asset,REVIEW,Debit Note,360.0,180.0,180.0,OK
09-Feb-26,CONVEYANCE EXPENSES,400.0,0.0,400.0,Debit,Asset,0.7281419932878501,Fixed Asset,Fixed Asset Dr | To Bank,Asset,REVIEW,Debit Note,72.0,36.0,36.0,OK
09-Feb-26,CONVEYANCE EXPENSES,350.0,0.0,350.0,Debit,Asset,0.7281419932878501,Fixed Asset,Fixed Asset Dr | To Bank,Asset,REVIEW,Debit Note,63.0,31.5,31.5,OK
09-Feb-26,COL  SUNIL DALAL (PROPRIETOR),5000000.0,0.0,5000000.0,Debit,Asset,0.09999999999999998,Fixed Asset,Fixed Asset Dr | To Bank,Asset,REVIEW,B2B,900000.0,450000.0,450000.0,REVIEW
09-Feb-26,"DEPUTY DIRECTOR, HORT . DIVN 8",0.0,376682.0,376682.0,Credit,Asset,0.7769971290038511,Fixed Asset,Fixed Asset Dr | To Bank,Asset,REVIEW,Reverse Charge,67802.76,33901.38,33901.38,OK
09-Feb-26,DY. Director Hort-X,0.0,7354666.0,7354666.0,Credit,Asset,0.7769971290038511,Fixed Asset,Fixed Asset Dr | To Bank,Asset,REVIEW,Reverse Charge,1323839.88,661919.94,661919.94,OK
09-Feb-26,DY.DIRECTOR  HR   DIV  7,0.0,378619.0,378619.0,Credit,Asset,0.7769971290038511,Fixed Asset,Fixed Asset Dr | To Bank,Asset,REVIEW,Reverse Charge,68151.42,34075.71,34075.71,OK
09-Feb-26,TDS Receivable @ 2%,157319.0,0.0,157319.0,Debit,Asset,0.09999999999999998,Fixed Asset,Fixed Asset Dr | To Bank,Asset,REVIEW,B2B,28317.42,14158.71,14158.71,REVIEW
09-Feb-26,Central Warehousing Corporation (InterState),0.0,230516.0,230516.0,Credit,Asset,0.09999999999999998,Fixed Asset,Fixed Asset Dr | To Bank,Asset,REVIEW,B2B,41492.88,20746.44,20746.44,REVIEW
09-Feb-26,Central Warehousing Corporation (InterState),0.0,153677.0,153677.0,Credit,Asset,0.09999999999999998,Fixed Asset,Fixed Asset Dr | To Bank,Asset,REVIEW,B2B,27661.86,13830.93,13830.93,REVIEW
09-Feb-26,Central Warehousing Corporation (InterState),0.0,134522.0,134522.0,Credit,Asset,0.09999999999999998,Fixed Asset,Fixed Asset Dr | To Bank,Asset,REVIEW,B2B,24213.96,12106.98,12106.98,REVIEW
09-Feb-26,DY DIRECTOR(HOR) DIV 6,0.0,574382.0,574382.0,Credit,Asset,0.7769971290038511,Fixed Asset,Fixed Asset Dr | To Bank,Asset,REVIEW,Reverse Charge,103388.76,51694.38,51694.38,OK
09-Feb-26,QUTAB GOLF COURSE,0.0,601828.0,601828.0,Credit,Asset,0.09999999999999998,Fixed Asset,Fixed Asset Dr | To Bank,Asset,REVIEW,B2B,108329.04,54164.52,54164.52,REVIEW
09-Feb-26,QUTAB GOLF COURSE,0.0,165559.0,165559.0,Credit,Asset,0.09999999999999998,Fixed Asset,Fixed Asset Dr | To Bank,Asset,REVIEW,B2B,29800.62,14900.31,14900.31,REVIEW
09-Feb-26,QUTAB GOLF COURSE,0.0,13424.0,13424.0,Credit,Asset,0.09999999999999998,Fixed Asset,Fixed Asset Dr | To Bank,Asset,REVIEW,B2B,2416.32,1208.16,1208.16,REVIEW
09-Feb-26,QUTAB GOLF COURSE,0.0,232102.0,232102.0,Credit,Asset,0.09999999999999998,Fixed Asset,Fixed Asset Dr | To Bank,Asset,REVIEW,B2B,41778.36,20889.18,20889.18,REVIEW
09-Feb-26,QUTAB GOLF COURSE,0.0,111094.0,111094.0,Credit,Asset,0.09999999999999998,Fixed Asset,Fixed Asset Dr | To Bank,Asset,REVIEW,B2B,19996.92,9998.46,9998.46,REVIEW
09-Feb-26,QUTAB GOLF COURSE,2296002.0,0.0,2296002.0,Debit,Asset,0.09999999999999998,Fixed Asset,Fixed Asset Dr | To Bank,Asset,REVIEW,B2B,413280.36,206640.18,206640.18,REVIEW
09-Feb-26,National Company Law Appellate Tribunal,776200.0,0.0,776200.0,Debit,Asset,0.09999999999999998,Fixed Asset,Fixed Asset Dr | To Bank,Asset,REVIEW,B2B,139716.0,69858.0,69858.0,REVIEW
09-Feb-26,Sub Regional Office Esic,814749.0,0.0,814749.0,Debit,Asset,0.09999999999999998,Fixed Asset,Fixed Asset Dr | To Bank,Asset,REVIEW,B2B,146654.82,73327.41,73327.41,REVIEW
09-Feb-26,DEPARTMENT OF SPACE,397492.0,0.0,397492.0,Debit,Asset,0.3891124283615845,Fixed Asset,Fixed Asset Dr | To Bank,Asset,REVIEW,GST Refund,71548.56,35774.28,35774.28,REVIEW
09-Feb-26,Fisheries Animal Husbandry and Dairying,138490.0,0.0,138490.0,Debit,Asset,0.09999999999999998,Fixed Asset,Fixed Asset Dr | To Bank,Asset,REVIEW,B2B,24928.2,12464.1,12464.1,REVIEW
09-Feb-26,SHAHEED SUKHDEV COLLEGE OF BUSINESS STUDIES,501143.0,0.0,501143.0,Debit,Travel,0.4418962307744769,Manual Review,Manual Journal Required,Unknown,REVIEW,Export,90205.74,45102.87,45102.87,REVIEW
09-Feb-26,SHAHEED SUKHDEV COLLEGE OF BUSINESS STUDIES,200457.0,0.0,200457.0,Debit,Travel,0.4418962307744769,Manual Review,Manual Journal Required,Unknown,REVIEW,Export,36082.26,18041.13,18041.13,REVIEW
09-Feb-26,Ex Engineer NPD 8,92005.0,0.0,92005.0,Debit,Asset,0.09999999999999998,Fixed Asset,Fixed Asset Dr | To Bank,Asset,REVIEW,B2B,16560.9,8280.45,8280.45,REVIEW
09-Feb-26,DY DIRECTOR(HOR) DIV 6,569370.06,0.0,569370.06,Debit,Asset,0.7769971290038511,Fixed Asset,Fixed Asset Dr | To Bank,Asset,REVIEW,Reverse Charge,102486.61,51243.31,51243.31,OK
09-Feb-26,Dwarka Project  Division 1,4752750.0,0.0,4752750.0,Debit,Asset,0.09999999999999998,Fixed Asset,Fixed Asset Dr | To Bank,Asset,REVIEW,B2B,855495.0,427747.5,427747.5,REVIEW
09-Feb-26,Central Warehousing Corporation (InterState),230515.8,0.0,230515.8,Debit,Asset,0.09999999999999998,Fixed Asset,Fixed Asset Dr | To Bank,Asset,REVIEW,B2B,41492.84,20746.42,20746.42,REVIEW
09-Feb-26,Central Warehousing Corporation (InterState),230515.8,0.0,230515.8,Debit,Asset,0.09999999999999998,Fixed Asset,Fixed Asset Dr | To Bank,Asset,REVIEW,B2B,41492.84,20746.42,20746.42,REVIEW
09-Feb-26,Central Warehousing Corporation (InterState),134522.38,0.0,134522.38,Debit,Asset,0.09999999999999998,Fixed Asset,Fixed Asset Dr | To Bank,Asset,REVIEW,B2B,24214.03,12107.01,12107.01,REVIEW
09-Feb-26,Central Warehousing Corporation (InterState),153677.2,0.0,153677.2,Debit,Asset,0.09999999999999998,Fixed Asset,Fixed Asset Dr | To Bank,Asset,REVIEW,B2B,27661.9,13830.95,13830.95,REVIEW
09-Feb-26,Central Warehousing Corporation (InterState),153677.2,0.0,153677.2,Debit,Asset,0.09999999999999998,Fixed Asset,Fixed Asset Dr | To Bank,Asset,REVIEW,B2B,27661.9,13830.95,13830.95,REVIEW
09-Feb-26,Central Warehousing Corporation (InterState),134522.38,0.0,134522.38,Debit,Asset,0.09999999999999998,Fixed Asset,Fixed Asset Dr | To Bank,Asset,REVIEW,B2B,24214.03,12107.01,12107.01,REVIEW
10-Feb-26,Vehicle Maintenance Charges,60.0,0.0,60.0,Debit,Asset,0.4771037584455656,Fixed Asset,Fixed Asset Dr | To Bank,Asset,REVIEW,Debit Note,10.8,5.4,5.4,REVIEW
10-Feb-26,Stamp Paper,620.0,0.0,620.0,Debit,Asset,0.09999999999999998,Fixed Asset,Fixed Asset Dr | To Bank,Asset,REVIEW,B2B,111.6,55.8,55.8,REVIEW
11-Feb-26,Cash,0.0,10000.0,10000.0,Credit,Asset,0.7638835628821598,Fixed Asset,Fixed Asset Dr | To Bank,Asset,REVIEW,B2C,1800.0,900.0,900.0,OK
11-Feb-26,Cash,0.0,10000.0,10000.0,Credit,Asset,0.7638835628821598,Fixed Asset,Fixed Asset Dr | To Bank,Asset,REVIEW,B2C,1800.0,900.0,900.0,OK
11-Feb-26,HDFC BANK - 95177,0.0,200000.0,200000.0,Credit,Bank Charges,0.7364774865051836,Bank Charges Expense,Bank Charges Expense Dr | To Bank,Expense,OK,GST Payment,36000.0,18000.0,18000.0,OK
11-Feb-26,CONVEYANCE EXPENSES,2000.0,0.0,2000.0,Debit,Asset,0.7281419932878501,Fixed Asset,Fixed Asset Dr | To Bank,Asset,REVIEW,Debit Note,360.0,180.0,180.0,OK
11-Feb-26,CONVEYANCE EXPENSES,2150.0,0.0,2150.0,Debit,Asset,0.7281419932878501,Fixed Asset,Fixed Asset Dr | To Bank,Asset,REVIEW,Debit Note,387.0,193.5,193.5,OK
11-Feb-26,Office Petty Expenses,53556.0,0.0,53556.0,Debit,Asset,0.7281419932878501,Fixed Asset,Fixed Asset Dr | To Bank,Asset,REVIEW,Debit Note,9640.08,4820.04,4820.04,OK
11-Feb-26,Other Expenses,6000.0,0.0,6000.0,Debit,Asset,0.7281419932878501,Fixed Asset,Fixed Asset Dr | To Bank,Asset,REVIEW,Debit Note,1080.0,540.0,540.0,OK
11-Feb-26,ELEGANT APPARELS,17640.0,0.0,17640.0,Debit,Asset,0.09999999999999998,Fixed Asset,Fixed Asset Dr | To Bank,Asset,REVIEW,B2B,3175.2,1587.6,1587.6,REVIEW
11-Feb-26,Electricity Expenses,4980.0,0.0,4980.0,Debit,Utilities,0.7281419932878501,Utilities Expense,Utilities Expense Dr | To Bank,Expense,OK,Debit Note,896.4,448.2,448.2,OK
11-Feb-26,MASTER RUBER WORKSS,25373.0,0.0,25373.0,Debit,Asset,0.09999999999999998,Fixed Asset,Fixed Asset Dr | To Bank,Asset,REVIEW,B2B,4567.14,2283.57,2283.57,REVIEW
11-Feb-26,Stamp Paper,90.0,0.0,90.0,Debit,Asset,0.09999999999999998,Fixed Asset,Fixed Asset Dr | To Bank,Asset,REVIEW,B2B,16.2,8.1,8.1,REVIEW
11-Feb-26,CONVEYANCE EXPENSES,350.0,0.0,350.0,Debit,Asset,0.7281419932878501,Fixed Asset,Fixed Asset Dr | To Bank,Asset,REVIEW,Debit Note,63.0,31.5,31.5,OK
11-Feb-26,CONVEYANCE EXPENSES,500.0,0.0,500.0,Debit,Asset,0.7281419932878501,Fixed Asset,Fixed Asset Dr | To Bank,Asset,REVIEW,Debit Note,90.0,45.0,45.0,OK
11-Feb-26,COL  SUNIL DALAL (PROPRIETOR),0.0,200000.0,200000.0,Credit,Asset,0.09999999999999998,Fixed Asset,Fixed Asset Dr | To Bank,Asset,REVIEW,B2B,36000.0,18000.0,18000.0,REVIEW
11-Feb-26,DEPARTMENT OF SPACE,0.0,93373.0,93373.0,Credit,Asset,0.3891124283615845,Fixed Asset,Fixed Asset Dr | To Bank,Asset,REVIEW,GST Refund,16807.14,8403.57,8403.57,REVIEW
11-Feb-26,DY. Director Hort-X,0.0,7599823.0,7599823.0,Credit,Asset,0.7769971290038511,Fixed Asset,Fixed Asset Dr | To Bank,Asset,REVIEW,Reverse Charge,1367968.14,683984.07,683984.07,OK
11-Feb-26,TDS Receivable @ 2%,162563.0,0.0,162563.0,Debit,Asset,0.09999999999999998,Fixed Asset,Fixed Asset Dr | To Bank,Asset,REVIEW,B2B,29261.34,14630.67,14630.67,REVIEW
12-Feb-26,CONVEYANCE EXPENSES,2880.0,0.0,2880.0,Debit,Asset,0.7281419932878501,Fixed Asset,Fixed Asset Dr | To Bank,Asset,REVIEW,Debit Note,518.4,259.2,259.2,OK
12-Feb-26,REPAIRS AND MAINTENANCE,1390.0,0.0,1390.0,Debit,Asset,0.09999999999999998,Fixed Asset,Fixed Asset Dr | To Bank,Asset,REVIEW,B2B,250.2,125.1,125.1,REVIEW
12-Feb-26,CONVEYANCE EXPENSES,2750.0,0.0,2750.0,Debit,Asset,0.7281419932878501,Fixed Asset,Fixed Asset Dr | To Bank,Asset,REVIEW,Debit Note,495.0,247.5,247.5,OK
12-Feb-26,SALARY PAYABLE,1728290.0,0.0,1728290.0,Debit,Payroll,0.09999999999999998,Salary Expense,Salary Expense Dr | To Bank,Expense,OK,B2B,311092.2,155546.1,155546.1,REVIEW
12-Feb-26,SALARY PAYABLE,5599769.0,0.0,5599769.0,Debit,Payroll,0.09999999999999998,Salary Expense,Salary Expense Dr | To Bank,Expense,OK,B2B,1007958.42,503979.21,503979.21,REVIEW
12-Feb-26,SBI 1144,0.0,2000054.0,2000054.0,Credit,Asset,0.09999999999999998,Fixed Asset,Fixed Asset Dr | To Bank,Asset,REVIEW,B2B,360009.72,180004.86,180004.86,REVIEW
13-Feb-26,Cash,0.0,10000.0,10000.0,Credit,Asset,0.7638835628821598,Fixed Asset,Fixed Asset Dr | To Bank,Asset,REVIEW,B2C,1800.0,900.0,900.0,OK
13-Feb-26,Office  Equipments,450.0,0.0,450.0,Debit,Asset,0.09999999999999998,Fixed Asset,Fixed Asset Dr | To Bank,Asset,REVIEW,B2B,81.0,40.5,40.5,REVIEW
13-Feb-26,Other Expenses,100.0,0.0,100.0,Debit,Asset,0.7281419932878501,Fixed Asset,Fixed Asset Dr | To Bank,Asset,REVIEW,Debit Note,18.0,9.0,9.0,OK
13-Feb-26,PROFESSIONAL CHARGES,8500.0,0.0,8500.0,Debit,Professional Fees,0.3489394184680198,Manual Review,Manual Journal Required,Unknown,OK,Reverse Charge,1530.0,765.0,765.0,REVIEW
14-Feb-26,CONVEYANCE EXPENSES,150.0,0.0,150.0,Debit,Asset,0.7281419932878501,Fixed Asset,Fixed Asset Dr | To Bank,Asset,REVIEW,Debit Note,27.0,13.5,13.5,OK
14-Feb-26,CONVEYANCE EXPENSES,1724.0,0.0,1724.0,Debit,Asset,0.7281419932878501,Fixed Asset,Fixed Asset Dr | To Bank,Asset,REVIEW,Debit Note,310.32,155.16,155.16,OK
14-Feb-26,BANK CHARGES,1463.2,0.0,1463.2,Debit,Bank Charges,0.34234595217777647,Bank Charges Expense,Bank Charges Expense Dr | To Bank,Expense,OK,GST Payment,263.38,131.69,131.69,REVIEW
14-Feb-26,STATIONERY FOR OFFICE,4536.0,0.0,4536.0,Debit,Asset,0.501040898307841,Fixed Asset,Fixed Asset Dr | To Bank,Asset,REVIEW,Debit Note,816.48,408.24,408.24,REVIEW
15-Feb-26,SBI OD A/C- 6791,0.0,1600000.0,1600000.0,Credit,Asset,0.09999999999999998,Fixed Asset,Fixed Asset Dr | To Bank,Asset,REVIEW,B2B,288000.0,144000.0,144000.0,REVIEW
15-Feb-26,Esic Payable,37575.0,0.0,37575.0,Debit,Asset,0.09999999999999998,Fixed Asset,Fixed Asset Dr | To Bank,Asset,REVIEW,B2B,6763.5,3381.75,3381.75,REVIEW
15-Feb-26,PF PAYABLE,1408456.0,0.0,1408456.0,Debit,Asset,0.09999999999999998,Fixed Asset,Fixed Asset Dr | To Bank,Asset,REVIEW,B2B,253522.08,126761.04,126761.04,REVIEW
16-Feb-26,CONVEYANCE EXPENSES,5800.0,0.0,5800.0,Debit,Asset,0.7281419932878501,Fixed Asset,Fixed Asset Dr | To Bank,Asset,REVIEW,Debit Note,1044.0,522.0,522.0,OK
16-Feb-26,SALARY PAYABLE,1645.0,0.0,1645.0,Debit,Payroll,0.09999999999999998,Salary Expense,Salary Expense Dr | To Bank,Expense,OK,B2B,296.1,148.05,148.05,REVIEW
16-Feb-26,RAJA PROPERTIES & CONSTRUCTION,69300.0,0.0,69300.0,Debit,Asset,0.09999999999999998,Fixed Asset,Fixed Asset Dr | To Bank,Asset,REVIEW,B2B,12474.0,6237.0,6237.0,REVIEW
16-Feb-26,Haryana Offfice Rent,6000.0,0.0,6000.0,Debit,Rent,0.09999999999999998,Rent Expense,Rent Expense Dr | To Bank,Expense,OK,B2B,1080.0,540.0,540.0,REVIEW
16-Feb-26,UP Office Rent,4500.0,0.0,4500.0,Debit,Rent,0.09999999999999998,Rent Expense,Rent Expense Dr | To Bank,Expense,OK,B2B,810.0,405.0,405.0,REVIEW
16-Feb-26,THE RIGHT CHOICE,5227.0,0.0,5227.0,Debit,Asset,0.09999999999999998,Fixed Asset,Fixed Asset Dr | To Bank,Asset,REVIEW,B2B,940.86,470.43,470.43,REVIEW
16-Feb-26,COL  SUNIL DALAL (PROPRIETOR),0.0,100000.0,100000.0,Credit,Asset,0.09999999999999998,Fixed Asset,Fixed Asset Dr | To Bank,Asset,REVIEW,B2B,18000.0,9000.0,9000.0,REVIEW
16-Feb-26,Uniform Expense,13425.0,0.0,13425.0,Debit,Marketing,0.09999999999999998,Marketing Expense,Marketing Expense Dr | To Bank,Expense,REVIEW,B2B,2416.5,1208.25,1208.25,REVIEW
16-Feb-26,RENT DELHI OFFICE,77000.0,0.0,77000.0,Debit,Rent,0.09999999999999998,Rent Expense,Rent Expense Dr | To Bank,Expense,OK,B2B,13860.0,6930.0,6930.0,REVIEW
17-Feb-26,Cash,0.0,10000.0,10000.0,Credit,Asset,0.7638835628821598,Fixed Asset,Fixed Asset Dr | To Bank,Asset,REVIEW,B2C,1800.0,900.0,900.0,OK
17-Feb-26,CONVEYANCE EXPENSES,600.0,0.0,600.0,Debit,Asset,0.7281419932878501,Fixed Asset,Fixed Asset Dr | To Bank,Asset,REVIEW,Debit Note,108.0,54.0,54.0,OK
17-Feb-26,CONVEYANCE EXPENSES,3080.0,0.0,3080.0,Debit,Asset,0.7281419932878501,Fixed Asset,Fixed Asset Dr | To Bank,Asset,REVIEW,Debit Note,554.4,277.2,277.2,OK
17-Feb-26,SALARY PAYABLE,23706.0,0.0,23706.0,Debit,Payroll,0.09999999999999998,Salary Expense,Salary Expense Dr | To Bank,Expense,OK,B2B,4267.08,2133.54,2133.54,REVIEW
17-Feb-26,PRINTING AND STATIONARY,200.0,0.0,200.0,Debit,Asset,0.09999999999999998,Fixed Asset,Fixed Asset Dr | To Bank,Asset,REVIEW,B2B,36.0,18.0,18.0,REVIEW
17-Feb-26,SHAHEED SUKHDEV COLLEGE OF BUSINESS STUDIES,0.0,193661.0,193661.0,Credit,Travel,0.4418962307744769,Manual Review,Manual Journal Required,Unknown,REVIEW,Export,34858.98,17429.49,17429.49,REVIEW
18-Feb-26,CONVEYANCE EXPENSES,200.0,0.0,200.0,Debit,Asset,0.7281419932878501,Fixed Asset,Fixed Asset Dr | To Bank,Asset,REVIEW,Debit Note,36.0,18.0,18.0,OK
19-Feb-26,Cash,0.0,4300.0,4300.0,Credit,Asset,0.7638835628821598,Fixed Asset,Fixed Asset Dr | To Bank,Asset,REVIEW,B2C,774.0,387.0,387.0,OK
19-Feb-26,SBI OD A/C- 6791,0.0,1700000.0,1700000.0,Credit,Asset,0.09999999999999998,Fixed Asset,Fixed Asset Dr | To Bank,Asset,REVIEW,B2B,306000.0,153000.0,153000.0,REVIEW
19-Feb-26,CONVEYANCE EXPENSES,3220.0,0.0,3220.0,Debit,Asset,0.7281419932878501,Fixed Asset,Fixed Asset Dr | To Bank,Asset,REVIEW,Debit Note,579.6,289.8,289.8,OK
19-Feb-26,REPAIRS AND MAINTENANCE,600.0,0.0,600.0,Debit,Asset,0.09999999999999998,Fixed Asset,Fixed Asset Dr | To Bank,Asset,REVIEW,B2B,108.0,54.0,54.0,REVIEW
19-Feb-26,GST PAYABLE,1807782.0,0.0,1807782.0,Debit,GST,0.4642212308239418,GST Payable,GST Payable Dr | To Bank,Liability,OK,GST Refund,325400.76,162700.38,162700.38,REVIEW
19-Feb-26,Stamp Paper,530.0,0.0,530.0,Debit,Asset,0.09999999999999998,Fixed Asset,Fixed Asset Dr | To Bank,Asset,REVIEW,B2B,95.4,47.7,47.7,REVIEW
19-Feb-26,Other Expenses,1600.0,0.0,1600.0,Debit,Asset,0.7281419932878501,Fixed Asset,Fixed Asset Dr | To Bank,Asset,REVIEW,Debit Note,288.0,144.0,144.0,OK
19-Feb-26,Other Expenses,680.0,0.0,680.0,Debit,Asset,0.7281419932878501,Fixed Asset,Fixed Asset Dr | To Bank,Asset,REVIEW,Debit Note,122.4,61.2,61.2,OK
19-Feb-26,Bharat Sanchar Nigam Limited,0.0,1246475.0,1246475.0,Credit,Asset,0.09999999999999998,Fixed Asset,Fixed Asset Dr | To Bank,Asset,REVIEW,B2B,224365.5,112182.75,112182.75,REVIEW
20-Feb-26,CONVEYANCE EXPENSES,540.0,0.0,540.0,Debit,Asset,0.7281419932878501,Fixed Asset,Fixed Asset Dr | To Bank,Asset,REVIEW,Debit Note,97.2,48.6,48.6,OK
20-Feb-26,REPAIRS AND MAINTENANCE,500.0,0.0,500.0,Debit,Asset,0.09999999999999998,Fixed Asset,Fixed Asset Dr | To Bank,Asset,REVIEW,B2B,90.0,45.0,45.0,REVIEW
20-Feb-26,PRINTING AND STATIONARY,300.0,0.0,300.0,Debit,Asset,0.09999999999999998,Fixed Asset,Fixed Asset Dr | To Bank,Asset,REVIEW,B2B,54.0,27.0,27.0,REVIEW
20-Feb-26,Stamp Paper,650.0,0.0,650.0,Debit,Asset,0.09999999999999998,Fixed Asset,Fixed Asset Dr | To Bank,Asset,REVIEW,B2B,117.0,58.5,58.5,REVIEW
20-Feb-26,SALARY PAYABLE,24687.0,0.0,24687.0,Debit,Payroll,0.09999999999999998,Salary Expense,Salary Expense Dr | To Bank,Expense,OK,B2B,4443.66,2221.83,2221.83,REVIEW
20-Feb-26,COL  SUNIL DALAL (PROPRIETOR),0.0,50000.0,50000.0,Credit,Asset,0.09999999999999998,Fixed Asset,Fixed Asset Dr | To Bank,Asset,REVIEW,B2B,9000.0,4500.0,4500.0,REVIEW
21-Feb-26,Cash,0.0,10000.0,10000.0,Credit,Asset,0.7638835628821598,Fixed Asset,Fixed Asset Dr | To Bank,Asset,REVIEW,B2C,1800.0,900.0,900.0,OK
23-Feb-26,Cash,0.0,13000.0,13000.0,Credit,Asset,0.7638835628821598,Fixed Asset,Fixed Asset Dr | To Bank,Asset,REVIEW,B2C,2340.0,1170.0,1170.0,OK
23-Feb-26,HDFC BANK - 95177,0.0,200000.0,200000.0,Credit,Bank Charges,0.7364774865051836,Bank Charges Expense,Bank Charges Expense Dr | To Bank,Expense,OK,GST Payment,36000.0,18000.0,18000.0,OK
23-Feb-26,SBI OD A/C- 6791,0.0,1600000.0,1600000.0,Credit,Asset,0.09999999999999998,Fixed Asset,Fixed Asset Dr | To Bank,Asset,REVIEW,B2B,288000.0,144000.0,144000.0,REVIEW
23-Feb-26,SBI BANK- 54238,0.0,3200000.0,3200000.0,Credit,Bank Charges,0.7364774865051836,Bank Charges Expense,Bank Charges Expense Dr | To Bank,Expense,OK,GST Payment,576000.0,288000.0,288000.0,OK
23-Feb-26,CONVEYANCE EXPENSES,2776.0,0.0,2776.0,Debit,Asset,0.7281419932878501,Fixed Asset,Fixed Asset Dr | To Bank,Asset,REVIEW,Debit Note,499.68,249.84,249.84,OK
23-Feb-26,Cartage Outwards,165.0,0.0,165.0,Debit,Asset,0.09999999999999998,Fixed Asset,Fixed Asset Dr | To Bank,Asset,REVIEW,B2B,29.7,14.85,14.85,REVIEW
23-Feb-26,Office Petty Expenses,50.0,0.0,50.0,Debit,Asset,0.7281419932878501,Fixed Asset,Fixed Asset Dr | To Bank,Asset,REVIEW,Debit Note,9.0,4.5,4.5,OK
23-Feb-26,CONVEYANCE EXPENSES,1668.0,0.0,1668.0,Debit,Asset,0.7281419932878501,Fixed Asset,Fixed Asset Dr | To Bank,Asset,REVIEW,Debit Note,300.24,150.12,150.12,OK
23-Feb-26,CONVEYANCE EXPENSES,1440.0,0.0,1440.0,Debit,Asset,0.7281419932878501,Fixed Asset,Fixed Asset Dr | To Bank,Asset,REVIEW,Debit Note,259.2,129.6,129.6,OK
23-Feb-26,CONVEYANCE EXPENSES,120.0,0.0,120.0,Debit,Asset,0.7281419932878501,Fixed Asset,Fixed Asset Dr | To Bank,Asset,REVIEW,Debit Note,21.6,10.8,10.8,OK
23-Feb-26,PRINTING AND STATIONARY,500.0,0.0,500.0,Debit,Asset,0.09999999999999998,Fixed Asset,Fixed Asset Dr | To Bank,Asset,REVIEW,B2B,90.0,45.0,45.0,REVIEW
23-Feb-26,IT SYSTEMS,12450.0,0.0,12450.0,Debit,Asset,0.6872998236737516,Fixed Asset,Fixed Asset Dr | To Bank,Asset,REVIEW,Export,2241.0,1120.5,1120.5,REVIEW
23-Feb-26,COL  SUNIL DALAL (PROPRIETOR),0.0,200000.0,200000.0,Credit,Asset,0.09999999999999998,Fixed Asset,Fixed Asset Dr | To Bank,Asset,REVIEW,B2B,36000.0,18000.0,18000.0,REVIEW
23-Feb-26,DY DIRECTOR(HOR) DIV 6,0.0,831987.0,831987.0,Credit,Asset,0.7769971290038511,Fixed Asset,Fixed Asset Dr | To Bank,Asset,REVIEW,Reverse Charge,149757.66,74878.83,74878.83,OK
23-Feb-26,"EXECUTIVE ENGR, HCD 10",0.0,1850674.0,1850674.0,Credit,Asset,0.09999999999999998,Fixed Asset,Fixed Asset Dr | To Bank,Asset,REVIEW,B2B,333121.32,166560.66,166560.66,REVIEW
23-Feb-26,DY DIRECTOR(HOR) DIV 6,0.0,463217.0,463217.0,Credit,Asset,0.7769971290038511,Fixed Asset,Fixed Asset Dr | To Bank,Asset,REVIEW,Reverse Charge,83379.06,41689.53,41689.53,OK
23-Feb-26,"DEPUTY DIRECTOR, HORT . DIVN 8",0.0,163862.0,163862.0,Credit,Asset,0.7769971290038511,Fixed Asset,Fixed Asset Dr | To Bank,Asset,REVIEW,Reverse Charge,29495.16,14747.58,14747.58,OK
23-Feb-26,PG HCD-10,0.0,349268.0,349268.0,Credit,Asset,0.09999999999999998,Fixed Asset,Fixed Asset Dr | To Bank,Asset,REVIEW,B2B,62868.24,31434.12,31434.12,REVIEW
23-Feb-26,SHAHEED SUKHDEV COLLEGE OF BUSINESS STUDIES,0.0,484154.0,484154.0,Credit,Travel,0.4418962307744769,Manual Review,Manual Journal Required,Unknown,REVIEW,Export,87147.72,43573.86,43573.86,REVIEW
23-Feb-26,PRINTING AND STATIONARY,10550.9,0.0,10550.9,Debit,Asset,0.09999999999999998,Fixed Asset,Fixed Asset Dr | To Bank,Asset,REVIEW,B2B,1899.16,949.58,949.58,REVIEW
23-Feb-26,PG HCD-10,26911.0,0.0,26911.0,Debit,Asset,0.09999999999999998,Fixed Asset,Fixed Asset Dr | To Bank,Asset,REVIEW,B2B,4843.98,2421.99,2421.99,REVIEW
24-Feb-26,SHAHEED SUKHDEV COLLEGE OF BUSINESS STUDIES,0.0,193661.0,193661.0,Credit,Travel,0.4418962307744769,Manual Review,Manual Journal Required,Unknown,REVIEW,Export,34858.98,17429.49,17429.49,REVIEW
25-Feb-26,Cash,0.0,15000.0,15000.0,Credit,Asset,0.7638835628821598,Fixed Asset,Fixed Asset Dr | To Bank,Asset,REVIEW,B2C,2700.0,1350.0,1350.0,OK
25-Feb-26,PRINTING AND STATIONARY,240.0,0.0,240.0,Debit,Asset,0.09999999999999998,Fixed Asset,Fixed Asset Dr | To Bank,Asset,REVIEW,B2B,43.2,21.6,21.6,REVIEW
25-Feb-26,Stamp Paper,50.0,0.0,50.0,Debit,Asset,0.09999999999999998,Fixed Asset,Fixed Asset Dr | To Bank,Asset,REVIEW,B2B,9.0,4.5,4.5,REVIEW
25-Feb-26,CONVEYANCE EXPENSES,100.0,0.0,100.0,Debit,Asset,0.7281419932878501,Fixed Asset,Fixed Asset Dr | To Bank,Asset,REVIEW,Debit Note,18.0,9.0,9.0,OK
25-Feb-26,Vehicle Maintenance Charges,2160.0,0.0,2160.0,Debit,Asset,0.4771037584455656,Fixed Asset,Fixed Asset Dr | To Bank,Asset,REVIEW,Debit Note,388.8,194.4,194.4,REVIEW
25-Feb-26,Stamp Paper,550.0,0.0,550.0,Debit,Asset,0.09999999999999998,Fixed Asset,Fixed Asset Dr | To Bank,Asset,REVIEW,B2B,99.0,49.5,49.5,REVIEW
25-Feb-26,CONVEYANCE EXPENSES,215.0,0.0,215.0,Debit,Asset,0.7281419932878501,Fixed Asset,Fixed Asset Dr | To Bank,Asset,REVIEW,Debit Note,38.7,19.35,19.35,OK
25-Feb-26,SALARY PAYABLE,11363.0,0.0,11363.0,Debit,Payroll,0.09999999999999998,Salary Expense,Salary Expense Dr | To Bank,Expense,OK,B2B,2045.34,1022.67,1022.67,REVIEW
25-Feb-26,DEPARTMENT OF SPACE,0.0,384017.0,384017.0,Credit,Asset,0.3891124283615845,Fixed Asset,Fixed Asset Dr | To Bank,Asset,REVIEW,GST Refund,69123.06,34561.53,34561.53,REVIEW
25-Feb-26,SALARY PAYABLE,0.0,525000.0,525000.0,Credit,Payroll,0.09999999999999998,Salary Expense,Salary Expense Dr | To Bank,Expense,OK,B2B,94500.0,47250.0,47250.0,REVIEW
25-Feb-26,Uniform Expense,32000.0,0.0,32000.0,Debit,Marketing,0.09999999999999998,Marketing Expense,Marketing Expense Dr | To Bank,Expense,REVIEW,B2B,5760.0,2880.0,2880.0,REVIEW
26-Feb-26,SBI BANK- 54238,0.0,1700000.0,1700000.0,Credit,Bank Charges,0.7364774865051836,Bank Charges Expense,Bank Charges Expense Dr | To Bank,Expense,OK,GST Payment,306000.0,153000.0,153000.0,OK
26-Feb-26,REPAIRS AND MAINTENANCE,840.0,0.0,840.0,Debit,Asset,0.09999999999999998,Fixed Asset,Fixed Asset Dr | To Bank,Asset,REVIEW,B2B,151.2,75.6,75.6,REVIEW
26-Feb-26,CONVEYANCE EXPENSES,6768.0,0.0,6768.0,Debit,Asset,0.7281419932878501,Fixed Asset,Fixed Asset Dr | To Bank,Asset,REVIEW,Debit Note,1218.24,609.12,609.12,OK
26-Feb-26,CONVEYANCE EXPENSES,5040.0,0.0,5040.0,Debit,Asset,0.7281419932878501,Fixed Asset,Fixed Asset Dr | To Bank,Asset,REVIEW,Debit Note,907.2,453.6,453.6,OK
26-Feb-26,COL  SUNIL DALAL (PROPRIETOR),2700000.0,0.0,2700000.0,Debit,Asset,0.09999999999999998,Fixed Asset,Fixed Asset Dr | To Bank,Asset,REVIEW,B2B,486000.0,243000.0,243000.0,REVIEW
26-Feb-26,AIRTEL POSTPAID BILL,1811.3,0.0,1811.3,Debit,Utilities,0.8402233707166438,Utilities Expense,Utilities Expense Dr | To Bank,Expense,OK,B2C,326.03,163.02,163.02,OK
26-Feb-26,Common Other Misc. Services,25000.0,0.0,25000.0,Debit,Asset,0.09999999999999998,Fixed Asset,Fixed Asset Dr | To Bank,Asset,REVIEW,B2B,4500.0,2250.0,2250.0,REVIEW
26-Feb-26,Dwarka Project  Division 1,0.0,3350162.0,3350162.0,Credit,Asset,0.09999999999999998,Fixed Asset,Fixed Asset Dr | To Bank,Asset,REVIEW,B2B,603029.16,301514.58,301514.58,REVIEW
27-Feb-26,MASTER RUBER WORKSS,11277.0,0.0,11277.0,Debit,Asset,0.09999999999999998,Fixed Asset,Fixed Asset Dr | To Bank,Asset,REVIEW,B2B,2029.86,1014.93,1014.93,REVIEW
27-Feb-26,SALARY PAYABLE,13353.0,0.0,13353.0,Debit,Payroll,0.09999999999999998,Salary Expense,Salary Expense Dr | To Bank,Expense,OK,B2B,2403.54,1201.77,1201.77,REVIEW
27-Feb-26,SALARY PAYABLE,390.0,0.0,390.0,Debit,Payroll,0.09999999999999998,Salary Expense,Salary Expense Dr | To Bank,Expense,OK,B2B,70.2,35.1,35.1,REVIEW
27-Feb-26,Cartage Outwards,250.0,0.0,250.0,Debit,Asset,0.09999999999999998,Fixed Asset,Fixed Asset Dr | To Bank,Asset,REVIEW,B2B,45.0,22.5,22.5,REVIEW
27-Feb-26,COL  SUNIL DALAL (PROPRIETOR),0.0,60000.0,60000.0,Credit,Asset,0.09999999999999998,Fixed Asset,Fixed Asset Dr | To Bank,Asset,REVIEW,B2B,10800.0,5400.0,5400.0,REVIEW
27-Feb-26,Uniform Expense,10740.0,0.0,10740.0,Debit,Marketing,0.09999999999999998,Marketing Expense,Marketing Expense Dr | To Bank,Expense,REVIEW,B2B,1933.2,966.6,966.6,REVIEW
28-Feb-26,Cash,0.0,3200.0,3200.0,Credit,Asset,0.7638835628821598,Fixed Asset,Fixed Asset Dr | To Bank,Asset,REVIEW,B2C,576.0,288.0,288.0,OK
28-Feb-26,CONVEYANCE EXPENSES,772.0,0.0,772.0,Debit,Asset,0.7281419932878501,Fixed Asset,Fixed Asset Dr | To Bank,Asset,REVIEW,Debit Note,138.96,69.48,69.48,OK
28-Feb-26,Expertsoul Consultancy Services,3540.0,0.0,3540.0,Debit,Professional Fees,0.09999999999999998,Manual Review,Manual Journal Required,Unknown,OK,B2B,637.2,318.6,318.6,REVIEW
28-Feb-26,ELEGANT APPARELS,33600.0,0.0,33600.0,Debit,Asset,0.09999999999999998,Fixed Asset,Fixed Asset Dr | To Bank,Asset,REVIEW,B2B,6048.0,3024.0,3024.0,REVIEW
28-Feb-26,CONVEYANCE EXPENSES,200.0,0.0,200.0,Debit,Asset,0.7281419932878501,Fixed Asset,Fixed Asset Dr | To Bank,Asset,REVIEW,Debit Note,36.0,18.0,18.0,OK
28-Feb-26,Vehicle Maintenance Charges,100.0,0.0,100.0,Debit,Asset,0.4771037584455656,Fixed Asset,Fixed Asset Dr | To Bank,Asset,REVIEW,Debit Note,18.0,9.0,9.0,REVIEW
28-Feb-26,Other Expenses,3000.0,0.0,3000.0,Debit,Asset,0.7281419932878501,Fixed Asset,Fixed Asset Dr | To Bank,Asset,REVIEW,Debit Note,540.0,270.0,270.0,OK
28-Feb-26,OFFICE  MAINTENANCE,200.0,0.0,200.0,Debit,Asset,0.09999999999999998,Fixed Asset,Fixed Asset Dr | To Bank,Asset,REVIEW,B2B,36.0,18.0,18.0,REVIEW
28-Feb-26,Diesel and Petrol Charges,23354.98,0.0,23354.98,Debit,Bank Charges,0.4771037584455656,Bank Charges Expense,Bank Charges Expense Dr | To Bank,Expense,REVIEW,Debit Note,4203.9,2101.95,2101.95,REVIEW
28-Feb-26,Interest,11977.0,0.0,11977.0,Debit,Asset,0.09999999999999998,Fixed Asset,Fixed Asset Dr | To Bank,Asset,REVIEW,B2B,2155.86,1077.93,1077.93,REVIEW
28-Feb-26,Salary,9932669.0,0.0,9932669.0,Debit,Payroll,0.09999999999999998,Salary Expense,Salary Expense Dr | To Bank,Expense,OK,B2B,1787880.42,893940.21,893940.21,REVIEW
28-Feb-26,PF Employer Contribution,637190.0,0.0,637190.0,Debit,Asset,0.09999999999999998,Fixed Asset,Fixed Asset Dr | To Bank,Asset,REVIEW,B2B,114694.2,57347.1,57347.1,REVIEW
28-Feb-26,Salary,55000.0,0.0,55000.0,Debit,Payroll,0.09999999999999998,Salary Expense,Salary Expense Dr | To Bank,Expense,OK,B2B,9900.0,4950.0,4950.0,REVIEW
28-Feb-26,OUTPUT CGST@9%,1963708.35,0.0,1963708.35,Debit,Asset,0.09999999999999998,Fixed Asset,Fixed Asset Dr | To Bank,Asset,REVIEW,B2B,353467.5,176733.75,176733.75,REVIEW
28-Feb-26,OUTPUT CGST@9%,79126.08,0.0,79126.08,Debit,Asset,0.09999999999999998,Fixed Asset,Fixed Asset Dr | To Bank,Asset,REVIEW,B2B,14242.69,7121.35,7121.35,REVIEW
28-Feb-26,Dwarka Project  Division 1,454659.0,0.0,454659.0,Debit,Asset,0.09999999999999998,Fixed Asset,Fixed Asset Dr | To Bank,Asset,REVIEW,B2B,81838.62,40919.31,40919.31,REVIEW
28-Feb-26,QUTAB GOLF COURSE,79658.0,0.0,79658.0,Debit,Asset,0.09999999999999998,Fixed Asset,Fixed Asset Dr | To Bank,Asset,REVIEW,B2B,14338.44,7169.22,7169.22,REVIEW
01-Mar-26,BANK CHARGES,7.08,0.0,7.08,Debit,Bank Charges,0.34234595217777647,Bank Charges Expense,Bank Charges Expense Dr | To Bank,Expense,OK,GST Payment,1.27,0.64,0.64,REVIEW
01-Mar-26,STATIONERY FOR OFFICE,2865.0,0.0,2865.0,Debit,Asset,0.501040898307841,Fixed Asset,Fixed Asset Dr | To Bank,Asset,REVIEW,Debit Note,515.7,257.85,257.85,REVIEW
02-Mar-26,PF PAYABLE,11417.0,0.0,11417.0,Debit,Asset,0.09999999999999998,Fixed Asset,Fixed Asset Dr | To Bank,Asset,REVIEW,B2B,2055.06,1027.53,1027.53,REVIEW
02-Mar-26,NITIN ASSOCIATES,15300.0,0.0,15300.0,Debit,Asset,0.09999999999999998,Fixed Asset,Fixed Asset Dr | To Bank,Asset,REVIEW,B2B,2754.0,1377.0,1377.0,REVIEW
02-Mar-26,TAX DEDUCTED SOURCES 94C,359.0,0.0,359.0,Debit,GST,0.4452796264190966,GST Payable,GST Payable Dr | To Bank,Liability,REVIEW,GST Payment,64.62,32.31,32.31,REVIEW
02-Mar-26,COL  SUNIL DALAL (PROPRIETOR),0.0,50000.0,50000.0,Credit,Asset,0.09999999999999998,Fixed Asset,Fixed Asset Dr | To Bank,Asset,REVIEW,B2B,9000.0,4500.0,4500.0,REVIEW
02-Mar-26,Licenses,3000.0,0.0,3000.0,Debit,Asset,0.09999999999999998,Fixed Asset,Fixed Asset Dr | To Bank,Asset,REVIEW,B2B,540.0,270.0,270.0,REVIEW
02-Mar-26,Vehicle Hire Charges,49000.0,0.0,49000.0,Debit,Asset,0.4771037584455656,Fixed Asset,Fixed Asset Dr | To Bank,Asset,REVIEW,Debit Note,8820.0,4410.0,4410.0,REVIEW
02-Mar-26,DY. Director Hort-X,7341556.0,0.0,7341556.0,Debit,Asset,0.7769971290038511,Fixed Asset,Fixed Asset Dr | To Bank,Asset,REVIEW,Reverse Charge,1321480.08,660740.04,660740.04,OK
03-Mar-26,REPAIRS AND MAINTENANCE,590.0,0.0,590.0,Debit,Asset,0.09999999999999998,Fixed Asset,Fixed Asset Dr | To Bank,Asset,REVIEW,B2B,106.2,53.1,53.1,REVIEW
03-Mar-26,Stamp Paper,870.0,0.0,870.0,Debit,Asset,0.09999999999999998,Fixed Asset,Fixed Asset Dr | To Bank,Asset,REVIEW,B2B,156.6,78.3,78.3,REVIEW
03-Mar-26,EX. ENGR  NPD 6,0.0,300300.0,300300.0,Credit,Asset,0.09999999999999998,Fixed Asset,Fixed Asset Dr | To Bank,Asset,REVIEW,B2B,54054.0,27027.0,27027.0,REVIEW
03-Mar-26,EX. ENGR  NPD 6,0.0,214455.0,214455.0,Credit,Asset,0.09999999999999998,Fixed Asset,Fixed Asset Dr | To Bank,Asset,REVIEW,B2B,38601.9,19300.95,19300.95,REVIEW
03-Mar-26,EX. ENGR  NPD 6,0.0,528658.0,528658.0,Credit,Asset,0.09999999999999998,Fixed Asset,Fixed Asset Dr | To Bank,Asset,REVIEW,B2B,95158.44,47579.22,47579.22,REVIEW
03-Mar-26,PRINTING AND STATIONARY,4300.0,0.0,4300.0,Debit,Asset,0.09999999999999998,Fixed Asset,Fixed Asset Dr | To Bank,Asset,REVIEW,B2B,774.0,387.0,387.0,REVIEW
05-Mar-26,Cash,0.0,15000.0,15000.0,Credit,Asset,0.7638835628821598,Fixed Asset,Fixed Asset Dr | To Bank,Asset,REVIEW,B2C,2700.0,1350.0,1350.0,OK
05-Mar-26,Cash,0.0,10300.0,10300.0,Credit,Asset,0.7638835628821598,Fixed Asset,Fixed Asset Dr | To Bank,Asset,REVIEW,B2C,1854.0,927.0,927.0,OK
05-Mar-26,Cash,0.0,10000.0,10000.0,Credit,Asset,0.7638835628821598,Fixed Asset,Fixed Asset Dr | To Bank,Asset,REVIEW,B2C,1800.0,900.0,900.0,OK
05-Mar-26,CONVEYANCE EXPENSES,1120.0,0.0,1120.0,Debit,Asset,0.7281419932878501,Fixed Asset,Fixed Asset Dr | To Bank,Asset,REVIEW,Debit Note,201.6,100.8,100.8,OK
05-Mar-26,CONVEYANCE EXPENSES,3075.0,0.0,3075.0,Debit,Asset,0.7281419932878501,Fixed Asset,Fixed Asset Dr | To Bank,Asset,REVIEW,Debit Note,553.5,276.75,276.75,OK
05-Mar-26,CONVEYANCE EXPENSES,5500.0,0.0,5500.0,Debit,Asset,0.7281419932878501,Fixed Asset,Fixed Asset Dr | To Bank,Asset,REVIEW,Debit Note,990.0,495.0,495.0,OK
05-Mar-26,CONVEYANCE EXPENSES,5670.0,0.0,5670.0,Debit,Asset,0.7281419932878501,Fixed Asset,Fixed Asset Dr | To Bank,Asset,REVIEW,Debit Note,1020.6,510.3,510.3,OK
05-Mar-26,CONVEYANCE EXPENSES,410.0,0.0,410.0,Debit,Asset,0.7281419932878501,Fixed Asset,Fixed Asset Dr | To Bank,Asset,REVIEW,Debit Note,73.8,36.9,36.9,OK
05-Mar-26,Miscellaneous,2025.0,0.0,2025.0,Debit,Asset,0.09999999999999998,Fixed Asset,Fixed Asset Dr | To Bank,Asset,REVIEW,B2B,364.5,182.25,182.25,REVIEW
05-Mar-26,Other Expenses,920.0,0.0,920.0,Debit,Asset,0.7281419932878501,Fixed Asset,Fixed Asset Dr | To Bank,Asset,REVIEW,Debit Note,165.6,82.8,82.8,OK
05-Mar-26,REPAIRS AND MAINTENANCE,2400.0,0.0,2400.0,Debit,Asset,0.09999999999999998,Fixed Asset,Fixed Asset Dr | To Bank,Asset,REVIEW,B2B,432.0,216.0,216.0,REVIEW
05-Mar-26,REPAIRS AND MAINTENANCE,2396.0,0.0,2396.0,Debit,Asset,0.09999999999999998,Fixed Asset,Fixed Asset Dr | To Bank,Asset,REVIEW,B2B,431.28,215.64,215.64,REVIEW
05-Mar-26,QUTAB GOLF COURSE,0.0,374400.0,374400.0,Credit,Asset,0.09999999999999998,Fixed Asset,Fixed Asset Dr | To Bank,Asset,REVIEW,B2B,67392.0,33696.0,33696.0,REVIEW
05-Mar-26,QUTAB GOLF COURSE,0.0,175174.0,175174.0,Credit,Asset,0.09999999999999998,Fixed Asset,Fixed Asset Dr | To Bank,Asset,REVIEW,B2B,31531.32,15765.66,15765.66,REVIEW
06-Mar-26,Cash,0.0,6000.0,6000.0,Credit,Asset,0.7638835628821598,Fixed Asset,Fixed Asset Dr | To Bank,Asset,REVIEW,B2C,1080.0,540.0,540.0,OK
06-Mar-26,SBI OD A/C- 6791,0.0,1000000.0,1000000.0,Credit,Asset,0.09999999999999998,Fixed Asset,Fixed Asset Dr | To Bank,Asset,REVIEW,B2B,180000.0,90000.0,90000.0,REVIEW
06-Mar-26,Other Expenses,1000.0,0.0,1000.0,Debit,Asset,0.7281419932878501,Fixed Asset,Fixed Asset Dr | To Bank,Asset,REVIEW,Debit Note,180.0,90.0,90.0,OK
06-Mar-26,REPAIRS AND MAINTENANCE,2400.0,0.0,2400.0,Debit,Asset,0.09999999999999998,Fixed Asset,Fixed Asset Dr | To Bank,Asset,REVIEW,B2B,432.0,216.0,216.0,REVIEW
06-Mar-26,Common Other Misc. Services,15000.0,0.0,15000.0,Debit,Asset,0.09999999999999998,Fixed Asset,Fixed Asset Dr | To Bank,Asset,REVIEW,B2B,2700.0,1350.0,1350.0,REVIEW
06-Mar-26,SALARY PAYABLE,1740843.46,0.0,1740843.46,Debit,Payroll,0.09999999999999998,Salary Expense,Salary Expense Dr | To Bank,Expense,OK,B2B,313351.82,156675.91,156675.91,REVIEW
06-Mar-26,SALARY PAYABLE,24687.0,0.0,24687.0,Debit,Payroll,0.09999999999999998,Salary Expense,Salary Expense Dr | To Bank,Expense,OK,B2B,4443.66,2221.83,2221.83,REVIEW
06-Mar-26,Rskrish Technology & Services Pvt. Ltd.,58800.0,0.0,58800.0,Debit,Asset,0.6681878861830516,Fixed Asset,Fixed Asset Dr | To Bank,Asset,REVIEW,B2B,10584.0,5292.0,5292.0,REVIEW
06-Mar-26,SALARY PAYABLE,12378.0,0.0,12378.0,Debit,Payroll,0.09999999999999998,Salary Expense,Salary Expense Dr | To Bank,Expense,OK,B2B,2228.04,1114.02,1114.02,REVIEW
06-Mar-26,SALARY PAYABLE,13106.0,0.0,13106.0,Debit,Payroll,0.09999999999999998,Salary Expense,Salary Expense Dr | To Bank,Expense,OK,B2B,2359.08,1179.54,1179.54,REVIEW
06-Mar-26,SALARY PAYABLE,24687.0,0.0,24687.0,Debit,Payroll,0.09999999999999998,Salary Expense,Salary Expense Dr | To Bank,Expense,OK,B2B,4443.66,2221.83,2221.83,REVIEW
06-Mar-26,COL  SUNIL DALAL (PROPRIETOR),0.0,100000.0,100000.0,Credit,Asset,0.09999999999999998,Fixed Asset,Fixed Asset Dr | To Bank,Asset,REVIEW,B2B,18000.0,9000.0,9000.0,REVIEW
06-Mar-26,COL  SUNIL DALAL (PROPRIETOR),0.0,50000.0,50000.0,Credit,Asset,0.09999999999999998,Fixed Asset,Fixed Asset Dr | To Bank,Asset,REVIEW,B2B,9000.0,4500.0,4500.0,REVIEW
06-Mar-26,COMPUTER,49830.51,0.0,49830.51,Debit,Asset,0.09999999999999998,Fixed Asset,Fixed Asset Dr | To Bank,Asset,OK,B2B,8969.49,4484.75,4484.75,REVIEW
07-Mar-26,CONVEYANCE EXPENSES,200.0,0.0,200.0,Debit,Asset,0.7281419932878501,Fixed Asset,Fixed Asset Dr | To Bank,Asset,REVIEW,Debit Note,36.0,18.0,18.0,OK
07-Mar-26,Stamp Paper,260.0,0.0,260.0,Debit,Asset,0.09999999999999998,Fixed Asset,Fixed Asset Dr | To Bank,Asset,REVIEW,B2B,46.8,23.4,23.4,REVIEW
07-Mar-26,SALARY PAYABLE,2589.84,0.0,2589.84,Debit,Payroll,0.09999999999999998,Salary Expense,Salary Expense Dr | To Bank,Expense,OK,B2B,466.17,233.09,233.09,REVIEW
07-Mar-26,BANK CHARGES,572.3,0.0,572.3,Debit,Bank Charges,0.34234595217777647,Bank Charges Expense,Bank Charges Expense Dr | To Bank,Expense,OK,GST Payment,103.01,51.51,51.51,REVIEW
07-Mar-26,Lawyer's Fees,5000.0,0.0,5000.0,Debit,Professional Fees,0.7559453060479077,Manual Review,Manual Journal Required,Unknown,OK,Exempt Supply,900.0,450.0,450.0,OK
07-Mar-26,COL  SUNIL DALAL (PROPRIETOR),0.0,100000.0,100000.0,Credit,Asset,0.09999999999999998,Fixed Asset,Fixed Asset Dr | To Bank,Asset,REVIEW,B2B,18000.0,9000.0,9000.0,REVIEW
07-Mar-26,TRANSACTION CHARGES,68597.51,0.0,68597.51,Debit,Bank Charges,0.4771037584455656,Bank Charges Expense,Bank Charges Expense Dr | To Bank,Expense,OK,Debit Note,12347.55,6173.78,6173.78,REVIEW
07-Mar-26,Dwarka Project  Division 1,0.0,273395.0,273395.0,Credit,Asset,0.09999999999999998,Fixed Asset,Fixed Asset Dr | To Bank,Asset,REVIEW,B2B,49211.1,24605.55,24605.55,REVIEW
07-Mar-26,QUTAB GOLF COURSE,1154686.0,0.0,1154686.0,Debit,Asset,0.09999999999999998,Fixed Asset,Fixed Asset Dr | To Bank,Asset,REVIEW,B2B,207843.48,103921.74,103921.74,REVIEW
07-Mar-26,National Company Law Appellate Tribunal,701084.0,0.0,701084.0,Debit,Asset,0.09999999999999998,Fixed Asset,Fixed Asset Dr | To Bank,Asset,REVIEW,B2B,126195.12,63097.56,63097.56,REVIEW
07-Mar-26,Sub Regional Office Esic,814749.0,0.0,814749.0,Debit,Asset,0.09999999999999998,Fixed Asset,Fixed Asset Dr | To Bank,Asset,REVIEW,B2B,146654.82,73327.41,73327.41,REVIEW
07-Mar-26,DEPARTMENT OF SPACE,359740.0,0.0,359740.0,Debit,Asset,0.3891124283615845,Fixed Asset,Fixed Asset Dr | To Bank,Asset,REVIEW,GST Refund,64753.2,32376.6,32376.6,REVIEW
07-Mar-26,Fisheries Animal Husbandry and Dairying,125088.0,0.0,125088.0,Debit,Asset,0.09999999999999998,Fixed Asset,Fixed Asset Dr | To Bank,Asset,REVIEW,B2B,22515.84,11257.92,11257.92,REVIEW
07-Mar-26,SHAHEED SUKHDEV COLLEGE OF BUSINESS STUDIES,452645.0,0.0,452645.0,Debit,Travel,0.4418962307744769,Manual Review,Manual Journal Required,Unknown,REVIEW,Export,81476.1,40738.05,40738.05,REVIEW
07-Mar-26,SHAHEED SUKHDEV COLLEGE OF BUSINESS STUDIES,181058.0,0.0,181058.0,Debit,Travel,0.4418962307744769,Manual Review,Manual Journal Required,Unknown,REVIEW,Export,32590.44,16295.22,16295.22,REVIEW
07-Mar-26,Central Warehousing Corporation,230516.0,0.0,230516.0,Debit,Asset,0.09999999999999998,Fixed Asset,Fixed Asset Dr | To Bank,Asset,REVIEW,B2B,41492.88,20746.44,20746.44,REVIEW
07-Mar-26,Central Warehousing Corporation,230516.0,0.0,230516.0,Debit,Asset,0.09999999999999998,Fixed Asset,Fixed Asset Dr | To Bank,Asset,REVIEW,B2B,41492.88,20746.44,20746.44,REVIEW
07-Mar-26,Central Warehousing Corporation (InterState),230516.0,0.0,230516.0,Debit,Asset,0.09999999999999998,Fixed Asset,Fixed Asset Dr | To Bank,Asset,REVIEW,B2B,41492.88,20746.44,20746.44,REVIEW
07-Mar-26,Central Warehousing Corporation (InterState),153677.0,0.0,153677.0,Debit,Asset,0.09999999999999998,Fixed Asset,Fixed Asset Dr | To Bank,Asset,REVIEW,B2B,27661.86,13830.93,13830.93,REVIEW
07-Mar-26,Central Warehousing Corporation (InterState),134522.0,0.0,134522.0,Debit,Asset,0.09999999999999998,Fixed Asset,Fixed Asset Dr | To Bank,Asset,REVIEW,B2B,24213.96,12106.98,12106.98,REVIEW
07-Mar-26,Central Warehousing Corporation (InterState),153677.0,0.0,153677.0,Debit,Asset,0.09999999999999998,Fixed Asset,Fixed Asset Dr | To Bank,Asset,REVIEW,B2B,27661.86,13830.93,13830.93,REVIEW
07-Mar-26,Central Warehousing Corporation (InterState),230516.0,0.0,230516.0,Debit,Asset,0.09999999999999998,Fixed Asset,Fixed Asset Dr | To Bank,Asset,REVIEW,B2B,41492.88,20746.44,20746.44,REVIEW
07-Mar-26,Central Warehousing Corporation (InterState),134522.0,0.0,134522.0,Debit,Asset,0.09999999999999998,Fixed Asset,Fixed Asset Dr | To Bank,Asset,REVIEW,B2B,24213.96,12106.98,12106.98,REVIEW
08-Mar-26,Uniform Expense,10880.0,0.0,10880.0,Debit,Marketing,0.09999999999999998,Marketing Expense,Marketing Expense Dr | To Bank,Expense,REVIEW,B2B,1958.4,979.2,979.2,REVIEW
09-Mar-26,CONVEYANCE EXPENSES,1500.0,0.0,1500.0,Debit,Asset,0.7281419932878501,Fixed Asset,Fixed Asset Dr | To Bank,Asset,REVIEW,Debit Note,270.0,135.0,135.0,OK
09-Mar-26,PROFESSIONAL CHARGES,8500.0,0.0,8500.0,Debit,Professional Fees,0.3489394184680198,Manual Review,Manual Journal Required,Unknown,OK,Reverse Charge,1530.0,765.0,765.0,REVIEW
10-Mar-26,Cash,0.0,22000.0,22000.0,Credit,Asset,0.7638835628821598,Fixed Asset,Fixed Asset Dr | To Bank,Asset,REVIEW,B2C,3960.0,1980.0,1980.0,OK
10-Mar-26,Other Expenses,17000.0,0.0,17000.0,Debit,Asset,0.7281419932878501,Fixed Asset,Fixed Asset Dr | To Bank,Asset,REVIEW,Debit Note,3060.0,1530.0,1530.0,OK
10-Mar-26,GOVERNMENT MARKETPLACE (GEM),79573.12,0.0,79573.12,Debit,Asset,0.09999999999999998,Fixed Asset,Fixed Asset Dr | To Bank,Asset,REVIEW,B2B,14323.16,7161.58,7161.58,REVIEW
10-Mar-26,Electricity Expenses,2640.0,0.0,2640.0,Debit,Utilities,0.7281419932878501,Utilities Expense,Utilities Expense Dr | To Bank,Expense,OK,Debit Note,475.2,237.6,237.6,OK
10-Mar-26,National Company Law Appellate Tribunal,0.0,749888.0,749888.0,Credit,Asset,0.09999999999999998,Fixed Asset,Fixed Asset Dr | To Bank,Asset,REVIEW,B2B,134979.84,67489.92,67489.92,REVIEW
11-Mar-26,SBI OD A/C- 6791,0.0,1700000.0,1700000.0,Credit,Asset,0.09999999999999998,Fixed Asset,Fixed Asset Dr | To Bank,Asset,REVIEW,B2B,306000.0,153000.0,153000.0,REVIEW
11-Mar-26,CONVEYANCE EXPENSES,200.0,0.0,200.0,Debit,Asset,0.7281419932878501,Fixed Asset,Fixed Asset Dr | To Bank,Asset,REVIEW,Debit Note,36.0,18.0,18.0,OK
11-Mar-26,CONVEYANCE EXPENSES,200.0,0.0,200.0,Debit,Asset,0.7281419932878501,Fixed Asset,Fixed Asset Dr | To Bank,Asset,REVIEW,Debit Note,36.0,18.0,18.0,OK
11-Mar-26,Stamp Paper,1300.0,0.0,1300.0,Debit,Asset,0.09999999999999998,Fixed Asset,Fixed Asset Dr | To Bank,Asset,REVIEW,B2B,234.0,117.0,117.0,REVIEW
11-Mar-26,PRINTING AND STATIONARY,600.0,0.0,600.0,Debit,Asset,0.09999999999999998,Fixed Asset,Fixed Asset Dr | To Bank,Asset,REVIEW,B2B,108.0,54.0,54.0,REVIEW
11-Mar-26,SALARY PAYABLE,845218.0,0.0,845218.0,Debit,Payroll,0.09999999999999998,Salary Expense,Salary Expense Dr | To Bank,Expense,OK,B2B,152139.24,76069.62,76069.62,REVIEW
11-Mar-26,BANK CHARGES,18521.0,0.0,18521.0,Debit,Bank Charges,0.34234595217777647,Bank Charges Expense,Bank Charges Expense Dr | To Bank,Expense,OK,GST Payment,3333.78,1666.89,1666.89,REVIEW
11-Mar-26,BANK CHARGES,826.0,0.0,826.0,Debit,Bank Charges,0.34234595217777647,Bank Charges Expense,Bank Charges Expense Dr | To Bank,Expense,OK,GST Payment,148.68,74.34,74.34,REVIEW
11-Mar-26,BANK CHARGES,649.0,0.0,649.0,Debit,Bank Charges,0.34234595217777647,Bank Charges Expense,Bank Charges Expense Dr | To Bank,Expense,OK,GST Payment,116.82,58.41,58.41,REVIEW
11-Mar-26,ELEGANT APPARELS,11424.0,0.0,11424.0,Debit,Asset,0.09999999999999998,Fixed Asset,Fixed Asset Dr | To Bank,Asset,REVIEW,B2B,2056.32,1028.16,1028.16,REVIEW
11-Mar-26,SARASWATI ENTERPRISES,5074.0,0.0,5074.0,Debit,Asset,0.09999999999999998,Fixed Asset,Fixed Asset Dr | To Bank,Asset,REVIEW,B2B,913.32,456.66,456.66,REVIEW
11-Mar-26,THE RIGHT CHOICE,3331.0,0.0,3331.0,Debit,Asset,0.09999999999999998,Fixed Asset,Fixed Asset Dr | To Bank,Asset,REVIEW,B2B,599.58,299.79,299.79,REVIEW
11-Mar-26,ROHIT TIWARI,48510.0,0.0,48510.0,Debit,Asset,0.09999999999999998,Fixed Asset,Fixed Asset Dr | To Bank,Asset,REVIEW,B2B,8731.8,4365.9,4365.9,REVIEW
11-Mar-26,NITIN ASSOCIATES,7650.0,0.0,7650.0,Debit,Asset,0.09999999999999998,Fixed Asset,Fixed Asset Dr | To Bank,Asset,REVIEW,B2B,1377.0,688.5,688.5,REVIEW
11-Mar-26,SALARY PAYABLE,0.0,9043.0,9043.0,Credit,Payroll,0.09999999999999998,Salary Expense,Salary Expense Dr | To Bank,Expense,OK,B2B,1627.74,813.87,813.87,REVIEW
12-Mar-26,SALARY PAYABLE,19500.0,0.0,19500.0,Debit,Payroll,0.09999999999999998,Salary Expense,Salary Expense Dr | To Bank,Expense,OK,B2B,3510.0,1755.0,1755.0,REVIEW
12-Mar-26,CONVEYANCE EXPENSES,200.0,0.0,200.0,Debit,Asset,0.7281419932878501,Fixed Asset,Fixed Asset Dr | To Bank,Asset,REVIEW,Debit Note,36.0,18.0,18.0,OK
13-Mar-26,BANK CHARGES,649.0,0.0,649.0,Debit,Bank Charges,0.34234595217777647,Bank Charges Expense,Bank Charges Expense Dr | To Bank,Expense,OK,GST Payment,116.82,58.41,58.41,REVIEW
14-Mar-26,Cash,0.0,3800.0,3800.0,Credit,Asset,0.7638835628821598,Fixed Asset,Fixed Asset Dr | To Bank,Asset,REVIEW,B2C,684.0,342.0,342.0,OK
14-Mar-26,SBI OD A/C- 6791,0.0,1800000.0,1800000.0,Credit,Asset,0.09999999999999998,Fixed Asset,Fixed Asset Dr | To Bank,Asset,REVIEW,B2B,324000.0,162000.0,162000.0,REVIEW
14-Mar-26,CONVEYANCE EXPENSES,200.0,0.0,200.0,Debit,Asset,0.7281419932878501,Fixed Asset,Fixed Asset Dr | To Bank,Asset,REVIEW,Debit Note,36.0,18.0,18.0,OK
14-Mar-26,Stamp Paper,550.0,0.0,550.0,Debit,Asset,0.09999999999999998,Fixed Asset,Fixed Asset Dr | To Bank,Asset,REVIEW,B2B,99.0,49.5,49.5,REVIEW
14-Mar-26,PRINTING AND STATIONARY,130.0,0.0,130.0,Debit,Asset,0.09999999999999998,Fixed Asset,Fixed Asset Dr | To Bank,Asset,REVIEW,B2B,23.4,11.7,11.7,REVIEW
14-Mar-26,PF PAYABLE,1327480.0,0.0,1327480.0,Debit,Asset,0.09999999999999998,Fixed Asset,Fixed Asset Dr | To Bank,Asset,REVIEW,B2B,238946.4,119473.2,119473.2,REVIEW
15-Mar-26,Esic Payable,26865.0,0.0,26865.0,Debit,Asset,0.09999999999999998,Fixed Asset,Fixed Asset Dr | To Bank,Asset,REVIEW,B2B,4835.7,2417.85,2417.85,REVIEW
16-Mar-26,INCOME TAX,500000.0,0.0,500000.0,Debit,GST,0.4452796264190966,GST Payable,GST Payable Dr | To Bank,Liability,REVIEW,GST Payment,90000.0,45000.0,45000.0,REVIEW
16-Mar-26,RAJA PROPERTIES & CONSTRUCTION,69300.0,0.0,69300.0,Debit,Asset,0.09999999999999998,Fixed Asset,Fixed Asset Dr | To Bank,Asset,REVIEW,B2B,12474.0,6237.0,6237.0,REVIEW
16-Mar-26,Haryana Offfice Rent,6000.0,0.0,6000.0,Debit,Rent,0.09999999999999998,Rent Expense,Rent Expense Dr | To Bank,Expense,OK,B2B,1080.0,540.0,540.0,REVIEW
16-Mar-26,UP Office Rent,4500.0,0.0,4500.0,Debit,Rent,0.09999999999999998,Rent Expense,Rent Expense Dr | To Bank,Expense,OK,B2B,810.0,405.0,405.0,REVIEW
16-Mar-26,COL  SUNIL DALAL (PROPRIETOR),0.0,100000.0,100000.0,Credit,Asset,0.09999999999999998,Fixed Asset,Fixed Asset Dr | To Bank,Asset,REVIEW,B2B,18000.0,9000.0,9000.0,REVIEW
16-Mar-26,RENT DELHI OFFICE,77000.0,0.0,77000.0,Debit,Rent,0.09999999999999998,Rent Expense,Rent Expense Dr | To Bank,Expense,OK,B2B,13860.0,6930.0,6930.0,REVIEW
17-Mar-26,Water Expense,2500.0,0.0,2500.0,Debit,Utilities,0.09999999999999998,Utilities Expense,Utilities Expense Dr | To Bank,Expense,OK,B2B,450.0,225.0,225.0,REVIEW
17-Mar-26,GST PAYABLE,3310852.0,0.0,3310852.0,Debit,GST,0.4642212308239418,GST Payable,GST Payable Dr | To Bank,Liability,OK,GST Refund,595953.36,297976.68,297976.68,REVIEW
17-Mar-26,Salary,516000.0,0.0,516000.0,Debit,Payroll,0.09999999999999998,Salary Expense,Salary Expense Dr | To Bank,Expense,OK,B2B,92880.0,46440.0,46440.0,REVIEW
17-Mar-26,Fees for Cards,29382.0,0.0,29382.0,Debit,Professional Fees,0.3938499821729249,Manual Review,Manual Journal Required,Unknown,OK,Exempt Supply,5288.76,2644.38,2644.38,REVIEW
17-Mar-26,COL  SUNIL DALAL (PROPRIETOR),0.0,3500000.0,3500000.0,Credit,Asset,0.09999999999999998,Fixed Asset,Fixed Asset Dr | To Bank,Asset,REVIEW,B2B,630000.0,315000.0,315000.0,REVIEW
17-Mar-26,COL  SUNIL DALAL (PROPRIETOR),0.0,550000.0,550000.0,Credit,Asset,0.09999999999999998,Fixed Asset,Fixed Asset Dr | To Bank,Asset,REVIEW,B2B,99000.0,49500.0,49500.0,REVIEW
18-Mar-26,"EXECUTIVE ENGR, HCD 10",0.0,102441.0,102441.0,Credit,Asset,0.09999999999999998,Fixed Asset,Fixed Asset Dr | To Bank,Asset,REVIEW,B2B,18439.38,9219.69,9219.69,REVIEW
18-Mar-26,HORT DIV  9,0.0,233850.0,233850.0,Credit,Asset,0.09999999999999998,Fixed Asset,Fixed Asset Dr | To Bank,Asset,REVIEW,B2B,42093.0,21046.5,21046.5,REVIEW
18-Mar-26,HORT DIV  9,0.0,300771.0,300771.0,Credit,Asset,0.09999999999999998,Fixed Asset,Fixed Asset Dr | To Bank,Asset,REVIEW,B2B,54138.78,27069.39,27069.39,REVIEW
18-Mar-26,HORT DIV  9,0.0,694279.0,694279.0,Credit,Asset,0.09999999999999998,Fixed Asset,Fixed Asset Dr | To Bank,Asset,REVIEW,B2B,124970.22,62485.11,62485.11,REVIEW
18-Mar-26,SHAHEED SUKHDEV COLLEGE OF BUSINESS STUDIES,0.0,437301.0,437301.0,Credit,Travel,0.4418962307744769,Manual Review,Manual Journal Required,Unknown,REVIEW,Export,78714.18,39357.09,39357.09,REVIEW
18-Mar-26,DY. Director Hort-X,0.0,7599822.0,7599822.0,Credit,Asset,0.7769971290038511,Fixed Asset,Fixed Asset Dr | To Bank,Asset,REVIEW,Reverse Charge,1367967.96,683983.98,683983.98,OK
18-Mar-26,DY. Director Hort-X,0.0,6864355.0,6864355.0,Credit,Asset,0.7769971290038511,Fixed Asset,Fixed Asset Dr | To Bank,Asset,REVIEW,Reverse Charge,1235583.9,617791.95,617791.95,OK
18-Mar-26,DELHI DEVELOPMENT AUTHORITY,0.0,142798.0,142798.0,Credit,Asset,0.09999999999999998,Fixed Asset,Fixed Asset Dr | To Bank,Asset,REVIEW,B2B,25703.64,12851.82,12851.82,REVIEW
18-Mar-26,Fees for Cards,24900.0,0.0,24900.0,Debit,Professional Fees,0.3938499821729249,Manual Review,Manual Journal Required,Unknown,OK,Exempt Supply,4482.0,2241.0,2241.0,REVIEW
18-Mar-26,TDS Receivable @ 2%,162563.0,0.0,162563.0,Debit,Asset,0.09999999999999998,Fixed Asset,Fixed Asset Dr | To Bank,Asset,REVIEW,B2B,29261.34,14630.67,14630.67,REVIEW
19-Mar-26,SBI 1144,0.0,1851131.0,1851131.0,Credit,Asset,0.09999999999999998,Fixed Asset,Fixed Asset Dr | To Bank,Asset,REVIEW,B2B,333203.58,166601.79,166601.79,REVIEW
19-Mar-26,SBI 1144,0.0,7599822.0,7599822.0,Credit,Asset,0.09999999999999998,Fixed Asset,Fixed Asset Dr | To Bank,Asset,REVIEW,B2B,1367967.96,683983.98,683983.98,REVIEW
19-Mar-26,SBI BANK- 54238,0.0,4650000.0,4650000.0,Credit,Bank Charges,0.7364774865051836,Bank Charges Expense,Bank Charges Expense Dr | To Bank,Expense,OK,GST Payment,837000.0,418500.0,418500.0,OK
19-Mar-26,SALARY PAYABLE,866861.0,0.0,866861.0,Debit,Payroll,0.09999999999999998,Salary Expense,Salary Expense Dr | To Bank,Expense,OK,B2B,156034.98,78017.49,78017.49,REVIEW
19-Mar-26,TDS Receivable @ 2%,146831.0,0.0,146831.0,Debit,Asset,0.09999999999999998,Fixed Asset,Fixed Asset Dr | To Bank,Asset,REVIEW,B2B,26429.58,13214.79,13214.79,REVIEW
20-Mar-26,QUTAB GOLF COURSE,0.0,179309.0,179309.0,Credit,Asset,0.09999999999999998,Fixed Asset,Fixed Asset Dr | To Bank,Asset,REVIEW,B2B,32275.62,16137.81,16137.81,REVIEW
20-Mar-26,QUTAB GOLF COURSE,0.0,1770645.0,1770645.0,Credit,Asset,0.09999999999999998,Fixed Asset,Fixed Asset Dr | To Bank,Asset,REVIEW,B2B,318716.1,159358.05,159358.05,REVIEW
20-Mar-26,GST Receivable @ 2%,38915.0,0.0,38915.0,Debit,GST,0.4642212308239418,GST Payable,GST Payable Dr | To Bank,Liability,OK,GST Refund,7004.7,3502.35,3502.35,REVIEW
21-Mar-26,Cash,0.0,5500.0,5500.0,Credit,Asset,0.7638835628821598,Fixed Asset,Fixed Asset Dr | To Bank,Asset,REVIEW,B2C,990.0,495.0,495.0,OK
21-Mar-26,Office Petty Expenses,200.0,0.0,200.0,Debit,Asset,0.7281419932878501,Fixed Asset,Fixed Asset Dr | To Bank,Asset,REVIEW,Debit Note,36.0,18.0,18.0,OK
21-Mar-26,Stamp Paper,1140.0,0.0,1140.0,Debit,Asset,0.09999999999999998,Fixed Asset,Fixed Asset Dr | To Bank,Asset,REVIEW,B2B,205.2,102.6,102.6,REVIEW
21-Mar-26,CONVEYANCE EXPENSES,2750.0,0.0,2750.0,Debit,Asset,0.7281419932878501,Fixed Asset,Fixed Asset Dr | To Bank,Asset,REVIEW,Debit Note,495.0,247.5,247.5,OK
23-Mar-26,Cash,0.0,5000.0,5000.0,Credit,Asset,0.7638835628821598,Fixed Asset,Fixed Asset Dr | To Bank,Asset,REVIEW,B2C,900.0,450.0,450.0,OK
23-Mar-26,REPAIRS AND MAINTENANCE,1900.0,0.0,1900.0,Debit,Asset,0.09999999999999998,Fixed Asset,Fixed Asset Dr | To Bank,Asset,REVIEW,B2B,342.0,171.0,171.0,REVIEW
23-Mar-26,CONVEYANCE EXPENSES,600.0,0.0,600.0,Debit,Asset,0.7281419932878501,Fixed Asset,Fixed Asset Dr | To Bank,Asset,REVIEW,Debit Note,108.0,54.0,54.0,OK
23-Mar-26,Cartage Outwards,600.0,0.0,600.0,Debit,Asset,0.09999999999999998,Fixed Asset,Fixed Asset Dr | To Bank,Asset,REVIEW,B2B,108.0,54.0,54.0,REVIEW
23-Mar-26,MASTER RUBER WORKSS,23100.0,0.0,23100.0,Debit,Asset,0.09999999999999998,Fixed Asset,Fixed Asset Dr | To Bank,Asset,REVIEW,B2B,4158.0,2079.0,2079.0,REVIEW
23-Mar-26,Uniform Expense,22000.0,0.0,22000.0,Debit,Marketing,0.09999999999999998,Marketing Expense,Marketing Expense Dr | To Bank,Expense,REVIEW,B2B,3960.0,1980.0,1980.0,REVIEW
24-Mar-26,Cash,0.0,10000.0,10000.0,Credit,Asset,0.7638835628821598,Fixed Asset,Fixed Asset Dr | To Bank,Asset,REVIEW,B2C,1800.0,900.0,900.0,OK
24-Mar-26,CONVEYANCE EXPENSES,1500.0,0.0,1500.0,Debit,Asset,0.7281419932878501,Fixed Asset,Fixed Asset Dr | To Bank,Asset,REVIEW,Debit Note,270.0,135.0,135.0,OK
24-Mar-26,CONVEYANCE EXPENSES,3350.0,0.0,3350.0,Debit,Asset,0.7281419932878501,Fixed Asset,Fixed Asset Dr | To Bank,Asset,REVIEW,Debit Note,603.0,301.5,301.5,OK
24-Mar-26,Sub Regional Office Esic,0.0,1588068.0,1588068.0,Credit,Asset,0.09999999999999998,Fixed Asset,Fixed Asset Dr | To Bank,Asset,REVIEW,B2B,285852.24,142926.12,142926.12,REVIEW
25-Mar-26,Cash,0.0,25300.0,25300.0,Credit,Asset,0.7638835628821598,Fixed Asset,Fixed Asset Dr | To Bank,Asset,REVIEW,B2C,4554.0,2277.0,2277.0,OK
25-Mar-26,CONVEYANCE EXPENSES,200.0,0.0,200.0,Debit,Asset,0.7281419932878501,Fixed Asset,Fixed Asset Dr | To Bank,Asset,REVIEW,Debit Note,36.0,18.0,18.0,OK
25-Mar-26,Miscellaneous,100.0,0.0,100.0,Debit,Asset,0.09999999999999998,Fixed Asset,Fixed Asset Dr | To Bank,Asset,REVIEW,B2B,18.0,9.0,9.0,REVIEW
25-Mar-26,CONVEYANCE EXPENSES,4000.0,0.0,4000.0,Debit,Asset,0.7281419932878501,Fixed Asset,Fixed Asset Dr | To Bank,Asset,REVIEW,Debit Note,720.0,360.0,360.0,OK
25-Mar-26,Diesel and Petrol Charges,800.0,0.0,800.0,Debit,Bank Charges,0.4771037584455656,Bank Charges Expense,Bank Charges Expense Dr | To Bank,Expense,REVIEW,Debit Note,144.0,72.0,72.0,REVIEW
25-Mar-26,Diesel and Petrol Charges,19199.67,0.0,19199.67,Debit,Bank Charges,0.4771037584455656,Bank Charges Expense,Bank Charges Expense Dr | To Bank,Expense,REVIEW,Debit Note,3455.94,1727.97,1727.97,REVIEW
25-Mar-26,Other Expenses,2500.0,0.0,2500.0,Debit,Asset,0.7281419932878501,Fixed Asset,Fixed Asset Dr | To Bank,Asset,REVIEW,Debit Note,450.0,225.0,225.0,OK
25-Mar-26,SALARY PAYABLE,175000.0,0.0,175000.0,Debit,Payroll,0.09999999999999998,Salary Expense,Salary Expense Dr | To Bank,Expense,OK,B2B,31500.0,15750.0,15750.0,REVIEW
25-Mar-26,BANK CHARGES,1085.6,0.0,1085.6,Debit,Bank Charges,0.34234595217777647,Bank Charges Expense,Bank Charges Expense Dr | To Bank,Expense,OK,GST Payment,195.41,97.7,97.7,REVIEW
25-Mar-26,QUTAB GOLF COURSE,0.0,78000.0,78000.0,Credit,Asset,0.09999999999999998,Fixed Asset,Fixed Asset Dr | To Bank,Asset,REVIEW,B2B,14040.0,7020.0,7020.0,REVIEW
25-Mar-26,PG NPD-8,0.0,86997.0,86997.0,Credit,Asset,0.09999999999999998,Fixed Asset,Fixed Asset Dr | To Bank,Asset,REVIEW,B2B,15659.46,7829.73,7829.73,REVIEW
25-Mar-26,Uniform Expense,63840.0,0.0,63840.0,Debit,Marketing,0.09999999999999998,Marketing Expense,Marketing Expense Dr | To Bank,Expense,REVIEW,B2B,11491.2,5745.6,5745.6,REVIEW
25-Mar-26,PG NPD-8,7437.0,0.0,7437.0,Debit,Asset,0.09999999999999998,Fixed Asset,Fixed Asset Dr | To Bank,Asset,REVIEW,B2B,1338.66,669.33,669.33,REVIEW
26-Mar-26,Cash,0.0,5000.0,5000.0,Credit,Asset,0.7638835628821598,Fixed Asset,Fixed Asset Dr | To Bank,Asset,REVIEW,B2C,900.0,450.0,450.0,OK
26-Mar-26,HDFC BANK - 95177,0.0,300000.0,300000.0,Credit,Bank Charges,0.7364774865051836,Bank Charges Expense,Bank Charges Expense Dr | To Bank,Expense,OK,GST Payment,54000.0,27000.0,27000.0,OK
26-Mar-26,CONVEYANCE EXPENSES,240.0,0.0,240.0,Debit,Asset,0.7281419932878501,Fixed Asset,Fixed Asset Dr | To Bank,Asset,REVIEW,Debit Note,43.2,21.6,21.6,OK
26-Mar-26,CONVEYANCE EXPENSES,1056.0,0.0,1056.0,Debit,Asset,0.7281419932878501,Fixed Asset,Fixed Asset Dr | To Bank,Asset,REVIEW,Debit Note,190.08,95.04,95.04,OK
26-Mar-26,CONVEYANCE EXPENSES,3476.0,0.0,3476.0,Debit,Asset,0.7281419932878501,Fixed Asset,Fixed Asset Dr | To Bank,Asset,REVIEW,Debit Note,625.68,312.84,312.84,OK
26-Mar-26,REPAIRS AND MAINTENANCE,500.0,0.0,500.0,Debit,Asset,0.09999999999999998,Fixed Asset,Fixed Asset Dr | To Bank,Asset,REVIEW,B2B,90.0,45.0,45.0,REVIEW
26-Mar-26,Office Petty Expenses,100.0,0.0,100.0,Debit,Asset,0.7281419932878501,Fixed Asset,Fixed Asset Dr | To Bank,Asset,REVIEW,Debit Note,18.0,9.0,9.0,OK
26-Mar-26,BANK CHARGES,112407.13,0.0,112407.13,Debit,Bank Charges,0.34234595217777647,Bank Charges Expense,Bank Charges Expense Dr | To Bank,Expense,OK,GST Payment,20233.28,10116.64,10116.64,REVIEW
26-Mar-26,COL  SUNIL DALAL (PROPRIETOR),0.0,300000.0,300000.0,Credit,Asset,0.09999999999999998,Fixed Asset,Fixed Asset Dr | To Bank,Asset,REVIEW,B2B,54000.0,27000.0,27000.0,REVIEW
27-Mar-26,Cash,0.0,14000.0,14000.0,Credit,Asset,0.7638835628821598,Fixed Asset,Fixed Asset Dr | To Bank,Asset,REVIEW,B2C,2520.0,1260.0,1260.0,OK
27-Mar-26,CONVEYANCE EXPENSES,4072.0,0.0,4072.0,Debit,Asset,0.7281419932878501,Fixed Asset,Fixed Asset Dr | To Bank,Asset,REVIEW,Debit Note,732.96,366.48,366.48,OK
27-Mar-26,CONVEYANCE EXPENSES,3480.0,0.0,3480.0,Debit,Asset,0.7281419932878501,Fixed Asset,Fixed Asset Dr | To Bank,Asset,REVIEW,Debit Note,626.4,313.2,313.2,OK
27-Mar-26,Greatway Infosolutions,1300.0,0.0,1300.0,Debit,Asset,0.09999999999999998,Fixed Asset,Fixed Asset Dr | To Bank,Asset,REVIEW,B2B,234.0,117.0,117.0,REVIEW
27-Mar-26,BANK CHARGES,118.0,0.0,118.0,Debit,Bank Charges,0.34234595217777647,Bank Charges Expense,Bank Charges Expense Dr | To Bank,Expense,OK,GST Payment,21.24,10.62,10.62,REVIEW
27-Mar-26,Dwarka Project  Division 1,0.0,4279106.0,4279106.0,Credit,Asset,0.09999999999999998,Fixed Asset,Fixed Asset Dr | To Bank,Asset,REVIEW,B2B,770239.08,385119.54,385119.54,REVIEW
27-Mar-26,Office  Equipments,1101.7,0.0,1101.7,Debit,Asset,0.09999999999999998,Fixed Asset,Fixed Asset Dr | To Bank,Asset,REVIEW,B2B,198.31,99.15,99.15,REVIEW
28-Mar-26,Cash,0.0,9900.0,9900.0,Credit,Asset,0.7638835628821598,Fixed Asset,Fixed Asset Dr | To Bank,Asset,REVIEW,B2C,1782.0,891.0,891.0,OK
28-Mar-26,Office Petty Expenses,10204.0,0.0,10204.0,Debit,Asset,0.7281419932878501,Fixed Asset,Fixed Asset Dr | To Bank,Asset,REVIEW,Debit Note,1836.72,918.36,918.36,OK
28-Mar-26,Other Expenses,13077.0,0.0,13077.0,Debit,Asset,0.7281419932878501,Fixed Asset,Fixed Asset Dr | To Bank,Asset,REVIEW,Debit Note,2353.86,1176.93,1176.93,OK
28-Mar-26,Expertsoul Consultancy Services,2950.0,0.0,2950.0,Debit,Professional Fees,0.09999999999999998,Manual Review,Manual Journal Required,Unknown,OK,B2B,531.0,265.5,265.5,REVIEW
28-Mar-26,COL  SUNIL DALAL (PROPRIETOR),0.0,5000000.0,5000000.0,Credit,Asset,0.09999999999999998,Fixed Asset,Fixed Asset Dr | To Bank,Asset,REVIEW,B2B,900000.0,450000.0,450000.0,REVIEW
28-Mar-26,COL  SUNIL DALAL (PROPRIETOR),0.0,1900000.0,1900000.0,Credit,Asset,0.09999999999999998,Fixed Asset,Fixed Asset Dr | To Bank,Asset,REVIEW,B2B,342000.0,171000.0,171000.0,REVIEW
28-Mar-26,Uniform Expense,9520.0,0.0,9520.0,Debit,Marketing,0.09999999999999998,Marketing Expense,Marketing Expense Dr | To Bank,Expense,REVIEW,B2B,1713.6,856.8,856.8,REVIEW
28-Mar-26,Salary,11934506.93,0.0,11934506.93,Debit,Payroll,0.09999999999999998,Salary Expense,Salary Expense Dr | To Bank,Expense,OK,B2B,2148211.25,1074105.62,1074105.62,REVIEW
28-Mar-26,Salary,55000.0,0.0,55000.0,Debit,Payroll,0.09999999999999998,Salary Expense,Salary Expense Dr | To Bank,Expense,OK,B2B,9900.0,4950.0,4950.0,REVIEW
30-Mar-26,SBI BANK- 54238,0.0,113000.0,113000.0,Credit,Bank Charges,0.7364774865051836,Bank Charges Expense,Bank Charges Expense Dr | To Bank,Expense,OK,GST Payment,20340.0,10170.0,10170.0,OK
30-Mar-26,SALARY PAYABLE,195758.0,0.0,195758.0,Debit,Payroll,0.09999999999999998,Salary Expense,Salary Expense Dr | To Bank,Expense,OK,B2B,35236.44,17618.22,17618.22,REVIEW
30-Mar-26,BANK CHARGES,28.32,0.0,28.32,Debit,Bank Charges,0.34234595217777647,Bank Charges Expense,Bank Charges Expense Dr | To Bank,Expense,OK,GST Payment,5.1,2.55,2.55,REVIEW
30-Mar-26,National Company Law Appellate Tribunal,0.0,677318.0,677318.0,Credit,Asset,0.09999999999999998,Fixed Asset,Fixed Asset Dr | To Bank,Asset,REVIEW,B2B,121917.24,60958.62,60958.62,REVIEW
30-Mar-26,Fisheries Animal Husbandry and Dairying,0.0,120848.0,120848.0,Credit,Asset,0.09999999999999998,Fixed Asset,Fixed Asset Dr | To Bank,Asset,REVIEW,B2B,21752.64,10876.32,10876.32,REVIEW
30-Mar-26,COL  SUNIL DALAL (PROPRIETOR),0.0,5000000.0,5000000.0,Credit,Asset,0.09999999999999998,Fixed Asset,Fixed Asset Dr | To Bank,Asset,REVIEW,B2B,900000.0,450000.0,450000.0,REVIEW
30-Mar-26,SALARY PAYABLE,0.0,6456.0,6456.0,Credit,Payroll,0.09999999999999998,Salary Expense,Salary Expense Dr | To Bank,Expense,OK,B2B,1162.08,581.04,581.04,REVIEW
31-Mar-26,SALARY PAYABLE,951801.26,0.0,951801.26,Debit,Payroll,0.09999999999999998,Salary Expense,Salary Expense Dr | To Bank,Expense,OK,B2B,171324.23,85662.11,85662.11,REVIEW
31-Mar-26,ELEGANT APPARELS,10662.0,0.0,10662.0,Debit,Asset,0.09999999999999998,Fixed Asset,Fixed Asset Dr | To Bank,Asset,REVIEW,B2B,1919.16,959.58,959.58,REVIEW
31-Mar-26,ELEGANT APPARELS,67032.0,0.0,67032.0,Debit,Asset,0.09999999999999998,Fixed Asset,Fixed Asset Dr | To Bank,Asset,REVIEW,B2B,12065.76,6032.88,6032.88,REVIEW
31-Mar-26,Interest,9100.0,0.0,9100.0,Debit,Asset,0.09999999999999998,Fixed Asset,Fixed Asset Dr | To Bank,Asset,REVIEW,B2B,1638.0,819.0,819.0,REVIEW
31-Mar-26,SALARY PAYABLE,0.0,19519.0,19519.0,Credit,Payroll,0.09999999999999998,Salary Expense,Salary Expense Dr | To Bank,Expense,OK,B2B,3513.42,1756.71,1756.71,REVIEW
31-Mar-26,COL  SUNIL DALAL (PROPRIETOR),0.0,100000.0,100000.0,Credit,Asset,0.09999999999999998,Fixed Asset,Fixed Asset Dr | To Bank,Asset,REVIEW,B2B,18000.0,9000.0,9000.0,REVIEW
31-Mar-26,Interest,0.0,458.0,458.0,Credit,Asset,0.09999999999999998,Fixed Asset,Fixed Asset Dr | To Bank,Asset,REVIEW,B2B,82.44,41.22,41.22,REVIEW
31-Mar-26,Depreciation,718418.7,0.0,718418.7,Debit,Asset,0.09999999999999998,Fixed Asset,Fixed Asset Dr | To Bank,Asset,REVIEW,B2B,129315.37,64657.68,64657.68,REVIEW
31-Mar-26,PROFESSIONAL CHARGES,8500.0,0.0,8500.0,Debit,Professional Fees,0.3489394184680198,Manual Review,Manual Journal Required,Unknown,OK,Reverse Charge,1530.0,765.0,765.0,REVIEW
31-Mar-26,PF Employer Contribution,727429.0,0.0,727429.0,Debit,Asset,0.09999999999999998,Fixed Asset,Fixed Asset Dr | To Bank,Asset,REVIEW,B2B,130937.22,65468.61,65468.61,REVIEW
31-Mar-26,PG MTNL,40706.0,0.0,40706.0,Debit,Asset,0.09999999999999998,Fixed Asset,Fixed Asset Dr | To Bank,Asset,REVIEW,B2B,7327.08,3663.54,3663.54,REVIEW
31-Mar-26,PG Hort-8 New,48389.0,0.0,48389.0,Debit,Asset,0.09999999999999998,Fixed Asset,Fixed Asset Dr | To Bank,Asset,REVIEW,B2B,8710.02,4355.01,4355.01,REVIEW
31-Mar-26,PG QGC,45283.0,0.0,45283.0,Debit,Asset,0.09999999999999998,Fixed Asset,Fixed Asset Dr | To Bank,Asset,REVIEW,B2B,8150.94,4075.47,4075.47,REVIEW
31-Mar-26,DY. Director Hort-X,8108045.0,0.0,8108045.0,Debit,Asset,0.7769971290038511,Fixed Asset,Fixed Asset Dr | To Bank,Asset,REVIEW,Reverse Charge,1459448.1,729724.05,729724.05,OK
31-Mar-26,QUTAB GOLF COURSE,1278663.0,0.0,1278663.0,Debit,Asset,0.09999999999999998,Fixed Asset,Fixed Asset Dr | To Bank,Asset,REVIEW,B2B,230159.34,115079.67,115079.67,REVIEW
31-Mar-26,National Company Law Appellate Tribunal,776200.0,0.0,776200.0,Debit,Asset,0.09999999999999998,Fixed Asset,Fixed Asset Dr | To Bank,Asset,REVIEW,B2B,139716.0,69858.0,69858.0,REVIEW
31-Mar-26,Sub Regional Office Esic,814749.0,0.0,814749.0,Debit,Asset,0.09999999999999998,Fixed Asset,Fixed Asset Dr | To Bank,Asset,REVIEW,B2B,146654.82,73327.41,73327.41,REVIEW
31-Mar-26,DEPARTMENT OF SPACE,397492.0,0.0,397492.0,Debit,Asset,0.3891124283615845,Fixed Asset,Fixed Asset Dr | To Bank,Asset,REVIEW,GST Refund,71548.56,35774.28,35774.28,REVIEW
31-Mar-26,SHAHEED SUKHDEV COLLEGE OF BUSINESS STUDIES,501143.0,0.0,501143.0,Debit,Travel,0.4418962307744769,Manual Review,Manual Journal Required,Unknown,REVIEW,Export,90205.74,45102.87,45102.87,REVIEW
31-Mar-26,SHAHEED SUKHDEV COLLEGE OF BUSINESS STUDIES,200457.0,0.0,200457.0,Debit,Travel,0.4418962307744769,Manual Review,Manual Journal Required,Unknown,REVIEW,Export,36082.26,18041.13,18041.13,REVIEW
31-Mar-26,Lalit Kala Akademi,299846.0,0.0,299846.0,Debit,Asset,0.09999999999999998,Fixed Asset,Fixed Asset Dr | To Bank,Asset,REVIEW,B2B,53972.28,26986.14,26986.14,REVIEW
31-Mar-26,Lalit Kala Akademi,586265.0,0.0,586265.0,Debit,Asset,0.09999999999999998,Fixed Asset,Fixed Asset Dr | To Bank,Asset,REVIEW,B2B,105527.7,52763.85,52763.85,REVIEW
