Date,Transaction_Text,Debit Amount,Credit Amount,Amount,Type,Predicted_Category,Confidence,Ledger,Journal,Financial_Statement,Status,Party_Name
01-Apr-25,PG LALIT KALA ACADEMY,514481.25,0.0,514481.25,Debit,Asset,0.0935096153846153,Fixed Asset,Fixed Asset Dr | To Bank,Asset,REVIEW,PG LALIT KALA ACADEMY
02-Apr-25,SBI OD A/C- 6791,0.0,1225000.0,1225000.0,Credit,Asset,0.0935096153846153,Fixed Asset,Fixed Asset Dr | To Bank,Asset,REVIEW,SBI OD A/C- 6791
02-Apr-25,SARASWATI ENTERPRISES,4012.0,0.0,4012.0,Debit,Asset,0.0935096153846153,Fixed Asset,Fixed Asset Dr | To Bank,Asset,REVIEW,SARASWATI ENTERPRISES
02-Apr-25,KENT RO SYSTEMS LIMITED,8895.0,0.0,8895.0,Debit,Asset,0.0935096153846153,Fixed Asset,Fixed Asset Dr | To Bank,Asset,REVIEW,KENT RO SYSTEMS LIMITED
02-Apr-25,CONVEYANCE EXPENSES,3020.0,0.0,3020.0,Debit,Asset,0.0935096153846153,Fixed Asset,Fixed Asset Dr | To Bank,Asset,REVIEW,CONVEYANCE EXPENSES
02-Apr-25,PG QGC,0.0,211058.0,211058.0,Credit,Asset,0.0935096153846153,Fixed Asset,Fixed Asset Dr | To Bank,Asset,REVIEW,PG QGC
02-Apr-25,PG QGC,0.0,629270.0,629270.0,Credit,Asset,0.0935096153846153,Fixed Asset,Fixed Asset Dr | To Bank,Asset,REVIEW,PG QGC
02-Apr-25,PRINTING AND STATIONARY,4625.0,0.0,4625.0,Debit,Asset,0.0935096153846153,Fixed Asset,Fixed Asset Dr | To Bank,Asset,REVIEW,PRINTING AND STATIONARY
02-Apr-25,Miscellaneous,8895.0,0.0,8895.0,Debit,Asset,0.0935096153846153,Fixed Asset,Fixed Asset Dr | To Bank,Asset,REVIEW,MISCELLANEOUS
02-Apr-25,Vehicle Hire Charges,49000.0,0.0,49000.0,Debit,Asset,0.3159076091668959,Fixed Asset,Fixed Asset Dr | To Bank,Asset,REVIEW,VEHICLE HIRE CHARGES
03-Apr-25,CONVEYANCE EXPENSES,1736.0,0.0,1736.0,Debit,Asset,0.0935096153846153,Fixed Asset,Fixed Asset Dr | To Bank,Asset,REVIEW,CONVEYANCE EXPENSES
03-Apr-25,CONVEYANCE EXPENSES,1736.0,0.0,1736.0,Debit,Asset,0.0935096153846153,Fixed Asset,Fixed Asset Dr | To Bank,Asset,REVIEW,CONVEYANCE EXPENSES
04-Apr-25,CONVEYANCE EXPENSES,2232.0,0.0,2232.0,Debit,Asset,0.0935096153846153,Fixed Asset,Fixed Asset Dr | To Bank,Asset,REVIEW,CONVEYANCE EXPENSES
04-Apr-25,CONVEYANCE EXPENSES,420.0,0.0,420.0,Debit,Asset,0.0935096153846153,Fixed Asset,Fixed Asset Dr | To Bank,Asset,REVIEW,CONVEYANCE EXPENSES
04-Apr-25,COL  SUNIL DALAL (PROPRIETOR),0.0,125000.0,125000.0,Credit,Asset,0.0935096153846153,Fixed Asset,Fixed Asset Dr | To Bank,Asset,REVIEW,COL  SUNIL DALAL (PROPRIETOR)
05-Apr-25,ROHIT TIWARI,47510.0,0.0,47510.0,Debit,Asset,0.0935096153846153,Fixed Asset,Fixed Asset Dr | To Bank,Asset,REVIEW,ROHIT TIWARI
05-Apr-25,KENT RO SYSTEMS LIMITED,8895.0,0.0,8895.0,Debit,Asset,0.0935096153846153,Fixed Asset,Fixed Asset Dr | To Bank,Asset,REVIEW,KENT RO SYSTEMS LIMITED
05-Apr-25,CONVEYANCE EXPENSES,1750.0,0.0,1750.0,Debit,Asset,0.0935096153846153,Fixed Asset,Fixed Asset Dr | To Bank,Asset,REVIEW,CONVEYANCE EXPENSES
05-Apr-25,COL  SUNIL DALAL (PROPRIETOR),0.0,50000.0,50000.0,Credit,Asset,0.0935096153846153,Fixed Asset,Fixed Asset Dr | To Bank,Asset,REVIEW,COL  SUNIL DALAL (PROPRIETOR)
05-Apr-25,Miscellaneous,7538.14,0.0,7538.14,Debit,Asset,0.0935096153846153,Fixed Asset,Fixed Asset Dr | To Bank,Asset,REVIEW,MISCELLANEOUS
07-Apr-25,Common Other Misc. Services,8772.0,0.0,8772.0,Debit,Asset,0.0935096153846153,Fixed Asset,Fixed Asset Dr | To Bank,Asset,REVIEW,COMMON OTHER MISC. SERVICES
07-Apr-25,Bharat Sanchar Nigam Limited,0.0,1220122.0,1220122.0,Credit,Asset,0.0935096153846153,Fixed Asset,Fixed Asset Dr | To Bank,Asset,REVIEW,BHARAT SANCHAR NIGAM LIMITED
08-Apr-25,COL  SUNIL DALAL (PROPRIETOR),940000.0,0.0,940000.0,Debit,Asset,0.0935096153846153,Fixed Asset,Fixed Asset Dr | To Bank,Asset,REVIEW,COL  SUNIL DALAL (PROPRIETOR)
08-Apr-25,CONVEYANCE EXPENSES,3376.0,0.0,3376.0,Debit,Asset,0.0935096153846153,Fixed Asset,Fixed Asset Dr | To Bank,Asset,REVIEW,CONVEYANCE EXPENSES
08-Apr-25,CONVEYANCE EXPENSES,1040.0,0.0,1040.0,Debit,Asset,0.0935096153846153,Fixed Asset,Fixed Asset Dr | To Bank,Asset,REVIEW,CONVEYANCE EXPENSES
09-Apr-25,COL  SUNIL DALAL (PROPRIETOR),380000.0,0.0,380000.0,Debit,Asset,0.0935096153846153,Fixed Asset,Fixed Asset Dr | To Bank,Asset,REVIEW,COL  SUNIL DALAL (PROPRIETOR)
09-Apr-25,CONVEYANCE EXPENSES,2485.0,0.0,2485.0,Debit,Asset,0.0935096153846153,Fixed Asset,Fixed Asset Dr | To Bank,Asset,REVIEW,CONVEYANCE EXPENSES
09-Apr-25,DEPARTMENT OF SPACE,0.0,374056.0,374056.0,Credit,Asset,0.0935096153846153,Fixed Asset,Fixed Asset Dr | To Bank,Asset,REVIEW,DEPARTMENT OF SPACE
10-Apr-25,COMPUTER,2500.0,0.0,2500.0,Debit,Asset,0.8152287334945754,Fixed Asset,Fixed Asset Dr | To Bank,Asset,OK,COMPUTER
11-Apr-25,COL  SUNIL DALAL (PROPRIETOR),430000.0,0.0,430000.0,Debit,Asset,0.0935096153846153,Fixed Asset,Fixed Asset Dr | To Bank,Asset,REVIEW,COL  SUNIL DALAL (PROPRIETOR)
11-Apr-25,COL  SUNIL DALAL (PROPRIETOR),3720000.0,0.0,3720000.0,Debit,Asset,0.0935096153846153,Fixed Asset,Fixed Asset Dr | To Bank,Asset,REVIEW,COL  SUNIL DALAL (PROPRIETOR)
11-Apr-25,QUTAB GOLF COURSE,0.0,140400.0,140400.0,Credit,Asset,0.0935096153846153,Fixed Asset,Fixed Asset Dr | To Bank,Asset,REVIEW,QUTAB GOLF COURSE
11-Apr-25,QUTAB GOLF COURSE,0.0,290653.0,290653.0,Credit,Asset,0.0935096153846153,Fixed Asset,Fixed Asset Dr | To Bank,Asset,REVIEW,QUTAB GOLF COURSE
11-Apr-25,Dwarka Project  Division 1,0.0,3719832.0,3719832.0,Credit,Asset,0.0935096153846153,Fixed Asset,Fixed Asset Dr | To Bank,Asset,REVIEW,DWARKA PROJECT  DIVISION 1
12-Apr-25,CONVEYANCE EXPENSES,3276.0,0.0,3276.0,Debit,Asset,0.0935096153846153,Fixed Asset,Fixed Asset Dr | To Bank,Asset,REVIEW,CONVEYANCE EXPENSES
14-Apr-25,SBI OD A/C- 6791,0.0,1650000.0,1650000.0,Credit,Asset,0.0935096153846153,Fixed Asset,Fixed Asset Dr | To Bank,Asset,REVIEW,SBI OD A/C- 6791
14-Apr-25,PF PAYABLE,1471342.0,0.0,1471342.0,Debit,Asset,0.0935096153846153,Fixed Asset,Fixed Asset Dr | To Bank,Asset,REVIEW,PF PAYABLE
14-Apr-25,Esic Payable,69594.0,0.0,69594.0,Debit,Asset,0.0935096153846153,Fixed Asset,Fixed Asset Dr | To Bank,Asset,REVIEW,ESIC PAYABLE
15-Apr-25,MUSKAN ENTERPRISE,1475.0,0.0,1475.0,Debit,Asset,0.0935096153846153,Fixed Asset,Fixed Asset Dr | To Bank,Asset,REVIEW,MUSKAN ENTERPRISE
15-Apr-25,RAJA PROPERTIES & CONSTRUCTION,63000.0,0.0,63000.0,Debit,Asset,0.0935096153846153,Fixed Asset,Fixed Asset Dr | To Bank,Asset,REVIEW,RAJA PROPERTIES & CONSTRUCTION
15-Apr-25,CONVEYANCE EXPENSES,2057.0,0.0,2057.0,Debit,Asset,0.0935096153846153,Fixed Asset,Fixed Asset Dr | To Bank,Asset,REVIEW,CONVEYANCE EXPENSES
15-Apr-25,COL  SUNIL DALAL (PROPRIETOR),0.0,100000.0,100000.0,Credit,Asset,0.0935096153846153,Fixed Asset,Fixed Asset Dr | To Bank,Asset,REVIEW,COL  SUNIL DALAL (PROPRIETOR)
15-Apr-25,STATIONERY FOR OFFICE,1250.0,0.0,1250.0,Debit,Asset,0.4532107849120085,Fixed Asset,Fixed Asset Dr | To Bank,Asset,REVIEW,STATIONERY FOR OFFICE
15-Apr-25,"EXECUTIVE ENGR, HCD 10",226654.0,0.0,226654.0,Debit,Asset,0.0935096153846153,Fixed Asset,Fixed Asset Dr | To Bank,Asset,REVIEW,"EXECUTIVE ENGR, HCD 10"
15-Apr-25,Ex Engineer NPD 8,95423.0,0.0,95423.0,Debit,Asset,0.0935096153846153,Fixed Asset,Fixed Asset Dr | To Bank,Asset,REVIEW,EX ENGINEER NPD 8
16-Apr-25,MASTER RUBER WORKSS,19848.0,0.0,19848.0,Debit,Asset,0.0935096153846153,Fixed Asset,Fixed Asset Dr | To Bank,Asset,REVIEW,MASTER RUBER WORKSS
16-Apr-25,ASIAR SOLUTIONS PVT LTD DELHI 2025-26,66080.0,0.0,66080.0,Debit,Asset,0.0935096153846153,Fixed Asset,Fixed Asset Dr | To Bank,Asset,REVIEW,ASIAR SOLUTIONS PVT LTD DELHI 2025-26
16-Apr-25,COL  SUNIL DALAL (PROPRIETOR),0.0,50000.0,50000.0,Credit,Asset,0.0935096153846153,Fixed Asset,Fixed Asset Dr | To Bank,Asset,REVIEW,COL  SUNIL DALAL (PROPRIETOR)
16-Apr-25,ASIAR SOLUTIONS PVT LTD DELHI 2025-26,0.0,66080.0,66080.0,Credit,Asset,0.0935096153846153,Fixed Asset,Fixed Asset Dr | To Bank,Asset,REVIEW,ASIAR SOLUTIONS PVT LTD DELHI 2025-26
17-Apr-25,Common Other Misc. Services,25000.0,0.0,25000.0,Debit,Asset,0.0935096153846153,Fixed Asset,Fixed Asset Dr | To Bank,Asset,REVIEW,COMMON OTHER MISC. SERVICES
17-Apr-25,COL  SUNIL DALAL (PROPRIETOR),1630000.0,0.0,1630000.0,Debit,Asset,0.0935096153846153,Fixed Asset,Fixed Asset Dr | To Bank,Asset,REVIEW,COL  SUNIL DALAL (PROPRIETOR)
17-Apr-25,LTS ROAD SAFETY,1263.0,0.0,1263.0,Debit,Asset,0.0935096153846153,Fixed Asset,Fixed Asset Dr | To Bank,Asset,REVIEW,LTS ROAD SAFETY
17-Apr-25,Sub Regional Office Esic,0.0,769885.0,769885.0,Credit,Asset,0.4532107849120085,Fixed Asset,Fixed Asset Dr | To Bank,Asset,REVIEW,SUB REGIONAL OFFICE ESIC
17-Apr-25,Bharat Sanchar Nigam Limited,0.0,1220122.0,1220122.0,Credit,Asset,0.0935096153846153,Fixed Asset,Fixed Asset Dr | To Bank,Asset,REVIEW,BHARAT SANCHAR NIGAM LIMITED
17-Apr-25,Office  Equipments,1070.0,0.0,1070.0,Debit,Asset,0.4532107849120085,Fixed Asset,Fixed Asset Dr | To Bank,Asset,REVIEW,OFFICE  EQUIPMENTS
19-Apr-25,Other Expenses,6000.0,0.0,6000.0,Debit,Asset,0.0935096153846153,Fixed Asset,Fixed Asset Dr | To Bank,Asset,REVIEW,OTHER EXPENSES
20-Apr-25,UPI-The Dinners Club,1066.0,0.0,1066.0,Debit,Asset,0.0935096153846153,Fixed Asset,Fixed Asset Dr | To Bank,Asset,REVIEW,UPI-THE DINNERS CLUB
20-Apr-25,Miscellaneous,274.0,0.0,274.0,Debit,Asset,0.0935096153846153,Fixed Asset,Fixed Asset Dr | To Bank,Asset,REVIEW,MISCELLANEOUS
20-Apr-25,Other Expenses,518.0,0.0,518.0,Debit,Asset,0.0935096153846153,Fixed Asset,Fixed Asset Dr | To Bank,Asset,REVIEW,OTHER EXPENSES
20-Apr-25,Miscellaneous,1066.0,0.0,1066.0,Debit,Asset,0.0935096153846153,Fixed Asset,Fixed Asset Dr | To Bank,Asset,REVIEW,MISCELLANEOUS
21-Apr-25,IT SYSTEMS,10200.0,0.0,10200.0,Debit,Asset,0.0935096153846153,Fixed Asset,Fixed Asset Dr | To Bank,Asset,REVIEW,IT SYSTEMS
21-Apr-25,A.K. TECH,2950.0,0.0,2950.0,Debit,Asset,0.0935096153846153,Fixed Asset,Fixed Asset Dr | To Bank,Asset,REVIEW,A.K. TECH
21-Apr-25,Fisheries Animal Husbandry and Dairying,0.0,122452.0,122452.0,Credit,Asset,0.0935096153846153,Fixed Asset,Fixed Asset Dr | To Bank,Asset,REVIEW,FISHERIES ANIMAL HUSBANDRY AND DAIRYING
21-Apr-25,PRINTING AND STATIONARY,10200.0,0.0,10200.0,Debit,Asset,0.0935096153846153,Fixed Asset,Fixed Asset Dr | To Bank,Asset,REVIEW,PRINTING AND STATIONARY
22-Apr-25,A.K.R.K. STEEL,4500.0,0.0,4500.0,Debit,Asset,0.0935096153846153,Fixed Asset,Fixed Asset Dr | To Bank,Asset,REVIEW,A.K.R.K. STEEL
22-Apr-25,ELEGANT APPARELS,37852.0,0.0,37852.0,Debit,Asset,0.0935096153846153,Fixed Asset,Fixed Asset Dr | To Bank,Asset,REVIEW,ELEGANT APPARELS
22-Apr-25,PRINTING AND STATIONARY,125.0,0.0,125.0,Debit,Asset,0.0935096153846153,Fixed Asset,Fixed Asset Dr | To Bank,Asset,REVIEW,PRINTING AND STATIONARY
22-Apr-25,Office  Equipments,4017.86,0.0,4017.86,Debit,Asset,0.4532107849120085,Fixed Asset,Fixed Asset Dr | To Bank,Asset,REVIEW,OFFICE  EQUIPMENTS
23-Apr-25,COL  SUNIL DALAL (PROPRIETOR),2635000.0,0.0,2635000.0,Debit,Asset,0.0935096153846153,Fixed Asset,Fixed Asset Dr | To Bank,Asset,REVIEW,COL  SUNIL DALAL (PROPRIETOR)
23-Apr-25,Ex Engineer NPD 8,0.0,665959.0,665959.0,Credit,Asset,0.0935096153846153,Fixed Asset,Fixed Asset Dr | To Bank,Asset,REVIEW,EX ENGINEER NPD 8
23-Apr-25,EX. ENGR  NPD 6,0.0,4003199.0,4003199.0,Credit,Asset,0.0935096153846153,Fixed Asset,Fixed Asset Dr | To Bank,Asset,REVIEW,EX. ENGR  NPD 6
23-Apr-25,COL  SUNIL DALAL (PROPRIETOR),0.0,50000.0,50000.0,Credit,Asset,0.0935096153846153,Fixed Asset,Fixed Asset Dr | To Bank,Asset,REVIEW,COL  SUNIL DALAL (PROPRIETOR)
23-Apr-25,TDS Receivable @ 2%,72097.0,0.0,72097.0,Debit,Asset,0.0935096153846153,Fixed Asset,Fixed Asset Dr | To Bank,Asset,REVIEW,TDS RECEIVABLE @ 2%
25-Apr-25,COL  SUNIL DALAL (PROPRIETOR),4480000.0,0.0,4480000.0,Debit,Asset,0.0935096153846153,Fixed Asset,Fixed Asset Dr | To Bank,Asset,REVIEW,COL  SUNIL DALAL (PROPRIETOR)
25-Apr-25,FDR Interest,0.0,14095.0,14095.0,Credit,Asset,0.0935096153846153,Fixed Asset,Fixed Asset Dr | To Bank,Asset,REVIEW,FDR INTEREST
25-Apr-25,"Dy. Director, Hort 5",0.0,214370.0,214370.0,Credit,Asset,0.0935096153846153,Fixed Asset,Fixed Asset Dr | To Bank,Asset,REVIEW,"DY. DIRECTOR, HORT 5"
25-Apr-25,"Dy. Director, Hort 5",0.0,318240.0,318240.0,Credit,Asset,0.0935096153846153,Fixed Asset,Fixed Asset Dr | To Bank,Asset,REVIEW,"DY. DIRECTOR, HORT 5"
25-Apr-25,"Dy. Director, Hort 5",0.0,90893.0,90893.0,Credit,Asset,0.0935096153846153,Fixed Asset,Fixed Asset Dr | To Bank,Asset,REVIEW,"DY. DIRECTOR, HORT 5"
25-Apr-25,"Dy. Director, Hort 5",0.0,648302.0,648302.0,Credit,Asset,0.0935096153846153,Fixed Asset,Fixed Asset Dr | To Bank,Asset,REVIEW,"DY. DIRECTOR, HORT 5"
25-Apr-25,HORT DIV  9,0.0,384593.0,384593.0,Credit,Asset,0.0935096153846153,Fixed Asset,Fixed Asset Dr | To Bank,Asset,REVIEW,HORT DIV  9
25-Apr-25,DY DIRECTOR(HOR) DIV 6,0.0,132750.0,132750.0,Credit,Asset,0.0935096153846153,Fixed Asset,Fixed Asset Dr | To Bank,Asset,REVIEW,DY DIRECTOR(HOR) DIV 6
25-Apr-25,HORT DIV  9,0.0,630038.0,630038.0,Credit,Asset,0.0935096153846153,Fixed Asset,Fixed Asset Dr | To Bank,Asset,REVIEW,HORT DIV  9
25-Apr-25,HORT DIV  9,0.0,1974879.0,1974879.0,Credit,Asset,0.0935096153846153,Fixed Asset,Fixed Asset Dr | To Bank,Asset,REVIEW,HORT DIV  9
26-Apr-25,CONVEYANCE EXPENSES,1680.0,0.0,1680.0,Debit,Asset,0.0935096153846153,Fixed Asset,Fixed Asset Dr | To Bank,Asset,REVIEW,CONVEYANCE EXPENSES
26-Apr-25,CONVEYANCE EXPENSES,1680.0,0.0,1680.0,Debit,Asset,0.0935096153846153,Fixed Asset,Fixed Asset Dr | To Bank,Asset,REVIEW,CONVEYANCE EXPENSES
28-Apr-25,SBI OD A/C- 6791,0.0,250000.0,250000.0,Credit,Asset,0.0935096153846153,Fixed Asset,Fixed Asset Dr | To Bank,Asset,REVIEW,SBI OD A/C- 6791
28-Apr-25,ELEGANT APPARELS,15937.0,0.0,15937.0,Debit,Asset,0.0935096153846153,Fixed Asset,Fixed Asset Dr | To Bank,Asset,REVIEW,ELEGANT APPARELS
29-Apr-25,PG Sukhdev College,247561.0,0.0,247561.0,Debit,Asset,0.0935096153846153,Fixed Asset,Fixed Asset Dr | To Bank,Asset,REVIEW,PG SUKHDEV COLLEGE
29-Apr-25,QUTAB GOLF COURSE,0.0,1723736.0,1723736.0,Credit,Asset,0.0935096153846153,Fixed Asset,Fixed Asset Dr | To Bank,Asset,REVIEW,QUTAB GOLF COURSE
29-Apr-25,TDS Receivable @ 2%,37884.0,0.0,37884.0,Debit,Asset,0.0935096153846153,Fixed Asset,Fixed Asset Dr | To Bank,Asset,REVIEW,TDS RECEIVABLE @ 2%
30-Apr-25,COL  SUNIL DALAL (PROPRIETOR),1470000.0,0.0,1470000.0,Debit,Asset,0.0935096153846153,Fixed Asset,Fixed Asset Dr | To Bank,Asset,REVIEW,COL  SUNIL DALAL (PROPRIETOR)
30-Apr-25,COL  SUNIL DALAL (PROPRIETOR),348000.0,0.0,348000.0,Debit,Asset,0.0935096153846153,Fixed Asset,Fixed Asset Dr | To Bank,Asset,REVIEW,COL  SUNIL DALAL (PROPRIETOR)
30-Apr-25,CONVEYANCE EXPENSES,1684.0,0.0,1684.0,Debit,Asset,0.0935096153846153,Fixed Asset,Fixed Asset Dr | To Bank,Asset,REVIEW,CONVEYANCE EXPENSES
30-Apr-25,Interest,5126.0,0.0,5126.0,Debit,Asset,0.0935096153846153,Fixed Asset,Fixed Asset Dr | To Bank,Asset,REVIEW,INTEREST
30-Apr-25,QUTAB GOLF COURSE,0.0,340959.0,340959.0,Credit,Asset,0.0935096153846153,Fixed Asset,Fixed Asset Dr | To Bank,Asset,REVIEW,QUTAB GOLF COURSE
30-Apr-25,THE RIGHT CHOICE,0.0,5873.0,5873.0,Credit,Asset,0.0935096153846153,Fixed Asset,Fixed Asset Dr | To Bank,Asset,REVIEW,THE RIGHT CHOICE
30-Apr-25,PF Employer Contribution,676945.0,0.0,676945.0,Debit,Asset,0.0935096153846153,Fixed Asset,Fixed Asset Dr | To Bank,Asset,REVIEW,PF EMPLOYER CONTRIBUTION
30-Apr-25,ESIC Employers Contribution,47632.52,0.0,47632.52,Debit,Asset,0.0935096153846153,Fixed Asset,Fixed Asset Dr | To Bank,Asset,REVIEW,ESIC EMPLOYERS CONTRIBUTION
30-Apr-25,OUTPUT CGST@9%,452186.66,0.0,452186.66,Debit,Asset,0.0935096153846153,Fixed Asset,Fixed Asset Dr | To Bank,Asset,REVIEW,OUTPUT CGST@9%
30-Apr-25,TDS Credit CGST,130255.0,0.0,130255.0,Debit,Asset,0.0935096153846153,Fixed Asset,Fixed Asset Dr | To Bank,Asset,REVIEW,TDS CREDIT CGST
01-May-25,SBI OD A/C- 6791,0.0,7350000.0,7350000.0,Credit,Asset,0.0935096153846153,Fixed Asset,Fixed Asset Dr | To Bank,Asset,REVIEW,SBI OD A/C- 6791
01-May-25,Miscellaneous,14160.0,0.0,14160.0,Debit,Asset,0.0935096153846153,Fixed Asset,Fixed Asset Dr | To Bank,Asset,REVIEW,MISCELLANEOUS
01-May-25,COL  SUNIL DALAL (PROPRIETOR),0.0,250000.0,250000.0,Credit,Asset,0.0935096153846153,Fixed Asset,Fixed Asset Dr | To Bank,Asset,REVIEW,COL  SUNIL DALAL (PROPRIETOR)
01-May-25,Vehicle Hire Charges,49000.0,0.0,49000.0,Debit,Asset,0.3159076091668959,Fixed Asset,Fixed Asset Dr | To Bank,Asset,REVIEW,VEHICLE HIRE CHARGES
01-May-25,EX. ENGR  NPD 6,4397931.31,0.0,4397931.31,Debit,Asset,0.0935096153846153,Fixed Asset,Fixed Asset Dr | To Bank,Asset,REVIEW,EX. ENGR  NPD 6
01-May-25,Dwarka Project  Division 1,2366910.24,0.0,2366910.24,Debit,Asset,0.0935096153846153,Fixed Asset,Fixed Asset Dr | To Bank,Asset,REVIEW,DWARKA PROJECT  DIVISION 1
01-May-25,Hort DWK,2870685.12,0.0,2870685.12,Debit,Asset,0.0935096153846153,Fixed Asset,Fixed Asset Dr | To Bank,Asset,REVIEW,HORT DWK
01-May-25,QUTAB GOLF COURSE,2224289.98,0.0,2224289.98,Debit,Asset,0.0935096153846153,Fixed Asset,Fixed Asset Dr | To Bank,Asset,REVIEW,QUTAB GOLF COURSE
01-May-25,Sub Regional Office Esic,814749.04,0.0,814749.04,Debit,Asset,0.4532107849120085,Fixed Asset,Fixed Asset Dr | To Bank,Asset,REVIEW,SUB REGIONAL OFFICE ESIC
01-May-25,Bharat Sanchar Nigam Limited,1271912.66,0.0,1271912.66,Debit,Asset,0.0935096153846153,Fixed Asset,Fixed Asset Dr | To Bank,Asset,REVIEW,BHARAT SANCHAR NIGAM LIMITED
01-May-25,DEPARTMENT OF SPACE,385435.94,0.0,385435.94,Debit,Asset,0.0935096153846153,Fixed Asset,Fixed Asset Dr | To Bank,Asset,REVIEW,DEPARTMENT OF SPACE
01-May-25,Fisheries Animal Husbandry and Dairying,134022.83,0.0,134022.83,Debit,Asset,0.0935096153846153,Fixed Asset,Fixed Asset Dr | To Bank,Asset,REVIEW,FISHERIES ANIMAL HUSBANDRY AND DAIRYING
01-May-25,"DEPUTY DIRECTOR, HORT . DIVN 8",2184216.72,0.0,2184216.72,Debit,Asset,0.0935096153846153,Fixed Asset,Fixed Asset Dr | To Bank,Asset,REVIEW,"DEPUTY DIRECTOR, HORT . DIVN 8"
01-May-25,DY.DIRECTOR  HR   DIV  7,2482059.2,0.0,2482059.2,Debit,Asset,0.0935096153846153,Fixed Asset,Fixed Asset Dr | To Bank,Asset,REVIEW,DY.DIRECTOR  HR   DIV  7
01-May-25,HORT DIV  9,1533015.18,0.0,1533015.18,Debit,Asset,0.0935096153846153,Fixed Asset,Fixed Asset Dr | To Bank,Asset,REVIEW,HORT DIV  9
01-May-25,DY DIRECTOR(HOR) DIV 6,2039757.44,0.0,2039757.44,Debit,Asset,0.0935096153846153,Fixed Asset,Fixed Asset Dr | To Bank,Asset,REVIEW,DY DIRECTOR(HOR) DIV 6
02-May-25,SBI OD A/C- 6791,0.0,1900000.0,1900000.0,Credit,Asset,0.0935096153846153,Fixed Asset,Fixed Asset Dr | To Bank,Asset,REVIEW,SBI OD A/C- 6791
02-May-25,Miscellaneous,5000.0,0.0,5000.0,Debit,Asset,0.0935096153846153,Fixed Asset,Fixed Asset Dr | To Bank,Asset,REVIEW,MISCELLANEOUS
02-May-25,Bharat Sanchar Nigam Limited,0.0,1271912.66,1271912.66,Credit,Asset,0.0935096153846153,Fixed Asset,Fixed Asset Dr | To Bank,Asset,REVIEW,BHARAT SANCHAR NIGAM LIMITED
03-May-25,SARASWATI ENTERPRISES,5458.0,0.0,5458.0,Debit,Asset,0.0935096153846153,Fixed Asset,Fixed Asset Dr | To Bank,Asset,REVIEW,SARASWATI ENTERPRISES
03-May-25,ROHIT TIWARI,42927.0,0.0,42927.0,Debit,Asset,0.0935096153846153,Fixed Asset,Fixed Asset Dr | To Bank,Asset,REVIEW,ROHIT TIWARI
03-May-25,THE RIGHT CHOICE,5873.0,0.0,5873.0,Debit,Asset,0.0935096153846153,Fixed Asset,Fixed Asset Dr | To Bank,Asset,REVIEW,THE RIGHT CHOICE
03-May-25,Miscellaneous,2500.0,0.0,2500.0,Debit,Asset,0.0935096153846153,Fixed Asset,Fixed Asset Dr | To Bank,Asset,REVIEW,MISCELLANEOUS
03-May-25,COL  SUNIL DALAL (PROPRIETOR),0.0,50000.0,50000.0,Credit,Asset,0.0935096153846153,Fixed Asset,Fixed Asset Dr | To Bank,Asset,REVIEW,COL  SUNIL DALAL (PROPRIETOR)
05-May-25,CONVEYANCE EXPENSES,10675.0,0.0,10675.0,Debit,Asset,0.0935096153846153,Fixed Asset,Fixed Asset Dr | To Bank,Asset,REVIEW,CONVEYANCE EXPENSES
06-May-25,SAMPURAN FURNITURE,9200.0,0.0,9200.0,Debit,Asset,0.8073883110009208,Fixed Asset,Fixed Asset Dr | To Bank,Asset,OK,SAMPURAN FURNITURE
06-May-25,GOVERNMENT MARKETPLACE (GEM),92055.91,0.0,92055.91,Debit,Asset,0.0935096153846153,Fixed Asset,Fixed Asset Dr | To Bank,Asset,REVIEW,GOVERNMENT MARKETPLACE (GEM)
06-May-25,GOVERNMENT MARKETPLACE (GEM),33932.25,0.0,33932.25,Debit,Asset,0.0935096153846153,Fixed Asset,Fixed Asset Dr | To Bank,Asset,REVIEW,GOVERNMENT MARKETPLACE (GEM)
06-May-25,"PAO, DDA",23720.0,0.0,23720.0,Debit,Asset,0.0935096153846153,Fixed Asset,Fixed Asset Dr | To Bank,Asset,REVIEW,"PAO, DDA"
06-May-25,COL  SUNIL DALAL (PROPRIETOR),0.0,50000.0,50000.0,Credit,Asset,0.0935096153846153,Fixed Asset,Fixed Asset Dr | To Bank,Asset,REVIEW,COL  SUNIL DALAL (PROPRIETOR)
06-May-25,COL  SUNIL DALAL (PROPRIETOR),0.0,100000.0,100000.0,Credit,Asset,0.0935096153846153,Fixed Asset,Fixed Asset Dr | To Bank,Asset,REVIEW,COL  SUNIL DALAL (PROPRIETOR)
06-May-25,SAMPURAN FURNITURE,0.0,9200.0,9200.0,Credit,Asset,0.8073883110009208,Fixed Asset,Fixed Asset Dr | To Bank,Asset,OK,SAMPURAN FURNITURE
06-May-25,Licenses,18500.0,0.0,18500.0,Debit,Asset,0.0935096153846153,Fixed Asset,Fixed Asset Dr | To Bank,Asset,REVIEW,LICENSES
06-May-25,Annual Maintainance Charge,23600.0,0.0,23600.0,Debit,Asset,0.0935096153846153,Fixed Asset,Fixed Asset Dr | To Bank,Asset,REVIEW,ANNUAL MAINTAINANCE CHARGE
07-May-25,Other Expenses,2769.0,0.0,2769.0,Debit,Asset,0.0935096153846153,Fixed Asset,Fixed Asset Dr | To Bank,Asset,REVIEW,OTHER EXPENSES
07-May-25,COL  SUNIL DALAL (PROPRIETOR),0.0,900000.0,900000.0,Credit,Asset,0.0935096153846153,Fixed Asset,Fixed Asset Dr | To Bank,Asset,REVIEW,COL  SUNIL DALAL (PROPRIETOR)
07-May-25,Dwarka Project  Division 1,0.0,379452.0,379452.0,Credit,Asset,0.0935096153846153,Fixed Asset,Fixed Asset Dr | To Bank,Asset,REVIEW,DWARKA PROJECT  DIVISION 1
08-May-25,PG NCLAT,887270.0,0.0,887270.0,Debit,Asset,0.0935096153846153,Fixed Asset,Fixed Asset Dr | To Bank,Asset,REVIEW,PG NCLAT
08-May-25,CONVEYANCE EXPENSES,1144.0,0.0,1144.0,Debit,Asset,0.0935096153846153,Fixed Asset,Fixed Asset Dr | To Bank,Asset,REVIEW,CONVEYANCE EXPENSES
08-May-25,CONVEYANCE EXPENSES,2148.0,0.0,2148.0,Debit,Asset,0.0935096153846153,Fixed Asset,Fixed Asset Dr | To Bank,Asset,REVIEW,CONVEYANCE EXPENSES
08-May-25,COL  SUNIL DALAL (PROPRIETOR),0.0,60000.0,60000.0,Credit,Asset,0.0935096153846153,Fixed Asset,Fixed Asset Dr | To Bank,Asset,REVIEW,COL  SUNIL DALAL (PROPRIETOR)
08-May-25,Hort DWK,0.0,437901.0,437901.0,Credit,Asset,0.0935096153846153,Fixed Asset,Fixed Asset Dr | To Bank,Asset,REVIEW,HORT DWK
08-May-25,Hort DWK,0.0,437901.0,437901.0,Credit,Asset,0.0935096153846153,Fixed Asset,Fixed Asset Dr | To Bank,Asset,REVIEW,HORT DWK
08-May-25,Hort DWK,0.0,206489.0,206489.0,Credit,Asset,0.0935096153846153,Fixed Asset,Fixed Asset Dr | To Bank,Asset,REVIEW,HORT DWK
08-May-25,Hort DWK,0.0,207639.0,207639.0,Credit,Asset,0.0935096153846153,Fixed Asset,Fixed Asset Dr | To Bank,Asset,REVIEW,HORT DWK
08-May-25,Hort DWK,0.0,102989.0,102989.0,Credit,Asset,0.0935096153846153,Fixed Asset,Fixed Asset Dr | To Bank,Asset,REVIEW,HORT DWK
08-May-25,Hort DWK,0.0,206489.0,206489.0,Credit,Asset,0.0935096153846153,Fixed Asset,Fixed Asset Dr | To Bank,Asset,REVIEW,HORT DWK
08-May-25,Hort DWK,0.0,222540.0,222540.0,Credit,Asset,0.0935096153846153,Fixed Asset,Fixed Asset Dr | To Bank,Asset,REVIEW,HORT DWK
08-May-25,"EXECUTIVE ENGR, HCD 10",0.0,833062.0,833062.0,Credit,Asset,0.0935096153846153,Fixed Asset,Fixed Asset Dr | To Bank,Asset,REVIEW,"EXECUTIVE ENGR, HCD 10"
08-May-25,Hort DWK,0.0,2247482.0,2247482.0,Credit,Asset,0.0935096153846153,Fixed Asset,Fixed Asset Dr | To Bank,Asset,REVIEW,HORT DWK
09-May-25,Miscellaneous,26116.0,0.0,26116.0,Debit,Asset,0.0935096153846153,Fixed Asset,Fixed Asset Dr | To Bank,Asset,REVIEW,MISCELLANEOUS
09-May-25,TECH ARMY ENVIRONMENTA,8483.0,0.0,8483.0,Debit,Asset,0.0935096153846153,Fixed Asset,Fixed Asset Dr | To Bank,Asset,REVIEW,TECH ARMY ENVIRONMENTA
09-May-25,CONVEYANCE EXPENSES,2170.0,0.0,2170.0,Debit,Asset,0.0935096153846153,Fixed Asset,Fixed Asset Dr | To Bank,Asset,REVIEW,CONVEYANCE EXPENSES
09-May-25,CONVEYANCE EXPENSES,2528.0,0.0,2528.0,Debit,Asset,0.0935096153846153,Fixed Asset,Fixed Asset Dr | To Bank,Asset,REVIEW,CONVEYANCE EXPENSES
09-May-25,COL  SUNIL DALAL (PROPRIETOR),0.0,50000.0,50000.0,Credit,Asset,0.0935096153846153,Fixed Asset,Fixed Asset Dr | To Bank,Asset,REVIEW,COL  SUNIL DALAL (PROPRIETOR)
14-May-25,DIVYA ENTERPRISES,4900.0,0.0,4900.0,Debit,Asset,0.0935096153846153,Fixed Asset,Fixed Asset Dr | To Bank,Asset,REVIEW,DIVYA ENTERPRISES
14-May-25,ELEGANT APPARELS,40000.0,0.0,40000.0,Debit,Asset,0.0935096153846153,Fixed Asset,Fixed Asset Dr | To Bank,Asset,REVIEW,ELEGANT APPARELS
14-May-25,COL  SUNIL DALAL (PROPRIETOR),0.0,50000.0,50000.0,Credit,Asset,0.0935096153846153,Fixed Asset,Fixed Asset Dr | To Bank,Asset,REVIEW,COL  SUNIL DALAL (PROPRIETOR)
15-May-25,SBI OD A/C- 6791,0.0,2000000.0,2000000.0,Credit,Asset,0.0935096153846153,Fixed Asset,Fixed Asset Dr | To Bank,Asset,REVIEW,SBI OD A/C- 6791
15-May-25,Esic Payable,66735.0,0.0,66735.0,Debit,Asset,0.0935096153846153,Fixed Asset,Fixed Asset Dr | To Bank,Asset,REVIEW,ESIC PAYABLE
15-May-25,PF PAYABLE,1410302.0,0.0,1410302.0,Debit,Asset,0.0935096153846153,Fixed Asset,Fixed Asset Dr | To Bank,Asset,REVIEW,PF PAYABLE
15-May-25,Common Other Misc. Services,17700.0,0.0,17700.0,Debit,Asset,0.0935096153846153,Fixed Asset,Fixed Asset Dr | To Bank,Asset,REVIEW,COMMON OTHER MISC. SERVICES
15-May-25,Common Other Misc. Services,3540.0,0.0,3540.0,Debit,Asset,0.0935096153846153,Fixed Asset,Fixed Asset Dr | To Bank,Asset,REVIEW,COMMON OTHER MISC. SERVICES
15-May-25,CONVEYANCE EXPENSES,620.0,0.0,620.0,Debit,Asset,0.0935096153846153,Fixed Asset,Fixed Asset Dr | To Bank,Asset,REVIEW,CONVEYANCE EXPENSES
15-May-25,CONVEYANCE EXPENSES,3552.0,0.0,3552.0,Debit,Asset,0.0935096153846153,Fixed Asset,Fixed Asset Dr | To Bank,Asset,REVIEW,CONVEYANCE EXPENSES
15-May-25,CONVEYANCE EXPENSES,2660.0,0.0,2660.0,Debit,Asset,0.0935096153846153,Fixed Asset,Fixed Asset Dr | To Bank,Asset,REVIEW,CONVEYANCE EXPENSES
15-May-25,Sub Regional Office Esic,0.0,771622.0,771622.0,Credit,Asset,0.4532107849120085,Fixed Asset,Fixed Asset Dr | To Bank,Asset,REVIEW,SUB REGIONAL OFFICE ESIC
16-May-25,ADVERTISMENT AND PUBLICITY,500.0,0.0,500.0,Debit,Asset,0.0935096153846153,Fixed Asset,Fixed Asset Dr | To Bank,Asset,REVIEW,ADVERTISMENT AND PUBLICITY
16-May-25,RAJA PROPERTIES & CONSTRUCTION,63000.0,0.0,63000.0,Debit,Asset,0.0935096153846153,Fixed Asset,Fixed Asset Dr | To Bank,Asset,REVIEW,RAJA PROPERTIES & CONSTRUCTION
16-May-25,Other Expenses,7700.0,0.0,7700.0,Debit,Asset,0.0935096153846153,Fixed Asset,Fixed Asset Dr | To Bank,Asset,REVIEW,OTHER EXPENSES
16-May-25,COL  SUNIL DALAL (PROPRIETOR),0.0,70000.0,70000.0,Credit,Asset,0.0935096153846153,Fixed Asset,Fixed Asset Dr | To Bank,Asset,REVIEW,COL  SUNIL DALAL (PROPRIETOR)
16-May-25,QUTAB GOLF COURSE,156815.0,0.0,156815.0,Debit,Asset,0.0935096153846153,Fixed Asset,Fixed Asset Dr | To Bank,Asset,REVIEW,QUTAB GOLF COURSE
16-May-25,"DEPUTY DIRECTOR, HORT . DIVN 8",225136.0,0.0,225136.0,Debit,Asset,0.0935096153846153,Fixed Asset,Fixed Asset Dr | To Bank,Asset,REVIEW,"DEPUTY DIRECTOR, HORT . DIVN 8"
16-May-25,EX. ENGR  NPD 6,346409.0,0.0,346409.0,Debit,Asset,0.0935096153846153,Fixed Asset,Fixed Asset Dr | To Bank,Asset,REVIEW,EX. ENGR  NPD 6
16-May-25,DY.DIRECTOR  HR   DIV  7,201222.0,0.0,201222.0,Debit,Asset,0.0935096153846153,Fixed Asset,Fixed Asset Dr | To Bank,Asset,REVIEW,DY.DIRECTOR  HR   DIV  7
16-May-25,HORT DIV  9,151466.0,0.0,151466.0,Debit,Asset,0.0935096153846153,Fixed Asset,Fixed Asset Dr | To Bank,Asset,REVIEW,HORT DIV  9
16-May-25,Hort DWK,228273.0,0.0,228273.0,Debit,Asset,0.0935096153846153,Fixed Asset,Fixed Asset Dr | To Bank,Asset,REVIEW,HORT DWK
16-May-25,DY DIRECTOR(HOR) DIV 6,215908.0,0.0,215908.0,Debit,Asset,0.0935096153846153,Fixed Asset,Fixed Asset Dr | To Bank,Asset,REVIEW,DY DIRECTOR(HOR) DIV 6
16-May-25,Dwarka Project  Division 1,221852.0,0.0,221852.0,Debit,Asset,0.0935096153846153,Fixed Asset,Fixed Asset Dr | To Bank,Asset,REVIEW,DWARKA PROJECT  DIVISION 1
17-May-25,COL  SUNIL DALAL (PROPRIETOR),0.0,20000.0,20000.0,Credit,Asset,0.0935096153846153,Fixed Asset,Fixed Asset Dr | To Bank,Asset,REVIEW,COL  SUNIL DALAL (PROPRIETOR)
17-May-25,Fisheries Animal Husbandry and Dairying,0.0,129479.0,129479.0,Credit,Asset,0.0935096153846153,Fixed Asset,Fixed Asset Dr | To Bank,Asset,REVIEW,FISHERIES ANIMAL HUSBANDRY AND DAIRYING
19-May-25,CONVEYANCE EXPENSES,9568.0,0.0,9568.0,Debit,Asset,0.0935096153846153,Fixed Asset,Fixed Asset Dr | To Bank,Asset,REVIEW,CONVEYANCE EXPENSES
20-May-25,Other Expenses,500.0,0.0,500.0,Debit,Asset,0.0935096153846153,Fixed Asset,Fixed Asset Dr | To Bank,Asset,REVIEW,OTHER EXPENSES
20-May-25,DEPARTMENT OF SPACE,0.0,372371.0,372371.0,Credit,Asset,0.0935096153846153,Fixed Asset,Fixed Asset Dr | To Bank,Asset,REVIEW,DEPARTMENT OF SPACE
20-May-25,HORT DIV  9,0.0,1214719.0,1214719.0,Credit,Asset,0.0935096153846153,Fixed Asset,Fixed Asset Dr | To Bank,Asset,REVIEW,HORT DIV  9
20-May-25,HORT DIV  9,0.0,812374.0,812374.0,Credit,Asset,0.0935096153846153,Fixed Asset,Fixed Asset Dr | To Bank,Asset,REVIEW,HORT DIV  9
20-May-25,DY.DIRECTOR  HR   DIV  7,0.0,1966715.0,1966715.0,Credit,Asset,0.0935096153846153,Fixed Asset,Fixed Asset Dr | To Bank,Asset,REVIEW,DY.DIRECTOR  HR   DIV  7
20-May-25,DY.DIRECTOR  HR   DIV  7,0.0,381397.0,381397.0,Credit,Asset,0.0935096153846153,Fixed Asset,Fixed Asset Dr | To Bank,Asset,REVIEW,DY.DIRECTOR  HR   DIV  7
20-May-25,DY.DIRECTOR  HR   DIV  7,0.0,173792.0,173792.0,Credit,Asset,0.0935096153846153,Fixed Asset,Fixed Asset Dr | To Bank,Asset,REVIEW,DY.DIRECTOR  HR   DIV  7
20-May-25,HORT DIV  9,0.0,154816.0,154816.0,Credit,Asset,0.0935096153846153,Fixed Asset,Fixed Asset Dr | To Bank,Asset,REVIEW,HORT DIV  9
20-May-25,Security Deposit,0.0,495450.0,495450.0,Credit,Asset,0.0935096153846153,Fixed Asset,Fixed Asset Dr | To Bank,Asset,REVIEW,SECURITY DEPOSIT
20-May-25,TRAINING SERVICES,600.0,0.0,600.0,Debit,Asset,0.0935096153846153,Fixed Asset,Fixed Asset Dr | To Bank,Asset,REVIEW,TRAINING SERVICES
21-May-25,ADVERTISMENT AND PUBLICITY,122148.0,0.0,122148.0,Debit,Asset,0.0935096153846153,Fixed Asset,Fixed Asset Dr | To Bank,Asset,REVIEW,ADVERTISMENT AND PUBLICITY
22-May-25,ADONIS CREATIONS  PVT LTD,128256.0,0.0,128256.0,Debit,Asset,0.0935096153846153,Fixed Asset,Fixed Asset Dr | To Bank,Asset,REVIEW,ADONIS CREATIONS  PVT LTD
22-May-25,COL  SUNIL DALAL (PROPRIETOR),0.0,100000.0,100000.0,Credit,Asset,0.0935096153846153,Fixed Asset,Fixed Asset Dr | To Bank,Asset,REVIEW,COL  SUNIL DALAL (PROPRIETOR)
22-May-25,Bharat Sanchar Nigam Limited,1245021.84,0.0,1245021.84,Debit,Asset,0.0935096153846153,Fixed Asset,Fixed Asset Dr | To Bank,Asset,REVIEW,BHARAT SANCHAR NIGAM LIMITED
23-May-25,STATIONERY FOR OFFICE,3968.0,0.0,3968.0,Debit,Asset,0.4532107849120085,Fixed Asset,Fixed Asset Dr | To Bank,Asset,REVIEW,STATIONERY FOR OFFICE
26-May-25,ADVERTISMENT AND PUBLICITY,10000.0,0.0,10000.0,Debit,Asset,0.0935096153846153,Fixed Asset,Fixed Asset Dr | To Bank,Asset,REVIEW,ADVERTISMENT AND PUBLICITY
26-May-25,DATA XGEN TECHNOLOGIES PVT LTD,295.0,0.0,295.0,Debit,Asset,0.0935096153846153,Fixed Asset,Fixed Asset Dr | To Bank,Asset,REVIEW,DATA XGEN TECHNOLOGIES PVT LTD
26-May-25,COL  SUNIL DALAL (PROPRIETOR),0.0,25000.0,25000.0,Credit,Asset,0.0935096153846153,Fixed Asset,Fixed Asset Dr | To Bank,Asset,REVIEW,COL  SUNIL DALAL (PROPRIETOR)
27-May-25,A.B.S.A. TRADERS PRIVATE LIMITED,5380.0,0.0,5380.0,Debit,Asset,0.0935096153846153,Fixed Asset,Fixed Asset Dr | To Bank,Asset,REVIEW,A.B.S.A. TRADERS PRIVATE LIMITED
27-May-25,Software,250.0,0.0,250.0,Debit,Asset,0.0935096153846153,Fixed Asset,Fixed Asset Dr | To Bank,Asset,REVIEW,SOFTWARE
27-May-25,Office  Equipments,4867.86,0.0,4867.86,Debit,Asset,0.4532107849120085,Fixed Asset,Fixed Asset Dr | To Bank,Asset,REVIEW,OFFICE  EQUIPMENTS
28-May-25,COL  SUNIL DALAL (PROPRIETOR),1953000.0,0.0,1953000.0,Debit,Asset,0.0935096153846153,Fixed Asset,Fixed Asset Dr | To Bank,Asset,REVIEW,COL  SUNIL DALAL (PROPRIETOR)
28-May-25,ELEGANT APPARELS,0.0,19387.25,19387.25,Credit,Asset,0.0935096153846153,Fixed Asset,Fixed Asset Dr | To Bank,Asset,REVIEW,ELEGANT APPARELS
29-May-25,MASTER RUBER WORKSS,18043.0,0.0,18043.0,Debit,Asset,0.0935096153846153,Fixed Asset,Fixed Asset Dr | To Bank,Asset,REVIEW,MASTER RUBER WORKSS
29-May-25,COL  SUNIL DALAL (PROPRIETOR),1065000.0,0.0,1065000.0,Debit,Asset,0.0935096153846153,Fixed Asset,Fixed Asset Dr | To Bank,Asset,REVIEW,COL  SUNIL DALAL (PROPRIETOR)
29-May-25,COL  SUNIL DALAL (PROPRIETOR),0.0,20000.0,20000.0,Credit,Asset,0.0935096153846153,Fixed Asset,Fixed Asset Dr | To Bank,Asset,REVIEW,COL  SUNIL DALAL (PROPRIETOR)
29-May-25,PG MTNL,0.0,927046.0,927046.0,Credit,Asset,0.0935096153846153,Fixed Asset,Fixed Asset Dr | To Bank,Asset,REVIEW,PG MTNL
29-May-25,QUTAB GOLF COURSE,0.0,140400.0,140400.0,Credit,Asset,0.0935096153846153,Fixed Asset,Fixed Asset Dr | To Bank,Asset,REVIEW,QUTAB GOLF COURSE
30-May-25,Miscellaneous,3000.0,0.0,3000.0,Debit,Asset,0.0935096153846153,Fixed Asset,Fixed Asset Dr | To Bank,Asset,REVIEW,MISCELLANEOUS
31-May-25,R.S. ELECTRIC COMPANY,2950.0,0.0,2950.0,Debit,Asset,0.0935096153846153,Fixed Asset,Fixed Asset Dr | To Bank,Asset,REVIEW,R.S. ELECTRIC COMPANY
31-May-25,ADVERTISMENT AND PUBLICITY,1654.49,0.0,1654.49,Debit,Asset,0.0935096153846153,Fixed Asset,Fixed Asset Dr | To Bank,Asset,REVIEW,ADVERTISMENT AND PUBLICITY
31-May-25,Interest,35103.0,0.0,35103.0,Debit,Asset,0.0935096153846153,Fixed Asset,Fixed Asset Dr | To Bank,Asset,REVIEW,INTEREST
31-May-25,Office  Equipments,2400.0,0.0,2400.0,Debit,Asset,0.4532107849120085,Fixed Asset,Fixed Asset Dr | To Bank,Asset,REVIEW,OFFICE  EQUIPMENTS
31-May-25,PF Employer Contribution,743408.0,0.0,743408.0,Debit,Asset,0.0935096153846153,Fixed Asset,Fixed Asset Dr | To Bank,Asset,REVIEW,PF EMPLOYER CONTRIBUTION
31-May-25,ESIC Employers Contribution,58804.24,0.0,58804.24,Debit,Asset,0.0935096153846153,Fixed Asset,Fixed Asset Dr | To Bank,Asset,REVIEW,ESIC EMPLOYERS CONTRIBUTION
31-May-25,OUTPUT CGST@9%,1634725.9,0.0,1634725.9,Debit,Asset,0.0935096153846153,Fixed Asset,Fixed Asset Dr | To Bank,Asset,REVIEW,OUTPUT CGST@9%
31-May-25,TDS Credit CGST,86807.0,0.0,86807.0,Debit,Asset,0.0935096153846153,Fixed Asset,Fixed Asset Dr | To Bank,Asset,REVIEW,TDS CREDIT CGST
02-Jun-25,CONVEYANCE EXPENSES,4500.0,0.0,4500.0,Debit,Asset,0.0935096153846153,Fixed Asset,Fixed Asset Dr | To Bank,Asset,REVIEW,CONVEYANCE EXPENSES
02-Jun-25,Office Petty Expenses,274.0,0.0,274.0,Debit,Asset,0.4532107849120085,Fixed Asset,Fixed Asset Dr | To Bank,Asset,REVIEW,OFFICE PETTY EXPENSES
02-Jun-25,CONVEYANCE EXPENSES,400.0,0.0,400.0,Debit,Asset,0.0935096153846153,Fixed Asset,Fixed Asset Dr | To Bank,Asset,REVIEW,CONVEYANCE EXPENSES
02-Jun-25,CONVEYANCE EXPENSES,400.0,0.0,400.0,Debit,Asset,0.0935096153846153,Fixed Asset,Fixed Asset Dr | To Bank,Asset,REVIEW,CONVEYANCE EXPENSES
02-Jun-25,Hort DWK,0.0,206489.0,206489.0,Credit,Asset,0.0935096153846153,Fixed Asset,Fixed Asset Dr | To Bank,Asset,REVIEW,HORT DWK
02-Jun-25,"DEPUTY DIRECTOR, HORT . DIVN 8",0.0,169324.0,169324.0,Credit,Asset,0.0935096153846153,Fixed Asset,Fixed Asset Dr | To Bank,Asset,REVIEW,"DEPUTY DIRECTOR, HORT . DIVN 8"
02-Jun-25,"DEPUTY DIRECTOR, HORT . DIVN 8",0.0,322261.0,322261.0,Credit,Asset,0.0935096153846153,Fixed Asset,Fixed Asset Dr | To Bank,Asset,REVIEW,"DEPUTY DIRECTOR, HORT . DIVN 8"
02-Jun-25,"DEPUTY DIRECTOR, HORT . DIVN 8",0.0,1722712.0,1722712.0,Credit,Asset,0.0935096153846153,Fixed Asset,Fixed Asset Dr | To Bank,Asset,REVIEW,"DEPUTY DIRECTOR, HORT . DIVN 8"
02-Jun-25,DY DIRECTOR(HOR) DIV 6,0.0,1637389.0,1637389.0,Credit,Asset,0.0935096153846153,Fixed Asset,Fixed Asset Dr | To Bank,Asset,REVIEW,DY DIRECTOR(HOR) DIV 6
02-Jun-25,"DEPUTY DIRECTOR, HORT . DIVN 8",0.0,187192.0,187192.0,Credit,Asset,0.0935096153846153,Fixed Asset,Fixed Asset Dr | To Bank,Asset,REVIEW,"DEPUTY DIRECTOR, HORT . DIVN 8"
02-Jun-25,DY DIRECTOR(HOR) DIV 6,0.0,474255.0,474255.0,Credit,Asset,0.0935096153846153,Fixed Asset,Fixed Asset Dr | To Bank,Asset,REVIEW,DY DIRECTOR(HOR) DIV 6
02-Jun-25,Hort DWK,0.0,423544.0,423544.0,Credit,Asset,0.0935096153846153,Fixed Asset,Fixed Asset Dr | To Bank,Asset,REVIEW,HORT DWK
02-Jun-25,Dwarka Project  Division 1,0.0,2227505.0,2227505.0,Credit,Asset,0.0935096153846153,Fixed Asset,Fixed Asset Dr | To Bank,Asset,REVIEW,DWARKA PROJECT  DIVISION 1
02-Jun-25,TDS Receivable @ 2%,37021.0,0.0,37021.0,Debit,Asset,0.0935096153846153,Fixed Asset,Fixed Asset Dr | To Bank,Asset,REVIEW,TDS RECEIVABLE @ 2%
02-Jun-25,Vehicle Hire Charges,49000.0,0.0,49000.0,Debit,Asset,0.3159076091668959,Fixed Asset,Fixed Asset Dr | To Bank,Asset,REVIEW,VEHICLE HIRE CHARGES
02-Jun-25,Licenses,600.0,0.0,600.0,Debit,Asset,0.0935096153846153,Fixed Asset,Fixed Asset Dr | To Bank,Asset,REVIEW,LICENSES
03-Jun-25,Airtech Private Limited,13917.0,0.0,13917.0,Debit,Asset,0.0935096153846153,Fixed Asset,Fixed Asset Dr | To Bank,Asset,REVIEW,AIRTECH PRIVATE LIMITED
03-Jun-25,Office Petty Expenses,2118.0,0.0,2118.0,Debit,Asset,0.4532107849120085,Fixed Asset,Fixed Asset Dr | To Bank,Asset,REVIEW,OFFICE PETTY EXPENSES
03-Jun-25,Office Petty Expenses,432.0,0.0,432.0,Debit,Asset,0.4532107849120085,Fixed Asset,Fixed Asset Dr | To Bank,Asset,REVIEW,OFFICE PETTY EXPENSES
03-Jun-25,Other Expenses,1000.0,0.0,1000.0,Debit,Asset,0.0935096153846153,Fixed Asset,Fixed Asset Dr | To Bank,Asset,REVIEW,OTHER EXPENSES
03-Jun-25,OFFICE  MAINTENANCE,2400.0,0.0,2400.0,Debit,Asset,0.4532107849120085,Fixed Asset,Fixed Asset Dr | To Bank,Asset,REVIEW,OFFICE  MAINTENANCE
03-Jun-25,CONVEYANCE EXPENSES,140.0,0.0,140.0,Debit,Asset,0.0935096153846153,Fixed Asset,Fixed Asset Dr | To Bank,Asset,REVIEW,CONVEYANCE EXPENSES
03-Jun-25,COL  SUNIL DALAL (PROPRIETOR),0.0,1000000.0,1000000.0,Credit,Asset,0.0935096153846153,Fixed Asset,Fixed Asset Dr | To Bank,Asset,REVIEW,COL  SUNIL DALAL (PROPRIETOR)
03-Jun-25,Airtech Private Limited,0.0,15000.0,15000.0,Credit,Asset,0.0935096153846153,Fixed Asset,Fixed Asset Dr | To Bank,Asset,REVIEW,AIRTECH PRIVATE LIMITED
04-Jun-25,SBI OD A/C- 6791,0.0,1200000.0,1200000.0,Credit,Asset,0.0935096153846153,Fixed Asset,Fixed Asset Dr | To Bank,Asset,REVIEW,SBI OD A/C- 6791
04-Jun-25,CONVEYANCE EXPENSES,8100.0,0.0,8100.0,Debit,Asset,0.0935096153846153,Fixed Asset,Fixed Asset Dr | To Bank,Asset,REVIEW,CONVEYANCE EXPENSES
04-Jun-25,National Company Law Appellate Tribunal,425658.08,0.0,425658.08,Debit,Asset,0.0935096153846153,Fixed Asset,Fixed Asset Dr | To Bank,Asset,REVIEW,NATIONAL COMPANY LAW APPELLATE TRIBUNAL
04-Jun-25,"EXECUTIVE ENGR, HCD 10",1077467.41,0.0,1077467.41,Debit,Asset,0.0935096153846153,Fixed Asset,Fixed Asset Dr | To Bank,Asset,REVIEW,"EXECUTIVE ENGR, HCD 10"
04-Jun-25,QUTAB GOLF COURSE,2298432.97,0.0,2298432.97,Debit,Asset,0.0935096153846153,Fixed Asset,Fixed Asset Dr | To Bank,Asset,REVIEW,QUTAB GOLF COURSE
04-Jun-25,Sub Regional Office Esic,814749.04,0.0,814749.04,Debit,Asset,0.4532107849120085,Fixed Asset,Fixed Asset Dr | To Bank,Asset,REVIEW,SUB REGIONAL OFFICE ESIC
04-Jun-25,Bharat Sanchar Nigam Limited,1245021.84,0.0,1245021.84,Debit,Asset,0.0935096153846153,Fixed Asset,Fixed Asset Dr | To Bank,Asset,REVIEW,BHARAT SANCHAR NIGAM LIMITED
04-Jun-25,DEPARTMENT OF SPACE,398283.74,0.0,398283.74,Debit,Asset,0.0935096153846153,Fixed Asset,Fixed Asset Dr | To Bank,Asset,REVIEW,DEPARTMENT OF SPACE
04-Jun-25,Fisheries Animal Husbandry and Dairying,138490.26,0.0,138490.26,Debit,Asset,0.0935096153846153,Fixed Asset,Fixed Asset Dr | To Bank,Asset,REVIEW,FISHERIES ANIMAL HUSBANDRY AND DAIRYING
04-Jun-25,DY DIRECTOR(HOR) DIV 6,1374619.76,0.0,1374619.76,Debit,Asset,0.0935096153846153,Fixed Asset,Fixed Asset Dr | To Bank,Asset,REVIEW,DY DIRECTOR(HOR) DIV 6
05-Jun-25,ROHIT TIWARI,50127.0,0.0,50127.0,Debit,Asset,0.0935096153846153,Fixed Asset,Fixed Asset Dr | To Bank,Asset,REVIEW,ROHIT TIWARI
05-Jun-25,AAZAD ALUMINIUM & HARDWARE,2124.0,0.0,2124.0,Debit,Asset,0.0935096153846153,Fixed Asset,Fixed Asset Dr | To Bank,Asset,REVIEW,AAZAD ALUMINIUM & HARDWARE
05-Jun-25,Pragmatic Educational Society,1416.0,0.0,1416.0,Debit,Asset,0.0935096153846153,Fixed Asset,Fixed Asset Dr | To Bank,Asset,REVIEW,PRAGMATIC EDUCATIONAL SOCIETY
05-Jun-25,CONVEYANCE EXPENSES,920.0,0.0,920.0,Debit,Asset,0.0935096153846153,Fixed Asset,Fixed Asset Dr | To Bank,Asset,REVIEW,CONVEYANCE EXPENSES
05-Jun-25,CONVEYANCE EXPENSES,1452.0,0.0,1452.0,Debit,Asset,0.0935096153846153,Fixed Asset,Fixed Asset Dr | To Bank,Asset,REVIEW,CONVEYANCE EXPENSES
05-Jun-25,Software,3840.0,0.0,3840.0,Debit,Asset,0.0935096153846153,Fixed Asset,Fixed Asset Dr | To Bank,Asset,REVIEW,SOFTWARE
05-Jun-25,COL  SUNIL DALAL (PROPRIETOR),0.0,100000.0,100000.0,Credit,Asset,0.0935096153846153,Fixed Asset,Fixed Asset Dr | To Bank,Asset,REVIEW,COL  SUNIL DALAL (PROPRIETOR)
05-Jun-25,COL  SUNIL DALAL (PROPRIETOR),0.0,200000.0,200000.0,Credit,Asset,0.0935096153846153,Fixed Asset,Fixed Asset Dr | To Bank,Asset,REVIEW,COL  SUNIL DALAL (PROPRIETOR)
05-Jun-25,EX. ENGR  NPD 6,0.0,4138900.0,4138900.0,Credit,Asset,0.0935096153846153,Fixed Asset,Fixed Asset Dr | To Bank,Asset,REVIEW,EX. ENGR  NPD 6
05-Jun-25,EX. ENGR  NPD 6,0.0,834050.0,834050.0,Credit,Asset,0.0935096153846153,Fixed Asset,Fixed Asset Dr | To Bank,Asset,REVIEW,EX. ENGR  NPD 6
05-Jun-25,Office  Equipments,1800.0,0.0,1800.0,Debit,Asset,0.4532107849120085,Fixed Asset,Fixed Asset Dr | To Bank,Asset,REVIEW,OFFICE  EQUIPMENTS
05-Jun-25,TDS Receivable @ 2%,74571.0,0.0,74571.0,Debit,Asset,0.0935096153846153,Fixed Asset,Fixed Asset Dr | To Bank,Asset,REVIEW,TDS RECEIVABLE @ 2%
06-Jun-25,COL  SUNIL DALAL (PROPRIETOR),3738000.0,0.0,3738000.0,Debit,Asset,0.0935096153846153,Fixed Asset,Fixed Asset Dr | To Bank,Asset,REVIEW,COL  SUNIL DALAL (PROPRIETOR)
06-Jun-25,AMAZON.IN,0.0,828.82,828.82,Credit,Asset,0.0935096153846153,Fixed Asset,Fixed Asset Dr | To Bank,Asset,REVIEW,AMAZON.IN
06-Jun-25,SUSPESE ACCOUNT,449.1,0.0,449.1,Debit,Asset,0.0935096153846153,Fixed Asset,Fixed Asset Dr | To Bank,Asset,REVIEW,SUSPESE ACCOUNT
07-Jun-25,ELEGANT APPARELS,4134.0,0.0,4134.0,Debit,Asset,0.0935096153846153,Fixed Asset,Fixed Asset Dr | To Bank,Asset,REVIEW,ELEGANT APPARELS
07-Jun-25,THE RIGHT CHOICE,3968.0,0.0,3968.0,Debit,Asset,0.0935096153846153,Fixed Asset,Fixed Asset Dr | To Bank,Asset,REVIEW,THE RIGHT CHOICE
09-Jun-25,COL  SUNIL DALAL (PROPRIETOR),800000.0,0.0,800000.0,Debit,Asset,0.0935096153846153,Fixed Asset,Fixed Asset Dr | To Bank,Asset,REVIEW,COL  SUNIL DALAL (PROPRIETOR)
09-Jun-25,AMAZON.IN,529.0,0.0,529.0,Debit,Asset,0.0935096153846153,Fixed Asset,Fixed Asset Dr | To Bank,Asset,REVIEW,AMAZON.IN
09-Jun-25,Sub Regional Office Esic,0.0,788621.0,788621.0,Credit,Asset,0.4532107849120085,Fixed Asset,Fixed Asset Dr | To Bank,Asset,REVIEW,SUB REGIONAL OFFICE ESIC
09-Jun-25,QUTAB GOLF COURSE,0.0,140400.0,140400.0,Credit,Asset,0.0935096153846153,Fixed Asset,Fixed Asset Dr | To Bank,Asset,REVIEW,QUTAB GOLF COURSE
09-Jun-25,QUTAB GOLF COURSE,0.0,1715342.0,1715342.0,Credit,Asset,0.0935096153846153,Fixed Asset,Fixed Asset Dr | To Bank,Asset,REVIEW,QUTAB GOLF COURSE
09-Jun-25,QUTAB GOLF COURSE,0.0,307963.0,307963.0,Credit,Asset,0.0935096153846153,Fixed Asset,Fixed Asset Dr | To Bank,Asset,REVIEW,QUTAB GOLF COURSE
09-Jun-25,TDS Receivable @ 2%,37700.0,0.0,37700.0,Debit,Asset,0.0935096153846153,Fixed Asset,Fixed Asset Dr | To Bank,Asset,REVIEW,TDS RECEIVABLE @ 2%
10-Jun-25,COL  SUNIL DALAL (PROPRIETOR),2230000.0,0.0,2230000.0,Debit,Asset,0.0935096153846153,Fixed Asset,Fixed Asset Dr | To Bank,Asset,REVIEW,COL  SUNIL DALAL (PROPRIETOR)
10-Jun-25,COL  SUNIL DALAL (PROPRIETOR),680000.0,0.0,680000.0,Debit,Asset,0.0935096153846153,Fixed Asset,Fixed Asset Dr | To Bank,Asset,REVIEW,COL  SUNIL DALAL (PROPRIETOR)
10-Jun-25,CONVEYANCE EXPENSES,3247.0,0.0,3247.0,Debit,Asset,0.0935096153846153,Fixed Asset,Fixed Asset Dr | To Bank,Asset,REVIEW,CONVEYANCE EXPENSES
10-Jun-25,CONVEYANCE EXPENSES,1620.0,0.0,1620.0,Debit,Asset,0.0935096153846153,Fixed Asset,Fixed Asset Dr | To Bank,Asset,REVIEW,CONVEYANCE EXPENSES
10-Jun-25,COL  SUNIL DALAL (PROPRIETOR),0.0,50000.0,50000.0,Credit,Asset,0.0935096153846153,Fixed Asset,Fixed Asset Dr | To Bank,Asset,REVIEW,COL  SUNIL DALAL (PROPRIETOR)
11-Jun-25,MASTER RUBER WORKSS,14435.0,0.0,14435.0,Debit,Asset,0.0935096153846153,Fixed Asset,Fixed Asset Dr | To Bank,Asset,REVIEW,MASTER RUBER WORKSS
11-Jun-25,CONVEYANCE EXPENSES,2000.0,0.0,2000.0,Debit,Asset,0.0935096153846153,Fixed Asset,Fixed Asset Dr | To Bank,Asset,REVIEW,CONVEYANCE EXPENSES
11-Jun-25,CONVEYANCE EXPENSES,1780.0,0.0,1780.0,Debit,Asset,0.0935096153846153,Fixed Asset,Fixed Asset Dr | To Bank,Asset,REVIEW,CONVEYANCE EXPENSES
11-Jun-25,MASTER RUBER WORKSS,0.0,14435.0,14435.0,Credit,Asset,0.0935096153846153,Fixed Asset,Fixed Asset Dr | To Bank,Asset,REVIEW,MASTER RUBER WORKSS
11-Jun-25,THE RIGHT CHOICE,0.0,1143.0,1143.0,Credit,Asset,0.0935096153846153,Fixed Asset,Fixed Asset Dr | To Bank,Asset,REVIEW,THE RIGHT CHOICE
11-Jun-25,STATIONERY FOR OFFICE,3080.0,0.0,3080.0,Debit,Asset,0.4532107849120085,Fixed Asset,Fixed Asset Dr | To Bank,Asset,REVIEW,STATIONERY FOR OFFICE
12-Jun-25,PRINTING AND STATIONARY,980.0,0.0,980.0,Debit,Asset,0.0935096153846153,Fixed Asset,Fixed Asset Dr | To Bank,Asset,REVIEW,PRINTING AND STATIONARY
12-Jun-25,PRINTING AND STATIONARY,1652.54,0.0,1652.54,Debit,Asset,0.0935096153846153,Fixed Asset,Fixed Asset Dr | To Bank,Asset,REVIEW,PRINTING AND STATIONARY
13-Jun-25,SBI OD A/C- 6791,0.0,200000.0,200000.0,Credit,Asset,0.0935096153846153,Fixed Asset,Fixed Asset Dr | To Bank,Asset,REVIEW,SBI OD A/C- 6791
13-Jun-25,OLIVE HERITAGE FOUNDATION,11800.0,0.0,11800.0,Debit,Asset,0.0935096153846153,Fixed Asset,Fixed Asset Dr | To Bank,Asset,REVIEW,OLIVE HERITAGE FOUNDATION
13-Jun-25,NITIN ASSOCIATES,8500.0,0.0,8500.0,Debit,Asset,0.0935096153846153,Fixed Asset,Fixed Asset Dr | To Bank,Asset,REVIEW,NITIN ASSOCIATES
13-Jun-25,IT SYSTEMS,1950.0,0.0,1950.0,Debit,Asset,0.0935096153846153,Fixed Asset,Fixed Asset Dr | To Bank,Asset,REVIEW,IT SYSTEMS
13-Jun-25,PF PAYABLE,1548768.0,0.0,1548768.0,Debit,Asset,0.0935096153846153,Fixed Asset,Fixed Asset Dr | To Bank,Asset,REVIEW,PF PAYABLE
13-Jun-25,Esic Payable,72796.0,0.0,72796.0,Debit,Asset,0.0935096153846153,Fixed Asset,Fixed Asset Dr | To Bank,Asset,REVIEW,ESIC PAYABLE
13-Jun-25,CONVEYANCE EXPENSES,533.0,0.0,533.0,Debit,Asset,0.0935096153846153,Fixed Asset,Fixed Asset Dr | To Bank,Asset,REVIEW,CONVEYANCE EXPENSES
13-Jun-25,CONVEYANCE EXPENSES,200.0,0.0,200.0,Debit,Asset,0.0935096153846153,Fixed Asset,Fixed Asset Dr | To Bank,Asset,REVIEW,CONVEYANCE EXPENSES
13-Jun-25,CONVEYANCE EXPENSES,368.0,0.0,368.0,Debit,Asset,0.0935096153846153,Fixed Asset,Fixed Asset Dr | To Bank,Asset,REVIEW,CONVEYANCE EXPENSES
13-Jun-25,CONVEYANCE EXPENSES,1058.0,0.0,1058.0,Debit,Asset,0.0935096153846153,Fixed Asset,Fixed Asset Dr | To Bank,Asset,REVIEW,CONVEYANCE EXPENSES
13-Jun-25,CONVEYANCE EXPENSES,1460.0,0.0,1460.0,Debit,Asset,0.0935096153846153,Fixed Asset,Fixed Asset Dr | To Bank,Asset,REVIEW,CONVEYANCE EXPENSES
13-Jun-25,COL  SUNIL DALAL (PROPRIETOR),0.0,50000.0,50000.0,Credit,Asset,0.0935096153846153,Fixed Asset,Fixed Asset Dr | To Bank,Asset,REVIEW,COL  SUNIL DALAL (PROPRIETOR)
13-Jun-25,COL  SUNIL DALAL (PROPRIETOR),0.0,40000.0,40000.0,Credit,Asset,0.0935096153846153,Fixed Asset,Fixed Asset Dr | To Bank,Asset,REVIEW,COL  SUNIL DALAL (PROPRIETOR)
13-Jun-25,COL  SUNIL DALAL (PROPRIETOR),0.0,1543000.0,1543000.0,Credit,Asset,0.0935096153846153,Fixed Asset,Fixed Asset Dr | To Bank,Asset,REVIEW,COL  SUNIL DALAL (PROPRIETOR)
14-Jun-25,CONVEYANCE EXPENSES,1736.0,0.0,1736.0,Debit,Asset,0.0935096153846153,Fixed Asset,Fixed Asset Dr | To Bank,Asset,REVIEW,CONVEYANCE EXPENSES
14-Jun-25,CONVEYANCE EXPENSES,1960.0,0.0,1960.0,Debit,Asset,0.0935096153846153,Fixed Asset,Fixed Asset Dr | To Bank,Asset,REVIEW,CONVEYANCE EXPENSES
14-Jun-25,QUTAB GOLF COURSE,154684.0,0.0,154684.0,Debit,Asset,0.0935096153846153,Fixed Asset,Fixed Asset Dr | To Bank,Asset,REVIEW,QUTAB GOLF COURSE
15-Jun-25,"EXECUTIVE ENGR, HCD 10",92077.0,0.0,92077.0,Debit,Asset,0.0935096153846153,Fixed Asset,Fixed Asset Dr | To Bank,Asset,REVIEW,"EXECUTIVE ENGR, HCD 10"
15-Jun-25,DY DIRECTOR(HOR) DIV 6,108414.0,0.0,108414.0,Debit,Asset,0.0935096153846153,Fixed Asset,Fixed Asset Dr | To Bank,Asset,REVIEW,DY DIRECTOR(HOR) DIV 6
16-Jun-25,RAJA PROPERTIES & CONSTRUCTION,63000.0,0.0,63000.0,Debit,Asset,0.0935096153846153,Fixed Asset,Fixed Asset Dr | To Bank,Asset,REVIEW,RAJA PROPERTIES & CONSTRUCTION
16-Jun-25,Other Expenses,8000.0,0.0,8000.0,Debit,Asset,0.0935096153846153,Fixed Asset,Fixed Asset Dr | To Bank,Asset,REVIEW,OTHER EXPENSES
17-Jun-25,Other Expenses,1845.0,0.0,1845.0,Debit,Asset,0.0935096153846153,Fixed Asset,Fixed Asset Dr | To Bank,Asset,REVIEW,OTHER EXPENSES
17-Jun-25,Other Expenses,4000.0,0.0,4000.0,Debit,Asset,0.0935096153846153,Fixed Asset,Fixed Asset Dr | To Bank,Asset,REVIEW,OTHER EXPENSES
17-Jun-25,Bharat Sanchar Nigam Limited,0.0,1220122.0,1220122.0,Credit,Asset,0.0935096153846153,Fixed Asset,Fixed Asset Dr | To Bank,Asset,REVIEW,BHARAT SANCHAR NIGAM LIMITED
17-Jun-25,DEPARTMENT OF SPACE,0.0,384017.0,384017.0,Credit,Asset,0.0935096153846153,Fixed Asset,Fixed Asset Dr | To Bank,Asset,REVIEW,DEPARTMENT OF SPACE
17-Jun-25,DY DIRECTOR(HOR) DIV 6,0.0,1118334.0,1118334.0,Credit,Asset,0.0935096153846153,Fixed Asset,Fixed Asset Dr | To Bank,Asset,REVIEW,DY DIRECTOR(HOR) DIV 6
17-Jun-25,"DEPUTY DIRECTOR, HORT . DIVN 8",1647114.26,0.0,1647114.26,Debit,Asset,0.0935096153846153,Fixed Asset,Fixed Asset Dr | To Bank,Asset,REVIEW,"DEPUTY DIRECTOR, HORT . DIVN 8"
18-Jun-25,AGNI HUNTEX PRIVATE LIMITED,22656.0,0.0,22656.0,Debit,Asset,0.0935096153846153,Fixed Asset,Fixed Asset Dr | To Bank,Asset,REVIEW,AGNI HUNTEX PRIVATE LIMITED
18-Jun-25,COL  SUNIL DALAL (PROPRIETOR),0.0,50000.0,50000.0,Credit,Asset,0.0935096153846153,Fixed Asset,Fixed Asset Dr | To Bank,Asset,REVIEW,COL  SUNIL DALAL (PROPRIETOR)
18-Jun-25,SBI OD A/C- 6791,0.0,300000.0,300000.0,Credit,Asset,0.0935096153846153,Fixed Asset,Fixed Asset Dr | To Bank,Asset,REVIEW,SBI OD A/C- 6791
18-Jun-25,Security Deposit,0.0,61932.0,61932.0,Credit,Asset,0.0935096153846153,Fixed Asset,Fixed Asset Dr | To Bank,Asset,REVIEW,SECURITY DEPOSIT
18-Jun-25,Office  Equipments,19200.0,0.0,19200.0,Debit,Asset,0.4532107849120085,Fixed Asset,Fixed Asset Dr | To Bank,Asset,REVIEW,OFFICE  EQUIPMENTS
21-Jun-25,STATIONERY FOR OFFICE,4223.0,0.0,4223.0,Debit,Asset,0.4532107849120085,Fixed Asset,Fixed Asset Dr | To Bank,Asset,REVIEW,STATIONERY FOR OFFICE
23-Jun-25,Singhla Steel,1000.0,0.0,1000.0,Debit,Asset,0.0935096153846153,Fixed Asset,Fixed Asset Dr | To Bank,Asset,REVIEW,SINGHLA STEEL
23-Jun-25,Office  Equipments,847.5,0.0,847.5,Debit,Asset,0.4532107849120085,Fixed Asset,Fixed Asset Dr | To Bank,Asset,REVIEW,OFFICE  EQUIPMENTS
25-Jun-25,THE RIGHT CHOICE,4223.0,0.0,4223.0,Debit,Asset,0.0935096153846153,Fixed Asset,Fixed Asset Dr | To Bank,Asset,REVIEW,THE RIGHT CHOICE
25-Jun-25,Fisheries Animal Husbandry and Dairying,0.0,133794.0,133794.0,Credit,Asset,0.0935096153846153,Fixed Asset,Fixed Asset Dr | To Bank,Asset,REVIEW,FISHERIES ANIMAL HUSBANDRY AND DAIRYING
26-Jun-25,CONVEYANCE EXPENSES,3120.0,0.0,3120.0,Debit,Asset,0.0935096153846153,Fixed Asset,Fixed Asset Dr | To Bank,Asset,REVIEW,CONVEYANCE EXPENSES
26-Jun-25,CONVEYANCE EXPENSES,3536.0,0.0,3536.0,Debit,Asset,0.0935096153846153,Fixed Asset,Fixed Asset Dr | To Bank,Asset,REVIEW,CONVEYANCE EXPENSES
26-Jun-25,CONVEYANCE EXPENSES,2608.0,0.0,2608.0,Debit,Asset,0.0935096153846153,Fixed Asset,Fixed Asset Dr | To Bank,Asset,REVIEW,CONVEYANCE EXPENSES
28-Jun-25,DOMAIN NAME PURCHASE,449.1,0.0,449.1,Debit,Asset,0.0935096153846153,Fixed Asset,Fixed Asset Dr | To Bank,Asset,REVIEW,DOMAIN NAME PURCHASE
30-Jun-25,CONVEYANCE EXPENSES,3587.0,0.0,3587.0,Debit,Asset,0.0935096153846153,Fixed Asset,Fixed Asset Dr | To Bank,Asset,REVIEW,CONVEYANCE EXPENSES
30-Jun-25,CONVEYANCE EXPENSES,3040.0,0.0,3040.0,Debit,Asset,0.0935096153846153,Fixed Asset,Fixed Asset Dr | To Bank,Asset,REVIEW,CONVEYANCE EXPENSES
30-Jun-25,CONVEYANCE EXPENSES,100.0,0.0,100.0,Debit,Asset,0.0935096153846153,Fixed Asset,Fixed Asset Dr | To Bank,Asset,REVIEW,CONVEYANCE EXPENSES
30-Jun-25,CONVEYANCE EXPENSES,320.0,0.0,320.0,Debit,Asset,0.0935096153846153,Fixed Asset,Fixed Asset Dr | To Bank,Asset,REVIEW,CONVEYANCE EXPENSES
30-Jun-25,Interest,2705.0,0.0,2705.0,Debit,Asset,0.0935096153846153,Fixed Asset,Fixed Asset Dr | To Bank,Asset,REVIEW,INTEREST
30-Jun-25,PF Employer Contribution,755570.0,0.0,755570.0,Debit,Asset,0.0935096153846153,Fixed Asset,Fixed Asset Dr | To Bank,Asset,REVIEW,PF EMPLOYER CONTRIBUTION
30-Jun-25,ESIC Employers Contribution,64405.92,0.0,64405.92,Debit,Asset,0.0935096153846153,Fixed Asset,Fixed Asset Dr | To Bank,Asset,REVIEW,ESIC EMPLOYERS CONTRIBUTION
30-Jun-25,OUTPUT CGST@9%,651121.9,0.0,651121.9,Debit,Asset,0.0935096153846153,Fixed Asset,Fixed Asset Dr | To Bank,Asset,REVIEW,OUTPUT CGST@9%
30-Jun-25,TDS Credit CGST,132152.0,0.0,132152.0,Debit,Asset,0.0935096153846153,Fixed Asset,Fixed Asset Dr | To Bank,Asset,REVIEW,TDS CREDIT CGST
01-Jul-25,CONVEYANCE EXPENSES,660.0,0.0,660.0,Debit,Asset,0.0935096153846153,Fixed Asset,Fixed Asset Dr | To Bank,Asset,REVIEW,CONVEYANCE EXPENSES
01-Jul-25,CONVEYANCE EXPENSES,2060.0,0.0,2060.0,Debit,Asset,0.0935096153846153,Fixed Asset,Fixed Asset Dr | To Bank,Asset,REVIEW,CONVEYANCE EXPENSES
02-Jul-25,SBI OD A/C- 6791,0.0,7500000.0,7500000.0,Credit,Asset,0.0935096153846153,Fixed Asset,Fixed Asset Dr | To Bank,Asset,REVIEW,SBI OD A/C- 6791
02-Jul-25,SBI OD A/C- 6791,0.0,300000.0,300000.0,Credit,Asset,0.0935096153846153,Fixed Asset,Fixed Asset Dr | To Bank,Asset,REVIEW,SBI OD A/C- 6791
02-Jul-25,"DEPUTY DIRECTOR, HORT . DIVN 8",0.0,1300131.0,1300131.0,Credit,Asset,0.0935096153846153,Fixed Asset,Fixed Asset Dr | To Bank,Asset,REVIEW,"DEPUTY DIRECTOR, HORT . DIVN 8"
02-Jul-25,TDS Receivable @ 2%,27917.0,0.0,27917.0,Debit,Asset,0.0935096153846153,Fixed Asset,Fixed Asset Dr | To Bank,Asset,REVIEW,TDS RECEIVABLE @ 2%
03-Jul-25,Miscellaneous,2000.0,0.0,2000.0,Debit,Asset,0.0935096153846153,Fixed Asset,Fixed Asset Dr | To Bank,Asset,REVIEW,MISCELLANEOUS
03-Jul-25,COL  SUNIL DALAL (PROPRIETOR),0.0,600000.0,600000.0,Credit,Asset,0.0935096153846153,Fixed Asset,Fixed Asset Dr | To Bank,Asset,REVIEW,COL  SUNIL DALAL (PROPRIETOR)
04-Jul-25,REPAIRS AND MAINTENANCE,1050.0,0.0,1050.0,Debit,Asset,0.0935096153846153,Fixed Asset,Fixed Asset Dr | To Bank,Asset,REVIEW,REPAIRS AND MAINTENANCE
04-Jul-25,National Company Law Appellate Tribunal,0.0,411228.0,411228.0,Credit,Asset,0.0935096153846153,Fixed Asset,Fixed Asset Dr | To Bank,Asset,REVIEW,NATIONAL COMPANY LAW APPELLATE TRIBUNAL
04-Jul-25,EX. ENGR  NPD 6,4397931.31,0.0,4397931.31,Debit,Asset,0.0935096153846153,Fixed Asset,Fixed Asset Dr | To Bank,Asset,REVIEW,EX. ENGR  NPD 6
04-Jul-25,DY DIRECTOR(HOR) DIV 6,1330276.54,0.0,1330276.54,Debit,Asset,0.0935096153846153,Fixed Asset,Fixed Asset Dr | To Bank,Asset,REVIEW,DY DIRECTOR(HOR) DIV 6
04-Jul-25,DY.DIRECTOR  HR   DIV  7,2482059.2,0.0,2482059.2,Debit,Asset,0.0935096153846153,Fixed Asset,Fixed Asset Dr | To Bank,Asset,REVIEW,DY.DIRECTOR  HR   DIV  7
04-Jul-25,HORT DIV  9,2032911.43,0.0,2032911.43,Debit,Asset,0.0935096153846153,Fixed Asset,Fixed Asset Dr | To Bank,Asset,REVIEW,HORT DIV  9
04-Jul-25,Dwarka Project  Division 1,2366910.24,0.0,2366910.24,Debit,Asset,0.0935096153846153,Fixed Asset,Fixed Asset Dr | To Bank,Asset,REVIEW,DWARKA PROJECT  DIVISION 1
04-Jul-25,National Company Law Appellate Tribunal,751161.29,0.0,751161.29,Debit,Asset,0.0935096153846153,Fixed Asset,Fixed Asset Dr | To Bank,Asset,REVIEW,NATIONAL COMPANY LAW APPELLATE TRIBUNAL
04-Jul-25,QUTAB GOLF COURSE,2224289.98,0.0,2224289.98,Debit,Asset,0.0935096153846153,Fixed Asset,Fixed Asset Dr | To Bank,Asset,REVIEW,QUTAB GOLF COURSE
04-Jul-25,Sub Regional Office Esic,814749.04,0.0,814749.04,Debit,Asset,0.4532107849120085,Fixed Asset,Fixed Asset Dr | To Bank,Asset,REVIEW,SUB REGIONAL OFFICE ESIC
04-Jul-25,Bharat Sanchar Nigam Limited,1245021.84,0.0,1245021.84,Debit,Asset,0.0935096153846153,Fixed Asset,Fixed Asset Dr | To Bank,Asset,REVIEW,BHARAT SANCHAR NIGAM LIMITED
04-Jul-25,DEPARTMENT OF SPACE,385435.88,0.0,385435.88,Debit,Asset,0.0935096153846153,Fixed Asset,Fixed Asset Dr | To Bank,Asset,REVIEW,DEPARTMENT OF SPACE
04-Jul-25,Fisheries Animal Husbandry and Dairying,134022.83,0.0,134022.83,Debit,Asset,0.0935096153846153,Fixed Asset,Fixed Asset Dr | To Bank,Asset,REVIEW,FISHERIES ANIMAL HUSBANDRY AND DAIRYING
04-Jul-25,Hort DWK,2870685.12,0.0,2870685.12,Debit,Asset,0.0935096153846153,Fixed Asset,Fixed Asset Dr | To Bank,Asset,REVIEW,HORT DWK
04-Jul-25,Ex Engineer NPD 8,652972.88,0.0,652972.88,Debit,Asset,0.0935096153846153,Fixed Asset,Fixed Asset Dr | To Bank,Asset,REVIEW,EX ENGINEER NPD 8
04-Jul-25,Bharat Sanchar Nigam Limited,80626.23,0.0,80626.23,Debit,Asset,0.0935096153846153,Fixed Asset,Fixed Asset Dr | To Bank,Asset,REVIEW,BHARAT SANCHAR NIGAM LIMITED
05-Jul-25,R.S. ELECTRIC COMPANY,7198.0,0.0,7198.0,Debit,Asset,0.0935096153846153,Fixed Asset,Fixed Asset Dr | To Bank,Asset,REVIEW,R.S. ELECTRIC COMPANY
05-Jul-25,CONVEYANCE EXPENSES,2720.0,0.0,2720.0,Debit,Asset,0.0935096153846153,Fixed Asset,Fixed Asset Dr | To Bank,Asset,REVIEW,CONVEYANCE EXPENSES
05-Jul-25,CONVEYANCE EXPENSES,3010.0,0.0,3010.0,Debit,Asset,0.0935096153846153,Fixed Asset,Fixed Asset Dr | To Bank,Asset,REVIEW,CONVEYANCE EXPENSES
05-Jul-25,CONVEYANCE EXPENSES,600.0,0.0,600.0,Debit,Asset,0.0935096153846153,Fixed Asset,Fixed Asset Dr | To Bank,Asset,REVIEW,CONVEYANCE EXPENSES
05-Jul-25,Office  Equipments,250.0,0.0,250.0,Debit,Asset,0.4532107849120085,Fixed Asset,Fixed Asset Dr | To Bank,Asset,REVIEW,OFFICE  EQUIPMENTS
05-Jul-25,Office  Equipments,6000.0,0.0,6000.0,Debit,Asset,0.4532107849120085,Fixed Asset,Fixed Asset Dr | To Bank,Asset,REVIEW,OFFICE  EQUIPMENTS
05-Jul-25,STATIONERY FOR OFFICE,2321.0,0.0,2321.0,Debit,Asset,0.4532107849120085,Fixed Asset,Fixed Asset Dr | To Bank,Asset,REVIEW,STATIONERY FOR OFFICE
05-Jul-25,STATIONERY FOR OFFICE,2475.0,0.0,2475.0,Debit,Asset,0.4532107849120085,Fixed Asset,Fixed Asset Dr | To Bank,Asset,REVIEW,STATIONERY FOR OFFICE
05-Jul-25,Vehicle Hire Charges,49000.0,0.0,49000.0,Debit,Asset,0.3159076091668959,Fixed Asset,Fixed Asset Dr | To Bank,Asset,REVIEW,VEHICLE HIRE CHARGES
07-Jul-25,ROHIT TIWARI,38700.0,0.0,38700.0,Debit,Asset,0.0935096153846153,Fixed Asset,Fixed Asset Dr | To Bank,Asset,REVIEW,ROHIT TIWARI
07-Jul-25,ELEGANT APPARELS,19230.0,0.0,19230.0,Debit,Asset,0.0935096153846153,Fixed Asset,Fixed Asset Dr | To Bank,Asset,REVIEW,ELEGANT APPARELS
07-Jul-25,CONVEYANCE EXPENSES,3375.0,0.0,3375.0,Debit,Asset,0.0935096153846153,Fixed Asset,Fixed Asset Dr | To Bank,Asset,REVIEW,CONVEYANCE EXPENSES
07-Jul-25,Miscellaneous,1770.0,0.0,1770.0,Debit,Asset,0.0935096153846153,Fixed Asset,Fixed Asset Dr | To Bank,Asset,REVIEW,MISCELLANEOUS
07-Jul-25,Miscellaneous,7100.0,0.0,7100.0,Debit,Asset,0.0935096153846153,Fixed Asset,Fixed Asset Dr | To Bank,Asset,REVIEW,MISCELLANEOUS
07-Jul-25,CONVEYANCE EXPENSES,5700.0,0.0,5700.0,Debit,Asset,0.0935096153846153,Fixed Asset,Fixed Asset Dr | To Bank,Asset,REVIEW,CONVEYANCE EXPENSES
07-Jul-25,Miscellaneous,6384.0,0.0,6384.0,Debit,Asset,0.0935096153846153,Fixed Asset,Fixed Asset Dr | To Bank,Asset,REVIEW,MISCELLANEOUS
08-Jul-25,Other Expenses,1000.0,0.0,1000.0,Debit,Asset,0.0935096153846153,Fixed Asset,Fixed Asset Dr | To Bank,Asset,REVIEW,OTHER EXPENSES
08-Jul-25,CONVEYANCE EXPENSES,140.0,0.0,140.0,Debit,Asset,0.0935096153846153,Fixed Asset,Fixed Asset Dr | To Bank,Asset,REVIEW,CONVEYANCE EXPENSES
08-Jul-25,CONVEYANCE EXPENSES,200.0,0.0,200.0,Debit,Asset,0.0935096153846153,Fixed Asset,Fixed Asset Dr | To Bank,Asset,REVIEW,CONVEYANCE EXPENSES
08-Jul-25,CONVEYANCE EXPENSES,700.0,0.0,700.0,Debit,Asset,0.0935096153846153,Fixed Asset,Fixed Asset Dr | To Bank,Asset,REVIEW,CONVEYANCE EXPENSES
08-Jul-25,COL  SUNIL DALAL (PROPRIETOR),0.0,100000.0,100000.0,Credit,Asset,0.0935096153846153,Fixed Asset,Fixed Asset Dr | To Bank,Asset,REVIEW,COL  SUNIL DALAL (PROPRIETOR)
10-Jul-25,CONVEYANCE EXPENSES,1400.0,0.0,1400.0,Debit,Asset,0.0935096153846153,Fixed Asset,Fixed Asset Dr | To Bank,Asset,REVIEW,CONVEYANCE EXPENSES
10-Jul-25,CONVEYANCE EXPENSES,1960.0,0.0,1960.0,Debit,Asset,0.0935096153846153,Fixed Asset,Fixed Asset Dr | To Bank,Asset,REVIEW,CONVEYANCE EXPENSES
10-Jul-25,Sub Regional Office Esic,0.0,788621.0,788621.0,Credit,Asset,0.4532107849120085,Fixed Asset,Fixed Asset Dr | To Bank,Asset,REVIEW,SUB REGIONAL OFFICE ESIC
11-Jul-25,ADVERTISMENT AND PUBLICITY,10000.0,0.0,10000.0,Debit,Asset,0.0935096153846153,Fixed Asset,Fixed Asset Dr | To Bank,Asset,REVIEW,ADVERTISMENT AND PUBLICITY
11-Jul-25,IT SYSTEMS,0.0,5500.0,5500.0,Credit,Asset,0.0935096153846153,Fixed Asset,Fixed Asset Dr | To Bank,Asset,REVIEW,IT SYSTEMS
15-Jul-25,SBI OD A/C- 6791,0.0,1200000.0,1200000.0,Credit,Asset,0.0935096153846153,Fixed Asset,Fixed Asset Dr | To Bank,Asset,REVIEW,SBI OD A/C- 6791
15-Jul-25,MASTER RUBER WORKSS,25862.0,0.0,25862.0,Debit,Asset,0.0935096153846153,Fixed Asset,Fixed Asset Dr | To Bank,Asset,REVIEW,MASTER RUBER WORKSS
15-Jul-25,Bawa Canvas Sore,7403.0,0.0,7403.0,Debit,Asset,0.0935096153846153,Fixed Asset,Fixed Asset Dr | To Bank,Asset,REVIEW,BAWA CANVAS SORE
15-Jul-25,THE RIGHT CHOICE,4796.0,0.0,4796.0,Debit,Asset,0.0935096153846153,Fixed Asset,Fixed Asset Dr | To Bank,Asset,REVIEW,THE RIGHT CHOICE
15-Jul-25,PF PAYABLE,1574104.0,0.0,1574104.0,Debit,Asset,0.0935096153846153,Fixed Asset,Fixed Asset Dr | To Bank,Asset,REVIEW,PF PAYABLE
15-Jul-25,Esic Payable,79217.0,0.0,79217.0,Debit,Asset,0.0935096153846153,Fixed Asset,Fixed Asset Dr | To Bank,Asset,REVIEW,ESIC PAYABLE
15-Jul-25,ESSAR ASSOCIATES,2688.0,0.0,2688.0,Debit,Asset,0.0935096153846153,Fixed Asset,Fixed Asset Dr | To Bank,Asset,REVIEW,ESSAR ASSOCIATES
15-Jul-25,Office  Equipments,2148.0,0.0,2148.0,Debit,Asset,0.4532107849120085,Fixed Asset,Fixed Asset Dr | To Bank,Asset,REVIEW,OFFICE  EQUIPMENTS
15-Jul-25,CONVEYANCE EXPENSES,300.0,0.0,300.0,Debit,Asset,0.0935096153846153,Fixed Asset,Fixed Asset Dr | To Bank,Asset,REVIEW,CONVEYANCE EXPENSES
15-Jul-25,Office  Equipments,2400.0,0.0,2400.0,Debit,Asset,0.4532107849120085,Fixed Asset,Fixed Asset Dr | To Bank,Asset,REVIEW,OFFICE  EQUIPMENTS
15-Jul-25,Office  Equipments,7050.0,0.0,7050.0,Debit,Asset,0.4532107849120085,Fixed Asset,Fixed Asset Dr | To Bank,Asset,REVIEW,OFFICE  EQUIPMENTS
15-Jul-25,QUTAB GOLF COURSE,158089.0,0.0,158089.0,Debit,Asset,0.0935096153846153,Fixed Asset,Fixed Asset Dr | To Bank,Asset,REVIEW,QUTAB GOLF COURSE
15-Jul-25,EX. ENGR  NPD 6,348340.0,0.0,348340.0,Debit,Asset,0.0935096153846153,Fixed Asset,Fixed Asset Dr | To Bank,Asset,REVIEW,EX. ENGR  NPD 6
15-Jul-25,DY.DIRECTOR  HR   DIV  7,206977.0,0.0,206977.0,Debit,Asset,0.0935096153846153,Fixed Asset,Fixed Asset Dr | To Bank,Asset,REVIEW,DY.DIRECTOR  HR   DIV  7
15-Jul-25,HORT DIV  9,148804.0,0.0,148804.0,Debit,Asset,0.0935096153846153,Fixed Asset,Fixed Asset Dr | To Bank,Asset,REVIEW,HORT DIV  9
15-Jul-25,Hort DWK,235801.0,0.0,235801.0,Debit,Asset,0.0935096153846153,Fixed Asset,Fixed Asset Dr | To Bank,Asset,REVIEW,HORT DWK
15-Jul-25,DY DIRECTOR(HOR) DIV 6,107383.0,0.0,107383.0,Debit,Asset,0.0935096153846153,Fixed Asset,Fixed Asset Dr | To Bank,Asset,REVIEW,DY DIRECTOR(HOR) DIV 6
15-Jul-25,Dwarka Project  Division 1,230053.0,0.0,230053.0,Debit,Asset,0.0935096153846153,Fixed Asset,Fixed Asset Dr | To Bank,Asset,REVIEW,DWARKA PROJECT  DIVISION 1
16-Jul-25,Common Other Misc. Services,16200.0,0.0,16200.0,Debit,Asset,0.0935096153846153,Fixed Asset,Fixed Asset Dr | To Bank,Asset,REVIEW,COMMON OTHER MISC. SERVICES
16-Jul-25,DEPARTMENT OF SPACE,0.0,372372.0,372372.0,Credit,Asset,0.0935096153846153,Fixed Asset,Fixed Asset Dr | To Bank,Asset,REVIEW,DEPARTMENT OF SPACE
16-Jul-25,QUTAB GOLF COURSE,0.0,340959.0,340959.0,Credit,Asset,0.0935096153846153,Fixed Asset,Fixed Asset Dr | To Bank,Asset,REVIEW,QUTAB GOLF COURSE
16-Jul-25,QUTAB GOLF COURSE,0.0,1772521.0,1772521.0,Credit,Asset,0.0935096153846153,Fixed Asset,Fixed Asset Dr | To Bank,Asset,REVIEW,QUTAB GOLF COURSE
16-Jul-25,QUTAB GOLF COURSE,0.0,140400.0,140400.0,Credit,Asset,0.0935096153846153,Fixed Asset,Fixed Asset Dr | To Bank,Asset,REVIEW,QUTAB GOLF COURSE
16-Jul-25,QUTAB GOLF COURSE,0.0,339298.0,339298.0,Credit,Asset,0.0935096153846153,Fixed Asset,Fixed Asset Dr | To Bank,Asset,REVIEW,QUTAB GOLF COURSE
16-Jul-25,TDS Receivable @ 2%,38957.0,0.0,38957.0,Debit,Asset,0.0935096153846153,Fixed Asset,Fixed Asset Dr | To Bank,Asset,REVIEW,TDS RECEIVABLE @ 2%
17-Jul-25,COL  SUNIL DALAL (PROPRIETOR),0.0,120000.0,120000.0,Credit,Asset,0.0935096153846153,Fixed Asset,Fixed Asset Dr | To Bank,Asset,REVIEW,COL  SUNIL DALAL (PROPRIETOR)
17-Jul-25,EX. ENGR  NPD 6,1405872.06,0.0,1405872.06,Debit,Asset,0.0935096153846153,Fixed Asset,Fixed Asset Dr | To Bank,Asset,REVIEW,EX. ENGR  NPD 6
17-Jul-25,"DEPUTY DIRECTOR, HORT . DIVN 8",1074204.96,0.0,1074204.96,Debit,Asset,0.0935096153846153,Fixed Asset,Fixed Asset Dr | To Bank,Asset,REVIEW,"DEPUTY DIRECTOR, HORT . DIVN 8"
17-Jul-25,"DEPUTY DIRECTOR, HORT . DIVN 8",227453.0,0.0,227453.0,Debit,Asset,0.0935096153846153,Fixed Asset,Fixed Asset Dr | To Bank,Asset,REVIEW,"DEPUTY DIRECTOR, HORT . DIVN 8"
18-Jul-25,RAJA PROPERTIES & CONSTRUCTION,63000.0,0.0,63000.0,Debit,Asset,0.0935096153846153,Fixed Asset,Fixed Asset Dr | To Bank,Asset,REVIEW,RAJA PROPERTIES & CONSTRUCTION
18-Jul-25,IT SYSTEMS,5500.0,0.0,5500.0,Debit,Asset,0.0935096153846153,Fixed Asset,Fixed Asset Dr | To Bank,Asset,REVIEW,IT SYSTEMS
18-Jul-25,DY.DIRECTOR  HR   DIV  7,0.0,1966717.0,1966717.0,Credit,Asset,0.0935096153846153,Fixed Asset,Fixed Asset Dr | To Bank,Asset,REVIEW,DY.DIRECTOR  HR   DIV  7
18-Jul-25,"Dy. Director, Hort 5",0.0,40194.0,40194.0,Credit,Asset,0.0935096153846153,Fixed Asset,Fixed Asset Dr | To Bank,Asset,REVIEW,"DY. DIRECTOR, HORT 5"
18-Jul-25,DY DIRECTOR(HOR) DIV 6,0.0,1082259.0,1082259.0,Credit,Asset,0.0935096153846153,Fixed Asset,Fixed Asset Dr | To Bank,Asset,REVIEW,DY DIRECTOR(HOR) DIV 6
21-Jul-25,Sunshine Engineers,75000.0,0.0,75000.0,Debit,Asset,0.0935096153846153,Fixed Asset,Fixed Asset Dr | To Bank,Asset,REVIEW,SUNSHINE ENGINEERS
21-Jul-25,IT SYSTEMS,10500.0,0.0,10500.0,Debit,Asset,0.0935096153846153,Fixed Asset,Fixed Asset Dr | To Bank,Asset,REVIEW,IT SYSTEMS
21-Jul-25,COL  SUNIL DALAL (PROPRIETOR),0.0,75000.0,75000.0,Credit,Asset,0.0935096153846153,Fixed Asset,Fixed Asset Dr | To Bank,Asset,REVIEW,COL  SUNIL DALAL (PROPRIETOR)
21-Jul-25,TRAINING SERVICES,3600.0,0.0,3600.0,Debit,Asset,0.0935096153846153,Fixed Asset,Fixed Asset Dr | To Bank,Asset,REVIEW,TRAINING SERVICES
21-Jul-25,PRINTING AND STATIONARY,8898.36,0.0,8898.36,Debit,Asset,0.0935096153846153,Fixed Asset,Fixed Asset Dr | To Bank,Asset,REVIEW,PRINTING AND STATIONARY
21-Jul-25,Dwarka Project  Division 1,297440.0,0.0,297440.0,Debit,Asset,0.0935096153846153,Fixed Asset,Fixed Asset Dr | To Bank,Asset,REVIEW,DWARKA PROJECT  DIVISION 1
22-Jul-25,R.S. ELECTRIC COMPANY,3658.0,0.0,3658.0,Debit,Asset,0.0935096153846153,Fixed Asset,Fixed Asset Dr | To Bank,Asset,REVIEW,R.S. ELECTRIC COMPANY
22-Jul-25,Bharat Sanchar Nigam Limited,0.0,1220122.0,1220122.0,Credit,Asset,0.0935096153846153,Fixed Asset,Fixed Asset Dr | To Bank,Asset,REVIEW,BHARAT SANCHAR NIGAM LIMITED
22-Jul-25,Office  Equipments,3000.0,0.0,3000.0,Debit,Asset,0.4532107849120085,Fixed Asset,Fixed Asset Dr | To Bank,Asset,REVIEW,OFFICE  EQUIPMENTS
23-Jul-25,Chintpurni Overseas Private Limited,51233.14,0.0,51233.14,Debit,Asset,0.0935096153846153,Fixed Asset,Fixed Asset Dr | To Bank,Asset,REVIEW,CHINTPURNI OVERSEAS PRIVATE LIMITED
25-Jul-25,Pragmatic Educational Society,4248.0,0.0,4248.0,Debit,Asset,0.0935096153846153,Fixed Asset,Fixed Asset Dr | To Bank,Asset,REVIEW,PRAGMATIC EDUCATIONAL SOCIETY
25-Jul-25,Karnataka BHAWAN,238728.0,0.0,238728.0,Debit,Asset,0.0935096153846153,Fixed Asset,Fixed Asset Dr | To Bank,Asset,REVIEW,KARNATAKA BHAWAN
25-Jul-25,COL  SUNIL DALAL (PROPRIETOR),0.0,300000.0,300000.0,Credit,Asset,0.0935096153846153,Fixed Asset,Fixed Asset Dr | To Bank,Asset,REVIEW,COL  SUNIL DALAL (PROPRIETOR)
25-Jul-25,FDR Interest,0.0,14096.0,14096.0,Credit,Asset,0.0935096153846153,Fixed Asset,Fixed Asset Dr | To Bank,Asset,REVIEW,FDR INTEREST
25-Jul-25,STATIONERY FOR OFFICE,2625.0,0.0,2625.0,Debit,Asset,0.4532107849120085,Fixed Asset,Fixed Asset Dr | To Bank,Asset,REVIEW,STATIONERY FOR OFFICE
25-Jul-25,STATIONERY FOR OFFICE,1328.0,0.0,1328.0,Debit,Asset,0.4532107849120085,Fixed Asset,Fixed Asset Dr | To Bank,Asset,REVIEW,STATIONERY FOR OFFICE
28-Jul-25,National Company Law Appellate Tribunal,0.0,725697.0,725697.0,Credit,Asset,0.0935096153846153,Fixed Asset,Fixed Asset Dr | To Bank,Asset,REVIEW,NATIONAL COMPANY LAW APPELLATE TRIBUNAL
28-Jul-25,Fisheries Animal Husbandry and Dairying,0.0,129479.0,129479.0,Credit,Asset,0.0935096153846153,Fixed Asset,Fixed Asset Dr | To Bank,Asset,REVIEW,FISHERIES ANIMAL HUSBANDRY AND DAIRYING
29-Jul-25,COL  SUNIL DALAL (PROPRIETOR),2858000.0,0.0,2858000.0,Debit,Asset,0.0935096153846153,Fixed Asset,Fixed Asset Dr | To Bank,Asset,REVIEW,COL  SUNIL DALAL (PROPRIETOR)
29-Jul-25,EX. ENGR  NPD 6,0.0,4232627.0,4232627.0,Credit,Asset,0.0935096153846153,Fixed Asset,Fixed Asset Dr | To Bank,Asset,REVIEW,EX. ENGR  NPD 6
30-Jul-25,Software,4500.0,0.0,4500.0,Debit,Asset,0.0935096153846153,Fixed Asset,Fixed Asset Dr | To Bank,Asset,REVIEW,SOFTWARE
30-Jul-25,OUTPUT CGST@9%,1607830.0,0.0,1607830.0,Debit,Asset,0.0935096153846153,Fixed Asset,Fixed Asset Dr | To Bank,Asset,REVIEW,OUTPUT CGST@9%
31-Jul-25,ANU INTERNATIONAL,5310.0,0.0,5310.0,Debit,Asset,0.0935096153846153,Fixed Asset,Fixed Asset Dr | To Bank,Asset,REVIEW,ANU INTERNATIONAL
31-Jul-25,Interest,43230.0,0.0,43230.0,Debit,Asset,0.0935096153846153,Fixed Asset,Fixed Asset Dr | To Bank,Asset,REVIEW,INTEREST
31-Jul-25,PF Employer Contribution,753774.0,0.0,753774.0,Debit,Asset,0.0935096153846153,Fixed Asset,Fixed Asset Dr | To Bank,Asset,REVIEW,PF EMPLOYER CONTRIBUTION
31-Jul-25,ESIC Employers Contribution,65128.4,0.0,65128.4,Debit,Asset,0.0935096153846153,Fixed Asset,Fixed Asset Dr | To Bank,Asset,REVIEW,ESIC EMPLOYERS CONTRIBUTION
31-Jul-25,Hort DWK,0.0,2870685.12,2870685.12,Credit,Asset,0.0935096153846153,Fixed Asset,Fixed Asset Dr | To Bank,Asset,REVIEW,HORT DWK
01-Aug-25,Ex Engineer NPD 8,0.0,743809.0,743809.0,Credit,Asset,0.0935096153846153,Fixed Asset,Fixed Asset Dr | To Bank,Asset,REVIEW,EX ENGINEER NPD 8
01-Aug-25,STATIONERY FOR OFFICE,2428.0,0.0,2428.0,Debit,Asset,0.4532107849120085,Fixed Asset,Fixed Asset Dr | To Bank,Asset,REVIEW,STATIONERY FOR OFFICE
01-Aug-25,STATIONERY FOR OFFICE,793.0,0.0,793.0,Debit,Asset,0.4532107849120085,Fixed Asset,Fixed Asset Dr | To Bank,Asset,REVIEW,STATIONERY FOR OFFICE
02-Aug-25,TRAVELLING EXPENSES,13010.91,0.0,13010.91,Debit,Asset,0.0935096153846153,Fixed Asset,Fixed Asset Dr | To Bank,Asset,REVIEW,TRAVELLING EXPENSES
02-Aug-25,Other Expenses,350.0,0.0,350.0,Debit,Asset,0.0935096153846153,Fixed Asset,Fixed Asset Dr | To Bank,Asset,REVIEW,OTHER EXPENSES
02-Aug-25,Other Expenses,2652.65,0.0,2652.65,Debit,Asset,0.0935096153846153,Fixed Asset,Fixed Asset Dr | To Bank,Asset,REVIEW,OTHER EXPENSES
02-Aug-25,CONVEYANCE EXPENSES,2270.0,0.0,2270.0,Debit,Asset,0.0935096153846153,Fixed Asset,Fixed Asset Dr | To Bank,Asset,REVIEW,CONVEYANCE EXPENSES
02-Aug-25,Other Expenses,2602.2,0.0,2602.2,Debit,Asset,0.0935096153846153,Fixed Asset,Fixed Asset Dr | To Bank,Asset,REVIEW,OTHER EXPENSES
02-Aug-25,Vehicle Hire Charges,49000.0,0.0,49000.0,Debit,Asset,0.3159076091668959,Fixed Asset,Fixed Asset Dr | To Bank,Asset,REVIEW,VEHICLE HIRE CHARGES
03-Aug-25,COL  SUNIL DALAL (PROPRIETOR),876000.0,0.0,876000.0,Debit,Asset,0.0935096153846153,Fixed Asset,Fixed Asset Dr | To Bank,Asset,REVIEW,COL  SUNIL DALAL (PROPRIETOR)
04-Aug-25,SBI OD A/C- 6791,0.0,8200000.0,8200000.0,Credit,Asset,0.0935096153846153,Fixed Asset,Fixed Asset Dr | To Bank,Asset,REVIEW,SBI OD A/C- 6791
04-Aug-25,NITIN ASSOCIATES,47500.0,0.0,47500.0,Debit,Asset,0.0935096153846153,Fixed Asset,Fixed Asset Dr | To Bank,Asset,REVIEW,NITIN ASSOCIATES
04-Aug-25,ROHIT TIWARI,40595.0,0.0,40595.0,Debit,Asset,0.0935096153846153,Fixed Asset,Fixed Asset Dr | To Bank,Asset,REVIEW,ROHIT TIWARI
04-Aug-25,COL  SUNIL DALAL (PROPRIETOR),0.0,250000.0,250000.0,Credit,Asset,0.0935096153846153,Fixed Asset,Fixed Asset Dr | To Bank,Asset,REVIEW,COL  SUNIL DALAL (PROPRIETOR)
04-Aug-25,National Company Law Appellate Tribunal,776200.02,0.0,776200.02,Debit,Asset,0.0935096153846153,Fixed Asset,Fixed Asset Dr | To Bank,Asset,REVIEW,NATIONAL COMPANY LAW APPELLATE TRIBUNAL
04-Aug-25,QUTAB GOLF COURSE,2298432.97,0.0,2298432.97,Debit,Asset,0.0935096153846153,Fixed Asset,Fixed Asset Dr | To Bank,Asset,REVIEW,QUTAB GOLF COURSE
04-Aug-25,Sub Regional Office Esic,814748.99,0.0,814748.99,Debit,Asset,0.4532107849120085,Fixed Asset,Fixed Asset Dr | To Bank,Asset,REVIEW,SUB REGIONAL OFFICE ESIC
04-Aug-25,Bharat Sanchar Nigam Limited,1122960.87,0.0,1122960.87,Debit,Asset,0.0935096153846153,Fixed Asset,Fixed Asset Dr | To Bank,Asset,REVIEW,BHARAT SANCHAR NIGAM LIMITED
04-Aug-25,DEPARTMENT OF SPACE,394741.81,0.0,394741.81,Debit,Asset,0.0935096153846153,Fixed Asset,Fixed Asset Dr | To Bank,Asset,REVIEW,DEPARTMENT OF SPACE
04-Aug-25,Fisheries Animal Husbandry and Dairying,138490.26,0.0,138490.26,Debit,Asset,0.0935096153846153,Fixed Asset,Fixed Asset Dr | To Bank,Asset,REVIEW,FISHERIES ANIMAL HUSBANDRY AND DAIRYING
04-Aug-25,Bharat Sanchar Nigam Limited,24240.57,0.0,24240.57,Debit,Asset,0.0935096153846153,Fixed Asset,Fixed Asset Dr | To Bank,Asset,REVIEW,BHARAT SANCHAR NIGAM LIMITED
04-Aug-25,Hort DWK,2870685.12,0.0,2870685.12,Debit,Asset,0.0935096153846153,Fixed Asset,Fixed Asset Dr | To Bank,Asset,REVIEW,HORT DWK
05-Aug-25,SBI OD A/C- 6791,0.0,1500000.0,1500000.0,Credit,Asset,0.0935096153846153,Fixed Asset,Fixed Asset Dr | To Bank,Asset,REVIEW,SBI OD A/C- 6791
05-Aug-25,Security Deposit,0.0,265839.0,265839.0,Credit,Asset,0.0935096153846153,Fixed Asset,Fixed Asset Dr | To Bank,Asset,REVIEW,SECURITY DEPOSIT
05-Aug-25,HORT DIV  9,0.0,1628994.0,1628994.0,Credit,Asset,0.0935096153846153,Fixed Asset,Fixed Asset Dr | To Bank,Asset,REVIEW,HORT DIV  9
05-Aug-25,"DEPUTY DIRECTOR, HORT . DIVN 8",0.0,207776.0,207776.0,Credit,Asset,0.0935096153846153,Fixed Asset,Fixed Asset Dr | To Bank,Asset,REVIEW,"DEPUTY DIRECTOR, HORT . DIVN 8"
05-Aug-25,"DEPUTY DIRECTOR, HORT . DIVN 8",0.0,851169.0,851169.0,Credit,Asset,0.0935096153846153,Fixed Asset,Fixed Asset Dr | To Bank,Asset,REVIEW,"DEPUTY DIRECTOR, HORT . DIVN 8"
05-Aug-25,"EXECUTIVE ENGR, HCD 10",0.0,2487703.0,2487703.0,Credit,Asset,0.0935096153846153,Fixed Asset,Fixed Asset Dr | To Bank,Asset,REVIEW,"EXECUTIVE ENGR, HCD 10"
05-Aug-25,HORT DIV  9,0.0,151467.0,151467.0,Credit,Asset,0.0935096153846153,Fixed Asset,Fixed Asset Dr | To Bank,Asset,REVIEW,HORT DIV  9
05-Aug-25,TDS Receivable @ 2%,18207.0,0.0,18207.0,Debit,Asset,0.0935096153846153,Fixed Asset,Fixed Asset Dr | To Bank,Asset,REVIEW,TDS RECEIVABLE @ 2%
06-Aug-25,Miscellaneous,100.0,0.0,100.0,Debit,Asset,0.0935096153846153,Fixed Asset,Fixed Asset Dr | To Bank,Asset,REVIEW,MISCELLANEOUS
06-Aug-25,Miscellaneous,16900.0,0.0,16900.0,Debit,Asset,0.0935096153846153,Fixed Asset,Fixed Asset Dr | To Bank,Asset,REVIEW,MISCELLANEOUS
06-Aug-25,THE RIGHT CHOICE,7174.0,0.0,7174.0,Debit,Asset,0.0935096153846153,Fixed Asset,Fixed Asset Dr | To Bank,Asset,REVIEW,THE RIGHT CHOICE
06-Aug-25,COL  SUNIL DALAL (PROPRIETOR),0.0,100000.0,100000.0,Credit,Asset,0.0935096153846153,Fixed Asset,Fixed Asset Dr | To Bank,Asset,REVIEW,COL  SUNIL DALAL (PROPRIETOR)
06-Aug-25,QUTAB GOLF COURSE,0.0,1715342.0,1715342.0,Credit,Asset,0.0935096153846153,Fixed Asset,Fixed Asset Dr | To Bank,Asset,REVIEW,QUTAB GOLF COURSE
06-Aug-25,TDS Receivable @ 2%,37700.0,0.0,37700.0,Debit,Asset,0.0935096153846153,Fixed Asset,Fixed Asset Dr | To Bank,Asset,REVIEW,TDS RECEIVABLE @ 2%
07-Aug-25,Raitel Corporation of India Limited,2950.0,0.0,2950.0,Debit,Asset,0.0935096153846153,Fixed Asset,Fixed Asset Dr | To Bank,Asset,REVIEW,RAITEL CORPORATION OF INDIA LIMITED
07-Aug-25,TRAVELLING EXPENSES,9238.54,0.0,9238.54,Debit,Asset,0.0935096153846153,Fixed Asset,Fixed Asset Dr | To Bank,Asset,REVIEW,TRAVELLING EXPENSES
07-Aug-25,Miscellaneous,0.0,1290.36,1290.36,Credit,Asset,0.0935096153846153,Fixed Asset,Fixed Asset Dr | To Bank,Asset,REVIEW,MISCELLANEOUS
07-Aug-25,Miscellaneous,0.0,2490.0,2490.0,Credit,Asset,0.0935096153846153,Fixed Asset,Fixed Asset Dr | To Bank,Asset,REVIEW,MISCELLANEOUS
07-Aug-25,Software,2500.0,0.0,2500.0,Debit,Asset,0.0935096153846153,Fixed Asset,Fixed Asset Dr | To Bank,Asset,REVIEW,SOFTWARE
09-Aug-25,CONVEYANCE EXPENSES,3507.0,0.0,3507.0,Debit,Asset,0.0935096153846153,Fixed Asset,Fixed Asset Dr | To Bank,Asset,REVIEW,CONVEYANCE EXPENSES
09-Aug-25,CONVEYANCE EXPENSES,10152.0,0.0,10152.0,Debit,Asset,0.0935096153846153,Fixed Asset,Fixed Asset Dr | To Bank,Asset,REVIEW,CONVEYANCE EXPENSES
11-Aug-25,Hort DWK,1929477.0,0.0,1929477.0,Debit,Asset,0.0935096153846153,Fixed Asset,Fixed Asset Dr | To Bank,Asset,REVIEW,HORT DWK
12-Aug-25,CONVEYANCE EXPENSES,696.0,0.0,696.0,Debit,Asset,0.0935096153846153,Fixed Asset,Fixed Asset Dr | To Bank,Asset,REVIEW,CONVEYANCE EXPENSES
12-Aug-25,CONVEYANCE EXPENSES,660.0,0.0,660.0,Debit,Asset,0.0935096153846153,Fixed Asset,Fixed Asset Dr | To Bank,Asset,REVIEW,CONVEYANCE EXPENSES
13-Aug-25,ELEGANT APPARELS,30000.0,0.0,30000.0,Debit,Asset,0.0935096153846153,Fixed Asset,Fixed Asset Dr | To Bank,Asset,REVIEW,ELEGANT APPARELS
13-Aug-25,MASTER RUBER WORKSS,16239.0,0.0,16239.0,Debit,Asset,0.0935096153846153,Fixed Asset,Fixed Asset Dr | To Bank,Asset,REVIEW,MASTER RUBER WORKSS
13-Aug-25,IT SYSTEMS,3900.0,0.0,3900.0,Debit,Asset,0.0935096153846153,Fixed Asset,Fixed Asset Dr | To Bank,Asset,REVIEW,IT SYSTEMS
13-Aug-25,NITIN ASSOCIATES,8500.0,0.0,8500.0,Debit,Asset,0.0935096153846153,Fixed Asset,Fixed Asset Dr | To Bank,Asset,REVIEW,NITIN ASSOCIATES
13-Aug-25,CONVEYANCE EXPENSES,2905.0,0.0,2905.0,Debit,Asset,0.0935096153846153,Fixed Asset,Fixed Asset Dr | To Bank,Asset,REVIEW,CONVEYANCE EXPENSES
13-Aug-25,COL  SUNIL DALAL (PROPRIETOR),0.0,75000.0,75000.0,Credit,Asset,0.0935096153846153,Fixed Asset,Fixed Asset Dr | To Bank,Asset,REVIEW,COL  SUNIL DALAL (PROPRIETOR)
13-Aug-25,PRINTING AND STATIONARY,3305.08,0.0,3305.08,Debit,Asset,0.0935096153846153,Fixed Asset,Fixed Asset Dr | To Bank,Asset,REVIEW,PRINTING AND STATIONARY
14-Aug-25,SBI OD A/C- 6791,0.0,1200000.0,1200000.0,Credit,Asset,0.0935096153846153,Fixed Asset,Fixed Asset Dr | To Bank,Asset,REVIEW,SBI OD A/C- 6791
14-Aug-25,PF PAYABLE,1570362.0,0.0,1570362.0,Debit,Asset,0.0935096153846153,Fixed Asset,Fixed Asset Dr | To Bank,Asset,REVIEW,PF PAYABLE
14-Aug-25,Esic Payable,85329.0,0.0,85329.0,Debit,Asset,0.0935096153846153,Fixed Asset,Fixed Asset Dr | To Bank,Asset,REVIEW,ESIC PAYABLE
14-Aug-25,CONVEYANCE EXPENSES,1736.0,0.0,1736.0,Debit,Asset,0.0935096153846153,Fixed Asset,Fixed Asset Dr | To Bank,Asset,REVIEW,CONVEYANCE EXPENSES
14-Aug-25,CONVEYANCE EXPENSES,1904.0,0.0,1904.0,Debit,Asset,0.0935096153846153,Fixed Asset,Fixed Asset Dr | To Bank,Asset,REVIEW,CONVEYANCE EXPENSES
14-Aug-25,CONVEYANCE EXPENSES,3040.0,0.0,3040.0,Debit,Asset,0.0935096153846153,Fixed Asset,Fixed Asset Dr | To Bank,Asset,REVIEW,CONVEYANCE EXPENSES
14-Aug-25,Office Petty Expenses,5000.0,0.0,5000.0,Debit,Asset,0.4532107849120085,Fixed Asset,Fixed Asset Dr | To Bank,Asset,REVIEW,OFFICE PETTY EXPENSES
14-Aug-25,QUTAB GOLF COURSE,0.0,350608.0,350608.0,Credit,Asset,0.0935096153846153,Fixed Asset,Fixed Asset Dr | To Bank,Asset,REVIEW,QUTAB GOLF COURSE
14-Aug-25,QUTAB GOLF COURSE,0.0,140400.0,140400.0,Credit,Asset,0.0935096153846153,Fixed Asset,Fixed Asset Dr | To Bank,Asset,REVIEW,QUTAB GOLF COURSE
14-Aug-25,QUTAB GOLF COURSE,162045.0,0.0,162045.0,Debit,Asset,0.0935096153846153,Fixed Asset,Fixed Asset Dr | To Bank,Asset,REVIEW,QUTAB GOLF COURSE
16-Aug-25,RAJA PROPERTIES & CONSTRUCTION,63000.0,0.0,63000.0,Debit,Asset,0.0935096153846153,Fixed Asset,Fixed Asset Dr | To Bank,Asset,REVIEW,RAJA PROPERTIES & CONSTRUCTION
16-Aug-25,COL  SUNIL DALAL (PROPRIETOR),0.0,50000.0,50000.0,Credit,Asset,0.0935096153846153,Fixed Asset,Fixed Asset Dr | To Bank,Asset,REVIEW,COL  SUNIL DALAL (PROPRIETOR)
16-Aug-25,"EXECUTIVE ENGR, HCD 10",185519.0,0.0,185519.0,Debit,Asset,0.0935096153846153,Fixed Asset,Fixed Asset Dr | To Bank,Asset,REVIEW,"EXECUTIVE ENGR, HCD 10"
18-Aug-25,SBI OD A/C- 6791,0.0,1700000.0,1700000.0,Credit,Asset,0.0935096153846153,Fixed Asset,Fixed Asset Dr | To Bank,Asset,REVIEW,SBI OD A/C- 6791
18-Aug-25,Bharat Sanchar Nigam Limited,0.0,1195222.0,1195222.0,Credit,Asset,0.0935096153846153,Fixed Asset,Fixed Asset Dr | To Bank,Asset,REVIEW,BHARAT SANCHAR NIGAM LIMITED
18-Aug-25,"DEPUTY DIRECTOR, HORT . DIVN 8",1181625.43,0.0,1181625.43,Debit,Asset,0.0935096153846153,Fixed Asset,Fixed Asset Dr | To Bank,Asset,REVIEW,"DEPUTY DIRECTOR, HORT . DIVN 8"
18-Aug-25,"DEPUTY DIRECTOR, HORT . DIVN 8",433366.8,0.0,433366.8,Debit,Asset,0.0935096153846153,Fixed Asset,Fixed Asset Dr | To Bank,Asset,REVIEW,"DEPUTY DIRECTOR, HORT . DIVN 8"
18-Aug-25,Hort DWK,789339.76,0.0,789339.76,Debit,Asset,0.0935096153846153,Fixed Asset,Fixed Asset Dr | To Bank,Asset,REVIEW,HORT DWK
19-Aug-25,Chintpurni Overseas Private Limited,0.0,51233.0,51233.0,Credit,Asset,0.0935096153846153,Fixed Asset,Fixed Asset Dr | To Bank,Asset,REVIEW,CHINTPURNI OVERSEAS PRIVATE LIMITED
20-Aug-25,Miscellaneous,4000.0,0.0,4000.0,Debit,Asset,0.0935096153846153,Fixed Asset,Fixed Asset Dr | To Bank,Asset,REVIEW,MISCELLANEOUS
20-Aug-25,Common Other Misc. Services,17700.0,0.0,17700.0,Debit,Asset,0.0935096153846153,Fixed Asset,Fixed Asset Dr | To Bank,Asset,REVIEW,COMMON OTHER MISC. SERVICES
20-Aug-25,Sub Regional Office Esic,0.0,794034.0,794034.0,Credit,Asset,0.4532107849120085,Fixed Asset,Fixed Asset Dr | To Bank,Asset,REVIEW,SUB REGIONAL OFFICE ESIC
20-Aug-25,DEPARTMENT OF SPACE,0.0,381361.0,381361.0,Credit,Asset,0.0935096153846153,Fixed Asset,Fixed Asset Dr | To Bank,Asset,REVIEW,DEPARTMENT OF SPACE
20-Aug-25,Fisheries Animal Husbandry and Dairying,0.0,133794.0,133794.0,Credit,Asset,0.0935096153846153,Fixed Asset,Fixed Asset Dr | To Bank,Asset,REVIEW,FISHERIES ANIMAL HUSBANDRY AND DAIRYING
21-Aug-25,Dwarka Project  Division 1,0.0,2227503.0,2227503.0,Credit,Asset,0.0935096153846153,Fixed Asset,Fixed Asset Dr | To Bank,Asset,REVIEW,DWARKA PROJECT  DIVISION 1
21-Aug-25,Vehicle Maintenance Charges,32613.6,0.0,32613.6,Debit,Asset,0.3159076091668959,Fixed Asset,Fixed Asset Dr | To Bank,Asset,REVIEW,VEHICLE MAINTENANCE CHARGES
21-Aug-25,Vehicle Maintenance Charges,30250.0,0.0,30250.0,Debit,Asset,0.3159076091668959,Fixed Asset,Fixed Asset Dr | To Bank,Asset,REVIEW,VEHICLE MAINTENANCE CHARGES
22-Aug-25,Liftech India Private Limited,35695.0,0.0,35695.0,Debit,Asset,0.0935096153846153,Fixed Asset,Fixed Asset Dr | To Bank,Asset,REVIEW,LIFTECH INDIA PRIVATE LIMITED
22-Aug-25,Liftech India Private Limited,38484.0,0.0,38484.0,Debit,Asset,0.0935096153846153,Fixed Asset,Fixed Asset Dr | To Bank,Asset,REVIEW,LIFTECH INDIA PRIVATE LIMITED
22-Aug-25,COL  SUNIL DALAL (PROPRIETOR),0.0,70000.0,70000.0,Credit,Asset,0.0935096153846153,Fixed Asset,Fixed Asset Dr | To Bank,Asset,REVIEW,COL  SUNIL DALAL (PROPRIETOR)
25-Aug-25,ADVERTISMENT AND PUBLICITY,10000.0,0.0,10000.0,Debit,Asset,0.0935096153846153,Fixed Asset,Fixed Asset Dr | To Bank,Asset,REVIEW,ADVERTISMENT AND PUBLICITY
25-Aug-25,STATIONERY FOR OFFICE,2576.0,0.0,2576.0,Debit,Asset,0.4532107849120085,Fixed Asset,Fixed Asset Dr | To Bank,Asset,REVIEW,STATIONERY FOR OFFICE
25-Aug-25,Ex Engineer NPD 8,0.0,652972.88,652972.88,Credit,Asset,0.0935096153846153,Fixed Asset,Fixed Asset Dr | To Bank,Asset,REVIEW,EX ENGINEER NPD 8
25-Aug-25,Apartment of Owners Welfare,29500.0,0.0,29500.0,Debit,Asset,0.0935096153846153,Fixed Asset,Fixed Asset Dr | To Bank,Asset,REVIEW,APARTMENT OF OWNERS WELFARE
25-Aug-25,Ex Engineer NPD 8,646651.31,0.0,646651.31,Debit,Asset,0.0935096153846153,Fixed Asset,Fixed Asset Dr | To Bank,Asset,REVIEW,EX ENGINEER NPD 8
25-Aug-25,Ex Engineer NPD 8,64287.0,0.0,64287.0,Debit,Asset,0.0935096153846153,Fixed Asset,Fixed Asset Dr | To Bank,Asset,REVIEW,EX ENGINEER NPD 8
26-Aug-25,SBI OD A/C- 6791,0.0,1400000.0,1400000.0,Credit,Asset,0.0935096153846153,Fixed Asset,Fixed Asset Dr | To Bank,Asset,REVIEW,SBI OD A/C- 6791
26-Aug-25,ELEGANT APPARELS,28820.0,0.0,28820.0,Debit,Asset,0.0935096153846153,Fixed Asset,Fixed Asset Dr | To Bank,Asset,REVIEW,ELEGANT APPARELS
26-Aug-25,Miscellaneous,400.0,0.0,400.0,Debit,Asset,0.0935096153846153,Fixed Asset,Fixed Asset Dr | To Bank,Asset,REVIEW,MISCELLANEOUS
26-Aug-25,CONVEYANCE EXPENSES,1220.0,0.0,1220.0,Debit,Asset,0.0935096153846153,Fixed Asset,Fixed Asset Dr | To Bank,Asset,REVIEW,CONVEYANCE EXPENSES
26-Aug-25,CONVEYANCE EXPENSES,2398.0,0.0,2398.0,Debit,Asset,0.0935096153846153,Fixed Asset,Fixed Asset Dr | To Bank,Asset,REVIEW,CONVEYANCE EXPENSES
26-Aug-25,Office Petty Expenses,50.0,0.0,50.0,Debit,Asset,0.4532107849120085,Fixed Asset,Fixed Asset Dr | To Bank,Asset,REVIEW,OFFICE PETTY EXPENSES
26-Aug-25,COL  SUNIL DALAL (PROPRIETOR),0.0,30000.0,30000.0,Credit,Asset,0.0935096153846153,Fixed Asset,Fixed Asset Dr | To Bank,Asset,REVIEW,COL  SUNIL DALAL (PROPRIETOR)
26-Aug-25,DY.DIRECTOR  HR   DIV  7,0.0,378619.0,378619.0,Credit,Asset,0.0935096153846153,Fixed Asset,Fixed Asset Dr | To Bank,Asset,REVIEW,DY.DIRECTOR  HR   DIV  7
26-Aug-25,DY DIRECTOR(HOR) DIV 6,0.0,196725.0,196725.0,Credit,Asset,0.0935096153846153,Fixed Asset,Fixed Asset Dr | To Bank,Asset,REVIEW,DY DIRECTOR(HOR) DIV 6
26-Aug-25,DY.DIRECTOR  HR   DIV  7,0.0,270540.0,270540.0,Credit,Asset,0.0935096153846153,Fixed Asset,Fixed Asset Dr | To Bank,Asset,REVIEW,DY.DIRECTOR  HR   DIV  7
27-Aug-25,EX. ENGR  NPD 6,0.0,1143761.0,1143761.0,Credit,Asset,0.0935096153846153,Fixed Asset,Fixed Asset Dr | To Bank,Asset,REVIEW,EX. ENGR  NPD 6
27-Aug-25,Security Deposit,0.0,200000.0,200000.0,Credit,Asset,0.0935096153846153,Fixed Asset,Fixed Asset Dr | To Bank,Asset,REVIEW,SECURITY DEPOSIT
28-Aug-25,SBI OD A/C- 6791,0.0,30000.0,30000.0,Credit,Asset,0.0935096153846153,Fixed Asset,Fixed Asset Dr | To Bank,Asset,REVIEW,SBI OD A/C- 6791
28-Aug-25,STATIONERY FOR OFFICE,789.0,0.0,789.0,Debit,Asset,0.4532107849120085,Fixed Asset,Fixed Asset Dr | To Bank,Asset,REVIEW,STATIONERY FOR OFFICE
28-Aug-25,STATIONERY FOR OFFICE,2697.0,0.0,2697.0,Debit,Asset,0.4532107849120085,Fixed Asset,Fixed Asset Dr | To Bank,Asset,REVIEW,STATIONERY FOR OFFICE
29-Aug-25,Miscellaneous,1618.0,0.0,1618.0,Debit,Asset,0.0935096153846153,Fixed Asset,Fixed Asset Dr | To Bank,Asset,REVIEW,MISCELLANEOUS
29-Aug-25,National Company Law Appellate Tribunal,0.0,749888.0,749888.0,Credit,Asset,0.0935096153846153,Fixed Asset,Fixed Asset Dr | To Bank,Asset,REVIEW,NATIONAL COMPANY LAW APPELLATE TRIBUNAL
30-Aug-25,COL  SUNIL DALAL (PROPRIETOR),0.0,20000.0,20000.0,Credit,Asset,0.0935096153846153,Fixed Asset,Fixed Asset Dr | To Bank,Asset,REVIEW,COL  SUNIL DALAL (PROPRIETOR)
30-Aug-25,Chintpurni Overseas Private Limited,62211.68,0.0,62211.68,Debit,Asset,0.0935096153846153,Fixed Asset,Fixed Asset Dr | To Bank,Asset,REVIEW,CHINTPURNI OVERSEAS PRIVATE LIMITED
31-Aug-25,Miscellaneous,1215.0,0.0,1215.0,Debit,Asset,0.0935096153846153,Fixed Asset,Fixed Asset Dr | To Bank,Asset,REVIEW,MISCELLANEOUS
31-Aug-25,Interest,21177.0,0.0,21177.0,Debit,Asset,0.0935096153846153,Fixed Asset,Fixed Asset Dr | To Bank,Asset,REVIEW,INTEREST
31-Aug-25,PF Employer Contribution,672425.0,0.0,672425.0,Debit,Asset,0.0935096153846153,Fixed Asset,Fixed Asset Dr | To Bank,Asset,REVIEW,PF EMPLOYER CONTRIBUTION
31-Aug-25,ESIC Employers Contribution,58216.82,0.0,58216.82,Debit,Asset,0.0935096153846153,Fixed Asset,Fixed Asset Dr | To Bank,Asset,REVIEW,ESIC EMPLOYERS CONTRIBUTION
31-Aug-25,OUTPUT CGST@9%,946838.0,0.0,946838.0,Debit,Asset,0.0935096153846153,Fixed Asset,Fixed Asset Dr | To Bank,Asset,REVIEW,OUTPUT CGST@9%
31-Aug-25,TDS Credit CGST,125716.0,0.0,125716.0,Debit,Asset,0.0935096153846153,Fixed Asset,Fixed Asset Dr | To Bank,Asset,REVIEW,TDS CREDIT CGST
01-Sep-25,CONVEYANCE EXPENSES,3488.0,0.0,3488.0,Debit,Asset,0.0935096153846153,Fixed Asset,Fixed Asset Dr | To Bank,Asset,REVIEW,CONVEYANCE EXPENSES
01-Sep-25,CONVEYANCE EXPENSES,9700.0,0.0,9700.0,Debit,Asset,0.0935096153846153,Fixed Asset,Fixed Asset Dr | To Bank,Asset,REVIEW,CONVEYANCE EXPENSES
01-Sep-25,Vehicle Hire Charges,49000.0,0.0,49000.0,Debit,Asset,0.3159076091668959,Fixed Asset,Fixed Asset Dr | To Bank,Asset,REVIEW,VEHICLE HIRE CHARGES
01-Sep-25,EX. ENGR  NPD 6,4470028.54,0.0,4470028.54,Debit,Asset,0.0935096153846153,Fixed Asset,Fixed Asset Dr | To Bank,Asset,REVIEW,EX. ENGR  NPD 6
01-Sep-25,DY DIRECTOR(HOR) DIV 6,2749238.34,0.0,2749238.34,Debit,Asset,0.0935096153846153,Fixed Asset,Fixed Asset Dr | To Bank,Asset,REVIEW,DY DIRECTOR(HOR) DIV 6
01-Sep-25,DY DIRECTOR(HOR) DIV 6,574381.52,0.0,574381.52,Debit,Asset,0.0935096153846153,Fixed Asset,Fixed Asset Dr | To Bank,Asset,REVIEW,DY DIRECTOR(HOR) DIV 6
01-Sep-25,DY.DIRECTOR  HR   DIV  7,2522749.14,0.0,2522749.14,Debit,Asset,0.0935096153846153,Fixed Asset,Fixed Asset Dr | To Bank,Asset,REVIEW,DY.DIRECTOR  HR   DIV  7
01-Sep-25,DY.DIRECTOR  HR   DIV  7,685513.92,0.0,685513.92,Debit,Asset,0.0935096153846153,Fixed Asset,Fixed Asset Dr | To Bank,Asset,REVIEW,DY.DIRECTOR  HR   DIV  7
01-Sep-25,HORT DIV  9,2066237.83,0.0,2066237.83,Debit,Asset,0.0935096153846153,Fixed Asset,Fixed Asset Dr | To Bank,Asset,REVIEW,HORT DIV  9
01-Sep-25,HORT DIV  9,452235.0,0.0,452235.0,Debit,Asset,0.0935096153846153,Fixed Asset,Fixed Asset Dr | To Bank,Asset,REVIEW,HORT DIV  9
01-Sep-25,EX. ENGR  NPD 6,362978.0,0.0,362978.0,Debit,Asset,0.0935096153846153,Fixed Asset,Fixed Asset Dr | To Bank,Asset,REVIEW,EX. ENGR  NPD 6
01-Sep-25,DY.DIRECTOR  HR   DIV  7,212674.0,0.0,212674.0,Debit,Asset,0.0935096153846153,Fixed Asset,Fixed Asset Dr | To Bank,Asset,REVIEW,DY.DIRECTOR  HR   DIV  7
02-Sep-25,COL  SUNIL DALAL (PROPRIETOR),1000000.0,0.0,1000000.0,Debit,Asset,0.0935096153846153,Fixed Asset,Fixed Asset Dr | To Bank,Asset,REVIEW,COL  SUNIL DALAL (PROPRIETOR)
02-Sep-25,Miscellaneous,7000.0,0.0,7000.0,Debit,Asset,0.0935096153846153,Fixed Asset,Fixed Asset Dr | To Bank,Asset,REVIEW,MISCELLANEOUS
02-Sep-25,"DEPUTY DIRECTOR, HORT . DIVN 8",0.0,333186.0,333186.0,Credit,Asset,0.0935096153846153,Fixed Asset,Fixed Asset Dr | To Bank,Asset,REVIEW,"DEPUTY DIRECTOR, HORT . DIVN 8"
02-Sep-25,"DEPUTY DIRECTOR, HORT . DIVN 8",0.0,208282.0,208282.0,Credit,Asset,0.0935096153846153,Fixed Asset,Fixed Asset Dr | To Bank,Asset,REVIEW,"DEPUTY DIRECTOR, HORT . DIVN 8"
02-Sep-25,"DEPUTY DIRECTOR, HORT . DIVN 8",0.0,251254.0,251254.0,Credit,Asset,0.0935096153846153,Fixed Asset,Fixed Asset Dr | To Bank,Asset,REVIEW,"DEPUTY DIRECTOR, HORT . DIVN 8"
02-Sep-25,Hort DWK,0.0,437901.0,437901.0,Credit,Asset,0.0935096153846153,Fixed Asset,Fixed Asset Dr | To Bank,Asset,REVIEW,HORT DWK
04-Sep-25,SBI OD A/C- 6791,0.0,7200000.0,7200000.0,Credit,Asset,0.0935096153846153,Fixed Asset,Fixed Asset Dr | To Bank,Asset,REVIEW,SBI OD A/C- 6791
04-Sep-25,ROHIT TIWARI,42419.0,0.0,42419.0,Debit,Asset,0.0935096153846153,Fixed Asset,Fixed Asset Dr | To Bank,Asset,REVIEW,ROHIT TIWARI
04-Sep-25,COL  SUNIL DALAL (PROPRIETOR),0.0,225000.0,225000.0,Credit,Asset,0.0935096153846153,Fixed Asset,Fixed Asset Dr | To Bank,Asset,REVIEW,COL  SUNIL DALAL (PROPRIETOR)
04-Sep-25,National Company Law Appellate Tribunal,776200.02,0.0,776200.02,Debit,Asset,0.0935096153846153,Fixed Asset,Fixed Asset Dr | To Bank,Asset,REVIEW,NATIONAL COMPANY LAW APPELLATE TRIBUNAL
04-Sep-25,QUTAB GOLF COURSE,2298432.97,0.0,2298432.97,Debit,Asset,0.0935096153846153,Fixed Asset,Fixed Asset Dr | To Bank,Asset,REVIEW,QUTAB GOLF COURSE
04-Sep-25,Sub Regional Office Esic,814748.99,0.0,814748.99,Debit,Asset,0.4532107849120085,Fixed Asset,Fixed Asset Dr | To Bank,Asset,REVIEW,SUB REGIONAL OFFICE ESIC
04-Sep-25,Bharat Sanchar Nigam Limited,1147215.0,0.0,1147215.0,Debit,Asset,0.0935096153846153,Fixed Asset,Fixed Asset Dr | To Bank,Asset,REVIEW,BHARAT SANCHAR NIGAM LIMITED
04-Sep-25,Dwarka Project  Division 1,2385839.64,0.0,2385839.64,Debit,Asset,0.0935096153846153,Fixed Asset,Fixed Asset Dr | To Bank,Asset,REVIEW,DWARKA PROJECT  DIVISION 1
04-Sep-25,DEPARTMENT OF SPACE,397491.7,0.0,397491.7,Debit,Asset,0.0935096153846153,Fixed Asset,Fixed Asset Dr | To Bank,Asset,REVIEW,DEPARTMENT OF SPACE
04-Sep-25,Fisheries Animal Husbandry and Dairying,138490.26,0.0,138490.26,Debit,Asset,0.0935096153846153,Fixed Asset,Fixed Asset Dr | To Bank,Asset,REVIEW,FISHERIES ANIMAL HUSBANDRY AND DAIRYING
04-Sep-25,Chintpurni Overseas Private Limited,62211.68,0.0,62211.68,Debit,Asset,0.0935096153846153,Fixed Asset,Fixed Asset Dr | To Bank,Asset,REVIEW,CHINTPURNI OVERSEAS PRIVATE LIMITED
05-Sep-25,CONVEYANCE EXPENSES,1472.0,0.0,1472.0,Debit,Asset,0.0935096153846153,Fixed Asset,Fixed Asset Dr | To Bank,Asset,REVIEW,CONVEYANCE EXPENSES
05-Sep-25,COL  SUNIL DALAL (PROPRIETOR),0.0,60000.0,60000.0,Credit,Asset,0.0935096153846153,Fixed Asset,Fixed Asset Dr | To Bank,Asset,REVIEW,COL  SUNIL DALAL (PROPRIETOR)
06-Sep-25,SBI OD A/C- 6791,0.0,500000.0,500000.0,Credit,Asset,0.0935096153846153,Fixed Asset,Fixed Asset Dr | To Bank,Asset,REVIEW,SBI OD A/C- 6791
06-Sep-25,FDR,657887.0,0.0,657887.0,Debit,Asset,0.0935096153846153,Fixed Asset,Fixed Asset Dr | To Bank,Asset,REVIEW,FDR
06-Sep-25,COL  SUNIL DALAL (PROPRIETOR),0.0,265000.0,265000.0,Credit,Asset,0.0935096153846153,Fixed Asset,Fixed Asset Dr | To Bank,Asset,REVIEW,COL  SUNIL DALAL (PROPRIETOR)
08-Sep-25,THE RIGHT CHOICE,6062.0,0.0,6062.0,Debit,Asset,0.0935096153846153,Fixed Asset,Fixed Asset Dr | To Bank,Asset,REVIEW,THE RIGHT CHOICE
08-Sep-25,Soft Fab India,11100.0,0.0,11100.0,Debit,Asset,0.0935096153846153,Fixed Asset,Fixed Asset Dr | To Bank,Asset,REVIEW,SOFT FAB INDIA
08-Sep-25,TRAINING SERVICES,6000.0,0.0,6000.0,Debit,Asset,0.0935096153846153,Fixed Asset,Fixed Asset Dr | To Bank,Asset,REVIEW,TRAINING SERVICES
08-Sep-25,STATIONERY FOR OFFICE,2572.0,0.0,2572.0,Debit,Asset,0.4532107849120085,Fixed Asset,Fixed Asset Dr | To Bank,Asset,REVIEW,STATIONERY FOR OFFICE
09-Sep-25,CONVEYANCE EXPENSES,8740.0,0.0,8740.0,Debit,Asset,0.0935096153846153,Fixed Asset,Fixed Asset Dr | To Bank,Asset,REVIEW,CONVEYANCE EXPENSES
09-Sep-25,Hort DWK,0.0,2262652.0,2262652.0,Credit,Asset,0.0935096153846153,Fixed Asset,Fixed Asset Dr | To Bank,Asset,REVIEW,HORT DWK
11-Sep-25,Liftech India Private Limited,29074.0,0.0,29074.0,Debit,Asset,0.0935096153846153,Fixed Asset,Fixed Asset Dr | To Bank,Asset,REVIEW,LIFTECH INDIA PRIVATE LIMITED
11-Sep-25,Vehicle Maintenance Charges,24639.0,0.0,24639.0,Debit,Asset,0.3159076091668959,Fixed Asset,Fixed Asset Dr | To Bank,Asset,REVIEW,VEHICLE MAINTENANCE CHARGES
13-Sep-25,SBI OD A/C- 6791,0.0,1500000.0,1500000.0,Credit,Asset,0.0935096153846153,Fixed Asset,Fixed Asset Dr | To Bank,Asset,REVIEW,SBI OD A/C- 6791
13-Sep-25,PF PAYABLE,1401235.0,0.0,1401235.0,Debit,Asset,0.0935096153846153,Fixed Asset,Fixed Asset Dr | To Bank,Asset,REVIEW,PF PAYABLE
13-Sep-25,PF PAYABLE,3750.0,0.0,3750.0,Debit,Asset,0.0935096153846153,Fixed Asset,Fixed Asset Dr | To Bank,Asset,REVIEW,PF PAYABLE
13-Sep-25,PF PAYABLE,7500.0,0.0,7500.0,Debit,Asset,0.0935096153846153,Fixed Asset,Fixed Asset Dr | To Bank,Asset,REVIEW,PF PAYABLE
13-Sep-25,Esic Payable,75165.0,0.0,75165.0,Debit,Asset,0.0935096153846153,Fixed Asset,Fixed Asset Dr | To Bank,Asset,REVIEW,ESIC PAYABLE
15-Sep-25,QUTAB GOLF COURSE,147431.0,0.0,147431.0,Debit,Asset,0.0935096153846153,Fixed Asset,Fixed Asset Dr | To Bank,Asset,REVIEW,QUTAB GOLF COURSE
15-Sep-25,"DEPUTY DIRECTOR, HORT . DIVN 8",189534.0,0.0,189534.0,Debit,Asset,0.0935096153846153,Fixed Asset,Fixed Asset Dr | To Bank,Asset,REVIEW,"DEPUTY DIRECTOR, HORT . DIVN 8"
15-Sep-25,HORT DIV  9,151967.0,0.0,151967.0,Debit,Asset,0.0935096153846153,Fixed Asset,Fixed Asset Dr | To Bank,Asset,REVIEW,HORT DIV  9
15-Sep-25,Hort DWK,169764.0,0.0,169764.0,Debit,Asset,0.0935096153846153,Fixed Asset,Fixed Asset Dr | To Bank,Asset,REVIEW,HORT DWK
15-Sep-25,DY DIRECTOR(HOR) DIV 6,224178.0,0.0,224178.0,Debit,Asset,0.0935096153846153,Fixed Asset,Fixed Asset Dr | To Bank,Asset,REVIEW,DY DIRECTOR(HOR) DIV 6
15-Sep-25,Dwarka Project  Division 1,230666.0,0.0,230666.0,Debit,Asset,0.0935096153846153,Fixed Asset,Fixed Asset Dr | To Bank,Asset,REVIEW,DWARKA PROJECT  DIVISION 1
16-Sep-25,RAJA PROPERTIES & CONSTRUCTION,63000.0,0.0,63000.0,Debit,Asset,0.0935096153846153,Fixed Asset,Fixed Asset Dr | To Bank,Asset,REVIEW,RAJA PROPERTIES & CONSTRUCTION
16-Sep-25,CONVEYANCE EXPENSES,1560.0,0.0,1560.0,Debit,Asset,0.0935096153846153,Fixed Asset,Fixed Asset Dr | To Bank,Asset,REVIEW,CONVEYANCE EXPENSES
16-Sep-25,COL  SUNIL DALAL (PROPRIETOR),0.0,50000.0,50000.0,Credit,Asset,0.0935096153846153,Fixed Asset,Fixed Asset Dr | To Bank,Asset,REVIEW,COL  SUNIL DALAL (PROPRIETOR)
16-Sep-25,COL  SUNIL DALAL (PROPRIETOR),0.0,15000.0,15000.0,Credit,Asset,0.0935096153846153,Fixed Asset,Fixed Asset Dr | To Bank,Asset,REVIEW,COL  SUNIL DALAL (PROPRIETOR)
16-Sep-25,Bharat Sanchar Nigam Limited,0.0,1220122.0,1220122.0,Credit,Asset,0.0935096153846153,Fixed Asset,Fixed Asset Dr | To Bank,Asset,REVIEW,BHARAT SANCHAR NIGAM LIMITED
17-Sep-25,Ex Engineer NPD 8,0.0,70228.0,70228.0,Credit,Asset,0.0935096153846153,Fixed Asset,Fixed Asset Dr | To Bank,Asset,REVIEW,EX ENGINEER NPD 8
17-Sep-25,DEPARTMENT OF SPACE,0.0,384019.0,384019.0,Credit,Asset,0.0935096153846153,Fixed Asset,Fixed Asset Dr | To Bank,Asset,REVIEW,DEPARTMENT OF SPACE
18-Sep-25,CONVEYANCE EXPENSES,4643.0,0.0,4643.0,Debit,Asset,0.0935096153846153,Fixed Asset,Fixed Asset Dr | To Bank,Asset,REVIEW,CONVEYANCE EXPENSES
18-Sep-25,Sub Regional Office Esic,0.0,792240.0,792240.0,Credit,Asset,0.4532107849120085,Fixed Asset,Fixed Asset Dr | To Bank,Asset,REVIEW,SUB REGIONAL OFFICE ESIC
18-Sep-25,QUTAB GOLF COURSE,0.0,339298.0,339298.0,Credit,Asset,0.0935096153846153,Fixed Asset,Fixed Asset Dr | To Bank,Asset,REVIEW,QUTAB GOLF COURSE
18-Sep-25,Dwarka Project  Division 1,0.0,221852.0,221852.0,Credit,Asset,0.0935096153846153,Fixed Asset,Fixed Asset Dr | To Bank,Asset,REVIEW,DWARKA PROJECT  DIVISION 1
18-Sep-25,Dwarka Project  Division 1,0.0,230053.0,230053.0,Credit,Asset,0.0935096153846153,Fixed Asset,Fixed Asset Dr | To Bank,Asset,REVIEW,DWARKA PROJECT  DIVISION 1
18-Sep-25,Fisheries Animal Husbandry and Dairying,0.0,133794.0,133794.0,Credit,Asset,0.0935096153846153,Fixed Asset,Fixed Asset Dr | To Bank,Asset,REVIEW,FISHERIES ANIMAL HUSBANDRY AND DAIRYING
19-Sep-25,EX. ENGR  NPD 6,0.0,4318502.0,4318502.0,Credit,Asset,0.0935096153846153,Fixed Asset,Fixed Asset Dr | To Bank,Asset,REVIEW,EX. ENGR  NPD 6
19-Sep-25,COL  SUNIL DALAL (PROPRIETOR),0.0,215000.0,215000.0,Credit,Asset,0.0935096153846153,Fixed Asset,Fixed Asset Dr | To Bank,Asset,REVIEW,COL  SUNIL DALAL (PROPRIETOR)
20-Sep-25,COL  SUNIL DALAL (PROPRIETOR),750000.0,0.0,750000.0,Debit,Asset,0.0935096153846153,Fixed Asset,Fixed Asset Dr | To Bank,Asset,REVIEW,COL  SUNIL DALAL (PROPRIETOR)
20-Sep-25,National Company Law Appellate Tribunal,0.0,749880.0,749880.0,Credit,Asset,0.0935096153846153,Fixed Asset,Fixed Asset Dr | To Bank,Asset,REVIEW,NATIONAL COMPANY LAW APPELLATE TRIBUNAL
23-Sep-25,SBI OD A/C- 6791,0.0,50000.0,50000.0,Credit,Asset,0.0935096153846153,Fixed Asset,Fixed Asset Dr | To Bank,Asset,REVIEW,SBI OD A/C- 6791
24-Sep-25,SBI OD A/C- 6791,0.0,200000.0,200000.0,Credit,Asset,0.0935096153846153,Fixed Asset,Fixed Asset Dr | To Bank,Asset,REVIEW,SBI OD A/C- 6791
24-Sep-25,GOVERNMENT MARKETPLACE (GEM),132375.17,0.0,132375.17,Debit,Asset,0.0935096153846153,Fixed Asset,Fixed Asset Dr | To Bank,Asset,REVIEW,GOVERNMENT MARKETPLACE (GEM)
24-Sep-25,Chintpurni Overseas Private Limited,0.0,62000.0,62000.0,Credit,Asset,0.0935096153846153,Fixed Asset,Fixed Asset Dr | To Bank,Asset,REVIEW,CHINTPURNI OVERSEAS PRIVATE LIMITED
26-Sep-25,QUTAB GOLF COURSE,0.0,78000.0,78000.0,Credit,Asset,0.0935096153846153,Fixed Asset,Fixed Asset Dr | To Bank,Asset,REVIEW,QUTAB GOLF COURSE
29-Sep-25,ELEGANT APPARELS,25206.0,0.0,25206.0,Debit,Asset,0.0935096153846153,Fixed Asset,Fixed Asset Dr | To Bank,Asset,REVIEW,ELEGANT APPARELS
29-Sep-25,CONVEYANCE EXPENSES,5248.0,0.0,5248.0,Debit,Asset,0.0935096153846153,Fixed Asset,Fixed Asset Dr | To Bank,Asset,REVIEW,CONVEYANCE EXPENSES
29-Sep-25,COL  SUNIL DALAL (PROPRIETOR),0.0,50000.0,50000.0,Credit,Asset,0.0935096153846153,Fixed Asset,Fixed Asset Dr | To Bank,Asset,REVIEW,COL  SUNIL DALAL (PROPRIETOR)
30-Sep-25,Interest,24557.0,0.0,24557.0,Debit,Asset,0.0935096153846153,Fixed Asset,Fixed Asset Dr | To Bank,Asset,REVIEW,INTEREST
30-Sep-25,ESIC Employers Contribution,53227.44,0.0,53227.44,Debit,Asset,0.0935096153846153,Fixed Asset,Fixed Asset Dr | To Bank,Asset,REVIEW,ESIC EMPLOYERS CONTRIBUTION
30-Sep-25,PF Employer Contribution,497751.0,0.0,497751.0,Debit,Asset,0.0935096153846153,Fixed Asset,Fixed Asset Dr | To Bank,Asset,REVIEW,PF EMPLOYER CONTRIBUTION
30-Sep-25,OUTPUT CGST@9%,1609263.32,0.0,1609263.32,Debit,Asset,0.0935096153846153,Fixed Asset,Fixed Asset Dr | To Bank,Asset,REVIEW,OUTPUT CGST@9%
30-Sep-25,TDS Credit CGST,86444.0,0.0,86444.0,Debit,Asset,0.0935096153846153,Fixed Asset,Fixed Asset Dr | To Bank,Asset,REVIEW,TDS CREDIT CGST
01-Oct-25,Cash,0.0,19794.0,19794.0,Credit,Asset,0.0935096153846153,Fixed Asset,Fixed Asset Dr | To Bank,Asset,REVIEW,CASH
01-Oct-25,CONVEYANCE EXPENSES,3600.0,0.0,3600.0,Debit,Asset,0.0935096153846153,Fixed Asset,Fixed Asset Dr | To Bank,Asset,REVIEW,CONVEYANCE EXPENSES
01-Oct-25,QUTAB GOLF COURSE,0.0,987962.0,987962.0,Credit,Asset,0.0935096153846153,Fixed Asset,Fixed Asset Dr | To Bank,Asset,REVIEW,QUTAB GOLF COURSE
01-Oct-25,QUTAB GOLF COURSE,0.0,987962.0,987962.0,Credit,Asset,0.0935096153846153,Fixed Asset,Fixed Asset Dr | To Bank,Asset,REVIEW,QUTAB GOLF COURSE
01-Oct-25,DY.DIRECTOR  HR   DIV  7,0.0,1998958.0,1998958.0,Credit,Asset,0.0935096153846153,Fixed Asset,Fixed Asset Dr | To Bank,Asset,REVIEW,DY.DIRECTOR  HR   DIV  7
01-Oct-25,DY.DIRECTOR  HR   DIV  7,0.0,557708.0,557708.0,Credit,Asset,0.0935096153846153,Fixed Asset,Fixed Asset Dr | To Bank,Asset,REVIEW,DY.DIRECTOR  HR   DIV  7
01-Oct-25,TDS Receivable @ 2%,21713.0,0.0,21713.0,Debit,Asset,0.0935096153846153,Fixed Asset,Fixed Asset Dr | To Bank,Asset,REVIEW,TDS RECEIVABLE @ 2%
01-Oct-25,TDS Receivable @ 2%,21713.0,0.0,21713.0,Debit,Asset,0.0935096153846153,Fixed Asset,Fixed Asset Dr | To Bank,Asset,REVIEW,TDS RECEIVABLE @ 2%
02-Oct-25,COL  SUNIL DALAL (PROPRIETOR),4400000.0,0.0,4400000.0,Debit,Asset,0.0935096153846153,Fixed Asset,Fixed Asset Dr | To Bank,Asset,REVIEW,COL  SUNIL DALAL (PROPRIETOR)
02-Oct-25,Vehicle Hire Charges,49000.0,0.0,49000.0,Debit,Asset,0.3159076091668959,Fixed Asset,Fixed Asset Dr | To Bank,Asset,REVIEW,VEHICLE HIRE CHARGES
03-Oct-25,SBI OD A/C- 6791,0.0,2000000.0,2000000.0,Credit,Asset,0.0935096153846153,Fixed Asset,Fixed Asset Dr | To Bank,Asset,REVIEW,SBI OD A/C- 6791
04-Oct-25,PG CWC,1901942.0,0.0,1901942.0,Debit,Asset,0.0935096153846153,Fixed Asset,Fixed Asset Dr | To Bank,Asset,REVIEW,PG CWC
04-Oct-25,PG Hort-7,0.0,674840.0,674840.0,Credit,Asset,0.0935096153846153,Fixed Asset,Fixed Asset Dr | To Bank,Asset,REVIEW,PG HORT-7
04-Oct-25,PG Hort-7,53682.0,0.0,53682.0,Debit,Asset,0.0935096153846153,Fixed Asset,Fixed Asset Dr | To Bank,Asset,REVIEW,PG HORT-7
05-Oct-25,Miscellaneous,17656.0,0.0,17656.0,Debit,Asset,0.0935096153846153,Fixed Asset,Fixed Asset Dr | To Bank,Asset,REVIEW,MISCELLANEOUS
05-Oct-25,Miscellaneous,100.0,0.0,100.0,Debit,Asset,0.0935096153846153,Fixed Asset,Fixed Asset Dr | To Bank,Asset,REVIEW,MISCELLANEOUS
05-Oct-25,COL  SUNIL DALAL (PROPRIETOR),0.0,50000.0,50000.0,Credit,Asset,0.0935096153846153,Fixed Asset,Fixed Asset Dr | To Bank,Asset,REVIEW,COL  SUNIL DALAL (PROPRIETOR)
05-Oct-25,STATIONERY FOR OFFICE,2466.0,0.0,2466.0,Debit,Asset,0.4532107849120085,Fixed Asset,Fixed Asset Dr | To Bank,Asset,REVIEW,STATIONERY FOR OFFICE
06-Oct-25,ROHIT TIWARI,40510.0,0.0,40510.0,Debit,Asset,0.0935096153846153,Fixed Asset,Fixed Asset Dr | To Bank,Asset,REVIEW,ROHIT TIWARI
06-Oct-25,COL  SUNIL DALAL (PROPRIETOR),0.0,25000.0,25000.0,Credit,Asset,0.0935096153846153,Fixed Asset,Fixed Asset Dr | To Bank,Asset,REVIEW,COL  SUNIL DALAL (PROPRIETOR)
06-Oct-25,COL  SUNIL DALAL (PROPRIETOR),0.0,75000.0,75000.0,Credit,Asset,0.0935096153846153,Fixed Asset,Fixed Asset Dr | To Bank,Asset,REVIEW,COL  SUNIL DALAL (PROPRIETOR)
07-Oct-25,SBI OD A/C- 6791,0.0,5200000.0,5200000.0,Credit,Asset,0.0935096153846153,Fixed Asset,Fixed Asset Dr | To Bank,Asset,REVIEW,SBI OD A/C- 6791
07-Oct-25,SBI OD A/C- 6791,0.0,520000.0,520000.0,Credit,Asset,0.0935096153846153,Fixed Asset,Fixed Asset Dr | To Bank,Asset,REVIEW,SBI OD A/C- 6791
07-Oct-25,MASTER RUBER WORKSS,8458.0,0.0,8458.0,Debit,Asset,0.0935096153846153,Fixed Asset,Fixed Asset Dr | To Bank,Asset,REVIEW,MASTER RUBER WORKSS
07-Oct-25,Dwarka Project  Division 1,0.0,2385839.64,2385839.64,Credit,Asset,0.0935096153846153,Fixed Asset,Fixed Asset Dr | To Bank,Asset,REVIEW,DWARKA PROJECT  DIVISION 1
07-Oct-25,QUTAB GOLF COURSE,2224289.98,0.0,2224289.98,Debit,Asset,0.0935096153846153,Fixed Asset,Fixed Asset Dr | To Bank,Asset,REVIEW,QUTAB GOLF COURSE
07-Oct-25,Sub Regional Office Esic,814748.99,0.0,814748.99,Debit,Asset,0.4532107849120085,Fixed Asset,Fixed Asset Dr | To Bank,Asset,REVIEW,SUB REGIONAL OFFICE ESIC
07-Oct-25,Bharat Sanchar Nigam Limited,1271913.0,0.0,1271913.0,Debit,Asset,0.0935096153846153,Fixed Asset,Fixed Asset Dr | To Bank,Asset,REVIEW,BHARAT SANCHAR NIGAM LIMITED
07-Oct-25,DEPARTMENT OF SPACE,385435.87,0.0,385435.87,Debit,Asset,0.0935096153846153,Fixed Asset,Fixed Asset Dr | To Bank,Asset,REVIEW,DEPARTMENT OF SPACE
07-Oct-25,Fisheries Animal Husbandry and Dairying,134022.83,0.0,134022.83,Debit,Asset,0.0935096153846153,Fixed Asset,Fixed Asset Dr | To Bank,Asset,REVIEW,FISHERIES ANIMAL HUSBANDRY AND DAIRYING
07-Oct-25,Dwarka Project  Division 1,3559830.12,0.0,3559830.12,Debit,Asset,0.0935096153846153,Fixed Asset,Fixed Asset Dr | To Bank,Asset,REVIEW,DWARKA PROJECT  DIVISION 1
07-Oct-25,"EXECUTIVE ENGR, HCD 10",1984188.6,0.0,1984188.6,Debit,Asset,0.0935096153846153,Fixed Asset,Fixed Asset Dr | To Bank,Asset,REVIEW,"EXECUTIVE ENGR, HCD 10"
07-Oct-25,"EXECUTIVE ENGR, HCD 10",124034.52,0.0,124034.52,Debit,Asset,0.0935096153846153,Fixed Asset,Fixed Asset Dr | To Bank,Asset,REVIEW,"EXECUTIVE ENGR, HCD 10"
09-Oct-25,ELEGANT APPARELS,21968.0,0.0,21968.0,Debit,Asset,0.0935096153846153,Fixed Asset,Fixed Asset Dr | To Bank,Asset,REVIEW,ELEGANT APPARELS
09-Oct-25,CONVEYANCE EXPENSES,6504.0,0.0,6504.0,Debit,Asset,0.0935096153846153,Fixed Asset,Fixed Asset Dr | To Bank,Asset,REVIEW,CONVEYANCE EXPENSES
09-Oct-25,CONVEYANCE EXPENSES,2700.0,0.0,2700.0,Debit,Asset,0.0935096153846153,Fixed Asset,Fixed Asset Dr | To Bank,Asset,REVIEW,CONVEYANCE EXPENSES
09-Oct-25,COL  SUNIL DALAL (PROPRIETOR),0.0,200000.0,200000.0,Credit,Asset,0.0935096153846153,Fixed Asset,Fixed Asset Dr | To Bank,Asset,REVIEW,COL  SUNIL DALAL (PROPRIETOR)
09-Oct-25,PRINTING AND STATIONARY,10550.9,0.0,10550.9,Debit,Asset,0.0935096153846153,Fixed Asset,Fixed Asset Dr | To Bank,Asset,REVIEW,PRINTING AND STATIONARY
10-Oct-25,COL  SUNIL DALAL (PROPRIETOR),0.0,4700000.0,4700000.0,Credit,Asset,0.0935096153846153,Fixed Asset,Fixed Asset Dr | To Bank,Asset,REVIEW,COL  SUNIL DALAL (PROPRIETOR)
10-Oct-25,STATIONERY FOR OFFICE,1517.0,0.0,1517.0,Debit,Asset,0.4532107849120085,Fixed Asset,Fixed Asset Dr | To Bank,Asset,REVIEW,STATIONERY FOR OFFICE
10-Oct-25,Dwarka Project  Division 1,116066.0,0.0,116066.0,Debit,Asset,0.0935096153846153,Fixed Asset,Fixed Asset Dr | To Bank,Asset,REVIEW,DWARKA PROJECT  DIVISION 1
11-Oct-25,Soft Fab India,10000.0,0.0,10000.0,Debit,Asset,0.0935096153846153,Fixed Asset,Fixed Asset Dr | To Bank,Asset,REVIEW,SOFT FAB INDIA
11-Oct-25,CONVEYANCE EXPENSES,2737.0,0.0,2737.0,Debit,Asset,0.0935096153846153,Fixed Asset,Fixed Asset Dr | To Bank,Asset,REVIEW,CONVEYANCE EXPENSES
13-Oct-25,QUTAB GOLF COURSE,0.0,78000.0,78000.0,Credit,Asset,0.0935096153846153,Fixed Asset,Fixed Asset Dr | To Bank,Asset,REVIEW,QUTAB GOLF COURSE
14-Oct-25,COL  SUNIL DALAL (PROPRIETOR),1400000.0,0.0,1400000.0,Debit,Asset,0.0935096153846153,Fixed Asset,Fixed Asset Dr | To Bank,Asset,REVIEW,COL  SUNIL DALAL (PROPRIETOR)
14-Oct-25,Esic Payable,63997.0,0.0,63997.0,Debit,Asset,0.0935096153846153,Fixed Asset,Fixed Asset Dr | To Bank,Asset,REVIEW,ESIC PAYABLE
14-Oct-25,COL  SUNIL DALAL (PROPRIETOR),0.0,4000000.0,4000000.0,Credit,Asset,0.0935096153846153,Fixed Asset,Fixed Asset Dr | To Bank,Asset,REVIEW,COL  SUNIL DALAL (PROPRIETOR)
14-Oct-25,EX. ENGR  NPD 6,0.0,657887.0,657887.0,Credit,Asset,0.0935096153846153,Fixed Asset,Fixed Asset Dr | To Bank,Asset,REVIEW,EX. ENGR  NPD 6
14-Oct-25,EX. ENGR  NPD 6,0.0,282800.0,282800.0,Credit,Asset,0.0935096153846153,Fixed Asset,Fixed Asset Dr | To Bank,Asset,REVIEW,EX. ENGR  NPD 6
14-Oct-25,QUTAB GOLF COURSE,147978.0,0.0,147978.0,Debit,Asset,0.0935096153846153,Fixed Asset,Fixed Asset Dr | To Bank,Asset,REVIEW,QUTAB GOLF COURSE
15-Oct-25,SBI OD A/C- 6791,0.0,100000.0,100000.0,Credit,Asset,0.0935096153846153,Fixed Asset,Fixed Asset Dr | To Bank,Asset,REVIEW,SBI OD A/C- 6791
15-Oct-25,PF PAYABLE,61576.0,0.0,61576.0,Debit,Asset,0.0935096153846153,Fixed Asset,Fixed Asset Dr | To Bank,Asset,REVIEW,PF PAYABLE
15-Oct-25,Miscellaneous,910.0,0.0,910.0,Debit,Asset,0.0935096153846153,Fixed Asset,Fixed Asset Dr | To Bank,Asset,REVIEW,MISCELLANEOUS
16-Oct-25,CONVEYANCE EXPENSES,5000.0,0.0,5000.0,Debit,Asset,0.0935096153846153,Fixed Asset,Fixed Asset Dr | To Bank,Asset,REVIEW,CONVEYANCE EXPENSES
16-Oct-25,CONVEYANCE EXPENSES,1526.0,0.0,1526.0,Debit,Asset,0.0935096153846153,Fixed Asset,Fixed Asset Dr | To Bank,Asset,REVIEW,CONVEYANCE EXPENSES
16-Oct-25,Sub Regional Office Esic,0.0,790427.0,790427.0,Credit,Asset,0.4532107849120085,Fixed Asset,Fixed Asset Dr | To Bank,Asset,REVIEW,SUB REGIONAL OFFICE ESIC
16-Oct-25,DEPARTMENT OF SPACE,0.0,372371.0,372371.0,Credit,Asset,0.0935096153846153,Fixed Asset,Fixed Asset Dr | To Bank,Asset,REVIEW,DEPARTMENT OF SPACE
16-Oct-25,DELHI DEVELOPMENT AUTHORITY,0.0,360290.0,360290.0,Credit,Asset,0.0935096153846153,Fixed Asset,Fixed Asset Dr | To Bank,Asset,REVIEW,DELHI DEVELOPMENT AUTHORITY
17-Oct-25,THE RIGHT CHOICE,6555.0,0.0,6555.0,Debit,Asset,0.0935096153846153,Fixed Asset,Fixed Asset Dr | To Bank,Asset,REVIEW,THE RIGHT CHOICE
17-Oct-25,IT SYSTEMS,12450.0,0.0,12450.0,Debit,Asset,0.0935096153846153,Fixed Asset,Fixed Asset Dr | To Bank,Asset,REVIEW,IT SYSTEMS
17-Oct-25,RAJA PROPERTIES & CONSTRUCTION,63000.0,0.0,63000.0,Debit,Asset,0.0935096153846153,Fixed Asset,Fixed Asset Dr | To Bank,Asset,REVIEW,RAJA PROPERTIES & CONSTRUCTION
17-Oct-25,ELEGANT APPARELS,60000.0,0.0,60000.0,Debit,Asset,0.0935096153846153,Fixed Asset,Fixed Asset Dr | To Bank,Asset,REVIEW,ELEGANT APPARELS
17-Oct-25,COL  SUNIL DALAL (PROPRIETOR),3500000.0,0.0,3500000.0,Debit,Asset,0.0935096153846153,Fixed Asset,Fixed Asset Dr | To Bank,Asset,REVIEW,COL  SUNIL DALAL (PROPRIETOR)
17-Oct-25,COL  SUNIL DALAL (PROPRIETOR),2251000.0,0.0,2251000.0,Debit,Asset,0.0935096153846153,Fixed Asset,Fixed Asset Dr | To Bank,Asset,REVIEW,COL  SUNIL DALAL (PROPRIETOR)
17-Oct-25,HORT DIV  9,0.0,1681008.0,1681008.0,Credit,Asset,0.0935096153846153,Fixed Asset,Fixed Asset Dr | To Bank,Asset,REVIEW,HORT DIV  9
17-Oct-25,PG Hort-9,0.0,557413.0,557413.0,Credit,Asset,0.0935096153846153,Fixed Asset,Fixed Asset Dr | To Bank,Asset,REVIEW,PG HORT-9
17-Oct-25,DY DIRECTOR(HOR) DIV 6,0.0,2236668.0,2236668.0,Credit,Asset,0.0935096153846153,Fixed Asset,Fixed Asset Dr | To Bank,Asset,REVIEW,DY DIRECTOR(HOR) DIV 6
17-Oct-25,PG Hort-9,41983.0,0.0,41983.0,Debit,Asset,0.0935096153846153,Fixed Asset,Fixed Asset Dr | To Bank,Asset,REVIEW,PG HORT-9
18-Oct-25,COL  SUNIL DALAL (PROPRIETOR),0.0,200000.0,200000.0,Credit,Asset,0.0935096153846153,Fixed Asset,Fixed Asset Dr | To Bank,Asset,REVIEW,COL  SUNIL DALAL (PROPRIETOR)
21-Oct-25,Miscellaneous,700.0,0.0,700.0,Debit,Asset,0.0935096153846153,Fixed Asset,Fixed Asset Dr | To Bank,Asset,REVIEW,MISCELLANEOUS
21-Oct-25,Miscellaneous,8350.0,0.0,8350.0,Debit,Asset,0.0935096153846153,Fixed Asset,Fixed Asset Dr | To Bank,Asset,REVIEW,MISCELLANEOUS
22-Oct-25,Fisheries Animal Husbandry and Dairying,0.0,129479.0,129479.0,Credit,Asset,0.0935096153846153,Fixed Asset,Fixed Asset Dr | To Bank,Asset,REVIEW,FISHERIES ANIMAL HUSBANDRY AND DAIRYING
22-Oct-25,FDR Interest,0.0,29500.0,29500.0,Credit,Asset,0.0935096153846153,Fixed Asset,Fixed Asset Dr | To Bank,Asset,REVIEW,FDR INTEREST
22-Oct-25,Chintpurni Overseas Private Limited,0.0,62212.0,62212.0,Credit,Asset,0.0935096153846153,Fixed Asset,Fixed Asset Dr | To Bank,Asset,REVIEW,CHINTPURNI OVERSEAS PRIVATE LIMITED
23-Oct-25,National Company Law Appellate Tribunal,0.0,725699.0,725699.0,Credit,Asset,0.0935096153846153,Fixed Asset,Fixed Asset Dr | To Bank,Asset,REVIEW,NATIONAL COMPANY LAW APPELLATE TRIBUNAL
24-Oct-25,ADVERTISMENT AND PUBLICITY,16200.0,0.0,16200.0,Debit,Asset,0.0935096153846153,Fixed Asset,Fixed Asset Dr | To Bank,Asset,REVIEW,ADVERTISMENT AND PUBLICITY
25-Oct-25,FDR Interest,0.0,14096.0,14096.0,Credit,Asset,0.0935096153846153,Fixed Asset,Fixed Asset Dr | To Bank,Asset,REVIEW,FDR INTEREST
27-Oct-25,SBI OD A/C- 6791,0.0,4000000.0,4000000.0,Credit,Asset,0.0935096153846153,Fixed Asset,Fixed Asset Dr | To Bank,Asset,REVIEW,SBI OD A/C- 6791
27-Oct-25,MASTER RUBER WORKSS,112770.0,0.0,112770.0,Debit,Asset,0.0935096153846153,Fixed Asset,Fixed Asset Dr | To Bank,Asset,REVIEW,MASTER RUBER WORKSS
27-Oct-25,ADONIS CREATIONS  PVT LTD,17010.0,0.0,17010.0,Debit,Asset,0.0935096153846153,Fixed Asset,Fixed Asset Dr | To Bank,Asset,REVIEW,ADONIS CREATIONS  PVT LTD
27-Oct-25,PG HORT-X,4719573.0,0.0,4719573.0,Debit,Asset,0.0935096153846153,Fixed Asset,Fixed Asset Dr | To Bank,Asset,REVIEW,PG HORT-X
27-Oct-25,COL  SUNIL DALAL (PROPRIETOR),0.0,100000.0,100000.0,Credit,Asset,0.0935096153846153,Fixed Asset,Fixed Asset Dr | To Bank,Asset,REVIEW,COL  SUNIL DALAL (PROPRIETOR)
27-Oct-25,PG Hort-6,0.0,573848.0,573848.0,Credit,Asset,0.0935096153846153,Fixed Asset,Fixed Asset Dr | To Bank,Asset,REVIEW,PG HORT-6
27-Oct-25,PG Hort-6,47626.0,0.0,47626.0,Debit,Asset,0.0935096153846153,Fixed Asset,Fixed Asset Dr | To Bank,Asset,REVIEW,PG HORT-6
30-Oct-25,ELEGANT APPARELS,50000.0,0.0,50000.0,Debit,Asset,0.0935096153846153,Fixed Asset,Fixed Asset Dr | To Bank,Asset,REVIEW,ELEGANT APPARELS
30-Oct-25,COL  SUNIL DALAL (PROPRIETOR),0.0,100000.0,100000.0,Credit,Asset,0.0935096153846153,Fixed Asset,Fixed Asset Dr | To Bank,Asset,REVIEW,COL  SUNIL DALAL (PROPRIETOR)
31-Oct-25,MASTER RUBER WORKSS,28193.0,0.0,28193.0,Debit,Asset,0.0935096153846153,Fixed Asset,Fixed Asset Dr | To Bank,Asset,REVIEW,MASTER RUBER WORKSS
31-Oct-25,Interest,18482.0,0.0,18482.0,Debit,Asset,0.0935096153846153,Fixed Asset,Fixed Asset Dr | To Bank,Asset,REVIEW,INTEREST
31-Oct-25,PF Employer Contribution,503851.0,0.0,503851.0,Debit,Asset,0.0935096153846153,Fixed Asset,Fixed Asset Dr | To Bank,Asset,REVIEW,PF EMPLOYER CONTRIBUTION
31-Oct-25,ESIC Employers Contribution,56481.88,0.0,56481.88,Debit,Asset,0.0935096153846153,Fixed Asset,Fixed Asset Dr | To Bank,Asset,REVIEW,ESIC EMPLOYERS CONTRIBUTION
31-Oct-25,OUTPUT CGST@9%,1207974.52,0.0,1207974.52,Debit,Asset,0.0935096153846153,Fixed Asset,Fixed Asset Dr | To Bank,Asset,REVIEW,OUTPUT CGST@9%
31-Oct-25,TDS Credit CGST,135292.0,0.0,135292.0,Debit,Asset,0.0935096153846153,Fixed Asset,Fixed Asset Dr | To Bank,Asset,REVIEW,TDS CREDIT CGST
01-Nov-25,Office Petty Expenses,8431.0,0.0,8431.0,Debit,Asset,0.4532107849120085,Fixed Asset,Fixed Asset Dr | To Bank,Asset,REVIEW,OFFICE PETTY EXPENSES
01-Nov-25,"DEPUTY DIRECTOR, HORT . DIVN 8",0.0,936288.0,936288.0,Credit,Asset,0.0935096153846153,Fixed Asset,Fixed Asset Dr | To Bank,Asset,REVIEW,"DEPUTY DIRECTOR, HORT . DIVN 8"
01-Nov-25,"DEPUTY DIRECTOR, HORT . DIVN 8",0.0,163914.0,163914.0,Credit,Asset,0.0935096153846153,Fixed Asset,Fixed Asset Dr | To Bank,Asset,REVIEW,"DEPUTY DIRECTOR, HORT . DIVN 8"
01-Nov-25,Security Deposit,0.0,293661.0,293661.0,Credit,Asset,0.0935096153846153,Fixed Asset,Fixed Asset Dr | To Bank,Asset,REVIEW,SECURITY DEPOSIT
01-Nov-25,DY DIRECTOR(HOR) DIV 6,0.0,311149.0,311149.0,Credit,Asset,0.0935096153846153,Fixed Asset,Fixed Asset Dr | To Bank,Asset,REVIEW,DY DIRECTOR(HOR) DIV 6
01-Nov-25,TDS Receivable @ 2%,20027.0,0.0,20027.0,Debit,Asset,0.0935096153846153,Fixed Asset,Fixed Asset Dr | To Bank,Asset,REVIEW,TDS RECEIVABLE @ 2%
02-Nov-25,ELEGANT APPARELS,107284.0,0.0,107284.0,Debit,Asset,0.0935096153846153,Fixed Asset,Fixed Asset Dr | To Bank,Asset,REVIEW,ELEGANT APPARELS
02-Nov-25,The Aggarwal Hardware Mill Store,15300.0,0.0,15300.0,Debit,Asset,0.0935096153846153,Fixed Asset,Fixed Asset Dr | To Bank,Asset,REVIEW,THE AGGARWAL HARDWARE MILL STORE
02-Nov-25,COL  SUNIL DALAL (PROPRIETOR),0.0,160000.0,160000.0,Credit,Asset,0.0935096153846153,Fixed Asset,Fixed Asset Dr | To Bank,Asset,REVIEW,COL  SUNIL DALAL (PROPRIETOR)
02-Nov-25,Office  Equipments,12966.0,0.0,12966.0,Debit,Asset,0.4532107849120085,Fixed Asset,Fixed Asset Dr | To Bank,Asset,REVIEW,OFFICE  EQUIPMENTS
03-Nov-25,Vehicle Hire Charges,49000.0,0.0,49000.0,Debit,Asset,0.3159076091668959,Fixed Asset,Fixed Asset Dr | To Bank,Asset,REVIEW,VEHICLE HIRE CHARGES
04-Nov-25,DIVYA ENTERPRISES,2160.0,0.0,2160.0,Debit,Asset,0.0935096153846153,Fixed Asset,Fixed Asset Dr | To Bank,Asset,REVIEW,DIVYA ENTERPRISES
04-Nov-25,Light Gallery,27000.0,0.0,27000.0,Debit,Asset,0.0935096153846153,Fixed Asset,Fixed Asset Dr | To Bank,Asset,REVIEW,LIGHT GALLERY
04-Nov-25,Office  Equipments,22881.0,0.0,22881.0,Debit,Asset,0.4532107849120085,Fixed Asset,Fixed Asset Dr | To Bank,Asset,REVIEW,OFFICE  EQUIPMENTS
07-Nov-25,Security Deposit,0.0,691657.0,691657.0,Credit,Asset,0.0935096153846153,Fixed Asset,Fixed Asset Dr | To Bank,Asset,REVIEW,SECURITY DEPOSIT
07-Nov-25,QUTAB GOLF COURSE,0.0,956091.0,956091.0,Credit,Asset,0.0935096153846153,Fixed Asset,Fixed Asset Dr | To Bank,Asset,REVIEW,QUTAB GOLF COURSE
07-Nov-25,TDS Receivable @ 2%,21013.0,0.0,21013.0,Debit,Asset,0.0935096153846153,Fixed Asset,Fixed Asset Dr | To Bank,Asset,REVIEW,TDS RECEIVABLE @ 2%
08-Nov-25,SHREE SHYAAM TRADING CO.,7222.0,0.0,7222.0,Debit,Asset,0.0935096153846153,Fixed Asset,Fixed Asset Dr | To Bank,Asset,REVIEW,SHREE SHYAAM TRADING CO.
08-Nov-25,COL  SUNIL DALAL (PROPRIETOR),0.0,50000.0,50000.0,Credit,Asset,0.0935096153846153,Fixed Asset,Fixed Asset Dr | To Bank,Asset,REVIEW,COL  SUNIL DALAL (PROPRIETOR)
08-Nov-25,FURNITURE  AND FIXTURES,7222.0,0.0,7222.0,Debit,Asset,0.8073883110009208,Fixed Asset,Fixed Asset Dr | To Bank,Asset,OK,FURNITURE  AND FIXTURES
10-Nov-25,COL  SUNIL DALAL (PROPRIETOR),0.0,600000.0,600000.0,Credit,Asset,0.0935096153846153,Fixed Asset,Fixed Asset Dr | To Bank,Asset,REVIEW,COL  SUNIL DALAL (PROPRIETOR)
10-Nov-25,PG Hort-DWK,0.0,791496.0,791496.0,Credit,Asset,0.0935096153846153,Fixed Asset,Fixed Asset Dr | To Bank,Asset,REVIEW,PG HORT-DWK
10-Nov-25,PG Hort-DWK,63655.0,0.0,63655.0,Debit,Asset,0.0935096153846153,Fixed Asset,Fixed Asset Dr | To Bank,Asset,REVIEW,PG HORT-DWK
10-Nov-25,STATIONERY FOR OFFICE,9333.0,0.0,9333.0,Debit,Asset,0.4532107849120085,Fixed Asset,Fixed Asset Dr | To Bank,Asset,REVIEW,STATIONERY FOR OFFICE
11-Nov-25,Cash,0.0,10000.0,10000.0,Credit,Asset,0.0935096153846153,Fixed Asset,Fixed Asset Dr | To Bank,Asset,REVIEW,CASH
11-Nov-25,CONVEYANCE EXPENSES,1736.0,0.0,1736.0,Debit,Asset,0.0935096153846153,Fixed Asset,Fixed Asset Dr | To Bank,Asset,REVIEW,CONVEYANCE EXPENSES
12-Nov-25,CONVEYANCE EXPENSES,854.0,0.0,854.0,Debit,Asset,0.0935096153846153,Fixed Asset,Fixed Asset Dr | To Bank,Asset,REVIEW,CONVEYANCE EXPENSES
12-Nov-25,PRINTING AND STATIONARY,610.0,0.0,610.0,Debit,Asset,0.0935096153846153,Fixed Asset,Fixed Asset Dr | To Bank,Asset,REVIEW,PRINTING AND STATIONARY
12-Nov-25,Other Expenses,500.0,0.0,500.0,Debit,Asset,0.0935096153846153,Fixed Asset,Fixed Asset Dr | To Bank,Asset,REVIEW,OTHER EXPENSES
12-Nov-25,Liftech India Private Limited,9927.0,0.0,9927.0,Debit,Asset,0.0935096153846153,Fixed Asset,Fixed Asset Dr | To Bank,Asset,REVIEW,LIFTECH INDIA PRIVATE LIMITED
12-Nov-25,Rskrish Technology & Services Pvt. Ltd.,950.0,0.0,950.0,Debit,Asset,0.0935096153846153,Fixed Asset,Fixed Asset Dr | To Bank,Asset,REVIEW,RSKRISH TECHNOLOGY & SERVICES PVT. LTD.
12-Nov-25,COL  SUNIL DALAL (PROPRIETOR),0.0,100000.0,100000.0,Credit,Asset,0.0935096153846153,Fixed Asset,Fixed Asset Dr | To Bank,Asset,REVIEW,COL  SUNIL DALAL (PROPRIETOR)
12-Nov-25,Vehicle Maintenance Charges,8412.88,0.0,8412.88,Debit,Asset,0.3159076091668959,Fixed Asset,Fixed Asset Dr | To Bank,Asset,REVIEW,VEHICLE MAINTENANCE CHARGES
12-Nov-25,COMPUTER,805.09,0.0,805.09,Debit,Asset,0.8152287334945754,Fixed Asset,Fixed Asset Dr | To Bank,Asset,OK,COMPUTER
13-Nov-25,SBI OD A/C- 6791,0.0,6000000.0,6000000.0,Credit,Asset,0.0935096153846153,Fixed Asset,Fixed Asset Dr | To Bank,Asset,REVIEW,SBI OD A/C- 6791
13-Nov-25,ROHIT TIWARI,37556.64,0.0,37556.64,Debit,Asset,0.0935096153846153,Fixed Asset,Fixed Asset Dr | To Bank,Asset,REVIEW,ROHIT TIWARI
13-Nov-25,CONVEYANCE EXPENSES,6500.0,0.0,6500.0,Debit,Asset,0.0935096153846153,Fixed Asset,Fixed Asset Dr | To Bank,Asset,REVIEW,CONVEYANCE EXPENSES
13-Nov-25,COL  SUNIL DALAL (PROPRIETOR),0.0,250000.0,250000.0,Credit,Asset,0.0935096153846153,Fixed Asset,Fixed Asset Dr | To Bank,Asset,REVIEW,COL  SUNIL DALAL (PROPRIETOR)
13-Nov-25,STATIONERY FOR OFFICE,7161.0,0.0,7161.0,Debit,Asset,0.4532107849120085,Fixed Asset,Fixed Asset Dr | To Bank,Asset,REVIEW,STATIONERY FOR OFFICE
13-Nov-25,STATIONERY FOR OFFICE,333.0,0.0,333.0,Debit,Asset,0.4532107849120085,Fixed Asset,Fixed Asset Dr | To Bank,Asset,REVIEW,STATIONERY FOR OFFICE
14-Nov-25,ALOK AND CO LLP,108000.0,0.0,108000.0,Debit,Asset,0.0935096153846153,Fixed Asset,Fixed Asset Dr | To Bank,Asset,REVIEW,ALOK AND CO LLP
14-Nov-25,ELEGANT APPARELS,148433.0,0.0,148433.0,Debit,Asset,0.0935096153846153,Fixed Asset,Fixed Asset Dr | To Bank,Asset,REVIEW,ELEGANT APPARELS
14-Nov-25,Sub Regional Office Esic,0.0,794034.0,794034.0,Credit,Asset,0.4532107849120085,Fixed Asset,Fixed Asset Dr | To Bank,Asset,REVIEW,SUB REGIONAL OFFICE ESIC
14-Nov-25,Chintpurni Overseas Private Limited,49403.4,0.0,49403.4,Debit,Asset,0.0935096153846153,Fixed Asset,Fixed Asset Dr | To Bank,Asset,REVIEW,CHINTPURNI OVERSEAS PRIVATE LIMITED
14-Nov-25,National Company Law Appellate Tribunal,776200.02,0.0,776200.02,Debit,Asset,0.0935096153846153,Fixed Asset,Fixed Asset Dr | To Bank,Asset,REVIEW,NATIONAL COMPANY LAW APPELLATE TRIBUNAL
14-Nov-25,QUTAB GOLF COURSE,2296002.05,0.0,2296002.05,Debit,Asset,0.0935096153846153,Fixed Asset,Fixed Asset Dr | To Bank,Asset,REVIEW,QUTAB GOLF COURSE
14-Nov-25,Sub Regional Office Esic,814748.99,0.0,814748.99,Debit,Asset,0.4532107849120085,Fixed Asset,Fixed Asset Dr | To Bank,Asset,REVIEW,SUB REGIONAL OFFICE ESIC
14-Nov-25,Bharat Sanchar Nigam Limited,1271913.0,0.0,1271913.0,Debit,Asset,0.0935096153846153,Fixed Asset,Fixed Asset Dr | To Bank,Asset,REVIEW,BHARAT SANCHAR NIGAM LIMITED
14-Nov-25,DEPARTMENT OF SPACE,397492.0,0.0,397492.0,Debit,Asset,0.0935096153846153,Fixed Asset,Fixed Asset Dr | To Bank,Asset,REVIEW,DEPARTMENT OF SPACE
14-Nov-25,Fisheries Animal Husbandry and Dairying,138490.26,0.0,138490.26,Debit,Asset,0.0935096153846153,Fixed Asset,Fixed Asset Dr | To Bank,Asset,REVIEW,FISHERIES ANIMAL HUSBANDRY AND DAIRYING
14-Nov-25,Central Warehousing Corporation (InterState),230515.81,0.0,230515.81,Debit,Asset,0.0935096153846153,Fixed Asset,Fixed Asset Dr | To Bank,Asset,REVIEW,CENTRAL WAREHOUSING CORPORATION (INTERSTATE)
14-Nov-25,Central Warehousing Corporation,230515.8,0.0,230515.8,Debit,Asset,0.0935096153846153,Fixed Asset,Fixed Asset Dr | To Bank,Asset,REVIEW,CENTRAL WAREHOUSING CORPORATION
14-Nov-25,Central Warehousing Corporation (InterState),153677.23,0.0,153677.23,Debit,Asset,0.0935096153846153,Fixed Asset,Fixed Asset Dr | To Bank,Asset,REVIEW,CENTRAL WAREHOUSING CORPORATION (INTERSTATE)
14-Nov-25,Central Warehousing Corporation (InterState),134522.38,0.0,134522.38,Debit,Asset,0.0935096153846153,Fixed Asset,Fixed Asset Dr | To Bank,Asset,REVIEW,CENTRAL WAREHOUSING CORPORATION (INTERSTATE)
15-Nov-25,SBI OD A/C- 6791,0.0,800000.0,800000.0,Credit,Asset,0.0935096153846153,Fixed Asset,Fixed Asset Dr | To Bank,Asset,REVIEW,SBI OD A/C- 6791
15-Nov-25,PF PAYABLE,1049690.0,0.0,1049690.0,Debit,Asset,0.0935096153846153,Fixed Asset,Fixed Asset Dr | To Bank,Asset,REVIEW,PF PAYABLE
15-Nov-25,Esic Payable,71952.0,0.0,71952.0,Debit,Asset,0.0935096153846153,Fixed Asset,Fixed Asset Dr | To Bank,Asset,REVIEW,ESIC PAYABLE
17-Nov-25,QUTAB GOLF COURSE,149072.0,0.0,149072.0,Debit,Asset,0.0935096153846153,Fixed Asset,Fixed Asset Dr | To Bank,Asset,REVIEW,QUTAB GOLF COURSE
18-Nov-25,Cash,0.0,10000.0,10000.0,Credit,Asset,0.0935096153846153,Fixed Asset,Fixed Asset Dr | To Bank,Asset,REVIEW,CASH
18-Nov-25,CONVEYANCE EXPENSES,8680.0,0.0,8680.0,Debit,Asset,0.0935096153846153,Fixed Asset,Fixed Asset Dr | To Bank,Asset,REVIEW,CONVEYANCE EXPENSES
18-Nov-25,RAJA PROPERTIES & CONSTRUCTION,63000.0,0.0,63000.0,Debit,Asset,0.0935096153846153,Fixed Asset,Fixed Asset Dr | To Bank,Asset,REVIEW,RAJA PROPERTIES & CONSTRUCTION
18-Nov-25,COL  SUNIL DALAL (PROPRIETOR),0.0,100000.0,100000.0,Credit,Asset,0.0935096153846153,Fixed Asset,Fixed Asset Dr | To Bank,Asset,REVIEW,COL  SUNIL DALAL (PROPRIETOR)
18-Nov-25,Hort DWK,0.0,1528864.0,1528864.0,Credit,Asset,0.0935096153846153,Fixed Asset,Fixed Asset Dr | To Bank,Asset,REVIEW,HORT DWK
18-Nov-25,Hort DWK,0.0,642175.0,642175.0,Credit,Asset,0.0935096153846153,Fixed Asset,Fixed Asset Dr | To Bank,Asset,REVIEW,HORT DWK
19-Nov-25,Ex Engineer NPD 8,0.0,604620.0,604620.0,Credit,Asset,0.0935096153846153,Fixed Asset,Fixed Asset Dr | To Bank,Asset,REVIEW,EX ENGINEER NPD 8
20-Nov-25,SBI OD A/C- 6791,0.0,500000.0,500000.0,Credit,Asset,0.0935096153846153,Fixed Asset,Fixed Asset Dr | To Bank,Asset,REVIEW,SBI OD A/C- 6791
21-Nov-25,DY.DIRECTOR  HR   DIV  7,0.0,351000.0,351000.0,Credit,Asset,0.0935096153846153,Fixed Asset,Fixed Asset Dr | To Bank,Asset,REVIEW,DY.DIRECTOR  HR   DIV  7
21-Nov-25,Bharat Sanchar Nigam Limited,0.0,2277264.0,2277264.0,Credit,Asset,0.0935096153846153,Fixed Asset,Fixed Asset Dr | To Bank,Asset,REVIEW,BHARAT SANCHAR NIGAM LIMITED
21-Nov-25,QUTAB GOLF COURSE,0.0,78000.0,78000.0,Credit,Asset,0.0935096153846153,Fixed Asset,Fixed Asset Dr | To Bank,Asset,REVIEW,QUTAB GOLF COURSE
22-Nov-25,Cash,0.0,10000.0,10000.0,Credit,Asset,0.0935096153846153,Fixed Asset,Fixed Asset Dr | To Bank,Asset,REVIEW,CASH
22-Nov-25,CONVEYANCE EXPENSES,2500.0,0.0,2500.0,Debit,Asset,0.0935096153846153,Fixed Asset,Fixed Asset Dr | To Bank,Asset,REVIEW,CONVEYANCE EXPENSES
22-Nov-25,CONVEYANCE EXPENSES,1690.0,0.0,1690.0,Debit,Asset,0.0935096153846153,Fixed Asset,Fixed Asset Dr | To Bank,Asset,REVIEW,CONVEYANCE EXPENSES
22-Nov-25,CONVEYANCE EXPENSES,2750.0,0.0,2750.0,Debit,Asset,0.0935096153846153,Fixed Asset,Fixed Asset Dr | To Bank,Asset,REVIEW,CONVEYANCE EXPENSES
22-Nov-25,ELEGANT APPARELS,28254.4,0.0,28254.4,Debit,Asset,0.0935096153846153,Fixed Asset,Fixed Asset Dr | To Bank,Asset,REVIEW,ELEGANT APPARELS
24-Nov-25,ADVERTISMENT AND PUBLICITY,22680.0,0.0,22680.0,Debit,Asset,0.0935096153846153,Fixed Asset,Fixed Asset Dr | To Bank,Asset,REVIEW,ADVERTISMENT AND PUBLICITY
25-Nov-25,COL  SUNIL DALAL (PROPRIETOR),0.0,100000.0,100000.0,Credit,Asset,0.0935096153846153,Fixed Asset,Fixed Asset Dr | To Bank,Asset,REVIEW,COL  SUNIL DALAL (PROPRIETOR)
25-Nov-25,"EXECUTIVE ENGR, HCD 10",0.0,928735.0,928735.0,Credit,Asset,0.0935096153846153,Fixed Asset,Fixed Asset Dr | To Bank,Asset,REVIEW,"EXECUTIVE ENGR, HCD 10"
26-Nov-25,Cash,0.0,5000.0,5000.0,Credit,Asset,0.0935096153846153,Fixed Asset,Fixed Asset Dr | To Bank,Asset,REVIEW,CASH
26-Nov-25,REPAIRS AND MAINTENANCE,1500.0,0.0,1500.0,Debit,Asset,0.0935096153846153,Fixed Asset,Fixed Asset Dr | To Bank,Asset,REVIEW,REPAIRS AND MAINTENANCE
26-Nov-25,RAVLEEN ENTERPRISES,5300.0,0.0,5300.0,Debit,Asset,0.0935096153846153,Fixed Asset,Fixed Asset Dr | To Bank,Asset,REVIEW,RAVLEEN ENTERPRISES
26-Nov-25,CONVEYANCE EXPENSES,1920.0,0.0,1920.0,Debit,Asset,0.0935096153846153,Fixed Asset,Fixed Asset Dr | To Bank,Asset,REVIEW,CONVEYANCE EXPENSES
26-Nov-25,DEPARTMENT OF SPACE,0.0,384017.0,384017.0,Credit,Asset,0.0935096153846153,Fixed Asset,Fixed Asset Dr | To Bank,Asset,REVIEW,DEPARTMENT OF SPACE
26-Nov-25,Vehicle Maintenance Charges,4461.02,0.0,4461.02,Debit,Asset,0.3159076091668959,Fixed Asset,Fixed Asset Dr | To Bank,Asset,REVIEW,VEHICLE MAINTENANCE CHARGES
26-Nov-25,STATIONERY FOR OFFICE,2655.0,0.0,2655.0,Debit,Asset,0.4532107849120085,Fixed Asset,Fixed Asset Dr | To Bank,Asset,REVIEW,STATIONERY FOR OFFICE
27-Nov-25,ADONIS CREATIONS  PVT LTD,23814.0,0.0,23814.0,Debit,Asset,0.0935096153846153,Fixed Asset,Fixed Asset Dr | To Bank,Asset,REVIEW,ADONIS CREATIONS  PVT LTD
27-Nov-25,Licenses,1340.9,0.0,1340.9,Debit,Asset,0.0935096153846153,Fixed Asset,Fixed Asset Dr | To Bank,Asset,REVIEW,LICENSES
28-Nov-25,Karnataka BHAWAN,0.0,238728.0,238728.0,Credit,Asset,0.0935096153846153,Fixed Asset,Fixed Asset Dr | To Bank,Asset,REVIEW,KARNATAKA BHAWAN
29-Nov-25,National Company Law Appellate Tribunal,0.0,749888.0,749888.0,Credit,Asset,0.0935096153846153,Fixed Asset,Fixed Asset Dr | To Bank,Asset,REVIEW,NATIONAL COMPANY LAW APPELLATE TRIBUNAL
30-Nov-25,CONVEYANCE EXPENSES,200.0,0.0,200.0,Debit,Asset,0.0935096153846153,Fixed Asset,Fixed Asset Dr | To Bank,Asset,REVIEW,CONVEYANCE EXPENSES
30-Nov-25,REPAIRS AND MAINTENANCE,500.0,0.0,500.0,Debit,Asset,0.0935096153846153,Fixed Asset,Fixed Asset Dr | To Bank,Asset,REVIEW,REPAIRS AND MAINTENANCE
30-Nov-25,Interest,28860.0,0.0,28860.0,Debit,Asset,0.0935096153846153,Fixed Asset,Fixed Asset Dr | To Bank,Asset,REVIEW,INTEREST
30-Nov-25,ESIC Employers Contribution,48461.0,0.0,48461.0,Debit,Asset,0.0935096153846153,Fixed Asset,Fixed Asset Dr | To Bank,Asset,REVIEW,ESIC EMPLOYERS CONTRIBUTION
30-Nov-25,PF Employer Contribution,806453.0,0.0,806453.0,Debit,Asset,0.0935096153846153,Fixed Asset,Fixed Asset Dr | To Bank,Asset,REVIEW,PF EMPLOYER CONTRIBUTION
30-Nov-25,OUTPUT CGST@9%,412839.05,0.0,412839.05,Debit,Asset,0.0935096153846153,Fixed Asset,Fixed Asset Dr | To Bank,Asset,REVIEW,OUTPUT CGST@9%
01-Dec-25,Cash,0.0,5000.0,5000.0,Credit,Asset,0.0935096153846153,Fixed Asset,Fixed Asset Dr | To Bank,Asset,REVIEW,CASH
01-Dec-25,CONVEYANCE EXPENSES,485.0,0.0,485.0,Debit,Asset,0.0935096153846153,Fixed Asset,Fixed Asset Dr | To Bank,Asset,REVIEW,CONVEYANCE EXPENSES
01-Dec-25,COL  SUNIL DALAL (PROPRIETOR),0.0,200000.0,200000.0,Credit,Asset,0.0935096153846153,Fixed Asset,Fixed Asset Dr | To Bank,Asset,REVIEW,COL  SUNIL DALAL (PROPRIETOR)
01-Dec-25,STATIONERY FOR OFFICE,4158.0,0.0,4158.0,Debit,Asset,0.4532107849120085,Fixed Asset,Fixed Asset Dr | To Bank,Asset,REVIEW,STATIONERY FOR OFFICE
01-Dec-25,STATIONERY FOR OFFICE,1889.0,0.0,1889.0,Debit,Asset,0.4532107849120085,Fixed Asset,Fixed Asset Dr | To Bank,Asset,REVIEW,STATIONERY FOR OFFICE
01-Dec-25,TRAINING SERVICES,20000.0,0.0,20000.0,Debit,Asset,0.0935096153846153,Fixed Asset,Fixed Asset Dr | To Bank,Asset,REVIEW,TRAINING SERVICES
02-Dec-25,Cash,0.0,6000.0,6000.0,Credit,Asset,0.0935096153846153,Fixed Asset,Fixed Asset Dr | To Bank,Asset,REVIEW,CASH
02-Dec-25,PRINTING AND STATIONARY,640.0,0.0,640.0,Debit,Asset,0.0935096153846153,Fixed Asset,Fixed Asset Dr | To Bank,Asset,REVIEW,PRINTING AND STATIONARY
02-Dec-25,Miscellaneous,1100.0,0.0,1100.0,Debit,Asset,0.0935096153846153,Fixed Asset,Fixed Asset Dr | To Bank,Asset,REVIEW,MISCELLANEOUS
02-Dec-25,GOVERNMENT MARKETPLACE (GEM),328482.24,0.0,328482.24,Debit,Asset,0.0935096153846153,Fixed Asset,Fixed Asset Dr | To Bank,Asset,REVIEW,GOVERNMENT MARKETPLACE (GEM)
02-Dec-25,OLIVE HERITAGE FOUNDATION,23600.0,0.0,23600.0,Debit,Asset,0.0935096153846153,Fixed Asset,Fixed Asset Dr | To Bank,Asset,REVIEW,OLIVE HERITAGE FOUNDATION
02-Dec-25,THE RIGHT CHOICE,16827.0,0.0,16827.0,Debit,Asset,0.0935096153846153,Fixed Asset,Fixed Asset Dr | To Bank,Asset,REVIEW,THE RIGHT CHOICE
02-Dec-25,EX. ENGR  NPD 6,0.0,282100.0,282100.0,Credit,Asset,0.0935096153846153,Fixed Asset,Fixed Asset Dr | To Bank,Asset,REVIEW,EX. ENGR  NPD 6
03-Dec-25,Cash,0.0,107000.0,107000.0,Credit,Asset,0.0935096153846153,Fixed Asset,Fixed Asset Dr | To Bank,Asset,REVIEW,CASH
03-Dec-25,CONVEYANCE EXPENSES,3190.0,0.0,3190.0,Debit,Asset,0.0935096153846153,Fixed Asset,Fixed Asset Dr | To Bank,Asset,REVIEW,CONVEYANCE EXPENSES
03-Dec-25,Other Expenses,1000.0,0.0,1000.0,Debit,Asset,0.0935096153846153,Fixed Asset,Fixed Asset Dr | To Bank,Asset,REVIEW,OTHER EXPENSES
03-Dec-25,Stamp Paper,570.0,0.0,570.0,Debit,Asset,0.0935096153846153,Fixed Asset,Fixed Asset Dr | To Bank,Asset,REVIEW,STAMP PAPER
05-Dec-25,Cash,0.0,5000.0,5000.0,Credit,Asset,0.0935096153846153,Fixed Asset,Fixed Asset Dr | To Bank,Asset,REVIEW,CASH
05-Dec-25,Office Petty Expenses,16564.0,0.0,16564.0,Debit,Asset,0.4532107849120085,Fixed Asset,Fixed Asset Dr | To Bank,Asset,REVIEW,OFFICE PETTY EXPENSES
06-Dec-25,Greatway Infosolutions,1650.0,0.0,1650.0,Debit,Asset,0.0935096153846153,Fixed Asset,Fixed Asset Dr | To Bank,Asset,REVIEW,GREATWAY INFOSOLUTIONS
06-Dec-25,Stamp Paper,530.0,0.0,530.0,Debit,Asset,0.0935096153846153,Fixed Asset,Fixed Asset Dr | To Bank,Asset,REVIEW,STAMP PAPER
06-Dec-25,COMPUTER,1398.31,0.0,1398.31,Debit,Asset,0.8152287334945754,Fixed Asset,Fixed Asset Dr | To Bank,Asset,OK,COMPUTER
08-Dec-25,QUTAB GOLF COURSE,0.0,390842.0,390842.0,Credit,Asset,0.0935096153846153,Fixed Asset,Fixed Asset Dr | To Bank,Asset,REVIEW,QUTAB GOLF COURSE
09-Dec-25,Common Other Misc. Services,25000.0,0.0,25000.0,Debit,Asset,0.0935096153846153,Fixed Asset,Fixed Asset Dr | To Bank,Asset,REVIEW,COMMON OTHER MISC. SERVICES
10-Dec-25,Cash,0.0,5000.0,5000.0,Credit,Asset,0.0935096153846153,Fixed Asset,Fixed Asset Dr | To Bank,Asset,REVIEW,CASH
10-Dec-25,PRINTING AND STATIONARY,260.0,0.0,260.0,Debit,Asset,0.0935096153846153,Fixed Asset,Fixed Asset Dr | To Bank,Asset,REVIEW,PRINTING AND STATIONARY
11-Dec-25,Stamp Paper,680.0,0.0,680.0,Debit,Asset,0.0935096153846153,Fixed Asset,Fixed Asset Dr | To Bank,Asset,REVIEW,STAMP PAPER
11-Dec-25,COL  SUNIL DALAL (PROPRIETOR),0.0,4500000.0,4500000.0,Credit,Asset,0.0935096153846153,Fixed Asset,Fixed Asset Dr | To Bank,Asset,REVIEW,COL  SUNIL DALAL (PROPRIETOR)
12-Dec-25,Cash,0.0,5000.0,5000.0,Credit,Asset,0.0935096153846153,Fixed Asset,Fixed Asset Dr | To Bank,Asset,REVIEW,CASH
12-Dec-25,SBI OD A/C- 6791,0.0,4000000.0,4000000.0,Credit,Asset,0.0935096153846153,Fixed Asset,Fixed Asset Dr | To Bank,Asset,REVIEW,SBI OD A/C- 6791
12-Dec-25,CONVEYANCE EXPENSES,740.0,0.0,740.0,Debit,Asset,0.0935096153846153,Fixed Asset,Fixed Asset Dr | To Bank,Asset,REVIEW,CONVEYANCE EXPENSES
12-Dec-25,CONVEYANCE EXPENSES,120.0,0.0,120.0,Debit,Asset,0.0935096153846153,Fixed Asset,Fixed Asset Dr | To Bank,Asset,REVIEW,CONVEYANCE EXPENSES
12-Dec-25,REPAIRS AND MAINTENANCE,1000.0,0.0,1000.0,Debit,Asset,0.0935096153846153,Fixed Asset,Fixed Asset Dr | To Bank,Asset,REVIEW,REPAIRS AND MAINTENANCE
12-Dec-25,Bharat Sanchar Nigam Limited,0.0,1245082.6,1245082.6,Credit,Asset,0.0935096153846153,Fixed Asset,Fixed Asset Dr | To Bank,Asset,REVIEW,BHARAT SANCHAR NIGAM LIMITED
12-Dec-25,QUTAB GOLF COURSE,2221859.06,0.0,2221859.06,Debit,Asset,0.0935096153846153,Fixed Asset,Fixed Asset Dr | To Bank,Asset,REVIEW,QUTAB GOLF COURSE
12-Dec-25,EX. ENGR  NPD 6,4522216.61,0.0,4522216.61,Debit,Asset,0.0935096153846153,Fixed Asset,Fixed Asset Dr | To Bank,Asset,REVIEW,EX. ENGR  NPD 6
12-Dec-25,National Company Law Appellate Tribunal,751161.29,0.0,751161.29,Debit,Asset,0.0935096153846153,Fixed Asset,Fixed Asset Dr | To Bank,Asset,REVIEW,NATIONAL COMPANY LAW APPELLATE TRIBUNAL
12-Dec-25,Sub Regional Office Esic,814748.99,0.0,814748.99,Debit,Asset,0.4532107849120085,Fixed Asset,Fixed Asset Dr | To Bank,Asset,REVIEW,SUB REGIONAL OFFICE ESIC
12-Dec-25,Bharat Sanchar Nigam Limited,1271912.66,0.0,1271912.66,Debit,Asset,0.0935096153846153,Fixed Asset,Fixed Asset Dr | To Bank,Asset,REVIEW,BHARAT SANCHAR NIGAM LIMITED
12-Dec-25,DEPARTMENT OF SPACE,385436.0,0.0,385436.0,Debit,Asset,0.0935096153846153,Fixed Asset,Fixed Asset Dr | To Bank,Asset,REVIEW,DEPARTMENT OF SPACE
12-Dec-25,Fisheries Animal Husbandry and Dairying,134022.83,0.0,134022.83,Debit,Asset,0.0935096153846153,Fixed Asset,Fixed Asset Dr | To Bank,Asset,REVIEW,FISHERIES ANIMAL HUSBANDRY AND DAIRYING
12-Dec-25,Central Warehousing Corporation (InterState),230515.81,0.0,230515.81,Debit,Asset,0.0935096153846153,Fixed Asset,Fixed Asset Dr | To Bank,Asset,REVIEW,CENTRAL WAREHOUSING CORPORATION (INTERSTATE)
12-Dec-25,Central Warehousing Corporation,230515.8,0.0,230515.8,Debit,Asset,0.0935096153846153,Fixed Asset,Fixed Asset Dr | To Bank,Asset,REVIEW,CENTRAL WAREHOUSING CORPORATION
12-Dec-25,Central Warehousing Corporation (InterState),153677.21,0.0,153677.21,Debit,Asset,0.0935096153846153,Fixed Asset,Fixed Asset Dr | To Bank,Asset,REVIEW,CENTRAL WAREHOUSING CORPORATION (INTERSTATE)
12-Dec-25,Central Warehousing Corporation (InterState),134522.38,0.0,134522.38,Debit,Asset,0.0935096153846153,Fixed Asset,Fixed Asset Dr | To Bank,Asset,REVIEW,CENTRAL WAREHOUSING CORPORATION (INTERSTATE)
13-Dec-25,SBI OD A/C- 6791,0.0,1000000.0,1000000.0,Credit,Asset,0.0935096153846153,Fixed Asset,Fixed Asset Dr | To Bank,Asset,REVIEW,SBI OD A/C- 6791
13-Dec-25,Miscellaneous,5725.38,0.0,5725.38,Debit,Asset,0.0935096153846153,Fixed Asset,Fixed Asset Dr | To Bank,Asset,REVIEW,MISCELLANEOUS
15-Dec-25,SBI OD A/C- 6791,0.0,1400000.0,1400000.0,Credit,Asset,0.0935096153846153,Fixed Asset,Fixed Asset Dr | To Bank,Asset,REVIEW,SBI OD A/C- 6791
15-Dec-25,SBI OD A/C- 6791,0.0,100000.0,100000.0,Credit,Asset,0.0935096153846153,Fixed Asset,Fixed Asset Dr | To Bank,Asset,REVIEW,SBI OD A/C- 6791
15-Dec-25,Interest,30000.0,0.0,30000.0,Debit,Asset,0.0935096153846153,Fixed Asset,Fixed Asset Dr | To Bank,Asset,REVIEW,INTEREST
15-Dec-25,PF PAYABLE,1673321.0,0.0,1673321.0,Debit,Asset,0.0935096153846153,Fixed Asset,Fixed Asset Dr | To Bank,Asset,REVIEW,PF PAYABLE
15-Dec-25,Esic Payable,753.0,0.0,753.0,Debit,Asset,0.0935096153846153,Fixed Asset,Fixed Asset Dr | To Bank,Asset,REVIEW,ESIC PAYABLE
15-Dec-25,Interest,0.0,30000.0,30000.0,Credit,Asset,0.0935096153846153,Fixed Asset,Fixed Asset Dr | To Bank,Asset,REVIEW,INTEREST
15-Dec-25,FURNITURE  AND FIXTURES,5500.0,0.0,5500.0,Debit,Asset,0.8073883110009208,Fixed Asset,Fixed Asset Dr | To Bank,Asset,OK,FURNITURE  AND FIXTURES
16-Dec-25,Stamp Paper,500.0,0.0,500.0,Debit,Asset,0.0935096153846153,Fixed Asset,Fixed Asset Dr | To Bank,Asset,REVIEW,STAMP PAPER
16-Dec-25,Fisheries Animal Husbandry and Dairying,0.0,133794.0,133794.0,Credit,Asset,0.0935096153846153,Fixed Asset,Fixed Asset Dr | To Bank,Asset,REVIEW,FISHERIES ANIMAL HUSBANDRY AND DAIRYING
16-Dec-25,Vehicle Hire Charges,35500.0,0.0,35500.0,Debit,Asset,0.3159076091668959,Fixed Asset,Fixed Asset Dr | To Bank,Asset,REVIEW,VEHICLE HIRE CHARGES
17-Dec-25,RAJA PROPERTIES & CONSTRUCTION,63000.0,0.0,63000.0,Debit,Asset,0.0935096153846153,Fixed Asset,Fixed Asset Dr | To Bank,Asset,REVIEW,RAJA PROPERTIES & CONSTRUCTION
17-Dec-25,Sunshine Engineers,20000.0,0.0,20000.0,Debit,Asset,0.0935096153846153,Fixed Asset,Fixed Asset Dr | To Bank,Asset,REVIEW,SUNSHINE ENGINEERS
17-Dec-25,QUTAB GOLF COURSE,149035.0,0.0,149035.0,Debit,Asset,0.0935096153846153,Fixed Asset,Fixed Asset Dr | To Bank,Asset,REVIEW,QUTAB GOLF COURSE
18-Dec-25,Cash,0.0,5000.0,5000.0,Credit,Asset,0.0935096153846153,Fixed Asset,Fixed Asset Dr | To Bank,Asset,REVIEW,CASH
18-Dec-25,ROHIT TIWARI,35145.0,0.0,35145.0,Debit,Asset,0.0935096153846153,Fixed Asset,Fixed Asset Dr | To Bank,Asset,REVIEW,ROHIT TIWARI
18-Dec-25,Sunshine Engineers,58400.0,0.0,58400.0,Debit,Asset,0.0935096153846153,Fixed Asset,Fixed Asset Dr | To Bank,Asset,REVIEW,SUNSHINE ENGINEERS
19-Dec-25,SBI OD A/C- 6791,0.0,500000.0,500000.0,Credit,Asset,0.0935096153846153,Fixed Asset,Fixed Asset Dr | To Bank,Asset,REVIEW,SBI OD A/C- 6791
19-Dec-25,Office Petty Expenses,5000.0,0.0,5000.0,Debit,Asset,0.4532107849120085,Fixed Asset,Fixed Asset Dr | To Bank,Asset,REVIEW,OFFICE PETTY EXPENSES
19-Dec-25,CONVEYANCE EXPENSES,720.0,0.0,720.0,Debit,Asset,0.0935096153846153,Fixed Asset,Fixed Asset Dr | To Bank,Asset,REVIEW,CONVEYANCE EXPENSES
19-Dec-25,Office Petty Expenses,160.0,0.0,160.0,Debit,Asset,0.4532107849120085,Fixed Asset,Fixed Asset Dr | To Bank,Asset,REVIEW,OFFICE PETTY EXPENSES
19-Dec-25,PRINTING AND STATIONARY,100.0,0.0,100.0,Debit,Asset,0.0935096153846153,Fixed Asset,Fixed Asset Dr | To Bank,Asset,REVIEW,PRINTING AND STATIONARY
19-Dec-25,Other Expenses,2270.0,0.0,2270.0,Debit,Asset,0.0935096153846153,Fixed Asset,Fixed Asset Dr | To Bank,Asset,REVIEW,OTHER EXPENSES
20-Dec-25,Cash,0.0,5000.0,5000.0,Credit,Asset,0.0935096153846153,Fixed Asset,Fixed Asset Dr | To Bank,Asset,REVIEW,CASH
20-Dec-25,CONVEYANCE EXPENSES,2250.0,0.0,2250.0,Debit,Asset,0.0935096153846153,Fixed Asset,Fixed Asset Dr | To Bank,Asset,REVIEW,CONVEYANCE EXPENSES
20-Dec-25,CONVEYANCE EXPENSES,1400.0,0.0,1400.0,Debit,Asset,0.0935096153846153,Fixed Asset,Fixed Asset Dr | To Bank,Asset,REVIEW,CONVEYANCE EXPENSES
20-Dec-25,NEW ERA STEEL COMPANY,6690.0,0.0,6690.0,Debit,Asset,0.0935096153846153,Fixed Asset,Fixed Asset Dr | To Bank,Asset,REVIEW,NEW ERA STEEL COMPANY
20-Dec-25,THE RIGHT CHOICE,2655.0,0.0,2655.0,Debit,Asset,0.0935096153846153,Fixed Asset,Fixed Asset Dr | To Bank,Asset,REVIEW,THE RIGHT CHOICE
20-Dec-25,QUTAB GOLF COURSE,0.0,78000.0,78000.0,Credit,Asset,0.0935096153846153,Fixed Asset,Fixed Asset Dr | To Bank,Asset,REVIEW,QUTAB GOLF COURSE
22-Dec-25,Liftech India Private Limited,12713.0,0.0,12713.0,Debit,Asset,0.0935096153846153,Fixed Asset,Fixed Asset Dr | To Bank,Asset,REVIEW,LIFTECH INDIA PRIVATE LIMITED
22-Dec-25,NITIN ASSOCIATES,7650.0,0.0,7650.0,Debit,Asset,0.0935096153846153,Fixed Asset,Fixed Asset Dr | To Bank,Asset,REVIEW,NITIN ASSOCIATES
22-Dec-25,Other Expenses,30.0,0.0,30.0,Debit,Asset,0.0935096153846153,Fixed Asset,Fixed Asset Dr | To Bank,Asset,REVIEW,OTHER EXPENSES
22-Dec-25,Stamp Paper,1060.0,0.0,1060.0,Debit,Asset,0.0935096153846153,Fixed Asset,Fixed Asset Dr | To Bank,Asset,REVIEW,STAMP PAPER
22-Dec-25,Hort DWK,0.0,405565.0,405565.0,Credit,Asset,0.0935096153846153,Fixed Asset,Fixed Asset Dr | To Bank,Asset,REVIEW,HORT DWK
22-Dec-25,QUTAB GOLF COURSE,0.0,885603.0,885603.0,Credit,Asset,0.0935096153846153,Fixed Asset,Fixed Asset Dr | To Bank,Asset,REVIEW,QUTAB GOLF COURSE
22-Dec-25,Vehicle Maintenance Charges,11621.19,0.0,11621.19,Debit,Asset,0.3159076091668959,Fixed Asset,Fixed Asset Dr | To Bank,Asset,REVIEW,VEHICLE MAINTENANCE CHARGES
23-Dec-25,Cash,0.0,7000.0,7000.0,Credit,Asset,0.0935096153846153,Fixed Asset,Fixed Asset Dr | To Bank,Asset,REVIEW,CASH
23-Dec-25,REPAIRS AND MAINTENANCE,5050.0,0.0,5050.0,Debit,Asset,0.0935096153846153,Fixed Asset,Fixed Asset Dr | To Bank,Asset,REVIEW,REPAIRS AND MAINTENANCE
23-Dec-25,CONVEYANCE EXPENSES,1620.0,0.0,1620.0,Debit,Asset,0.0935096153846153,Fixed Asset,Fixed Asset Dr | To Bank,Asset,REVIEW,CONVEYANCE EXPENSES
23-Dec-25,NITIN ASSOCIATES,15300.0,0.0,15300.0,Debit,Asset,0.0935096153846153,Fixed Asset,Fixed Asset Dr | To Bank,Asset,REVIEW,NITIN ASSOCIATES
23-Dec-25,NITIN ASSOCIATES,7650.0,0.0,7650.0,Debit,Asset,0.0935096153846153,Fixed Asset,Fixed Asset Dr | To Bank,Asset,REVIEW,NITIN ASSOCIATES
23-Dec-25,National Company Law Appellate Tribunal,0.0,725697.0,725697.0,Credit,Asset,0.0935096153846153,Fixed Asset,Fixed Asset Dr | To Bank,Asset,REVIEW,NATIONAL COMPANY LAW APPELLATE TRIBUNAL
23-Dec-25,COL  SUNIL DALAL (PROPRIETOR),0.0,100000.0,100000.0,Credit,Asset,0.0935096153846153,Fixed Asset,Fixed Asset Dr | To Bank,Asset,REVIEW,COL  SUNIL DALAL (PROPRIETOR)
24-Dec-25,Cash,0.0,6190.0,6190.0,Credit,Asset,0.0935096153846153,Fixed Asset,Fixed Asset Dr | To Bank,Asset,REVIEW,CASH
24-Dec-25,Sunshine Engineers,50000.0,0.0,50000.0,Debit,Asset,0.0935096153846153,Fixed Asset,Fixed Asset Dr | To Bank,Asset,REVIEW,SUNSHINE ENGINEERS
24-Dec-25,Stamp Paper,1550.0,0.0,1550.0,Debit,Asset,0.0935096153846153,Fixed Asset,Fixed Asset Dr | To Bank,Asset,REVIEW,STAMP PAPER
24-Dec-25,Licenses,155000.0,0.0,155000.0,Debit,Asset,0.0935096153846153,Fixed Asset,Fixed Asset Dr | To Bank,Asset,REVIEW,LICENSES
26-Dec-25,PG Hort-8 New,0.0,554713.0,554713.0,Credit,Asset,0.0935096153846153,Fixed Asset,Fixed Asset Dr | To Bank,Asset,REVIEW,PG HORT-8 NEW
26-Dec-25,Fisheries Animal Husbandry and Dairying,0.0,129479.0,129479.0,Credit,Asset,0.0935096153846153,Fixed Asset,Fixed Asset Dr | To Bank,Asset,REVIEW,FISHERIES ANIMAL HUSBANDRY AND DAIRYING
26-Dec-25,QUTAB GOLF COURSE,0.0,189117.0,189117.0,Credit,Asset,0.0935096153846153,Fixed Asset,Fixed Asset Dr | To Bank,Asset,REVIEW,QUTAB GOLF COURSE
26-Dec-25,COMPUTER,39830.51,0.0,39830.51,Debit,Asset,0.8152287334945754,Fixed Asset,Fixed Asset Dr | To Bank,Asset,OK,COMPUTER
27-Dec-25,Cash,0.0,27000.0,27000.0,Credit,Asset,0.0935096153846153,Fixed Asset,Fixed Asset Dr | To Bank,Asset,REVIEW,CASH
27-Dec-25,CONVEYANCE EXPENSES,2490.0,0.0,2490.0,Debit,Asset,0.0935096153846153,Fixed Asset,Fixed Asset Dr | To Bank,Asset,REVIEW,CONVEYANCE EXPENSES
27-Dec-25,CONVEYANCE EXPENSES,5350.0,0.0,5350.0,Debit,Asset,0.0935096153846153,Fixed Asset,Fixed Asset Dr | To Bank,Asset,REVIEW,CONVEYANCE EXPENSES
29-Dec-25,Cash,0.0,2500.0,2500.0,Credit,Asset,0.0935096153846153,Fixed Asset,Fixed Asset Dr | To Bank,Asset,REVIEW,CASH
29-Dec-25,Rskrish Technology & Services Pvt. Ltd.,47000.0,0.0,47000.0,Debit,Asset,0.0935096153846153,Fixed Asset,Fixed Asset Dr | To Bank,Asset,REVIEW,RSKRISH TECHNOLOGY & SERVICES PVT. LTD.
29-Dec-25,Stamp Paper,360.0,0.0,360.0,Debit,Asset,0.0935096153846153,Fixed Asset,Fixed Asset Dr | To Bank,Asset,REVIEW,STAMP PAPER
29-Dec-25,Stamp Paper,1000.0,0.0,1000.0,Debit,Asset,0.0935096153846153,Fixed Asset,Fixed Asset Dr | To Bank,Asset,REVIEW,STAMP PAPER
29-Dec-25,COL  SUNIL DALAL (PROPRIETOR),0.0,615000.0,615000.0,Credit,Asset,0.0935096153846153,Fixed Asset,Fixed Asset Dr | To Bank,Asset,REVIEW,COL  SUNIL DALAL (PROPRIETOR)
30-Dec-25,REPAIRS AND MAINTENANCE,500.0,0.0,500.0,Debit,Asset,0.0935096153846153,Fixed Asset,Fixed Asset Dr | To Bank,Asset,REVIEW,REPAIRS AND MAINTENANCE
30-Dec-25,THE RIGHT CHOICE,6047.0,0.0,6047.0,Debit,Asset,0.0935096153846153,Fixed Asset,Fixed Asset Dr | To Bank,Asset,REVIEW,THE RIGHT CHOICE
30-Dec-25,OUTPUT CGST@9%,742799.61,0.0,742799.61,Debit,Asset,0.0935096153846153,Fixed Asset,Fixed Asset Dr | To Bank,Asset,REVIEW,OUTPUT CGST@9%
31-Dec-25,CONVEYANCE EXPENSES,1120.0,0.0,1120.0,Debit,Asset,0.0935096153846153,Fixed Asset,Fixed Asset Dr | To Bank,Asset,REVIEW,CONVEYANCE EXPENSES
31-Dec-25,Stamp Paper,140.0,0.0,140.0,Debit,Asset,0.0935096153846153,Fixed Asset,Fixed Asset Dr | To Bank,Asset,REVIEW,STAMP PAPER
31-Dec-25,Interest,48358.0,0.0,48358.0,Debit,Asset,0.0935096153846153,Fixed Asset,Fixed Asset Dr | To Bank,Asset,REVIEW,INTEREST
31-Dec-25,ESIC Employers Contribution,42811.0,0.0,42811.0,Debit,Asset,0.0935096153846153,Fixed Asset,Fixed Asset Dr | To Bank,Asset,REVIEW,ESIC EMPLOYERS CONTRIBUTION
31-Dec-25,PF Employer Contribution,774813.0,0.0,774813.0,Debit,Asset,0.0935096153846153,Fixed Asset,Fixed Asset Dr | To Bank,Asset,REVIEW,PF EMPLOYER CONTRIBUTION
01-Jan-26,Cash,0.0,5000.0,5000.0,Credit,Asset,0.0935096153846153,Fixed Asset,Fixed Asset Dr | To Bank,Asset,REVIEW,CASH
01-Jan-26,Cash,0.0,5000.0,5000.0,Credit,Asset,0.0935096153846153,Fixed Asset,Fixed Asset Dr | To Bank,Asset,REVIEW,CASH
01-Jan-26,Rskrish Technology & Services Pvt. Ltd.,950.0,0.0,950.0,Debit,Asset,0.0935096153846153,Fixed Asset,Fixed Asset Dr | To Bank,Asset,REVIEW,RSKRISH TECHNOLOGY & SERVICES PVT. LTD.
01-Jan-26,CONVEYANCE EXPENSES,3880.0,0.0,3880.0,Debit,Asset,0.0935096153846153,Fixed Asset,Fixed Asset Dr | To Bank,Asset,REVIEW,CONVEYANCE EXPENSES
01-Jan-26,HORT DIV  9,0.0,367919.0,367919.0,Credit,Asset,0.0935096153846153,Fixed Asset,Fixed Asset Dr | To Bank,Asset,REVIEW,HORT DIV  9
01-Jan-26,COMPUTER,805.08,0.0,805.08,Debit,Asset,0.8152287334945754,Fixed Asset,Fixed Asset Dr | To Bank,Asset,OK,COMPUTER
01-Jan-26,DY. Director Hort-X,7865953.0,0.0,7865953.0,Debit,Asset,0.0935096153846153,Fixed Asset,Fixed Asset Dr | To Bank,Asset,REVIEW,DY. DIRECTOR HORT-X
03-Jan-26,Cash,0.0,5000.0,5000.0,Credit,Asset,0.0935096153846153,Fixed Asset,Fixed Asset Dr | To Bank,Asset,REVIEW,CASH
03-Jan-26,ROHIT TIWARI,40613.0,0.0,40613.0,Debit,Asset,0.0935096153846153,Fixed Asset,Fixed Asset Dr | To Bank,Asset,REVIEW,ROHIT TIWARI
03-Jan-26,Stamp Paper,340.0,0.0,340.0,Debit,Asset,0.0935096153846153,Fixed Asset,Fixed Asset Dr | To Bank,Asset,REVIEW,STAMP PAPER
03-Jan-26,Greatway Infosolutions,4200.0,0.0,4200.0,Debit,Asset,0.0935096153846153,Fixed Asset,Fixed Asset Dr | To Bank,Asset,REVIEW,GREATWAY INFOSOLUTIONS
03-Jan-26,COL  SUNIL DALAL (PROPRIETOR),0.0,100000.0,100000.0,Credit,Asset,0.0935096153846153,Fixed Asset,Fixed Asset Dr | To Bank,Asset,REVIEW,COL  SUNIL DALAL (PROPRIETOR)
03-Jan-26,COMPUTER,3559.32,0.0,3559.32,Debit,Asset,0.8152287334945754,Fixed Asset,Fixed Asset Dr | To Bank,Asset,OK,COMPUTER
03-Jan-26,Vehicle Hire Charges,40613.0,0.0,40613.0,Debit,Asset,0.3159076091668959,Fixed Asset,Fixed Asset Dr | To Bank,Asset,REVIEW,VEHICLE HIRE CHARGES
04-Jan-26,FDR Interest,0.0,26746.0,26746.0,Credit,Asset,0.0935096153846153,Fixed Asset,Fixed Asset Dr | To Bank,Asset,REVIEW,FDR INTEREST
05-Jan-26,Office Petty Expenses,650.0,0.0,650.0,Debit,Asset,0.4532107849120085,Fixed Asset,Fixed Asset Dr | To Bank,Asset,REVIEW,OFFICE PETTY EXPENSES
06-Jan-26,Cash,0.0,11000.0,11000.0,Credit,Asset,0.0935096153846153,Fixed Asset,Fixed Asset Dr | To Bank,Asset,REVIEW,CASH
06-Jan-26,SBI OD A/C- 6791,0.0,3200000.0,3200000.0,Credit,Asset,0.0935096153846153,Fixed Asset,Fixed Asset Dr | To Bank,Asset,REVIEW,SBI OD A/C- 6791
06-Jan-26,CONVEYANCE EXPENSES,9500.0,0.0,9500.0,Debit,Asset,0.0935096153846153,Fixed Asset,Fixed Asset Dr | To Bank,Asset,REVIEW,CONVEYANCE EXPENSES
06-Jan-26,COL  SUNIL DALAL (PROPRIETOR),0.0,5000000.0,5000000.0,Credit,Asset,0.0935096153846153,Fixed Asset,Fixed Asset Dr | To Bank,Asset,REVIEW,COL  SUNIL DALAL (PROPRIETOR)
06-Jan-26,COL  SUNIL DALAL (PROPRIETOR),0.0,100000.0,100000.0,Credit,Asset,0.0935096153846153,Fixed Asset,Fixed Asset Dr | To Bank,Asset,REVIEW,COL  SUNIL DALAL (PROPRIETOR)
07-Jan-26,Other Expenses,1000.0,0.0,1000.0,Debit,Asset,0.0935096153846153,Fixed Asset,Fixed Asset Dr | To Bank,Asset,REVIEW,OTHER EXPENSES
07-Jan-26,Sub Regional Office Esic,0.0,794034.0,794034.0,Credit,Asset,0.4532107849120085,Fixed Asset,Fixed Asset Dr | To Bank,Asset,REVIEW,SUB REGIONAL OFFICE ESIC
07-Jan-26,QUTAB GOLF COURSE,0.0,906506.0,906506.0,Credit,Asset,0.0935096153846153,Fixed Asset,Fixed Asset Dr | To Bank,Asset,REVIEW,QUTAB GOLF COURSE
07-Jan-26,Central Warehousing Corporation (InterState),0.0,230516.0,230516.0,Credit,Asset,0.0935096153846153,Fixed Asset,Fixed Asset Dr | To Bank,Asset,REVIEW,CENTRAL WAREHOUSING CORPORATION (INTERSTATE)
07-Jan-26,Central Warehousing Corporation (InterState),0.0,153677.0,153677.0,Credit,Asset,0.0935096153846153,Fixed Asset,Fixed Asset Dr | To Bank,Asset,REVIEW,CENTRAL WAREHOUSING CORPORATION (INTERSTATE)
07-Jan-26,Central Warehousing Corporation (InterState),0.0,134522.0,134522.0,Credit,Asset,0.0935096153846153,Fixed Asset,Fixed Asset Dr | To Bank,Asset,REVIEW,CENTRAL WAREHOUSING CORPORATION (INTERSTATE)
07-Jan-26,Ex Engineer NPD 8,109463.0,0.0,109463.0,Debit,Asset,0.0935096153846153,Fixed Asset,Fixed Asset Dr | To Bank,Asset,REVIEW,EX ENGINEER NPD 8
07-Jan-26,QUTAB GOLF COURSE,2296002.0,0.0,2296002.0,Debit,Asset,0.0935096153846153,Fixed Asset,Fixed Asset Dr | To Bank,Asset,REVIEW,QUTAB GOLF COURSE
07-Jan-26,National Company Law Appellate Tribunal,776200.0,0.0,776200.0,Debit,Asset,0.0935096153846153,Fixed Asset,Fixed Asset Dr | To Bank,Asset,REVIEW,NATIONAL COMPANY LAW APPELLATE TRIBUNAL
07-Jan-26,Sub Regional Office Esic,815103.0,0.0,815103.0,Debit,Asset,0.4532107849120085,Fixed Asset,Fixed Asset Dr | To Bank,Asset,REVIEW,SUB REGIONAL OFFICE ESIC
07-Jan-26,DEPARTMENT OF SPACE,397492.0,0.0,397492.0,Debit,Asset,0.0935096153846153,Fixed Asset,Fixed Asset Dr | To Bank,Asset,REVIEW,DEPARTMENT OF SPACE
07-Jan-26,Fisheries Animal Husbandry and Dairying,138490.0,0.0,138490.0,Debit,Asset,0.0935096153846153,Fixed Asset,Fixed Asset Dr | To Bank,Asset,REVIEW,FISHERIES ANIMAL HUSBANDRY AND DAIRYING
07-Jan-26,Bharat Sanchar Nigam Limited,1271913.0,0.0,1271913.0,Debit,Asset,0.0935096153846153,Fixed Asset,Fixed Asset Dr | To Bank,Asset,REVIEW,BHARAT SANCHAR NIGAM LIMITED
07-Jan-26,"DEPUTY DIRECTOR, HORT . DIVN 8",463006.04,0.0,463006.04,Debit,Asset,0.0935096153846153,Fixed Asset,Fixed Asset Dr | To Bank,Asset,REVIEW,"DEPUTY DIRECTOR, HORT . DIVN 8"
08-Jan-26,Cash,0.0,11500.0,11500.0,Credit,Asset,0.0935096153846153,Fixed Asset,Fixed Asset Dr | To Bank,Asset,REVIEW,CASH
08-Jan-26,CONVEYANCE EXPENSES,4170.0,0.0,4170.0,Debit,Asset,0.0935096153846153,Fixed Asset,Fixed Asset Dr | To Bank,Asset,REVIEW,CONVEYANCE EXPENSES
08-Jan-26,CONVEYANCE EXPENSES,4530.0,0.0,4530.0,Debit,Asset,0.0935096153846153,Fixed Asset,Fixed Asset Dr | To Bank,Asset,REVIEW,CONVEYANCE EXPENSES
08-Jan-26,Miscellaneous,1340.0,0.0,1340.0,Debit,Asset,0.0935096153846153,Fixed Asset,Fixed Asset Dr | To Bank,Asset,REVIEW,MISCELLANEOUS
08-Jan-26,CONVEYANCE EXPENSES,2100.0,0.0,2100.0,Debit,Asset,0.0935096153846153,Fixed Asset,Fixed Asset Dr | To Bank,Asset,REVIEW,CONVEYANCE EXPENSES
08-Jan-26,COL  SUNIL DALAL (PROPRIETOR),0.0,1000000.0,1000000.0,Credit,Asset,0.0935096153846153,Fixed Asset,Fixed Asset Dr | To Bank,Asset,REVIEW,COL  SUNIL DALAL (PROPRIETOR)
09-Jan-26,Cash,0.0,5000.0,5000.0,Credit,Asset,0.0935096153846153,Fixed Asset,Fixed Asset Dr | To Bank,Asset,REVIEW,CASH
10-Jan-26,Cash,0.0,11000.0,11000.0,Credit,Asset,0.0935096153846153,Fixed Asset,Fixed Asset Dr | To Bank,Asset,REVIEW,CASH
10-Jan-26,Stamp Paper,880.0,0.0,880.0,Debit,Asset,0.0935096153846153,Fixed Asset,Fixed Asset Dr | To Bank,Asset,REVIEW,STAMP PAPER
10-Jan-26,Other Expenses,10733.0,0.0,10733.0,Debit,Asset,0.0935096153846153,Fixed Asset,Fixed Asset Dr | To Bank,Asset,REVIEW,OTHER EXPENSES
12-Jan-26,Sunshine Engineers,25000.0,0.0,25000.0,Debit,Asset,0.0935096153846153,Fixed Asset,Fixed Asset Dr | To Bank,Asset,REVIEW,SUNSHINE ENGINEERS
12-Jan-26,COL  SUNIL DALAL (PROPRIETOR),0.0,100000.0,100000.0,Credit,Asset,0.0935096153846153,Fixed Asset,Fixed Asset Dr | To Bank,Asset,REVIEW,COL  SUNIL DALAL (PROPRIETOR)
12-Jan-26,DY DIRECTOR(HOR) DIV 6,0.0,396675.0,396675.0,Credit,Asset,0.0935096153846153,Fixed Asset,Fixed Asset Dr | To Bank,Asset,REVIEW,DY DIRECTOR(HOR) DIV 6
15-Jan-26,PF PAYABLE,1520238.0,0.0,1520238.0,Debit,Asset,0.0935096153846153,Fixed Asset,Fixed Asset Dr | To Bank,Asset,REVIEW,PF PAYABLE
15-Jan-26,Esic Payable,73698.0,0.0,73698.0,Debit,Asset,0.0935096153846153,Fixed Asset,Fixed Asset Dr | To Bank,Asset,REVIEW,ESIC PAYABLE
15-Jan-26,COL  SUNIL DALAL (PROPRIETOR),0.0,1000000.0,1000000.0,Credit,Asset,0.0935096153846153,Fixed Asset,Fixed Asset Dr | To Bank,Asset,REVIEW,COL  SUNIL DALAL (PROPRIETOR)
15-Jan-26,EX. ENGR  NPD 6,386810.0,0.0,386810.0,Debit,Asset,0.0935096153846153,Fixed Asset,Fixed Asset Dr | To Bank,Asset,REVIEW,EX. ENGR  NPD 6
16-Jan-26,DEPARTMENT OF SPACE,0.0,372371.0,372371.0,Credit,Asset,0.0935096153846153,Fixed Asset,Fixed Asset Dr | To Bank,Asset,REVIEW,DEPARTMENT OF SPACE
17-Jan-26,RAJA PROPERTIES & CONSTRUCTION,63000.0,0.0,63000.0,Debit,Asset,0.0935096153846153,Fixed Asset,Fixed Asset Dr | To Bank,Asset,REVIEW,RAJA PROPERTIES & CONSTRUCTION
17-Jan-26,PF PAYABLE,83226.0,0.0,83226.0,Debit,Asset,0.0935096153846153,Fixed Asset,Fixed Asset Dr | To Bank,Asset,REVIEW,PF PAYABLE
17-Jan-26,COL  SUNIL DALAL (PROPRIETOR),0.0,50000.0,50000.0,Credit,Asset,0.0935096153846153,Fixed Asset,Fixed Asset Dr | To Bank,Asset,REVIEW,COL  SUNIL DALAL (PROPRIETOR)
17-Jan-26,QUTAB GOLF COURSE,148982.0,0.0,148982.0,Debit,Asset,0.0935096153846153,Fixed Asset,Fixed Asset Dr | To Bank,Asset,REVIEW,QUTAB GOLF COURSE
19-Jan-26,Cash,0.0,15000.0,15000.0,Credit,Asset,0.0935096153846153,Fixed Asset,Fixed Asset Dr | To Bank,Asset,REVIEW,CASH
19-Jan-26,Miscellaneous,1040.0,0.0,1040.0,Debit,Asset,0.0935096153846153,Fixed Asset,Fixed Asset Dr | To Bank,Asset,REVIEW,MISCELLANEOUS
19-Jan-26,CONVEYANCE EXPENSES,4960.0,0.0,4960.0,Debit,Asset,0.0935096153846153,Fixed Asset,Fixed Asset Dr | To Bank,Asset,REVIEW,CONVEYANCE EXPENSES
19-Jan-26,CONVEYANCE EXPENSES,2335.0,0.0,2335.0,Debit,Asset,0.0935096153846153,Fixed Asset,Fixed Asset Dr | To Bank,Asset,REVIEW,CONVEYANCE EXPENSES
19-Jan-26,PF PAYABLE,3750.0,0.0,3750.0,Debit,Asset,0.0935096153846153,Fixed Asset,Fixed Asset Dr | To Bank,Asset,REVIEW,PF PAYABLE
20-Jan-26,PF PAYABLE,6980.0,0.0,6980.0,Debit,Asset,0.0935096153846153,Fixed Asset,Fixed Asset Dr | To Bank,Asset,REVIEW,PF PAYABLE
20-Jan-26,Esic Payable,517.0,0.0,517.0,Debit,Asset,0.0935096153846153,Fixed Asset,Fixed Asset Dr | To Bank,Asset,REVIEW,ESIC PAYABLE
20-Jan-26,COL  SUNIL DALAL (PROPRIETOR),0.0,1500000.0,1500000.0,Credit,Asset,0.0935096153846153,Fixed Asset,Fixed Asset Dr | To Bank,Asset,REVIEW,COL  SUNIL DALAL (PROPRIETOR)
20-Jan-26,EX. ENGR  NPD 6,0.0,4368921.0,4368921.0,Credit,Asset,0.0935096153846153,Fixed Asset,Fixed Asset Dr | To Bank,Asset,REVIEW,EX. ENGR  NPD 6
20-Jan-26,DEPARTMENT OF SPACE,0.0,290644.0,290644.0,Credit,Asset,0.0935096153846153,Fixed Asset,Fixed Asset Dr | To Bank,Asset,REVIEW,DEPARTMENT OF SPACE
20-Jan-26,STATIONERY FOR OFFICE,1841.0,0.0,1841.0,Debit,Asset,0.4532107849120085,Fixed Asset,Fixed Asset Dr | To Bank,Asset,REVIEW,STATIONERY FOR OFFICE
21-Jan-26,National Company Law Appellate Tribunal,0.0,749888.0,749888.0,Credit,Asset,0.0935096153846153,Fixed Asset,Fixed Asset Dr | To Bank,Asset,REVIEW,NATIONAL COMPANY LAW APPELLATE TRIBUNAL
22-Jan-26,Stamp Paper,90.0,0.0,90.0,Debit,Asset,0.0935096153846153,Fixed Asset,Fixed Asset Dr | To Bank,Asset,REVIEW,STAMP PAPER
24-Jan-26,Stamp Paper,530.0,0.0,530.0,Debit,Asset,0.0935096153846153,Fixed Asset,Fixed Asset Dr | To Bank,Asset,REVIEW,STAMP PAPER
25-Jan-26,FDR Interest,0.0,14096.0,14096.0,Credit,Asset,0.0935096153846153,Fixed Asset,Fixed Asset Dr | To Bank,Asset,REVIEW,FDR INTEREST
28-Jan-26,REPAIRS AND MAINTENANCE,500.0,0.0,500.0,Debit,Asset,0.0935096153846153,Fixed Asset,Fixed Asset Dr | To Bank,Asset,REVIEW,REPAIRS AND MAINTENANCE
28-Jan-26,Stamp Paper,140.0,0.0,140.0,Debit,Asset,0.0935096153846153,Fixed Asset,Fixed Asset Dr | To Bank,Asset,REVIEW,STAMP PAPER
29-Jan-26,Security Deposit,0.0,509329.0,509329.0,Credit,Asset,0.0935096153846153,Fixed Asset,Fixed Asset Dr | To Bank,Asset,REVIEW,SECURITY DEPOSIT
29-Jan-26,QUTAB GOLF COURSE,0.0,78000.0,78000.0,Credit,Asset,0.0935096153846153,Fixed Asset,Fixed Asset Dr | To Bank,Asset,REVIEW,QUTAB GOLF COURSE
30-Jan-26,ELEGANT APPARELS,18000.0,0.0,18000.0,Debit,Asset,0.0935096153846153,Fixed Asset,Fixed Asset Dr | To Bank,Asset,REVIEW,ELEGANT APPARELS
30-Jan-26,THE RIGHT CHOICE,2117.0,0.0,2117.0,Debit,Asset,0.0935096153846153,Fixed Asset,Fixed Asset Dr | To Bank,Asset,REVIEW,THE RIGHT CHOICE
30-Jan-26,Cartage Outwards,222.0,0.0,222.0,Debit,Asset,0.0935096153846153,Fixed Asset,Fixed Asset Dr | To Bank,Asset,REVIEW,CARTAGE OUTWARDS
30-Jan-26,Vehicle Maintenance Charges,80.0,0.0,80.0,Debit,Asset,0.3159076091668959,Fixed Asset,Fixed Asset Dr | To Bank,Asset,REVIEW,VEHICLE MAINTENANCE CHARGES
30-Jan-26,Cartage Outwards,222.0,0.0,222.0,Debit,Asset,0.0935096153846153,Fixed Asset,Fixed Asset Dr | To Bank,Asset,REVIEW,CARTAGE OUTWARDS
30-Jan-26,COL  SUNIL DALAL (PROPRIETOR),0.0,50000.0,50000.0,Credit,Asset,0.0935096153846153,Fixed Asset,Fixed Asset Dr | To Bank,Asset,REVIEW,COL  SUNIL DALAL (PROPRIETOR)
30-Jan-26,TRAINING SERVICES,3000.0,0.0,3000.0,Debit,Asset,0.0935096153846153,Fixed Asset,Fixed Asset Dr | To Bank,Asset,REVIEW,TRAINING SERVICES
30-Jan-26,"DEPUTY DIRECTOR, HORT . DIVN 8",0.0,433366.8,433366.8,Credit,Asset,0.0935096153846153,Fixed Asset,Fixed Asset Dr | To Bank,Asset,REVIEW,"DEPUTY DIRECTOR, HORT . DIVN 8"
31-Jan-26,Stamp Paper,530.0,0.0,530.0,Debit,Asset,0.0935096153846153,Fixed Asset,Fixed Asset Dr | To Bank,Asset,REVIEW,STAMP PAPER
31-Jan-26,Interest,53561.0,0.0,53561.0,Debit,Asset,0.0935096153846153,Fixed Asset,Fixed Asset Dr | To Bank,Asset,REVIEW,INTEREST
31-Jan-26,Fisheries Animal Husbandry and Dairying,0.0,133794.0,133794.0,Credit,Asset,0.0935096153846153,Fixed Asset,Fixed Asset Dr | To Bank,Asset,REVIEW,FISHERIES ANIMAL HUSBANDRY AND DAIRYING
31-Jan-26,Vehicle Maintenance Charges,22298.31,0.0,22298.31,Debit,Asset,0.3159076091668959,Fixed Asset,Fixed Asset Dr | To Bank,Asset,REVIEW,VEHICLE MAINTENANCE CHARGES
31-Jan-26,PF Employer Contribution,681459.0,0.0,681459.0,Debit,Asset,0.0935096153846153,Fixed Asset,Fixed Asset Dr | To Bank,Asset,REVIEW,PF EMPLOYER CONTRIBUTION
31-Jan-26,ESIC Employers Contribution,43710.0,0.0,43710.0,Debit,Asset,0.0935096153846153,Fixed Asset,Fixed Asset Dr | To Bank,Asset,REVIEW,ESIC EMPLOYERS CONTRIBUTION
01-Feb-26,DY. Director Hort-X,8128153.0,0.0,8128153.0,Debit,Asset,0.0935096153846153,Fixed Asset,Fixed Asset Dr | To Bank,Asset,REVIEW,DY. DIRECTOR HORT-X
02-Feb-26,Cash,0.0,10000.0,10000.0,Credit,Asset,0.0935096153846153,Fixed Asset,Fixed Asset Dr | To Bank,Asset,REVIEW,CASH
02-Feb-26,REPAIRS AND MAINTENANCE,800.0,0.0,800.0,Debit,Asset,0.0935096153846153,Fixed Asset,Fixed Asset Dr | To Bank,Asset,REVIEW,REPAIRS AND MAINTENANCE
02-Feb-26,REPAIRS AND MAINTENANCE,250.0,0.0,250.0,Debit,Asset,0.0935096153846153,Fixed Asset,Fixed Asset Dr | To Bank,Asset,REVIEW,REPAIRS AND MAINTENANCE
02-Feb-26,DY. Director Hort-X,8128153.0,0.0,8128153.0,Debit,Asset,0.0935096153846153,Fixed Asset,Fixed Asset Dr | To Bank,Asset,REVIEW,DY. DIRECTOR HORT-X
03-Feb-26,Cash,0.0,7500.0,7500.0,Credit,Asset,0.0935096153846153,Fixed Asset,Fixed Asset Dr | To Bank,Asset,REVIEW,CASH
03-Feb-26,CONVEYANCE EXPENSES,2150.0,0.0,2150.0,Debit,Asset,0.0935096153846153,Fixed Asset,Fixed Asset Dr | To Bank,Asset,REVIEW,CONVEYANCE EXPENSES
03-Feb-26,Stamp Paper,1260.0,0.0,1260.0,Debit,Asset,0.0935096153846153,Fixed Asset,Fixed Asset Dr | To Bank,Asset,REVIEW,STAMP PAPER
03-Feb-26,CONVEYANCE EXPENSES,7500.0,0.0,7500.0,Debit,Asset,0.0935096153846153,Fixed Asset,Fixed Asset Dr | To Bank,Asset,REVIEW,CONVEYANCE EXPENSES
03-Feb-26,Vehicle Hire Charges,35950.0,0.0,35950.0,Debit,Asset,0.3159076091668959,Fixed Asset,Fixed Asset Dr | To Bank,Asset,REVIEW,VEHICLE HIRE CHARGES
03-Feb-26,EX. ENGR  NPD 6,649822.0,0.0,649822.0,Debit,Asset,0.0935096153846153,Fixed Asset,Fixed Asset Dr | To Bank,Asset,REVIEW,EX. ENGR  NPD 6
04-Feb-26,REPAIRS AND MAINTENANCE,1800.0,0.0,1800.0,Debit,Asset,0.0935096153846153,Fixed Asset,Fixed Asset Dr | To Bank,Asset,REVIEW,REPAIRS AND MAINTENANCE
04-Feb-26,ELEGANT APPARELS,31386.0,0.0,31386.0,Debit,Asset,0.0935096153846153,Fixed Asset,Fixed Asset Dr | To Bank,Asset,REVIEW,ELEGANT APPARELS
04-Feb-26,Pragmatic Educational Society,3540.0,0.0,3540.0,Debit,Asset,0.0935096153846153,Fixed Asset,Fixed Asset Dr | To Bank,Asset,REVIEW,PRAGMATIC EDUCATIONAL SOCIETY
05-Feb-26,REPAIRS AND MAINTENANCE,200.0,0.0,200.0,Debit,Asset,0.0935096153846153,Fixed Asset,Fixed Asset Dr | To Bank,Asset,REVIEW,REPAIRS AND MAINTENANCE
05-Feb-26,PG NPD-6,0.0,1454624.0,1454624.0,Credit,Asset,0.0935096153846153,Fixed Asset,Fixed Asset Dr | To Bank,Asset,REVIEW,PG NPD-6
05-Feb-26,PG NPD-6,138849.0,0.0,138849.0,Debit,Asset,0.0935096153846153,Fixed Asset,Fixed Asset Dr | To Bank,Asset,REVIEW,PG NPD-6
06-Feb-26,SBI OD A/C- 6791,0.0,3000000.0,3000000.0,Credit,Asset,0.0935096153846153,Fixed Asset,Fixed Asset Dr | To Bank,Asset,REVIEW,SBI OD A/C- 6791
06-Feb-26,Security Deposit,93373.0,0.0,93373.0,Debit,Asset,0.0935096153846153,Fixed Asset,Fixed Asset Dr | To Bank,Asset,REVIEW,SECURITY DEPOSIT
06-Feb-26,COL  SUNIL DALAL (PROPRIETOR),5000000.0,0.0,5000000.0,Debit,Asset,0.0935096153846153,Fixed Asset,Fixed Asset Dr | To Bank,Asset,REVIEW,COL  SUNIL DALAL (PROPRIETOR)
06-Feb-26,Pragmatic Educational Society,708.0,0.0,708.0,Debit,Asset,0.0935096153846153,Fixed Asset,Fixed Asset Dr | To Bank,Asset,REVIEW,PRAGMATIC EDUCATIONAL SOCIETY
06-Feb-26,ROHIT TIWARI,35591.0,0.0,35591.0,Debit,Asset,0.0935096153846153,Fixed Asset,Fixed Asset Dr | To Bank,Asset,REVIEW,ROHIT TIWARI
06-Feb-26,Other Expenses,1000.0,0.0,1000.0,Debit,Asset,0.0935096153846153,Fixed Asset,Fixed Asset Dr | To Bank,Asset,REVIEW,OTHER EXPENSES
06-Feb-26,Cartage Outwards,202.0,0.0,202.0,Debit,Asset,0.0935096153846153,Fixed Asset,Fixed Asset Dr | To Bank,Asset,REVIEW,CARTAGE OUTWARDS
06-Feb-26,Cartage Outwards,222.0,0.0,222.0,Debit,Asset,0.0935096153846153,Fixed Asset,Fixed Asset Dr | To Bank,Asset,REVIEW,CARTAGE OUTWARDS
06-Feb-26,Sub Regional Office Esic,0.0,794034.0,794034.0,Credit,Asset,0.4532107849120085,Fixed Asset,Fixed Asset Dr | To Bank,Asset,REVIEW,SUB REGIONAL OFFICE ESIC
06-Feb-26,COL  SUNIL DALAL (PROPRIETOR),0.0,100000.0,100000.0,Credit,Asset,0.0935096153846153,Fixed Asset,Fixed Asset Dr | To Bank,Asset,REVIEW,COL  SUNIL DALAL (PROPRIETOR)
06-Feb-26,QUTAB GOLF COURSE,0.0,5526402.0,5526402.0,Credit,Asset,0.0935096153846153,Fixed Asset,Fixed Asset Dr | To Bank,Asset,REVIEW,QUTAB GOLF COURSE
06-Feb-26,TRAINING SERVICES,600.0,0.0,600.0,Debit,Asset,0.0935096153846153,Fixed Asset,Fixed Asset Dr | To Bank,Asset,REVIEW,TRAINING SERVICES
07-Feb-26,CONVEYANCE EXPENSES,1040.0,0.0,1040.0,Debit,Asset,0.0935096153846153,Fixed Asset,Fixed Asset Dr | To Bank,Asset,REVIEW,CONVEYANCE EXPENSES
07-Feb-26,CONVEYANCE EXPENSES,100.0,0.0,100.0,Debit,Asset,0.0935096153846153,Fixed Asset,Fixed Asset Dr | To Bank,Asset,REVIEW,CONVEYANCE EXPENSES
09-Feb-26,Cash,0.0,12000.0,12000.0,Credit,Asset,0.0935096153846153,Fixed Asset,Fixed Asset Dr | To Bank,Asset,REVIEW,CASH
09-Feb-26,Other Expenses,10000.0,0.0,10000.0,Debit,Asset,0.0935096153846153,Fixed Asset,Fixed Asset Dr | To Bank,Asset,REVIEW,OTHER EXPENSES
09-Feb-26,Other Expenses,2000.0,0.0,2000.0,Debit,Asset,0.0935096153846153,Fixed Asset,Fixed Asset Dr | To Bank,Asset,REVIEW,OTHER EXPENSES
09-Feb-26,CONVEYANCE EXPENSES,400.0,0.0,400.0,Debit,Asset,0.0935096153846153,Fixed Asset,Fixed Asset Dr | To Bank,Asset,REVIEW,CONVEYANCE EXPENSES
09-Feb-26,CONVEYANCE EXPENSES,350.0,0.0,350.0,Debit,Asset,0.0935096153846153,Fixed Asset,Fixed Asset Dr | To Bank,Asset,REVIEW,CONVEYANCE EXPENSES
09-Feb-26,COL  SUNIL DALAL (PROPRIETOR),5000000.0,0.0,5000000.0,Debit,Asset,0.0935096153846153,Fixed Asset,Fixed Asset Dr | To Bank,Asset,REVIEW,COL  SUNIL DALAL (PROPRIETOR)
09-Feb-26,"DEPUTY DIRECTOR, HORT . DIVN 8",0.0,376682.0,376682.0,Credit,Asset,0.0935096153846153,Fixed Asset,Fixed Asset Dr | To Bank,Asset,REVIEW,"DEPUTY DIRECTOR, HORT . DIVN 8"
09-Feb-26,DY. Director Hort-X,0.0,7354666.0,7354666.0,Credit,Asset,0.0935096153846153,Fixed Asset,Fixed Asset Dr | To Bank,Asset,REVIEW,DY. DIRECTOR HORT-X
09-Feb-26,DY.DIRECTOR  HR   DIV  7,0.0,378619.0,378619.0,Credit,Asset,0.0935096153846153,Fixed Asset,Fixed Asset Dr | To Bank,Asset,REVIEW,DY.DIRECTOR  HR   DIV  7
09-Feb-26,TDS Receivable @ 2%,157319.0,0.0,157319.0,Debit,Asset,0.0935096153846153,Fixed Asset,Fixed Asset Dr | To Bank,Asset,REVIEW,TDS RECEIVABLE @ 2%
09-Feb-26,Central Warehousing Corporation (InterState),0.0,230516.0,230516.0,Credit,Asset,0.0935096153846153,Fixed Asset,Fixed Asset Dr | To Bank,Asset,REVIEW,CENTRAL WAREHOUSING CORPORATION (INTERSTATE)
09-Feb-26,Central Warehousing Corporation (InterState),0.0,153677.0,153677.0,Credit,Asset,0.0935096153846153,Fixed Asset,Fixed Asset Dr | To Bank,Asset,REVIEW,CENTRAL WAREHOUSING CORPORATION (INTERSTATE)
09-Feb-26,Central Warehousing Corporation (InterState),0.0,134522.0,134522.0,Credit,Asset,0.0935096153846153,Fixed Asset,Fixed Asset Dr | To Bank,Asset,REVIEW,CENTRAL WAREHOUSING CORPORATION (INTERSTATE)
09-Feb-26,DY DIRECTOR(HOR) DIV 6,0.0,574382.0,574382.0,Credit,Asset,0.0935096153846153,Fixed Asset,Fixed Asset Dr | To Bank,Asset,REVIEW,DY DIRECTOR(HOR) DIV 6
09-Feb-26,QUTAB GOLF COURSE,0.0,601828.0,601828.0,Credit,Asset,0.0935096153846153,Fixed Asset,Fixed Asset Dr | To Bank,Asset,REVIEW,QUTAB GOLF COURSE
09-Feb-26,QUTAB GOLF COURSE,0.0,165559.0,165559.0,Credit,Asset,0.0935096153846153,Fixed Asset,Fixed Asset Dr | To Bank,Asset,REVIEW,QUTAB GOLF COURSE
09-Feb-26,QUTAB GOLF COURSE,0.0,13424.0,13424.0,Credit,Asset,0.0935096153846153,Fixed Asset,Fixed Asset Dr | To Bank,Asset,REVIEW,QUTAB GOLF COURSE
09-Feb-26,QUTAB GOLF COURSE,0.0,232102.0,232102.0,Credit,Asset,0.0935096153846153,Fixed Asset,Fixed Asset Dr | To Bank,Asset,REVIEW,QUTAB GOLF COURSE
09-Feb-26,QUTAB GOLF COURSE,0.0,111094.0,111094.0,Credit,Asset,0.0935096153846153,Fixed Asset,Fixed Asset Dr | To Bank,Asset,REVIEW,QUTAB GOLF COURSE
09-Feb-26,QUTAB GOLF COURSE,2296002.0,0.0,2296002.0,Debit,Asset,0.0935096153846153,Fixed Asset,Fixed Asset Dr | To Bank,Asset,REVIEW,QUTAB GOLF COURSE
09-Feb-26,National Company Law Appellate Tribunal,776200.0,0.0,776200.0,Debit,Asset,0.0935096153846153,Fixed Asset,Fixed Asset Dr | To Bank,Asset,REVIEW,NATIONAL COMPANY LAW APPELLATE TRIBUNAL
09-Feb-26,Sub Regional Office Esic,814749.0,0.0,814749.0,Debit,Asset,0.4532107849120085,Fixed Asset,Fixed Asset Dr | To Bank,Asset,REVIEW,SUB REGIONAL OFFICE ESIC
09-Feb-26,DEPARTMENT OF SPACE,397492.0,0.0,397492.0,Debit,Asset,0.0935096153846153,Fixed Asset,Fixed Asset Dr | To Bank,Asset,REVIEW,DEPARTMENT OF SPACE
09-Feb-26,Fisheries Animal Husbandry and Dairying,138490.0,0.0,138490.0,Debit,Asset,0.0935096153846153,Fixed Asset,Fixed Asset Dr | To Bank,Asset,REVIEW,FISHERIES ANIMAL HUSBANDRY AND DAIRYING
09-Feb-26,Ex Engineer NPD 8,92005.0,0.0,92005.0,Debit,Asset,0.0935096153846153,Fixed Asset,Fixed Asset Dr | To Bank,Asset,REVIEW,EX ENGINEER NPD 8
09-Feb-26,DY DIRECTOR(HOR) DIV 6,569370.06,0.0,569370.06,Debit,Asset,0.0935096153846153,Fixed Asset,Fixed Asset Dr | To Bank,Asset,REVIEW,DY DIRECTOR(HOR) DIV 6
09-Feb-26,Dwarka Project  Division 1,4752750.0,0.0,4752750.0,Debit,Asset,0.0935096153846153,Fixed Asset,Fixed Asset Dr | To Bank,Asset,REVIEW,DWARKA PROJECT  DIVISION 1
09-Feb-26,Central Warehousing Corporation (InterState),230515.8,0.0,230515.8,Debit,Asset,0.0935096153846153,Fixed Asset,Fixed Asset Dr | To Bank,Asset,REVIEW,CENTRAL WAREHOUSING CORPORATION (INTERSTATE)
09-Feb-26,Central Warehousing Corporation (InterState),230515.8,0.0,230515.8,Debit,Asset,0.0935096153846153,Fixed Asset,Fixed Asset Dr | To Bank,Asset,REVIEW,CENTRAL WAREHOUSING CORPORATION (INTERSTATE)
09-Feb-26,Central Warehousing Corporation (InterState),134522.38,0.0,134522.38,Debit,Asset,0.0935096153846153,Fixed Asset,Fixed Asset Dr | To Bank,Asset,REVIEW,CENTRAL WAREHOUSING CORPORATION (INTERSTATE)
09-Feb-26,Central Warehousing Corporation (InterState),153677.2,0.0,153677.2,Debit,Asset,0.0935096153846153,Fixed Asset,Fixed Asset Dr | To Bank,Asset,REVIEW,CENTRAL WAREHOUSING CORPORATION (INTERSTATE)
09-Feb-26,Central Warehousing Corporation (InterState),153677.2,0.0,153677.2,Debit,Asset,0.0935096153846153,Fixed Asset,Fixed Asset Dr | To Bank,Asset,REVIEW,CENTRAL WAREHOUSING CORPORATION (INTERSTATE)
09-Feb-26,Central Warehousing Corporation (InterState),134522.38,0.0,134522.38,Debit,Asset,0.0935096153846153,Fixed Asset,Fixed Asset Dr | To Bank,Asset,REVIEW,CENTRAL WAREHOUSING CORPORATION (INTERSTATE)
10-Feb-26,Vehicle Maintenance Charges,60.0,0.0,60.0,Debit,Asset,0.3159076091668959,Fixed Asset,Fixed Asset Dr | To Bank,Asset,REVIEW,VEHICLE MAINTENANCE CHARGES
10-Feb-26,Stamp Paper,620.0,0.0,620.0,Debit,Asset,0.0935096153846153,Fixed Asset,Fixed Asset Dr | To Bank,Asset,REVIEW,STAMP PAPER
11-Feb-26,Cash,0.0,10000.0,10000.0,Credit,Asset,0.0935096153846153,Fixed Asset,Fixed Asset Dr | To Bank,Asset,REVIEW,CASH
11-Feb-26,Cash,0.0,10000.0,10000.0,Credit,Asset,0.0935096153846153,Fixed Asset,Fixed Asset Dr | To Bank,Asset,REVIEW,CASH
11-Feb-26,CONVEYANCE EXPENSES,2000.0,0.0,2000.0,Debit,Asset,0.0935096153846153,Fixed Asset,Fixed Asset Dr | To Bank,Asset,REVIEW,CONVEYANCE EXPENSES
11-Feb-26,CONVEYANCE EXPENSES,2150.0,0.0,2150.0,Debit,Asset,0.0935096153846153,Fixed Asset,Fixed Asset Dr | To Bank,Asset,REVIEW,CONVEYANCE EXPENSES
11-Feb-26,Office Petty Expenses,53556.0,0.0,53556.0,Debit,Asset,0.4532107849120085,Fixed Asset,Fixed Asset Dr | To Bank,Asset,REVIEW,OFFICE PETTY EXPENSES
11-Feb-26,Other Expenses,6000.0,0.0,6000.0,Debit,Asset,0.0935096153846153,Fixed Asset,Fixed Asset Dr | To Bank,Asset,REVIEW,OTHER EXPENSES
11-Feb-26,ELEGANT APPARELS,17640.0,0.0,17640.0,Debit,Asset,0.0935096153846153,Fixed Asset,Fixed Asset Dr | To Bank,Asset,REVIEW,ELEGANT APPARELS
11-Feb-26,MASTER RUBER WORKSS,25373.0,0.0,25373.0,Debit,Asset,0.0935096153846153,Fixed Asset,Fixed Asset Dr | To Bank,Asset,REVIEW,MASTER RUBER WORKSS
11-Feb-26,Stamp Paper,90.0,0.0,90.0,Debit,Asset,0.0935096153846153,Fixed Asset,Fixed Asset Dr | To Bank,Asset,REVIEW,STAMP PAPER
11-Feb-26,CONVEYANCE EXPENSES,350.0,0.0,350.0,Debit,Asset,0.0935096153846153,Fixed Asset,Fixed Asset Dr | To Bank,Asset,REVIEW,CONVEYANCE EXPENSES
11-Feb-26,CONVEYANCE EXPENSES,500.0,0.0,500.0,Debit,Asset,0.0935096153846153,Fixed Asset,Fixed Asset Dr | To Bank,Asset,REVIEW,CONVEYANCE EXPENSES
11-Feb-26,COL  SUNIL DALAL (PROPRIETOR),0.0,200000.0,200000.0,Credit,Asset,0.0935096153846153,Fixed Asset,Fixed Asset Dr | To Bank,Asset,REVIEW,COL  SUNIL DALAL (PROPRIETOR)
11-Feb-26,DEPARTMENT OF SPACE,0.0,93373.0,93373.0,Credit,Asset,0.0935096153846153,Fixed Asset,Fixed Asset Dr | To Bank,Asset,REVIEW,DEPARTMENT OF SPACE
11-Feb-26,DY. Director Hort-X,0.0,7599823.0,7599823.0,Credit,Asset,0.0935096153846153,Fixed Asset,Fixed Asset Dr | To Bank,Asset,REVIEW,DY. DIRECTOR HORT-X
11-Feb-26,TDS Receivable @ 2%,162563.0,0.0,162563.0,Debit,Asset,0.0935096153846153,Fixed Asset,Fixed Asset Dr | To Bank,Asset,REVIEW,TDS RECEIVABLE @ 2%
12-Feb-26,CONVEYANCE EXPENSES,2880.0,0.0,2880.0,Debit,Asset,0.0935096153846153,Fixed Asset,Fixed Asset Dr | To Bank,Asset,REVIEW,CONVEYANCE EXPENSES
12-Feb-26,REPAIRS AND MAINTENANCE,1390.0,0.0,1390.0,Debit,Asset,0.0935096153846153,Fixed Asset,Fixed Asset Dr | To Bank,Asset,REVIEW,REPAIRS AND MAINTENANCE
12-Feb-26,CONVEYANCE EXPENSES,2750.0,0.0,2750.0,Debit,Asset,0.0935096153846153,Fixed Asset,Fixed Asset Dr | To Bank,Asset,REVIEW,CONVEYANCE EXPENSES
12-Feb-26,SBI 1144,0.0,2000054.0,2000054.0,Credit,Asset,0.0935096153846153,Fixed Asset,Fixed Asset Dr | To Bank,Asset,REVIEW,SBI 1144
13-Feb-26,Cash,0.0,10000.0,10000.0,Credit,Asset,0.0935096153846153,Fixed Asset,Fixed Asset Dr | To Bank,Asset,REVIEW,CASH
13-Feb-26,Office  Equipments,450.0,0.0,450.0,Debit,Asset,0.4532107849120085,Fixed Asset,Fixed Asset Dr | To Bank,Asset,REVIEW,OFFICE  EQUIPMENTS
13-Feb-26,Other Expenses,100.0,0.0,100.0,Debit,Asset,0.0935096153846153,Fixed Asset,Fixed Asset Dr | To Bank,Asset,REVIEW,OTHER EXPENSES
14-Feb-26,CONVEYANCE EXPENSES,150.0,0.0,150.0,Debit,Asset,0.0935096153846153,Fixed Asset,Fixed Asset Dr | To Bank,Asset,REVIEW,CONVEYANCE EXPENSES
14-Feb-26,CONVEYANCE EXPENSES,1724.0,0.0,1724.0,Debit,Asset,0.0935096153846153,Fixed Asset,Fixed Asset Dr | To Bank,Asset,REVIEW,CONVEYANCE EXPENSES
14-Feb-26,STATIONERY FOR OFFICE,4536.0,0.0,4536.0,Debit,Asset,0.4532107849120085,Fixed Asset,Fixed Asset Dr | To Bank,Asset,REVIEW,STATIONERY FOR OFFICE
15-Feb-26,SBI OD A/C- 6791,0.0,1600000.0,1600000.0,Credit,Asset,0.0935096153846153,Fixed Asset,Fixed Asset Dr | To Bank,Asset,REVIEW,SBI OD A/C- 6791
15-Feb-26,Esic Payable,37575.0,0.0,37575.0,Debit,Asset,0.0935096153846153,Fixed Asset,Fixed Asset Dr | To Bank,Asset,REVIEW,ESIC PAYABLE
15-Feb-26,PF PAYABLE,1408456.0,0.0,1408456.0,Debit,Asset,0.0935096153846153,Fixed Asset,Fixed Asset Dr | To Bank,Asset,REVIEW,PF PAYABLE
16-Feb-26,CONVEYANCE EXPENSES,5800.0,0.0,5800.0,Debit,Asset,0.0935096153846153,Fixed Asset,Fixed Asset Dr | To Bank,Asset,REVIEW,CONVEYANCE EXPENSES
16-Feb-26,RAJA PROPERTIES & CONSTRUCTION,69300.0,0.0,69300.0,Debit,Asset,0.0935096153846153,Fixed Asset,Fixed Asset Dr | To Bank,Asset,REVIEW,RAJA PROPERTIES & CONSTRUCTION
16-Feb-26,THE RIGHT CHOICE,5227.0,0.0,5227.0,Debit,Asset,0.0935096153846153,Fixed Asset,Fixed Asset Dr | To Bank,Asset,REVIEW,THE RIGHT CHOICE
16-Feb-26,COL  SUNIL DALAL (PROPRIETOR),0.0,100000.0,100000.0,Credit,Asset,0.0935096153846153,Fixed Asset,Fixed Asset Dr | To Bank,Asset,REVIEW,COL  SUNIL DALAL (PROPRIETOR)
17-Feb-26,Cash,0.0,10000.0,10000.0,Credit,Asset,0.0935096153846153,Fixed Asset,Fixed Asset Dr | To Bank,Asset,REVIEW,CASH
17-Feb-26,CONVEYANCE EXPENSES,600.0,0.0,600.0,Debit,Asset,0.0935096153846153,Fixed Asset,Fixed Asset Dr | To Bank,Asset,REVIEW,CONVEYANCE EXPENSES
17-Feb-26,CONVEYANCE EXPENSES,3080.0,0.0,3080.0,Debit,Asset,0.0935096153846153,Fixed Asset,Fixed Asset Dr | To Bank,Asset,REVIEW,CONVEYANCE EXPENSES
17-Feb-26,PRINTING AND STATIONARY,200.0,0.0,200.0,Debit,Asset,0.0935096153846153,Fixed Asset,Fixed Asset Dr | To Bank,Asset,REVIEW,PRINTING AND STATIONARY
18-Feb-26,CONVEYANCE EXPENSES,200.0,0.0,200.0,Debit,Asset,0.0935096153846153,Fixed Asset,Fixed Asset Dr | To Bank,Asset,REVIEW,CONVEYANCE EXPENSES
19-Feb-26,Cash,0.0,4300.0,4300.0,Credit,Asset,0.0935096153846153,Fixed Asset,Fixed Asset Dr | To Bank,Asset,REVIEW,CASH
19-Feb-26,SBI OD A/C- 6791,0.0,1700000.0,1700000.0,Credit,Asset,0.0935096153846153,Fixed Asset,Fixed Asset Dr | To Bank,Asset,REVIEW,SBI OD A/C- 6791
19-Feb-26,CONVEYANCE EXPENSES,3220.0,0.0,3220.0,Debit,Asset,0.0935096153846153,Fixed Asset,Fixed Asset Dr | To Bank,Asset,REVIEW,CONVEYANCE EXPENSES
19-Feb-26,REPAIRS AND MAINTENANCE,600.0,0.0,600.0,Debit,Asset,0.0935096153846153,Fixed Asset,Fixed Asset Dr | To Bank,Asset,REVIEW,REPAIRS AND MAINTENANCE
19-Feb-26,Stamp Paper,530.0,0.0,530.0,Debit,Asset,0.0935096153846153,Fixed Asset,Fixed Asset Dr | To Bank,Asset,REVIEW,STAMP PAPER
19-Feb-26,Other Expenses,1600.0,0.0,1600.0,Debit,Asset,0.0935096153846153,Fixed Asset,Fixed Asset Dr | To Bank,Asset,REVIEW,OTHER EXPENSES
19-Feb-26,Other Expenses,680.0,0.0,680.0,Debit,Asset,0.0935096153846153,Fixed Asset,Fixed Asset Dr | To Bank,Asset,REVIEW,OTHER EXPENSES
19-Feb-26,Bharat Sanchar Nigam Limited,0.0,1246475.0,1246475.0,Credit,Asset,0.0935096153846153,Fixed Asset,Fixed Asset Dr | To Bank,Asset,REVIEW,BHARAT SANCHAR NIGAM LIMITED
20-Feb-26,CONVEYANCE EXPENSES,540.0,0.0,540.0,Debit,Asset,0.0935096153846153,Fixed Asset,Fixed Asset Dr | To Bank,Asset,REVIEW,CONVEYANCE EXPENSES
20-Feb-26,REPAIRS AND MAINTENANCE,500.0,0.0,500.0,Debit,Asset,0.0935096153846153,Fixed Asset,Fixed Asset Dr | To Bank,Asset,REVIEW,REPAIRS AND MAINTENANCE
20-Feb-26,PRINTING AND STATIONARY,300.0,0.0,300.0,Debit,Asset,0.0935096153846153,Fixed Asset,Fixed Asset Dr | To Bank,Asset,REVIEW,PRINTING AND STATIONARY
20-Feb-26,Stamp Paper,650.0,0.0,650.0,Debit,Asset,0.0935096153846153,Fixed Asset,Fixed Asset Dr | To Bank,Asset,REVIEW,STAMP PAPER
20-Feb-26,COL  SUNIL DALAL (PROPRIETOR),0.0,50000.0,50000.0,Credit,Asset,0.0935096153846153,Fixed Asset,Fixed Asset Dr | To Bank,Asset,REVIEW,COL  SUNIL DALAL (PROPRIETOR)
21-Feb-26,Cash,0.0,10000.0,10000.0,Credit,Asset,0.0935096153846153,Fixed Asset,Fixed Asset Dr | To Bank,Asset,REVIEW,CASH
23-Feb-26,Cash,0.0,13000.0,13000.0,Credit,Asset,0.0935096153846153,Fixed Asset,Fixed Asset Dr | To Bank,Asset,REVIEW,CASH
23-Feb-26,SBI OD A/C- 6791,0.0,1600000.0,1600000.0,Credit,Asset,0.0935096153846153,Fixed Asset,Fixed Asset Dr | To Bank,Asset,REVIEW,SBI OD A/C- 6791
23-Feb-26,CONVEYANCE EXPENSES,2776.0,0.0,2776.0,Debit,Asset,0.0935096153846153,Fixed Asset,Fixed Asset Dr | To Bank,Asset,REVIEW,CONVEYANCE EXPENSES
23-Feb-26,Cartage Outwards,165.0,0.0,165.0,Debit,Asset,0.0935096153846153,Fixed Asset,Fixed Asset Dr | To Bank,Asset,REVIEW,CARTAGE OUTWARDS
23-Feb-26,Office Petty Expenses,50.0,0.0,50.0,Debit,Asset,0.4532107849120085,Fixed Asset,Fixed Asset Dr | To Bank,Asset,REVIEW,OFFICE PETTY EXPENSES
23-Feb-26,CONVEYANCE EXPENSES,1668.0,0.0,1668.0,Debit,Asset,0.0935096153846153,Fixed Asset,Fixed Asset Dr | To Bank,Asset,REVIEW,CONVEYANCE EXPENSES
23-Feb-26,CONVEYANCE EXPENSES,1440.0,0.0,1440.0,Debit,Asset,0.0935096153846153,Fixed Asset,Fixed Asset Dr | To Bank,Asset,REVIEW,CONVEYANCE EXPENSES
23-Feb-26,CONVEYANCE EXPENSES,120.0,0.0,120.0,Debit,Asset,0.0935096153846153,Fixed Asset,Fixed Asset Dr | To Bank,Asset,REVIEW,CONVEYANCE EXPENSES
23-Feb-26,PRINTING AND STATIONARY,500.0,0.0,500.0,Debit,Asset,0.0935096153846153,Fixed Asset,Fixed Asset Dr | To Bank,Asset,REVIEW,PRINTING AND STATIONARY
23-Feb-26,IT SYSTEMS,12450.0,0.0,12450.0,Debit,Asset,0.0935096153846153,Fixed Asset,Fixed Asset Dr | To Bank,Asset,REVIEW,IT SYSTEMS
23-Feb-26,COL  SUNIL DALAL (PROPRIETOR),0.0,200000.0,200000.0,Credit,Asset,0.0935096153846153,Fixed Asset,Fixed Asset Dr | To Bank,Asset,REVIEW,COL  SUNIL DALAL (PROPRIETOR)
23-Feb-26,DY DIRECTOR(HOR) DIV 6,0.0,831987.0,831987.0,Credit,Asset,0.0935096153846153,Fixed Asset,Fixed Asset Dr | To Bank,Asset,REVIEW,DY DIRECTOR(HOR) DIV 6
23-Feb-26,"EXECUTIVE ENGR, HCD 10",0.0,1850674.0,1850674.0,Credit,Asset,0.0935096153846153,Fixed Asset,Fixed Asset Dr | To Bank,Asset,REVIEW,"EXECUTIVE ENGR, HCD 10"
23-Feb-26,DY DIRECTOR(HOR) DIV 6,0.0,463217.0,463217.0,Credit,Asset,0.0935096153846153,Fixed Asset,Fixed Asset Dr | To Bank,Asset,REVIEW,DY DIRECTOR(HOR) DIV 6
23-Feb-26,"DEPUTY DIRECTOR, HORT . DIVN 8",0.0,163862.0,163862.0,Credit,Asset,0.0935096153846153,Fixed Asset,Fixed Asset Dr | To Bank,Asset,REVIEW,"DEPUTY DIRECTOR, HORT . DIVN 8"
23-Feb-26,PG HCD-10,0.0,349268.0,349268.0,Credit,Asset,0.0935096153846153,Fixed Asset,Fixed Asset Dr | To Bank,Asset,REVIEW,PG HCD-10
23-Feb-26,PRINTING AND STATIONARY,10550.9,0.0,10550.9,Debit,Asset,0.0935096153846153,Fixed Asset,Fixed Asset Dr | To Bank,Asset,REVIEW,PRINTING AND STATIONARY
23-Feb-26,PG HCD-10,26911.0,0.0,26911.0,Debit,Asset,0.0935096153846153,Fixed Asset,Fixed Asset Dr | To Bank,Asset,REVIEW,PG HCD-10
25-Feb-26,Cash,0.0,15000.0,15000.0,Credit,Asset,0.0935096153846153,Fixed Asset,Fixed Asset Dr | To Bank,Asset,REVIEW,CASH
25-Feb-26,PRINTING AND STATIONARY,240.0,0.0,240.0,Debit,Asset,0.0935096153846153,Fixed Asset,Fixed Asset Dr | To Bank,Asset,REVIEW,PRINTING AND STATIONARY
25-Feb-26,Stamp Paper,50.0,0.0,50.0,Debit,Asset,0.0935096153846153,Fixed Asset,Fixed Asset Dr | To Bank,Asset,REVIEW,STAMP PAPER
25-Feb-26,CONVEYANCE EXPENSES,100.0,0.0,100.0,Debit,Asset,0.0935096153846153,Fixed Asset,Fixed Asset Dr | To Bank,Asset,REVIEW,CONVEYANCE EXPENSES
25-Feb-26,Vehicle Maintenance Charges,2160.0,0.0,2160.0,Debit,Asset,0.3159076091668959,Fixed Asset,Fixed Asset Dr | To Bank,Asset,REVIEW,VEHICLE MAINTENANCE CHARGES
25-Feb-26,Stamp Paper,550.0,0.0,550.0,Debit,Asset,0.0935096153846153,Fixed Asset,Fixed Asset Dr | To Bank,Asset,REVIEW,STAMP PAPER
25-Feb-26,CONVEYANCE EXPENSES,215.0,0.0,215.0,Debit,Asset,0.0935096153846153,Fixed Asset,Fixed Asset Dr | To Bank,Asset,REVIEW,CONVEYANCE EXPENSES
25-Feb-26,DEPARTMENT OF SPACE,0.0,384017.0,384017.0,Credit,Asset,0.0935096153846153,Fixed Asset,Fixed Asset Dr | To Bank,Asset,REVIEW,DEPARTMENT OF SPACE
26-Feb-26,REPAIRS AND MAINTENANCE,840.0,0.0,840.0,Debit,Asset,0.0935096153846153,Fixed Asset,Fixed Asset Dr | To Bank,Asset,REVIEW,REPAIRS AND MAINTENANCE
26-Feb-26,CONVEYANCE EXPENSES,6768.0,0.0,6768.0,Debit,Asset,0.0935096153846153,Fixed Asset,Fixed Asset Dr | To Bank,Asset,REVIEW,CONVEYANCE EXPENSES
26-Feb-26,CONVEYANCE EXPENSES,5040.0,0.0,5040.0,Debit,Asset,0.0935096153846153,Fixed Asset,Fixed Asset Dr | To Bank,Asset,REVIEW,CONVEYANCE EXPENSES
26-Feb-26,COL  SUNIL DALAL (PROPRIETOR),2700000.0,0.0,2700000.0,Debit,Asset,0.0935096153846153,Fixed Asset,Fixed Asset Dr | To Bank,Asset,REVIEW,COL  SUNIL DALAL (PROPRIETOR)
26-Feb-26,Common Other Misc. Services,25000.0,0.0,25000.0,Debit,Asset,0.0935096153846153,Fixed Asset,Fixed Asset Dr | To Bank,Asset,REVIEW,COMMON OTHER MISC. SERVICES
26-Feb-26,Dwarka Project  Division 1,0.0,3350162.0,3350162.0,Credit,Asset,0.0935096153846153,Fixed Asset,Fixed Asset Dr | To Bank,Asset,REVIEW,DWARKA PROJECT  DIVISION 1
27-Feb-26,MASTER RUBER WORKSS,11277.0,0.0,11277.0,Debit,Asset,0.0935096153846153,Fixed Asset,Fixed Asset Dr | To Bank,Asset,REVIEW,MASTER RUBER WORKSS
27-Feb-26,Cartage Outwards,250.0,0.0,250.0,Debit,Asset,0.0935096153846153,Fixed Asset,Fixed Asset Dr | To Bank,Asset,REVIEW,CARTAGE OUTWARDS
27-Feb-26,COL  SUNIL DALAL (PROPRIETOR),0.0,60000.0,60000.0,Credit,Asset,0.0935096153846153,Fixed Asset,Fixed Asset Dr | To Bank,Asset,REVIEW,COL  SUNIL DALAL (PROPRIETOR)
28-Feb-26,Cash,0.0,3200.0,3200.0,Credit,Asset,0.0935096153846153,Fixed Asset,Fixed Asset Dr | To Bank,Asset,REVIEW,CASH
28-Feb-26,CONVEYANCE EXPENSES,772.0,0.0,772.0,Debit,Asset,0.0935096153846153,Fixed Asset,Fixed Asset Dr | To Bank,Asset,REVIEW,CONVEYANCE EXPENSES
28-Feb-26,ELEGANT APPARELS,33600.0,0.0,33600.0,Debit,Asset,0.0935096153846153,Fixed Asset,Fixed Asset Dr | To Bank,Asset,REVIEW,ELEGANT APPARELS
28-Feb-26,CONVEYANCE EXPENSES,200.0,0.0,200.0,Debit,Asset,0.0935096153846153,Fixed Asset,Fixed Asset Dr | To Bank,Asset,REVIEW,CONVEYANCE EXPENSES
28-Feb-26,Vehicle Maintenance Charges,100.0,0.0,100.0,Debit,Asset,0.3159076091668959,Fixed Asset,Fixed Asset Dr | To Bank,Asset,REVIEW,VEHICLE MAINTENANCE CHARGES
28-Feb-26,Other Expenses,3000.0,0.0,3000.0,Debit,Asset,0.0935096153846153,Fixed Asset,Fixed Asset Dr | To Bank,Asset,REVIEW,OTHER EXPENSES
28-Feb-26,OFFICE  MAINTENANCE,200.0,0.0,200.0,Debit,Asset,0.4532107849120085,Fixed Asset,Fixed Asset Dr | To Bank,Asset,REVIEW,OFFICE  MAINTENANCE
28-Feb-26,Interest,11977.0,0.0,11977.0,Debit,Asset,0.0935096153846153,Fixed Asset,Fixed Asset Dr | To Bank,Asset,REVIEW,INTEREST
28-Feb-26,PF Employer Contribution,637190.0,0.0,637190.0,Debit,Asset,0.0935096153846153,Fixed Asset,Fixed Asset Dr | To Bank,Asset,REVIEW,PF EMPLOYER CONTRIBUTION
28-Feb-26,OUTPUT CGST@9%,1963708.35,0.0,1963708.35,Debit,Asset,0.0935096153846153,Fixed Asset,Fixed Asset Dr | To Bank,Asset,REVIEW,OUTPUT CGST@9%
28-Feb-26,OUTPUT CGST@9%,79126.08,0.0,79126.08,Debit,Asset,0.0935096153846153,Fixed Asset,Fixed Asset Dr | To Bank,Asset,REVIEW,OUTPUT CGST@9%
28-Feb-26,Dwarka Project  Division 1,454659.0,0.0,454659.0,Debit,Asset,0.0935096153846153,Fixed Asset,Fixed Asset Dr | To Bank,Asset,REVIEW,DWARKA PROJECT  DIVISION 1
28-Feb-26,QUTAB GOLF COURSE,79658.0,0.0,79658.0,Debit,Asset,0.0935096153846153,Fixed Asset,Fixed Asset Dr | To Bank,Asset,REVIEW,QUTAB GOLF COURSE
01-Mar-26,STATIONERY FOR OFFICE,2865.0,0.0,2865.0,Debit,Asset,0.4532107849120085,Fixed Asset,Fixed Asset Dr | To Bank,Asset,REVIEW,STATIONERY FOR OFFICE
02-Mar-26,PF PAYABLE,11417.0,0.0,11417.0,Debit,Asset,0.0935096153846153,Fixed Asset,Fixed Asset Dr | To Bank,Asset,REVIEW,PF PAYABLE
02-Mar-26,NITIN ASSOCIATES,15300.0,0.0,15300.0,Debit,Asset,0.0935096153846153,Fixed Asset,Fixed Asset Dr | To Bank,Asset,REVIEW,NITIN ASSOCIATES
02-Mar-26,COL  SUNIL DALAL (PROPRIETOR),0.0,50000.0,50000.0,Credit,Asset,0.0935096153846153,Fixed Asset,Fixed Asset Dr | To Bank,Asset,REVIEW,COL  SUNIL DALAL (PROPRIETOR)
02-Mar-26,Licenses,3000.0,0.0,3000.0,Debit,Asset,0.0935096153846153,Fixed Asset,Fixed Asset Dr | To Bank,Asset,REVIEW,LICENSES
02-Mar-26,Vehicle Hire Charges,49000.0,0.0,49000.0,Debit,Asset,0.3159076091668959,Fixed Asset,Fixed Asset Dr | To Bank,Asset,REVIEW,VEHICLE HIRE CHARGES
02-Mar-26,DY. Director Hort-X,7341556.0,0.0,7341556.0,Debit,Asset,0.0935096153846153,Fixed Asset,Fixed Asset Dr | To Bank,Asset,REVIEW,DY. DIRECTOR HORT-X
03-Mar-26,REPAIRS AND MAINTENANCE,590.0,0.0,590.0,Debit,Asset,0.0935096153846153,Fixed Asset,Fixed Asset Dr | To Bank,Asset,REVIEW,REPAIRS AND MAINTENANCE
03-Mar-26,Stamp Paper,870.0,0.0,870.0,Debit,Asset,0.0935096153846153,Fixed Asset,Fixed Asset Dr | To Bank,Asset,REVIEW,STAMP PAPER
03-Mar-26,EX. ENGR  NPD 6,0.0,300300.0,300300.0,Credit,Asset,0.0935096153846153,Fixed Asset,Fixed Asset Dr | To Bank,Asset,REVIEW,EX. ENGR  NPD 6
03-Mar-26,EX. ENGR  NPD 6,0.0,214455.0,214455.0,Credit,Asset,0.0935096153846153,Fixed Asset,Fixed Asset Dr | To Bank,Asset,REVIEW,EX. ENGR  NPD 6
03-Mar-26,EX. ENGR  NPD 6,0.0,528658.0,528658.0,Credit,Asset,0.0935096153846153,Fixed Asset,Fixed Asset Dr | To Bank,Asset,REVIEW,EX. ENGR  NPD 6
03-Mar-26,PRINTING AND STATIONARY,4300.0,0.0,4300.0,Debit,Asset,0.0935096153846153,Fixed Asset,Fixed Asset Dr | To Bank,Asset,REVIEW,PRINTING AND STATIONARY
05-Mar-26,Cash,0.0,15000.0,15000.0,Credit,Asset,0.0935096153846153,Fixed Asset,Fixed Asset Dr | To Bank,Asset,REVIEW,CASH
05-Mar-26,Cash,0.0,10300.0,10300.0,Credit,Asset,0.0935096153846153,Fixed Asset,Fixed Asset Dr | To Bank,Asset,REVIEW,CASH
05-Mar-26,Cash,0.0,10000.0,10000.0,Credit,Asset,0.0935096153846153,Fixed Asset,Fixed Asset Dr | To Bank,Asset,REVIEW,CASH
05-Mar-26,CONVEYANCE EXPENSES,1120.0,0.0,1120.0,Debit,Asset,0.0935096153846153,Fixed Asset,Fixed Asset Dr | To Bank,Asset,REVIEW,CONVEYANCE EXPENSES
05-Mar-26,CONVEYANCE EXPENSES,3075.0,0.0,3075.0,Debit,Asset,0.0935096153846153,Fixed Asset,Fixed Asset Dr | To Bank,Asset,REVIEW,CONVEYANCE EXPENSES
05-Mar-26,CONVEYANCE EXPENSES,5500.0,0.0,5500.0,Debit,Asset,0.0935096153846153,Fixed Asset,Fixed Asset Dr | To Bank,Asset,REVIEW,CONVEYANCE EXPENSES
05-Mar-26,CONVEYANCE EXPENSES,5670.0,0.0,5670.0,Debit,Asset,0.0935096153846153,Fixed Asset,Fixed Asset Dr | To Bank,Asset,REVIEW,CONVEYANCE EXPENSES
05-Mar-26,CONVEYANCE EXPENSES,410.0,0.0,410.0,Debit,Asset,0.0935096153846153,Fixed Asset,Fixed Asset Dr | To Bank,Asset,REVIEW,CONVEYANCE EXPENSES
05-Mar-26,Miscellaneous,2025.0,0.0,2025.0,Debit,Asset,0.0935096153846153,Fixed Asset,Fixed Asset Dr | To Bank,Asset,REVIEW,MISCELLANEOUS
05-Mar-26,Other Expenses,920.0,0.0,920.0,Debit,Asset,0.0935096153846153,Fixed Asset,Fixed Asset Dr | To Bank,Asset,REVIEW,OTHER EXPENSES
05-Mar-26,REPAIRS AND MAINTENANCE,2400.0,0.0,2400.0,Debit,Asset,0.0935096153846153,Fixed Asset,Fixed Asset Dr | To Bank,Asset,REVIEW,REPAIRS AND MAINTENANCE
05-Mar-26,REPAIRS AND MAINTENANCE,2396.0,0.0,2396.0,Debit,Asset,0.0935096153846153,Fixed Asset,Fixed Asset Dr | To Bank,Asset,REVIEW,REPAIRS AND MAINTENANCE
05-Mar-26,QUTAB GOLF COURSE,0.0,374400.0,374400.0,Credit,Asset,0.0935096153846153,Fixed Asset,Fixed Asset Dr | To Bank,Asset,REVIEW,QUTAB GOLF COURSE
05-Mar-26,QUTAB GOLF COURSE,0.0,175174.0,175174.0,Credit,Asset,0.0935096153846153,Fixed Asset,Fixed Asset Dr | To Bank,Asset,REVIEW,QUTAB GOLF COURSE
06-Mar-26,Cash,0.0,6000.0,6000.0,Credit,Asset,0.0935096153846153,Fixed Asset,Fixed Asset Dr | To Bank,Asset,REVIEW,CASH
06-Mar-26,SBI OD A/C- 6791,0.0,1000000.0,1000000.0,Credit,Asset,0.0935096153846153,Fixed Asset,Fixed Asset Dr | To Bank,Asset,REVIEW,SBI OD A/C- 6791
06-Mar-26,Other Expenses,1000.0,0.0,1000.0,Debit,Asset,0.0935096153846153,Fixed Asset,Fixed Asset Dr | To Bank,Asset,REVIEW,OTHER EXPENSES
06-Mar-26,REPAIRS AND MAINTENANCE,2400.0,0.0,2400.0,Debit,Asset,0.0935096153846153,Fixed Asset,Fixed Asset Dr | To Bank,Asset,REVIEW,REPAIRS AND MAINTENANCE
06-Mar-26,Common Other Misc. Services,15000.0,0.0,15000.0,Debit,Asset,0.0935096153846153,Fixed Asset,Fixed Asset Dr | To Bank,Asset,REVIEW,COMMON OTHER MISC. SERVICES
06-Mar-26,Rskrish Technology & Services Pvt. Ltd.,58800.0,0.0,58800.0,Debit,Asset,0.0935096153846153,Fixed Asset,Fixed Asset Dr | To Bank,Asset,REVIEW,RSKRISH TECHNOLOGY & SERVICES PVT. LTD.
06-Mar-26,COL  SUNIL DALAL (PROPRIETOR),0.0,100000.0,100000.0,Credit,Asset,0.0935096153846153,Fixed Asset,Fixed Asset Dr | To Bank,Asset,REVIEW,COL  SUNIL DALAL (PROPRIETOR)
06-Mar-26,COL  SUNIL DALAL (PROPRIETOR),0.0,50000.0,50000.0,Credit,Asset,0.0935096153846153,Fixed Asset,Fixed Asset Dr | To Bank,Asset,REVIEW,COL  SUNIL DALAL (PROPRIETOR)
06-Mar-26,COMPUTER,49830.51,0.0,49830.51,Debit,Asset,0.8152287334945754,Fixed Asset,Fixed Asset Dr | To Bank,Asset,OK,COMPUTER
07-Mar-26,CONVEYANCE EXPENSES,200.0,0.0,200.0,Debit,Asset,0.0935096153846153,Fixed Asset,Fixed Asset Dr | To Bank,Asset,REVIEW,CONVEYANCE EXPENSES
07-Mar-26,Stamp Paper,260.0,0.0,260.0,Debit,Asset,0.0935096153846153,Fixed Asset,Fixed Asset Dr | To Bank,Asset,REVIEW,STAMP PAPER
07-Mar-26,COL  SUNIL DALAL (PROPRIETOR),0.0,100000.0,100000.0,Credit,Asset,0.0935096153846153,Fixed Asset,Fixed Asset Dr | To Bank,Asset,REVIEW,COL  SUNIL DALAL (PROPRIETOR)
07-Mar-26,Dwarka Project  Division 1,0.0,273395.0,273395.0,Credit,Asset,0.0935096153846153,Fixed Asset,Fixed Asset Dr | To Bank,Asset,REVIEW,DWARKA PROJECT  DIVISION 1
07-Mar-26,QUTAB GOLF COURSE,1154686.0,0.0,1154686.0,Debit,Asset,0.0935096153846153,Fixed Asset,Fixed Asset Dr | To Bank,Asset,REVIEW,QUTAB GOLF COURSE
07-Mar-26,National Company Law Appellate Tribunal,701084.0,0.0,701084.0,Debit,Asset,0.0935096153846153,Fixed Asset,Fixed Asset Dr | To Bank,Asset,REVIEW,NATIONAL COMPANY LAW APPELLATE TRIBUNAL
07-Mar-26,Sub Regional Office Esic,814749.0,0.0,814749.0,Debit,Asset,0.4532107849120085,Fixed Asset,Fixed Asset Dr | To Bank,Asset,REVIEW,SUB REGIONAL OFFICE ESIC
07-Mar-26,DEPARTMENT OF SPACE,359740.0,0.0,359740.0,Debit,Asset,0.0935096153846153,Fixed Asset,Fixed Asset Dr | To Bank,Asset,REVIEW,DEPARTMENT OF SPACE
07-Mar-26,Fisheries Animal Husbandry and Dairying,125088.0,0.0,125088.0,Debit,Asset,0.0935096153846153,Fixed Asset,Fixed Asset Dr | To Bank,Asset,REVIEW,FISHERIES ANIMAL HUSBANDRY AND DAIRYING
07-Mar-26,Central Warehousing Corporation,230516.0,0.0,230516.0,Debit,Asset,0.0935096153846153,Fixed Asset,Fixed Asset Dr | To Bank,Asset,REVIEW,CENTRAL WAREHOUSING CORPORATION
07-Mar-26,Central Warehousing Corporation,230516.0,0.0,230516.0,Debit,Asset,0.0935096153846153,Fixed Asset,Fixed Asset Dr | To Bank,Asset,REVIEW,CENTRAL WAREHOUSING CORPORATION
07-Mar-26,Central Warehousing Corporation (InterState),230516.0,0.0,230516.0,Debit,Asset,0.0935096153846153,Fixed Asset,Fixed Asset Dr | To Bank,Asset,REVIEW,CENTRAL WAREHOUSING CORPORATION (INTERSTATE)
07-Mar-26,Central Warehousing Corporation (InterState),153677.0,0.0,153677.0,Debit,Asset,0.0935096153846153,Fixed Asset,Fixed Asset Dr | To Bank,Asset,REVIEW,CENTRAL WAREHOUSING CORPORATION (INTERSTATE)
07-Mar-26,Central Warehousing Corporation (InterState),134522.0,0.0,134522.0,Debit,Asset,0.0935096153846153,Fixed Asset,Fixed Asset Dr | To Bank,Asset,REVIEW,CENTRAL WAREHOUSING CORPORATION (INTERSTATE)
07-Mar-26,Central Warehousing Corporation (InterState),153677.0,0.0,153677.0,Debit,Asset,0.0935096153846153,Fixed Asset,Fixed Asset Dr | To Bank,Asset,REVIEW,CENTRAL WAREHOUSING CORPORATION (INTERSTATE)
07-Mar-26,Central Warehousing Corporation (InterState),230516.0,0.0,230516.0,Debit,Asset,0.0935096153846153,Fixed Asset,Fixed Asset Dr | To Bank,Asset,REVIEW,CENTRAL WAREHOUSING CORPORATION (INTERSTATE)
07-Mar-26,Central Warehousing Corporation (InterState),134522.0,0.0,134522.0,Debit,Asset,0.0935096153846153,Fixed Asset,Fixed Asset Dr | To Bank,Asset,REVIEW,CENTRAL WAREHOUSING CORPORATION (INTERSTATE)
09-Mar-26,CONVEYANCE EXPENSES,1500.0,0.0,1500.0,Debit,Asset,0.0935096153846153,Fixed Asset,Fixed Asset Dr | To Bank,Asset,REVIEW,CONVEYANCE EXPENSES
10-Mar-26,Cash,0.0,22000.0,22000.0,Credit,Asset,0.0935096153846153,Fixed Asset,Fixed Asset Dr | To Bank,Asset,REVIEW,CASH
10-Mar-26,Other Expenses,17000.0,0.0,17000.0,Debit,Asset,0.0935096153846153,Fixed Asset,Fixed Asset Dr | To Bank,Asset,REVIEW,OTHER EXPENSES
10-Mar-26,GOVERNMENT MARKETPLACE (GEM),79573.12,0.0,79573.12,Debit,Asset,0.0935096153846153,Fixed Asset,Fixed Asset Dr | To Bank,Asset,REVIEW,GOVERNMENT MARKETPLACE (GEM)
10-Mar-26,National Company Law Appellate Tribunal,0.0,749888.0,749888.0,Credit,Asset,0.0935096153846153,Fixed Asset,Fixed Asset Dr | To Bank,Asset,REVIEW,NATIONAL COMPANY LAW APPELLATE TRIBUNAL
11-Mar-26,SBI OD A/C- 6791,0.0,1700000.0,1700000.0,Credit,Asset,0.0935096153846153,Fixed Asset,Fixed Asset Dr | To Bank,Asset,REVIEW,SBI OD A/C- 6791
11-Mar-26,CONVEYANCE EXPENSES,200.0,0.0,200.0,Debit,Asset,0.0935096153846153,Fixed Asset,Fixed Asset Dr | To Bank,Asset,REVIEW,CONVEYANCE EXPENSES
11-Mar-26,CONVEYANCE EXPENSES,200.0,0.0,200.0,Debit,Asset,0.0935096153846153,Fixed Asset,Fixed Asset Dr | To Bank,Asset,REVIEW,CONVEYANCE EXPENSES
11-Mar-26,Stamp Paper,1300.0,0.0,1300.0,Debit,Asset,0.0935096153846153,Fixed Asset,Fixed Asset Dr | To Bank,Asset,REVIEW,STAMP PAPER
11-Mar-26,PRINTING AND STATIONARY,600.0,0.0,600.0,Debit,Asset,0.0935096153846153,Fixed Asset,Fixed Asset Dr | To Bank,Asset,REVIEW,PRINTING AND STATIONARY
11-Mar-26,ELEGANT APPARELS,11424.0,0.0,11424.0,Debit,Asset,0.0935096153846153,Fixed Asset,Fixed Asset Dr | To Bank,Asset,REVIEW,ELEGANT APPARELS
11-Mar-26,SARASWATI ENTERPRISES,5074.0,0.0,5074.0,Debit,Asset,0.0935096153846153,Fixed Asset,Fixed Asset Dr | To Bank,Asset,REVIEW,SARASWATI ENTERPRISES
11-Mar-26,THE RIGHT CHOICE,3331.0,0.0,3331.0,Debit,Asset,0.0935096153846153,Fixed Asset,Fixed Asset Dr | To Bank,Asset,REVIEW,THE RIGHT CHOICE
11-Mar-26,ROHIT TIWARI,48510.0,0.0,48510.0,Debit,Asset,0.0935096153846153,Fixed Asset,Fixed Asset Dr | To Bank,Asset,REVIEW,ROHIT TIWARI
11-Mar-26,NITIN ASSOCIATES,7650.0,0.0,7650.0,Debit,Asset,0.0935096153846153,Fixed Asset,Fixed Asset Dr | To Bank,Asset,REVIEW,NITIN ASSOCIATES
12-Mar-26,CONVEYANCE EXPENSES,200.0,0.0,200.0,Debit,Asset,0.0935096153846153,Fixed Asset,Fixed Asset Dr | To Bank,Asset,REVIEW,CONVEYANCE EXPENSES
14-Mar-26,Cash,0.0,3800.0,3800.0,Credit,Asset,0.0935096153846153,Fixed Asset,Fixed Asset Dr | To Bank,Asset,REVIEW,CASH
14-Mar-26,SBI OD A/C- 6791,0.0,1800000.0,1800000.0,Credit,Asset,0.0935096153846153,Fixed Asset,Fixed Asset Dr | To Bank,Asset,REVIEW,SBI OD A/C- 6791
14-Mar-26,CONVEYANCE EXPENSES,200.0,0.0,200.0,Debit,Asset,0.0935096153846153,Fixed Asset,Fixed Asset Dr | To Bank,Asset,REVIEW,CONVEYANCE EXPENSES
14-Mar-26,Stamp Paper,550.0,0.0,550.0,Debit,Asset,0.0935096153846153,Fixed Asset,Fixed Asset Dr | To Bank,Asset,REVIEW,STAMP PAPER
14-Mar-26,PRINTING AND STATIONARY,130.0,0.0,130.0,Debit,Asset,0.0935096153846153,Fixed Asset,Fixed Asset Dr | To Bank,Asset,REVIEW,PRINTING AND STATIONARY
14-Mar-26,PF PAYABLE,1327480.0,0.0,1327480.0,Debit,Asset,0.0935096153846153,Fixed Asset,Fixed Asset Dr | To Bank,Asset,REVIEW,PF PAYABLE
15-Mar-26,Esic Payable,26865.0,0.0,26865.0,Debit,Asset,0.0935096153846153,Fixed Asset,Fixed Asset Dr | To Bank,Asset,REVIEW,ESIC PAYABLE
16-Mar-26,RAJA PROPERTIES & CONSTRUCTION,69300.0,0.0,69300.0,Debit,Asset,0.0935096153846153,Fixed Asset,Fixed Asset Dr | To Bank,Asset,REVIEW,RAJA PROPERTIES & CONSTRUCTION
16-Mar-26,COL  SUNIL DALAL (PROPRIETOR),0.0,100000.0,100000.0,Credit,Asset,0.0935096153846153,Fixed Asset,Fixed Asset Dr | To Bank,Asset,REVIEW,COL  SUNIL DALAL (PROPRIETOR)
17-Mar-26,COL  SUNIL DALAL (PROPRIETOR),0.0,3500000.0,3500000.0,Credit,Asset,0.0935096153846153,Fixed Asset,Fixed Asset Dr | To Bank,Asset,REVIEW,COL  SUNIL DALAL (PROPRIETOR)
17-Mar-26,COL  SUNIL DALAL (PROPRIETOR),0.0,550000.0,550000.0,Credit,Asset,0.0935096153846153,Fixed Asset,Fixed Asset Dr | To Bank,Asset,REVIEW,COL  SUNIL DALAL (PROPRIETOR)
18-Mar-26,"EXECUTIVE ENGR, HCD 10",0.0,102441.0,102441.0,Credit,Asset,0.0935096153846153,Fixed Asset,Fixed Asset Dr | To Bank,Asset,REVIEW,"EXECUTIVE ENGR, HCD 10"
18-Mar-26,HORT DIV  9,0.0,233850.0,233850.0,Credit,Asset,0.0935096153846153,Fixed Asset,Fixed Asset Dr | To Bank,Asset,REVIEW,HORT DIV  9
18-Mar-26,HORT DIV  9,0.0,300771.0,300771.0,Credit,Asset,0.0935096153846153,Fixed Asset,Fixed Asset Dr | To Bank,Asset,REVIEW,HORT DIV  9
18-Mar-26,HORT DIV  9,0.0,694279.0,694279.0,Credit,Asset,0.0935096153846153,Fixed Asset,Fixed Asset Dr | To Bank,Asset,REVIEW,HORT DIV  9
18-Mar-26,DY. Director Hort-X,0.0,7599822.0,7599822.0,Credit,Asset,0.0935096153846153,Fixed Asset,Fixed Asset Dr | To Bank,Asset,REVIEW,DY. DIRECTOR HORT-X
18-Mar-26,DY. Director Hort-X,0.0,6864355.0,6864355.0,Credit,Asset,0.0935096153846153,Fixed Asset,Fixed Asset Dr | To Bank,Asset,REVIEW,DY. DIRECTOR HORT-X
18-Mar-26,DELHI DEVELOPMENT AUTHORITY,0.0,142798.0,142798.0,Credit,Asset,0.0935096153846153,Fixed Asset,Fixed Asset Dr | To Bank,Asset,REVIEW,DELHI DEVELOPMENT AUTHORITY
18-Mar-26,TDS Receivable @ 2%,162563.0,0.0,162563.0,Debit,Asset,0.0935096153846153,Fixed Asset,Fixed Asset Dr | To Bank,Asset,REVIEW,TDS RECEIVABLE @ 2%
19-Mar-26,SBI 1144,0.0,1851131.0,1851131.0,Credit,Asset,0.0935096153846153,Fixed Asset,Fixed Asset Dr | To Bank,Asset,REVIEW,SBI 1144
19-Mar-26,SBI 1144,0.0,7599822.0,7599822.0,Credit,Asset,0.0935096153846153,Fixed Asset,Fixed Asset Dr | To Bank,Asset,REVIEW,SBI 1144
19-Mar-26,TDS Receivable @ 2%,146831.0,0.0,146831.0,Debit,Asset,0.0935096153846153,Fixed Asset,Fixed Asset Dr | To Bank,Asset,REVIEW,TDS RECEIVABLE @ 2%
20-Mar-26,QUTAB GOLF COURSE,0.0,179309.0,179309.0,Credit,Asset,0.0935096153846153,Fixed Asset,Fixed Asset Dr | To Bank,Asset,REVIEW,QUTAB GOLF COURSE
20-Mar-26,QUTAB GOLF COURSE,0.0,1770645.0,1770645.0,Credit,Asset,0.0935096153846153,Fixed Asset,Fixed Asset Dr | To Bank,Asset,REVIEW,QUTAB GOLF COURSE
21-Mar-26,Cash,0.0,5500.0,5500.0,Credit,Asset,0.0935096153846153,Fixed Asset,Fixed Asset Dr | To Bank,Asset,REVIEW,CASH
21-Mar-26,Office Petty Expenses,200.0,0.0,200.0,Debit,Asset,0.4532107849120085,Fixed Asset,Fixed Asset Dr | To Bank,Asset,REVIEW,OFFICE PETTY EXPENSES
21-Mar-26,Stamp Paper,1140.0,0.0,1140.0,Debit,Asset,0.0935096153846153,Fixed Asset,Fixed Asset Dr | To Bank,Asset,REVIEW,STAMP PAPER
21-Mar-26,CONVEYANCE EXPENSES,2750.0,0.0,2750.0,Debit,Asset,0.0935096153846153,Fixed Asset,Fixed Asset Dr | To Bank,Asset,REVIEW,CONVEYANCE EXPENSES
23-Mar-26,Cash,0.0,5000.0,5000.0,Credit,Asset,0.0935096153846153,Fixed Asset,Fixed Asset Dr | To Bank,Asset,REVIEW,CASH
23-Mar-26,REPAIRS AND MAINTENANCE,1900.0,0.0,1900.0,Debit,Asset,0.0935096153846153,Fixed Asset,Fixed Asset Dr | To Bank,Asset,REVIEW,REPAIRS AND MAINTENANCE
23-Mar-26,CONVEYANCE EXPENSES,600.0,0.0,600.0,Debit,Asset,0.0935096153846153,Fixed Asset,Fixed Asset Dr | To Bank,Asset,REVIEW,CONVEYANCE EXPENSES
23-Mar-26,Cartage Outwards,600.0,0.0,600.0,Debit,Asset,0.0935096153846153,Fixed Asset,Fixed Asset Dr | To Bank,Asset,REVIEW,CARTAGE OUTWARDS
23-Mar-26,MASTER RUBER WORKSS,23100.0,0.0,23100.0,Debit,Asset,0.0935096153846153,Fixed Asset,Fixed Asset Dr | To Bank,Asset,REVIEW,MASTER RUBER WORKSS
24-Mar-26,Cash,0.0,10000.0,10000.0,Credit,Asset,0.0935096153846153,Fixed Asset,Fixed Asset Dr | To Bank,Asset,REVIEW,CASH
24-Mar-26,CONVEYANCE EXPENSES,1500.0,0.0,1500.0,Debit,Asset,0.0935096153846153,Fixed Asset,Fixed Asset Dr | To Bank,Asset,REVIEW,CONVEYANCE EXPENSES
24-Mar-26,CONVEYANCE EXPENSES,3350.0,0.0,3350.0,Debit,Asset,0.0935096153846153,Fixed Asset,Fixed Asset Dr | To Bank,Asset,REVIEW,CONVEYANCE EXPENSES
24-Mar-26,Sub Regional Office Esic,0.0,1588068.0,1588068.0,Credit,Asset,0.4532107849120085,Fixed Asset,Fixed Asset Dr | To Bank,Asset,REVIEW,SUB REGIONAL OFFICE ESIC
25-Mar-26,Cash,0.0,25300.0,25300.0,Credit,Asset,0.0935096153846153,Fixed Asset,Fixed Asset Dr | To Bank,Asset,REVIEW,CASH
25-Mar-26,CONVEYANCE EXPENSES,200.0,0.0,200.0,Debit,Asset,0.0935096153846153,Fixed Asset,Fixed Asset Dr | To Bank,Asset,REVIEW,CONVEYANCE EXPENSES
25-Mar-26,Miscellaneous,100.0,0.0,100.0,Debit,Asset,0.0935096153846153,Fixed Asset,Fixed Asset Dr | To Bank,Asset,REVIEW,MISCELLANEOUS
25-Mar-26,CONVEYANCE EXPENSES,4000.0,0.0,4000.0,Debit,Asset,0.0935096153846153,Fixed Asset,Fixed Asset Dr | To Bank,Asset,REVIEW,CONVEYANCE EXPENSES
25-Mar-26,Other Expenses,2500.0,0.0,2500.0,Debit,Asset,0.0935096153846153,Fixed Asset,Fixed Asset Dr | To Bank,Asset,REVIEW,OTHER EXPENSES
25-Mar-26,QUTAB GOLF COURSE,0.0,78000.0,78000.0,Credit,Asset,0.0935096153846153,Fixed Asset,Fixed Asset Dr | To Bank,Asset,REVIEW,QUTAB GOLF COURSE
25-Mar-26,PG NPD-8,0.0,86997.0,86997.0,Credit,Asset,0.0935096153846153,Fixed Asset,Fixed Asset Dr | To Bank,Asset,REVIEW,PG NPD-8
25-Mar-26,PG NPD-8,7437.0,0.0,7437.0,Debit,Asset,0.0935096153846153,Fixed Asset,Fixed Asset Dr | To Bank,Asset,REVIEW,PG NPD-8
26-Mar-26,Cash,0.0,5000.0,5000.0,Credit,Asset,0.0935096153846153,Fixed Asset,Fixed Asset Dr | To Bank,Asset,REVIEW,CASH
26-Mar-26,CONVEYANCE EXPENSES,240.0,0.0,240.0,Debit,Asset,0.0935096153846153,Fixed Asset,Fixed Asset Dr | To Bank,Asset,REVIEW,CONVEYANCE EXPENSES
26-Mar-26,CONVEYANCE EXPENSES,1056.0,0.0,1056.0,Debit,Asset,0.0935096153846153,Fixed Asset,Fixed Asset Dr | To Bank,Asset,REVIEW,CONVEYANCE EXPENSES
26-Mar-26,CONVEYANCE EXPENSES,3476.0,0.0,3476.0,Debit,Asset,0.0935096153846153,Fixed Asset,Fixed Asset Dr | To Bank,Asset,REVIEW,CONVEYANCE EXPENSES
26-Mar-26,REPAIRS AND MAINTENANCE,500.0,0.0,500.0,Debit,Asset,0.0935096153846153,Fixed Asset,Fixed Asset Dr | To Bank,Asset,REVIEW,REPAIRS AND MAINTENANCE
26-Mar-26,Office Petty Expenses,100.0,0.0,100.0,Debit,Asset,0.4532107849120085,Fixed Asset,Fixed Asset Dr | To Bank,Asset,REVIEW,OFFICE PETTY EXPENSES
26-Mar-26,COL  SUNIL DALAL (PROPRIETOR),0.0,300000.0,300000.0,Credit,Asset,0.0935096153846153,Fixed Asset,Fixed Asset Dr | To Bank,Asset,REVIEW,COL  SUNIL DALAL (PROPRIETOR)
27-Mar-26,Cash,0.0,14000.0,14000.0,Credit,Asset,0.0935096153846153,Fixed Asset,Fixed Asset Dr | To Bank,Asset,REVIEW,CASH
27-Mar-26,CONVEYANCE EXPENSES,4072.0,0.0,4072.0,Debit,Asset,0.0935096153846153,Fixed Asset,Fixed Asset Dr | To Bank,Asset,REVIEW,CONVEYANCE EXPENSES
27-Mar-26,CONVEYANCE EXPENSES,3480.0,0.0,3480.0,Debit,Asset,0.0935096153846153,Fixed Asset,Fixed Asset Dr | To Bank,Asset,REVIEW,CONVEYANCE EXPENSES
27-Mar-26,Greatway Infosolutions,1300.0,0.0,1300.0,Debit,Asset,0.0935096153846153,Fixed Asset,Fixed Asset Dr | To Bank,Asset,REVIEW,GREATWAY INFOSOLUTIONS
27-Mar-26,Dwarka Project  Division 1,0.0,4279106.0,4279106.0,Credit,Asset,0.0935096153846153,Fixed Asset,Fixed Asset Dr | To Bank,Asset,REVIEW,DWARKA PROJECT  DIVISION 1
27-Mar-26,Office  Equipments,1101.7,0.0,1101.7,Debit,Asset,0.4532107849120085,Fixed Asset,Fixed Asset Dr | To Bank,Asset,REVIEW,OFFICE  EQUIPMENTS
28-Mar-26,Cash,0.0,9900.0,9900.0,Credit,Asset,0.0935096153846153,Fixed Asset,Fixed Asset Dr | To Bank,Asset,REVIEW,CASH
28-Mar-26,Office Petty Expenses,10204.0,0.0,10204.0,Debit,Asset,0.4532107849120085,Fixed Asset,Fixed Asset Dr | To Bank,Asset,REVIEW,OFFICE PETTY EXPENSES
28-Mar-26,Other Expenses,13077.0,0.0,13077.0,Debit,Asset,0.0935096153846153,Fixed Asset,Fixed Asset Dr | To Bank,Asset,REVIEW,OTHER EXPENSES
28-Mar-26,COL  SUNIL DALAL (PROPRIETOR),0.0,5000000.0,5000000.0,Credit,Asset,0.0935096153846153,Fixed Asset,Fixed Asset Dr | To Bank,Asset,REVIEW,COL  SUNIL DALAL (PROPRIETOR)
28-Mar-26,COL  SUNIL DALAL (PROPRIETOR),0.0,1900000.0,1900000.0,Credit,Asset,0.0935096153846153,Fixed Asset,Fixed Asset Dr | To Bank,Asset,REVIEW,COL  SUNIL DALAL (PROPRIETOR)
30-Mar-26,National Company Law Appellate Tribunal,0.0,677318.0,677318.0,Credit,Asset,0.0935096153846153,Fixed Asset,Fixed Asset Dr | To Bank,Asset,REVIEW,NATIONAL COMPANY LAW APPELLATE TRIBUNAL
30-Mar-26,Fisheries Animal Husbandry and Dairying,0.0,120848.0,120848.0,Credit,Asset,0.0935096153846153,Fixed Asset,Fixed Asset Dr | To Bank,Asset,REVIEW,FISHERIES ANIMAL HUSBANDRY AND DAIRYING
30-Mar-26,COL  SUNIL DALAL (PROPRIETOR),0.0,5000000.0,5000000.0,Credit,Asset,0.0935096153846153,Fixed Asset,Fixed Asset Dr | To Bank,Asset,REVIEW,COL  SUNIL DALAL (PROPRIETOR)
31-Mar-26,ELEGANT APPARELS,10662.0,0.0,10662.0,Debit,Asset,0.0935096153846153,Fixed Asset,Fixed Asset Dr | To Bank,Asset,REVIEW,ELEGANT APPARELS
31-Mar-26,ELEGANT APPARELS,67032.0,0.0,67032.0,Debit,Asset,0.0935096153846153,Fixed Asset,Fixed Asset Dr | To Bank,Asset,REVIEW,ELEGANT APPARELS
31-Mar-26,Interest,9100.0,0.0,9100.0,Debit,Asset,0.0935096153846153,Fixed Asset,Fixed Asset Dr | To Bank,Asset,REVIEW,INTEREST
31-Mar-26,COL  SUNIL DALAL (PROPRIETOR),0.0,100000.0,100000.0,Credit,Asset,0.0935096153846153,Fixed Asset,Fixed Asset Dr | To Bank,Asset,REVIEW,COL  SUNIL DALAL (PROPRIETOR)
31-Mar-26,Interest,0.0,458.0,458.0,Credit,Asset,0.0935096153846153,Fixed Asset,Fixed Asset Dr | To Bank,Asset,REVIEW,INTEREST
31-Mar-26,Depreciation,718418.7,0.0,718418.7,Debit,Asset,0.0935096153846153,Fixed Asset,Fixed Asset Dr | To Bank,Asset,REVIEW,DEPRECIATION
31-Mar-26,PF Employer Contribution,727429.0,0.0,727429.0,Debit,Asset,0.0935096153846153,Fixed Asset,Fixed Asset Dr | To Bank,Asset,REVIEW,PF EMPLOYER CONTRIBUTION
31-Mar-26,PG MTNL,40706.0,0.0,40706.0,Debit,Asset,0.0935096153846153,Fixed Asset,Fixed Asset Dr | To Bank,Asset,REVIEW,PG MTNL
31-Mar-26,PG Hort-8 New,48389.0,0.0,48389.0,Debit,Asset,0.0935096153846153,Fixed Asset,Fixed Asset Dr | To Bank,Asset,REVIEW,PG HORT-8 NEW
31-Mar-26,PG QGC,45283.0,0.0,45283.0,Debit,Asset,0.0935096153846153,Fixed Asset,Fixed Asset Dr | To Bank,Asset,REVIEW,PG QGC
31-Mar-26,DY. Director Hort-X,8108045.0,0.0,8108045.0,Debit,Asset,0.0935096153846153,Fixed Asset,Fixed Asset Dr | To Bank,Asset,REVIEW,DY. DIRECTOR HORT-X
31-Mar-26,QUTAB GOLF COURSE,1278663.0,0.0,1278663.0,Debit,Asset,0.0935096153846153,Fixed Asset,Fixed Asset Dr | To Bank,Asset,REVIEW,QUTAB GOLF COURSE
31-Mar-26,National Company Law Appellate Tribunal,776200.0,0.0,776200.0,Debit,Asset,0.0935096153846153,Fixed Asset,Fixed Asset Dr | To Bank,Asset,REVIEW,NATIONAL COMPANY LAW APPELLATE TRIBUNAL
31-Mar-26,Sub Regional Office Esic,814749.0,0.0,814749.0,Debit,Asset,0.4532107849120085,Fixed Asset,Fixed Asset Dr | To Bank,Asset,REVIEW,SUB REGIONAL OFFICE ESIC
31-Mar-26,DEPARTMENT OF SPACE,397492.0,0.0,397492.0,Debit,Asset,0.0935096153846153,Fixed Asset,Fixed Asset Dr | To Bank,Asset,REVIEW,DEPARTMENT OF SPACE
31-Mar-26,Lalit Kala Akademi,299846.0,0.0,299846.0,Debit,Asset,0.0935096153846153,Fixed Asset,Fixed Asset Dr | To Bank,Asset,REVIEW,LALIT KALA AKADEMI
31-Mar-26,Lalit Kala Akademi,586265.0,0.0,586265.0,Debit,Asset,0.0935096153846153,Fixed Asset,Fixed Asset Dr | To Bank,Asset,REVIEW,LALIT KALA AKADEMI
